query_table,candidate_table
CAN_CSV0000000000000474.csv,CAN_CSV0000000000004972.csv
CAN_CSV0000000000000474.csv,CAN_CSV0000000000013001.csv
CAN_CSV0000000000000474.csv,CAN_CSV0000000000002292.csv
CAN_CSV0000000000000474.csv,CAN_CSV0000000000027218.csv
CAN_CSV0000000000000474.csv,CAN_CSV0000000000005832.csv
CAN_CSV0000000000000474.csv,CAN_CSV0000000000004975.csv
CAN_CSV0000000000000474.csv,CAN_CSV0000000000005391.csv
CAN_CSV0000000000000474.csv,CAN_CSV0000000000012952.csv
CAN_CSV0000000000000474.csv,CAN_CSV0000000000027217.csv
CAN_CSV0000000000000474.csv,CAN_CSV0000000000005264.csv
CAN_CSV0000000000000474.csv,CAN_CSV0000000000013199.csv
CAN_CSV0000000000000474.csv,CAN_CSV0000000000013514.csv
CAN_CSV0000000000000474.csv,CAN_CSV0000000000013702.csv
CAN_CSV0000000000000474.csv,CAN_CSV0000000000005056.csv
CAN_CSV0000000000000474.csv,CAN_CSV0000000000000471.csv
CAN_CSV0000000000000474.csv,CAN_CSV0000000000004766.csv
CAN_CSV0000000000000474.csv,CAN_CSV0000000000000719.csv
CAN_CSV0000000000000474.csv,CAN_CSV0000000000013142.csv
CAN_CSV0000000000000474.csv,CAN_CSV0000000000013518.csv
CAN_CSV0000000000000474.csv,CAN_CSV0000000000002181.csv
CAN_CSV0000000000000474.csv,CAN_CSV0000000000005205.csv
CAN_CSV0000000000000474.csv,CAN_CSV0000000000005227.csv
CAN_CSV0000000000000474.csv,CAN_CSV0000000000000735.csv
CAN_CSV0000000000000474.csv,CAN_CSV0000000000013513.csv
CAN_CSV0000000000000474.csv,CAN_CSV0000000000004970.csv
CAN_CSV0000000000000474.csv,CAN_CSV0000000000027219.csv
CAN_CSV0000000000000474.csv,CAN_CSV0000000000000608.csv
CAN_CSV0000000000000474.csv,CAN_CSV0000000000013603.csv
CAN_CSV0000000000000474.csv,CAN_CSV0000000000000594.csv
CAN_CSV0000000000000474.csv,CAN_CSV0000000000013321.csv
CAN_CSV0000000000000474.csv,CAN_CSV0000000000013782.csv
CAN_CSV0000000000000474.csv,CAN_CSV0000000000015560.csv
CAN_CSV0000000000000474.csv,CAN_CSV0000000000005265.csv
CAN_CSV0000000000000474.csv,CAN_CSV0000000000000610.csv
CAN_CSV0000000000000474.csv,CAN_CSV0000000000001116.csv
CAN_CSV0000000000000474.csv,CAN_CSV0000000000004974.csv
CAN_CSV0000000000000474.csv,CAN_CSV0000000000004703.csv
CAN_CSV0000000000000474.csv,CAN_CSV0000000000015551.csv
CAN_CSV0000000000000474.csv,CAN_CSV0000000000015570.csv
CAN_CSV0000000000000474.csv,CAN_CSV0000000000005379.csv
CAN_CSV0000000000000474.csv,CAN_CSV0000000000013602.csv
CAN_CSV0000000000000474.csv,CAN_CSV0000000000001197.csv
CAN_CSV0000000000000474.csv,CAN_CSV0000000000001226.csv
CAN_CSV0000000000000474.csv,CAN_CSV0000000000005128.csv
CAN_CSV0000000000000474.csv,CAN_CSV0000000000001114.csv
CAN_CSV0000000000000474.csv,CAN_CSV0000000000012980.csv
CAN_CSV0000000000000474.csv,CAN_CSV0000000000005057.csv
CAN_CSV0000000000000474.csv,CAN_CSV0000000000005009.csv
CAN_CSV0000000000000474.csv,CAN_CSV0000000000013320.csv
CAN_CSV0000000000000474.csv,CAN_CSV0000000000013701.csv
CAN_CSV0000000000000474.csv,CAN_CSV0000000000027184.csv
CAN_CSV0000000000000474.csv,CAN_CSV0000000000012845.csv
CAN_CSV0000000000000474.csv,CAN_CSV0000000000013484.csv
CAN_CSV0000000000000474.csv,CAN_CSV0000000000013497.csv
CAN_CSV0000000000000474.csv,CAN_CSV0000000000004967.csv
CAN_CSV0000000000000474.csv,CAN_CSV0000000000000736.csv
CAN_CSV0000000000000474.csv,CAN_CSV0000000000005103.csv
CAN_CSV0000000000000474.csv,CAN_CSV0000000000014315.csv
CAN_CSV0000000000000474.csv,CAN_CSV0000000000013510.csv
CAN_CSV0000000000000474.csv,CAN_CSV0000000000013036.csv
CAN_CSV0000000000000474.csv,CAN_CSV0000000000013489.csv
CAN_CSV0000000000000474.csv,CAN_CSV0000000000027228.csv
CAN_CSV0000000000000474.csv,CAN_CSV0000000000001198.csv
CAN_CSV0000000000000474.csv,CAN_CSV0000000000005090.csv
CAN_CSV0000000000000557.csv,CAN_CSV0000000000027171.csv
CAN_CSV0000000000000557.csv,CAN_CSV0000000000013001.csv
CAN_CSV0000000000000557.csv,CAN_CSV0000000000002292.csv
CAN_CSV0000000000000557.csv,CAN_CSV0000000000027218.csv
CAN_CSV0000000000000557.csv,CAN_CSV0000000000005832.csv
CAN_CSV0000000000000557.csv,CAN_CSV0000000000000662.csv
CAN_CSV0000000000000557.csv,CAN_CSV0000000000005391.csv
CAN_CSV0000000000000557.csv,CAN_CSV0000000000012952.csv
CAN_CSV0000000000000557.csv,CAN_CSV0000000000027217.csv
CAN_CSV0000000000000557.csv,CAN_CSV0000000000005264.csv
CAN_CSV0000000000000557.csv,CAN_CSV0000000000013199.csv
CAN_CSV0000000000000557.csv,CAN_CSV0000000000013514.csv
CAN_CSV0000000000000557.csv,CAN_CSV0000000000013702.csv
CAN_CSV0000000000000557.csv,CAN_CSV0000000000004766.csv
CAN_CSV0000000000000557.csv,CAN_CSV0000000000000719.csv
CAN_CSV0000000000000557.csv,CAN_CSV0000000000013518.csv
CAN_CSV0000000000000557.csv,CAN_CSV0000000000027172.csv
CAN_CSV0000000000000557.csv,CAN_CSV0000000000000565.csv
CAN_CSV0000000000000557.csv,CAN_CSV0000000000002181.csv
CAN_CSV0000000000000557.csv,CAN_CSV0000000000005205.csv
CAN_CSV0000000000000557.csv,CAN_CSV0000000000000735.csv
CAN_CSV0000000000000557.csv,CAN_CSV0000000000000556.csv
CAN_CSV0000000000000557.csv,CAN_CSV0000000000013513.csv
CAN_CSV0000000000000557.csv,CAN_CSV0000000000005227.csv
CAN_CSV0000000000000557.csv,CAN_CSV0000000000002191.csv
CAN_CSV0000000000000557.csv,CAN_CSV0000000000027219.csv
CAN_CSV0000000000000557.csv,CAN_CSV0000000000005138.csv
CAN_CSV0000000000000557.csv,CAN_CSV0000000000000604.csv
CAN_CSV0000000000000557.csv,CAN_CSV0000000000013603.csv
CAN_CSV0000000000000557.csv,CAN_CSV0000000000000608.csv
CAN_CSV0000000000000557.csv,CAN_CSV0000000000013782.csv
CAN_CSV0000000000000557.csv,CAN_CSV0000000000015560.csv
CAN_CSV0000000000000557.csv,CAN_CSV0000000000000577.csv
CAN_CSV0000000000000557.csv,CAN_CSV0000000000005265.csv
CAN_CSV0000000000000557.csv,CAN_CSV0000000000000610.csv
CAN_CSV0000000000000557.csv,CAN_CSV0000000000001116.csv
CAN_CSV0000000000000557.csv,CAN_CSV0000000000004703.csv
CAN_CSV0000000000000557.csv,CAN_CSV0000000000015551.csv
CAN_CSV0000000000000557.csv,CAN_CSV0000000000015570.csv
CAN_CSV0000000000000557.csv,CAN_CSV0000000000001226.csv
CAN_CSV0000000000000557.csv,CAN_CSV0000000000013602.csv
CAN_CSV0000000000000557.csv,CAN_CSV0000000000005128.csv
CAN_CSV0000000000000557.csv,CAN_CSV0000000000000661.csv
CAN_CSV0000000000000557.csv,CAN_CSV0000000000001114.csv
CAN_CSV0000000000000557.csv,CAN_CSV0000000000027243.csv
CAN_CSV0000000000000557.csv,CAN_CSV0000000000012980.csv
CAN_CSV0000000000000557.csv,CAN_CSV0000000000005071.csv
CAN_CSV0000000000000557.csv,CAN_CSV0000000000000558.csv
CAN_CSV0000000000000557.csv,CAN_CSV0000000000005009.csv
CAN_CSV0000000000000557.csv,CAN_CSV0000000000027240.csv
CAN_CSV0000000000000557.csv,CAN_CSV0000000000013701.csv
CAN_CSV0000000000000557.csv,CAN_CSV0000000000027184.csv
CAN_CSV0000000000000557.csv,CAN_CSV0000000000012845.csv
CAN_CSV0000000000000557.csv,CAN_CSV0000000000013484.csv
CAN_CSV0000000000000557.csv,CAN_CSV0000000000027264.csv
CAN_CSV0000000000000557.csv,CAN_CSV0000000000013497.csv
CAN_CSV0000000000000557.csv,CAN_CSV0000000000000600.csv
CAN_CSV0000000000000557.csv,CAN_CSV0000000000005103.csv
CAN_CSV0000000000000557.csv,CAN_CSV0000000000014315.csv
CAN_CSV0000000000000557.csv,CAN_CSV0000000000013510.csv
CAN_CSV0000000000000557.csv,CAN_CSV0000000000013036.csv
CAN_CSV0000000000000557.csv,CAN_CSV0000000000013489.csv
CAN_CSV0000000000000557.csv,CAN_CSV0000000000027228.csv
CAN_CSV0000000000000557.csv,CAN_CSV0000000000005379.csv
CAN_CSV0000000000000557.csv,CAN_CSV0000000000000567.csv
CAN_CSV0000000000000558.csv,CAN_CSV0000000000027218.csv
CAN_CSV0000000000000558.csv,CAN_CSV0000000000005832.csv
CAN_CSV0000000000000558.csv,CAN_CSV0000000000013199.csv
CAN_CSV0000000000000558.csv,CAN_CSV0000000000012932.csv
CAN_CSV0000000000000558.csv,CAN_CSV0000000000013518.csv
CAN_CSV0000000000000558.csv,CAN_CSV0000000000002181.csv
CAN_CSV0000000000000558.csv,CAN_CSV0000000000000556.csv
CAN_CSV0000000000000558.csv,CAN_CSV0000000000000604.csv
CAN_CSV0000000000000558.csv,CAN_CSV0000000000027239.csv
CAN_CSV0000000000000558.csv,CAN_CSV0000000000005265.csv
CAN_CSV0000000000000558.csv,CAN_CSV0000000000027168.csv
CAN_CSV0000000000000558.csv,CAN_CSV0000000000015570.csv
CAN_CSV0000000000000558.csv,CAN_CSV0000000000012980.csv
CAN_CSV0000000000000558.csv,CAN_CSV0000000000013510.csv
CAN_CSV0000000000000558.csv,CAN_CSV0000000000013036.csv
CAN_CSV0000000000000558.csv,CAN_CSV0000000000027228.csv
CAN_CSV0000000000000558.csv,CAN_CSV0000000000005379.csv
CAN_CSV0000000000000558.csv,CAN_CSV0000000000005034.csv
CAN_CSV0000000000000558.csv,CAN_CSV0000000000005408.csv
CAN_CSV0000000000000558.csv,CAN_CSV0000000000012732.csv
CAN_CSV0000000000000558.csv,CAN_CSV0000000000027217.csv
CAN_CSV0000000000000558.csv,CAN_CSV0000000000005264.csv
CAN_CSV0000000000000558.csv,CAN_CSV0000000000013514.csv
CAN_CSV0000000000000558.csv,CAN_CSV0000000000013702.csv
CAN_CSV0000000000000558.csv,CAN_CSV0000000000004766.csv
CAN_CSV0000000000000558.csv,CAN_CSV0000000000012988.csv
CAN_CSV0000000000000558.csv,CAN_CSV0000000000012682.csv
CAN_CSV0000000000000558.csv,CAN_CSV0000000000027219.csv
CAN_CSV0000000000000558.csv,CAN_CSV0000000000000608.csv
CAN_CSV0000000000000558.csv,CAN_CSV0000000000001244.csv
CAN_CSV0000000000000558.csv,CAN_CSV0000000000012833.csv
CAN_CSV0000000000000558.csv,CAN_CSV0000000000015551.csv
CAN_CSV0000000000000558.csv,CAN_CSV0000000000000664.csv
CAN_CSV0000000000000558.csv,CAN_CSV0000000000001226.csv
CAN_CSV0000000000000558.csv,CAN_CSV0000000000012709.csv
CAN_CSV0000000000000558.csv,CAN_CSV0000000000001114.csv
CAN_CSV0000000000000558.csv,CAN_CSV0000000000000659.csv
CAN_CSV0000000000000558.csv,CAN_CSV0000000000013489.csv
CAN_CSV0000000000000558.csv,CAN_CSV0000000000012997.csv
CAN_CSV0000000000000558.csv,CAN_CSV0000000000012765.csv
CAN_CSV0000000000000558.csv,CAN_CSV0000000000005391.csv
CAN_CSV0000000000000558.csv,CAN_CSV0000000000012651.csv
CAN_CSV0000000000000558.csv,CAN_CSV0000000000027172.csv
CAN_CSV0000000000000558.csv,CAN_CSV0000000000005205.csv
CAN_CSV0000000000000558.csv,CAN_CSV0000000000005227.csv
CAN_CSV0000000000000558.csv,CAN_CSV0000000000000735.csv
CAN_CSV0000000000000558.csv,CAN_CSV0000000000005138.csv
CAN_CSV0000000000000558.csv,CAN_CSV0000000000015560.csv
CAN_CSV0000000000000558.csv,CAN_CSV0000000000004703.csv
CAN_CSV0000000000000558.csv,CAN_CSV0000000000013602.csv
CAN_CSV0000000000000558.csv,CAN_CSV0000000000012987.csv
CAN_CSV0000000000000558.csv,CAN_CSV0000000000005009.csv
CAN_CSV0000000000000558.csv,CAN_CSV0000000000012895.csv
CAN_CSV0000000000000558.csv,CAN_CSV0000000000005103.csv
CAN_CSV0000000000000558.csv,CAN_CSV0000000000014315.csv
CAN_CSV0000000000000558.csv,CAN_CSV0000000000012887.csv
CAN_CSV0000000000000558.csv,CAN_CSV0000000000005128.csv
CAN_CSV0000000000000558.csv,CAN_CSV0000000000027253.csv
CAN_CSV0000000000000558.csv,CAN_CSV0000000000013001.csv
CAN_CSV0000000000000558.csv,CAN_CSV0000000000002292.csv
CAN_CSV0000000000000558.csv,CAN_CSV0000000000012952.csv
CAN_CSV0000000000000558.csv,CAN_CSV0000000000027232.csv
CAN_CSV0000000000000558.csv,CAN_CSV0000000000000719.csv
CAN_CSV0000000000000558.csv,CAN_CSV0000000000012970.csv
CAN_CSV0000000000000558.csv,CAN_CSV0000000000012996.csv
CAN_CSV0000000000000558.csv,CAN_CSV0000000000013513.csv
CAN_CSV0000000000000558.csv,CAN_CSV0000000000012961.csv
CAN_CSV0000000000000558.csv,CAN_CSV0000000000002191.csv
CAN_CSV0000000000000558.csv,CAN_CSV0000000000013603.csv
CAN_CSV0000000000000558.csv,CAN_CSV0000000000013782.csv
CAN_CSV0000000000000558.csv,CAN_CSV0000000000012868.csv
CAN_CSV0000000000000558.csv,CAN_CSV0000000000012766.csv
CAN_CSV0000000000000558.csv,CAN_CSV0000000000000610.csv
CAN_CSV0000000000000558.csv,CAN_CSV0000000000001116.csv
CAN_CSV0000000000000558.csv,CAN_CSV0000000000000557.csv
CAN_CSV0000000000000558.csv,CAN_CSV0000000000012995.csv
CAN_CSV0000000000000558.csv,CAN_CSV0000000000012859.csv
CAN_CSV0000000000000558.csv,CAN_CSV0000000000027254.csv
CAN_CSV0000000000000558.csv,CAN_CSV0000000000013701.csv
CAN_CSV0000000000000558.csv,CAN_CSV0000000000012845.csv
CAN_CSV0000000000000558.csv,CAN_CSV0000000000013484.csv
CAN_CSV0000000000000558.csv,CAN_CSV0000000000013497.csv
CAN_CSV0000000000000558.csv,CAN_CSV0000000000012839.csv
CAN_CSV0000000000000581.csv,CAN_CSV0000000000027260.csv
CAN_CSV0000000000000581.csv,CAN_CSV0000000000013001.csv
CAN_CSV0000000000000581.csv,CAN_CSV0000000000002292.csv
CAN_CSV0000000000000581.csv,CAN_CSV0000000000027218.csv
CAN_CSV0000000000000581.csv,CAN_CSV0000000000005832.csv
CAN_CSV0000000000000581.csv,CAN_CSV0000000000005391.csv
CAN_CSV0000000000000581.csv,CAN_CSV0000000000012952.csv
CAN_CSV0000000000000581.csv,CAN_CSV0000000000027217.csv
CAN_CSV0000000000000581.csv,CAN_CSV0000000000000553.csv
CAN_CSV0000000000000581.csv,CAN_CSV0000000000013199.csv
CAN_CSV0000000000000581.csv,CAN_CSV0000000000013514.csv
CAN_CSV0000000000000581.csv,CAN_CSV0000000000013702.csv
CAN_CSV0000000000000581.csv,CAN_CSV0000000000005264.csv
CAN_CSV0000000000000581.csv,CAN_CSV0000000000004766.csv
CAN_CSV0000000000000581.csv,CAN_CSV0000000000000719.csv
CAN_CSV0000000000000581.csv,CAN_CSV0000000000013518.csv
CAN_CSV0000000000000581.csv,CAN_CSV0000000000002181.csv
CAN_CSV0000000000000581.csv,CAN_CSV0000000000005205.csv
CAN_CSV0000000000000581.csv,CAN_CSV0000000000005227.csv
CAN_CSV0000000000000581.csv,CAN_CSV0000000000000735.csv
CAN_CSV0000000000000581.csv,CAN_CSV0000000000013513.csv
CAN_CSV0000000000000581.csv,CAN_CSV0000000000005129.csv
CAN_CSV0000000000000581.csv,CAN_CSV0000000000000591.csv
CAN_CSV0000000000000581.csv,CAN_CSV0000000000027219.csv
CAN_CSV0000000000000581.csv,CAN_CSV0000000000000608.csv
CAN_CSV0000000000000581.csv,CAN_CSV0000000000013603.csv
CAN_CSV0000000000000581.csv,CAN_CSV0000000000027225.csv
CAN_CSV0000000000000581.csv,CAN_CSV0000000000013782.csv
CAN_CSV0000000000000581.csv,CAN_CSV0000000000015560.csv
CAN_CSV0000000000000581.csv,CAN_CSV0000000000005265.csv
CAN_CSV0000000000000581.csv,CAN_CSV0000000000000603.csv
CAN_CSV0000000000000581.csv,CAN_CSV0000000000000610.csv
CAN_CSV0000000000000581.csv,CAN_CSV0000000000005137.csv
CAN_CSV0000000000000581.csv,CAN_CSV0000000000027168.csv
CAN_CSV0000000000000581.csv,CAN_CSV0000000000001116.csv
CAN_CSV0000000000000581.csv,CAN_CSV0000000000004703.csv
CAN_CSV0000000000000581.csv,CAN_CSV0000000000027177.csv
CAN_CSV0000000000000581.csv,CAN_CSV0000000000015551.csv
CAN_CSV0000000000000581.csv,CAN_CSV0000000000015570.csv
CAN_CSV0000000000000581.csv,CAN_CSV0000000000000664.csv
CAN_CSV0000000000000581.csv,CAN_CSV0000000000013602.csv
CAN_CSV0000000000000581.csv,CAN_CSV0000000000001226.csv
CAN_CSV0000000000000581.csv,CAN_CSV0000000000005128.csv
CAN_CSV0000000000000581.csv,CAN_CSV0000000000001114.csv
CAN_CSV0000000000000581.csv,CAN_CSV0000000000012980.csv
CAN_CSV0000000000000581.csv,CAN_CSV0000000000000587.csv
CAN_CSV0000000000000581.csv,CAN_CSV0000000000000576.csv
CAN_CSV0000000000000581.csv,CAN_CSV0000000000005009.csv
CAN_CSV0000000000000581.csv,CAN_CSV0000000000000663.csv
CAN_CSV0000000000000581.csv,CAN_CSV0000000000013701.csv
CAN_CSV0000000000000581.csv,CAN_CSV0000000000012845.csv
CAN_CSV0000000000000581.csv,CAN_CSV0000000000027178.csv
CAN_CSV0000000000000581.csv,CAN_CSV0000000000027250.csv
CAN_CSV0000000000000581.csv,CAN_CSV0000000000013484.csv
CAN_CSV0000000000000581.csv,CAN_CSV0000000000000563.csv
CAN_CSV0000000000000581.csv,CAN_CSV0000000000013497.csv
CAN_CSV0000000000000581.csv,CAN_CSV0000000000005103.csv
CAN_CSV0000000000000581.csv,CAN_CSV0000000000014315.csv
CAN_CSV0000000000000581.csv,CAN_CSV0000000000000596.csv
CAN_CSV0000000000000581.csv,CAN_CSV0000000000013510.csv
CAN_CSV0000000000000581.csv,CAN_CSV0000000000000659.csv
CAN_CSV0000000000000581.csv,CAN_CSV0000000000013036.csv
CAN_CSV0000000000000581.csv,CAN_CSV0000000000013489.csv
CAN_CSV0000000000000581.csv,CAN_CSV0000000000027228.csv
CAN_CSV0000000000000581.csv,CAN_CSV0000000000005379.csv
CAN_CSV0000000000000589.csv,CAN_CSV0000000000013001.csv
CAN_CSV0000000000000589.csv,CAN_CSV0000000000027180.csv
CAN_CSV0000000000000589.csv,CAN_CSV0000000000002292.csv
CAN_CSV0000000000000589.csv,CAN_CSV0000000000027218.csv
CAN_CSV0000000000000589.csv,CAN_CSV0000000000005832.csv
CAN_CSV0000000000000589.csv,CAN_CSV0000000000005391.csv
CAN_CSV0000000000000589.csv,CAN_CSV0000000000012952.csv
CAN_CSV0000000000000589.csv,CAN_CSV0000000000027217.csv
CAN_CSV0000000000000589.csv,CAN_CSV0000000000005264.csv
CAN_CSV0000000000000589.csv,CAN_CSV0000000000013199.csv
CAN_CSV0000000000000589.csv,CAN_CSV0000000000013514.csv
CAN_CSV0000000000000589.csv,CAN_CSV0000000000013702.csv
CAN_CSV0000000000000589.csv,CAN_CSV0000000000004766.csv
CAN_CSV0000000000000589.csv,CAN_CSV0000000000000719.csv
CAN_CSV0000000000000589.csv,CAN_CSV0000000000013518.csv
CAN_CSV0000000000000589.csv,CAN_CSV0000000000002181.csv
CAN_CSV0000000000000589.csv,CAN_CSV0000000000000565.csv
CAN_CSV0000000000000589.csv,CAN_CSV0000000000005205.csv
CAN_CSV0000000000000589.csv,CAN_CSV0000000000005227.csv
CAN_CSV0000000000000589.csv,CAN_CSV0000000000000735.csv
CAN_CSV0000000000000589.csv,CAN_CSV0000000000013513.csv
CAN_CSV0000000000000589.csv,CAN_CSV0000000000000591.csv
CAN_CSV0000000000000589.csv,CAN_CSV0000000000027219.csv
CAN_CSV0000000000000589.csv,CAN_CSV0000000000000608.csv
CAN_CSV0000000000000589.csv,CAN_CSV0000000000013603.csv
CAN_CSV0000000000000589.csv,CAN_CSV0000000000000574.csv
CAN_CSV0000000000000589.csv,CAN_CSV0000000000013782.csv
CAN_CSV0000000000000589.csv,CAN_CSV0000000000015560.csv
CAN_CSV0000000000000589.csv,CAN_CSV0000000000000577.csv
CAN_CSV0000000000000589.csv,CAN_CSV0000000000005265.csv
CAN_CSV0000000000000589.csv,CAN_CSV0000000000000603.csv
CAN_CSV0000000000000589.csv,CAN_CSV0000000000000610.csv
CAN_CSV0000000000000589.csv,CAN_CSV0000000000027168.csv
CAN_CSV0000000000000589.csv,CAN_CSV0000000000001116.csv
CAN_CSV0000000000000589.csv,CAN_CSV0000000000027245.csv
CAN_CSV0000000000000589.csv,CAN_CSV0000000000004703.csv
CAN_CSV0000000000000589.csv,CAN_CSV0000000000015551.csv
CAN_CSV0000000000000589.csv,CAN_CSV0000000000015570.csv
CAN_CSV0000000000000589.csv,CAN_CSV0000000000000664.csv
CAN_CSV0000000000000589.csv,CAN_CSV0000000000013602.csv
CAN_CSV0000000000000589.csv,CAN_CSV0000000000001226.csv
CAN_CSV0000000000000589.csv,CAN_CSV0000000000005128.csv
CAN_CSV0000000000000589.csv,CAN_CSV0000000000001114.csv
CAN_CSV0000000000000589.csv,CAN_CSV0000000000002189.csv
CAN_CSV0000000000000589.csv,CAN_CSV0000000000027243.csv
CAN_CSV0000000000000589.csv,CAN_CSV0000000000012980.csv
CAN_CSV0000000000000589.csv,CAN_CSV0000000000000587.csv
CAN_CSV0000000000000589.csv,CAN_CSV0000000000005009.csv
CAN_CSV0000000000000589.csv,CAN_CSV0000000000027240.csv
CAN_CSV0000000000000589.csv,CAN_CSV0000000000027244.csv
CAN_CSV0000000000000589.csv,CAN_CSV0000000000013701.csv
CAN_CSV0000000000000589.csv,CAN_CSV0000000000012845.csv
CAN_CSV0000000000000589.csv,CAN_CSV0000000000027178.csv
CAN_CSV0000000000000589.csv,CAN_CSV0000000000013484.csv
CAN_CSV0000000000000589.csv,CAN_CSV0000000000000600.csv
CAN_CSV0000000000000589.csv,CAN_CSV0000000000013497.csv
CAN_CSV0000000000000589.csv,CAN_CSV0000000000027264.csv
CAN_CSV0000000000000589.csv,CAN_CSV0000000000005103.csv
CAN_CSV0000000000000589.csv,CAN_CSV0000000000014315.csv
CAN_CSV0000000000000589.csv,CAN_CSV0000000000000596.csv
CAN_CSV0000000000000589.csv,CAN_CSV0000000000013510.csv
CAN_CSV0000000000000589.csv,CAN_CSV0000000000000659.csv
CAN_CSV0000000000000589.csv,CAN_CSV0000000000013036.csv
CAN_CSV0000000000000589.csv,CAN_CSV0000000000013489.csv
CAN_CSV0000000000000589.csv,CAN_CSV0000000000027228.csv
CAN_CSV0000000000000589.csv,CAN_CSV0000000000005379.csv
CAN_CSV0000000000000589.csv,CAN_CSV0000000000000567.csv
CAN_CSV0000000000000624.csv,CAN_CSV0000000000013001.csv
CAN_CSV0000000000000624.csv,CAN_CSV0000000000002292.csv
CAN_CSV0000000000000624.csv,CAN_CSV0000000000014464.csv
CAN_CSV0000000000000624.csv,CAN_CSV0000000000005832.csv
CAN_CSV0000000000000624.csv,CAN_CSV0000000000000757.csv
CAN_CSV0000000000000624.csv,CAN_CSV0000000000005391.csv
CAN_CSV0000000000000624.csv,CAN_CSV0000000000027218.csv
CAN_CSV0000000000000624.csv,CAN_CSV0000000000012952.csv
CAN_CSV0000000000000624.csv,CAN_CSV0000000000027217.csv
CAN_CSV0000000000000624.csv,CAN_CSV0000000000005264.csv
CAN_CSV0000000000000624.csv,CAN_CSV0000000000013199.csv
CAN_CSV0000000000000624.csv,CAN_CSV0000000000013514.csv
CAN_CSV0000000000000624.csv,CAN_CSV0000000000001215.csv
CAN_CSV0000000000000624.csv,CAN_CSV0000000000013368.csv
CAN_CSV0000000000000624.csv,CAN_CSV0000000000013702.csv
CAN_CSV0000000000000624.csv,CAN_CSV0000000000004766.csv
CAN_CSV0000000000000624.csv,CAN_CSV0000000000000719.csv
CAN_CSV0000000000000624.csv,CAN_CSV0000000000013518.csv
CAN_CSV0000000000000624.csv,CAN_CSV0000000000005227.csv
CAN_CSV0000000000000624.csv,CAN_CSV0000000000005205.csv
CAN_CSV0000000000000624.csv,CAN_CSV0000000000000625.csv
CAN_CSV0000000000000624.csv,CAN_CSV0000000000002181.csv
CAN_CSV0000000000000624.csv,CAN_CSV0000000000000735.csv
CAN_CSV0000000000000624.csv,CAN_CSV0000000000013513.csv
CAN_CSV0000000000000624.csv,CAN_CSV0000000000027219.csv
CAN_CSV0000000000000624.csv,CAN_CSV0000000000000608.csv
CAN_CSV0000000000000624.csv,CAN_CSV0000000000013603.csv
CAN_CSV0000000000000624.csv,CAN_CSV0000000000013782.csv
CAN_CSV0000000000000624.csv,CAN_CSV0000000000001222.csv
CAN_CSV0000000000000624.csv,CAN_CSV0000000000015560.csv
CAN_CSV0000000000000624.csv,CAN_CSV0000000000000622.csv
CAN_CSV0000000000000624.csv,CAN_CSV0000000000000626.csv
CAN_CSV0000000000000624.csv,CAN_CSV0000000000005265.csv
CAN_CSV0000000000000624.csv,CAN_CSV0000000000000610.csv
CAN_CSV0000000000000624.csv,CAN_CSV0000000000001116.csv
CAN_CSV0000000000000624.csv,CAN_CSV0000000000004703.csv
CAN_CSV0000000000000624.csv,CAN_CSV0000000000015551.csv
CAN_CSV0000000000000624.csv,CAN_CSV0000000000015570.csv
CAN_CSV0000000000000624.csv,CAN_CSV0000000000001226.csv
CAN_CSV0000000000000624.csv,CAN_CSV0000000000013602.csv
CAN_CSV0000000000000624.csv,CAN_CSV0000000000005128.csv
CAN_CSV0000000000000624.csv,CAN_CSV0000000000014316.csv
CAN_CSV0000000000000624.csv,CAN_CSV0000000000001114.csv
CAN_CSV0000000000000624.csv,CAN_CSV0000000000004992.csv
CAN_CSV0000000000000624.csv,CAN_CSV0000000000005130.csv
CAN_CSV0000000000000624.csv,CAN_CSV0000000000012980.csv
CAN_CSV0000000000000624.csv,CAN_CSV0000000000005218.csv
CAN_CSV0000000000000624.csv,CAN_CSV0000000000000615.csv
CAN_CSV0000000000000624.csv,CAN_CSV0000000000014468.csv
CAN_CSV0000000000000624.csv,CAN_CSV0000000000005009.csv
CAN_CSV0000000000000624.csv,CAN_CSV0000000000013701.csv
CAN_CSV0000000000000624.csv,CAN_CSV0000000000001221.csv
CAN_CSV0000000000000624.csv,CAN_CSV0000000000012845.csv
CAN_CSV0000000000000624.csv,CAN_CSV0000000000013484.csv
CAN_CSV0000000000000624.csv,CAN_CSV0000000000013497.csv
CAN_CSV0000000000000624.csv,CAN_CSV0000000000005103.csv
CAN_CSV0000000000000624.csv,CAN_CSV0000000000014315.csv
CAN_CSV0000000000000624.csv,CAN_CSV0000000000013510.csv
CAN_CSV0000000000000624.csv,CAN_CSV0000000000013036.csv
CAN_CSV0000000000000624.csv,CAN_CSV0000000000014466.csv
CAN_CSV0000000000000624.csv,CAN_CSV0000000000013489.csv
CAN_CSV0000000000000624.csv,CAN_CSV0000000000027228.csv
CAN_CSV0000000000000624.csv,CAN_CSV0000000000005379.csv
CAN_CSV0000000000000624.csv,CAN_CSV0000000000005217.csv
CAN_CSV0000000000000629.csv,CAN_CSV0000000000013001.csv
CAN_CSV0000000000000629.csv,CAN_CSV0000000000002292.csv
CAN_CSV0000000000000629.csv,CAN_CSV0000000000027218.csv
CAN_CSV0000000000000629.csv,CAN_CSV0000000000005832.csv
CAN_CSV0000000000000629.csv,CAN_CSV0000000000005391.csv
CAN_CSV0000000000000629.csv,CAN_CSV0000000000000949.csv
CAN_CSV0000000000000629.csv,CAN_CSV0000000000012952.csv
CAN_CSV0000000000000629.csv,CAN_CSV0000000000027217.csv
CAN_CSV0000000000000629.csv,CAN_CSV0000000000005264.csv
CAN_CSV0000000000000629.csv,CAN_CSV0000000000013199.csv
CAN_CSV0000000000000629.csv,CAN_CSV0000000000013514.csv
CAN_CSV0000000000000629.csv,CAN_CSV0000000000013702.csv
CAN_CSV0000000000000629.csv,CAN_CSV0000000000002295.csv
CAN_CSV0000000000000629.csv,CAN_CSV0000000000004766.csv
CAN_CSV0000000000000629.csv,CAN_CSV0000000000000719.csv
CAN_CSV0000000000000629.csv,CAN_CSV0000000000013518.csv
CAN_CSV0000000000000629.csv,CAN_CSV0000000000002181.csv
CAN_CSV0000000000000629.csv,CAN_CSV0000000000005205.csv
CAN_CSV0000000000000629.csv,CAN_CSV0000000000005227.csv
CAN_CSV0000000000000629.csv,CAN_CSV0000000000000735.csv
CAN_CSV0000000000000629.csv,CAN_CSV0000000000013513.csv
CAN_CSV0000000000000629.csv,CAN_CSV0000000000004706.csv
CAN_CSV0000000000000629.csv,CAN_CSV0000000000027219.csv
CAN_CSV0000000000000629.csv,CAN_CSV0000000000005128.csv
CAN_CSV0000000000000629.csv,CAN_CSV0000000000000608.csv
CAN_CSV0000000000000629.csv,CAN_CSV0000000000013603.csv
CAN_CSV0000000000000629.csv,CAN_CSV0000000000001050.csv
CAN_CSV0000000000000629.csv,CAN_CSV0000000000013782.csv
CAN_CSV0000000000000629.csv,CAN_CSV0000000000013328.csv
CAN_CSV0000000000000629.csv,CAN_CSV0000000000015560.csv
CAN_CSV0000000000000629.csv,CAN_CSV0000000000015797.csv
CAN_CSV0000000000000629.csv,CAN_CSV0000000000005265.csv
CAN_CSV0000000000000629.csv,CAN_CSV0000000000000610.csv
CAN_CSV0000000000000629.csv,CAN_CSV0000000000002402.csv
CAN_CSV0000000000000629.csv,CAN_CSV0000000000001116.csv
CAN_CSV0000000000000629.csv,CAN_CSV0000000000012536.csv
CAN_CSV0000000000000629.csv,CAN_CSV0000000000027070.csv
CAN_CSV0000000000000629.csv,CAN_CSV0000000000004703.csv
CAN_CSV0000000000000629.csv,CAN_CSV0000000000015551.csv
CAN_CSV0000000000000629.csv,CAN_CSV0000000000015570.csv
CAN_CSV0000000000000629.csv,CAN_CSV0000000000005379.csv
CAN_CSV0000000000000629.csv,CAN_CSV0000000000006699.csv
CAN_CSV0000000000000629.csv,CAN_CSV0000000000001076.csv
CAN_CSV0000000000000629.csv,CAN_CSV0000000000013602.csv
CAN_CSV0000000000000629.csv,CAN_CSV0000000000004692.csv
CAN_CSV0000000000000629.csv,CAN_CSV0000000000005446.csv
CAN_CSV0000000000000629.csv,CAN_CSV0000000000005437.csv
CAN_CSV0000000000000629.csv,CAN_CSV0000000000001114.csv
CAN_CSV0000000000000629.csv,CAN_CSV0000000000001226.csv
CAN_CSV0000000000000629.csv,CAN_CSV0000000000006672.csv
CAN_CSV0000000000000629.csv,CAN_CSV0000000000012980.csv
CAN_CSV0000000000000629.csv,CAN_CSV0000000000001078.csv
CAN_CSV0000000000000629.csv,CAN_CSV0000000000004707.csv
CAN_CSV0000000000000629.csv,CAN_CSV0000000000015794.csv
CAN_CSV0000000000000629.csv,CAN_CSV0000000000000840.csv
CAN_CSV0000000000000629.csv,CAN_CSV0000000000005009.csv
CAN_CSV0000000000000629.csv,CAN_CSV0000000000013701.csv
CAN_CSV0000000000000629.csv,CAN_CSV0000000000012845.csv
CAN_CSV0000000000000629.csv,CAN_CSV0000000000013484.csv
CAN_CSV0000000000000629.csv,CAN_CSV0000000000001080.csv
CAN_CSV0000000000000629.csv,CAN_CSV0000000000027071.csv
CAN_CSV0000000000000629.csv,CAN_CSV0000000000013497.csv
CAN_CSV0000000000000629.csv,CAN_CSV0000000000027151.csv
CAN_CSV0000000000000629.csv,CAN_CSV0000000000000736.csv
CAN_CSV0000000000000629.csv,CAN_CSV0000000000005103.csv
CAN_CSV0000000000000629.csv,CAN_CSV0000000000014315.csv
CAN_CSV0000000000000629.csv,CAN_CSV0000000000013510.csv
CAN_CSV0000000000000629.csv,CAN_CSV0000000000013036.csv
CAN_CSV0000000000000629.csv,CAN_CSV0000000000013489.csv
CAN_CSV0000000000000629.csv,CAN_CSV0000000000027228.csv
CAN_CSV0000000000000629.csv,CAN_CSV0000000000005315.csv
CAN_CSV0000000000000633.csv,CAN_CSV0000000000006913.csv
CAN_CSV0000000000000633.csv,CAN_CSV0000000000012577.csv
CAN_CSV0000000000000633.csv,CAN_CSV0000000000012569.csv
CAN_CSV0000000000000633.csv,CAN_CSV0000000000006192.csv
CAN_CSV0000000000000633.csv,CAN_CSV0000000000000726.csv
CAN_CSV0000000000000633.csv,CAN_CSV0000000000012922.csv
CAN_CSV0000000000000633.csv,CAN_CSV0000000000006102.csv
CAN_CSV0000000000000633.csv,CAN_CSV0000000000027218.csv
CAN_CSV0000000000000633.csv,CAN_CSV0000000000005832.csv
CAN_CSV0000000000000633.csv,CAN_CSV0000000000006939.csv
CAN_CSV0000000000000633.csv,CAN_CSV0000000000006806.csv
CAN_CSV0000000000000633.csv,CAN_CSV0000000000012460.csv
CAN_CSV0000000000000633.csv,CAN_CSV0000000000000886.csv
CAN_CSV0000000000000633.csv,CAN_CSV0000000000013199.csv
CAN_CSV0000000000000633.csv,CAN_CSV0000000000000732.csv
CAN_CSV0000000000000633.csv,CAN_CSV0000000000013518.csv
CAN_CSV0000000000000633.csv,CAN_CSV0000000000002181.csv
CAN_CSV0000000000000633.csv,CAN_CSV0000000000005297.csv
CAN_CSV0000000000000633.csv,CAN_CSV0000000000005265.csv
CAN_CSV0000000000000633.csv,CAN_CSV0000000000015570.csv
CAN_CSV0000000000000633.csv,CAN_CSV0000000000012980.csv
CAN_CSV0000000000000633.csv,CAN_CSV0000000000005300.csv
CAN_CSV0000000000000633.csv,CAN_CSV0000000000000737.csv
CAN_CSV0000000000000633.csv,CAN_CSV0000000000000724.csv
CAN_CSV0000000000000633.csv,CAN_CSV0000000000027103.csv
CAN_CSV0000000000000633.csv,CAN_CSV0000000000005322.csv
CAN_CSV0000000000000633.csv,CAN_CSV0000000000005307.csv
CAN_CSV0000000000000633.csv,CAN_CSV0000000000013510.csv
CAN_CSV0000000000000633.csv,CAN_CSV0000000000013036.csv
CAN_CSV0000000000000633.csv,CAN_CSV0000000000027228.csv
CAN_CSV0000000000000633.csv,CAN_CSV0000000000005379.csv
CAN_CSV0000000000000633.csv,CAN_CSV0000000000000714.csv
CAN_CSV0000000000000633.csv,CAN_CSV0000000000027217.csv
CAN_CSV0000000000000633.csv,CAN_CSV0000000000005264.csv
CAN_CSV0000000000000633.csv,CAN_CSV0000000000013514.csv
CAN_CSV0000000000000633.csv,CAN_CSV0000000000005522.csv
CAN_CSV0000000000000633.csv,CAN_CSV0000000000013702.csv
CAN_CSV0000000000000633.csv,CAN_CSV0000000000000730.csv
CAN_CSV0000000000000633.csv,CAN_CSV0000000000004766.csv
CAN_CSV0000000000000633.csv,CAN_CSV0000000000005320.csv
CAN_CSV0000000000000633.csv,CAN_CSV0000000000027219.csv
CAN_CSV0000000000000633.csv,CAN_CSV0000000000000608.csv
CAN_CSV0000000000000633.csv,CAN_CSV0000000000005348.csv
CAN_CSV0000000000000633.csv,CAN_CSV0000000000000725.csv
CAN_CSV0000000000000633.csv,CAN_CSV0000000000015551.csv
CAN_CSV0000000000000633.csv,CAN_CSV0000000000001226.csv
CAN_CSV0000000000000633.csv,CAN_CSV0000000000000678.csv
CAN_CSV0000000000000633.csv,CAN_CSV0000000000001114.csv
CAN_CSV0000000000000633.csv,CAN_CSV0000000000000701.csv
CAN_CSV0000000000000633.csv,CAN_CSV0000000000002418.csv
CAN_CSV0000000000000633.csv,CAN_CSV0000000000013489.csv
CAN_CSV0000000000000633.csv,CAN_CSV0000000000005274.csv
CAN_CSV0000000000000633.csv,CAN_CSV0000000000000632.csv
CAN_CSV0000000000000633.csv,CAN_CSV0000000000005391.csv
CAN_CSV0000000000000633.csv,CAN_CSV0000000000005376.csv
CAN_CSV0000000000000633.csv,CAN_CSV0000000000000644.csv
CAN_CSV0000000000000633.csv,CAN_CSV0000000000005369.csv
CAN_CSV0000000000000633.csv,CAN_CSV0000000000005205.csv
CAN_CSV0000000000000633.csv,CAN_CSV0000000000000687.csv
CAN_CSV0000000000000633.csv,CAN_CSV0000000000005227.csv
CAN_CSV0000000000000633.csv,CAN_CSV0000000000000735.csv
CAN_CSV0000000000000633.csv,CAN_CSV0000000000015560.csv
CAN_CSV0000000000000633.csv,CAN_CSV0000000000006992.csv
CAN_CSV0000000000000633.csv,CAN_CSV0000000000004703.csv
CAN_CSV0000000000000633.csv,CAN_CSV0000000000013602.csv
CAN_CSV0000000000000633.csv,CAN_CSV0000000000005009.csv
CAN_CSV0000000000000633.csv,CAN_CSV0000000000005103.csv
CAN_CSV0000000000000633.csv,CAN_CSV0000000000014315.csv
CAN_CSV0000000000000633.csv,CAN_CSV0000000000000778.csv
CAN_CSV0000000000000633.csv,CAN_CSV0000000000005128.csv
CAN_CSV0000000000000633.csv,CAN_CSV0000000000005368.csv
CAN_CSV0000000000000633.csv,CAN_CSV0000000000013001.csv
CAN_CSV0000000000000633.csv,CAN_CSV0000000000002292.csv
CAN_CSV0000000000000633.csv,CAN_CSV0000000000012952.csv
CAN_CSV0000000000000633.csv,CAN_CSV0000000000005241.csv
CAN_CSV0000000000000633.csv,CAN_CSV0000000000000719.csv
CAN_CSV0000000000000633.csv,CAN_CSV0000000000013513.csv
CAN_CSV0000000000000633.csv,CAN_CSV0000000000005520.csv
CAN_CSV0000000000000633.csv,CAN_CSV0000000000000727.csv
CAN_CSV0000000000000633.csv,CAN_CSV0000000000013603.csv
CAN_CSV0000000000000633.csv,CAN_CSV0000000000013782.csv
CAN_CSV0000000000000633.csv,CAN_CSV0000000000000610.csv
CAN_CSV0000000000000633.csv,CAN_CSV0000000000001116.csv
CAN_CSV0000000000000633.csv,CAN_CSV0000000000000685.csv
CAN_CSV0000000000000633.csv,CAN_CSV0000000000000698.csv
CAN_CSV0000000000000633.csv,CAN_CSV0000000000013701.csv
CAN_CSV0000000000000633.csv,CAN_CSV0000000000000753.csv
CAN_CSV0000000000000633.csv,CAN_CSV0000000000012845.csv
CAN_CSV0000000000000633.csv,CAN_CSV0000000000013484.csv
CAN_CSV0000000000000633.csv,CAN_CSV0000000000013497.csv
CAN_CSV0000000000000634.csv,CAN_CSV0000000000000638.csv
CAN_CSV0000000000000634.csv,CAN_CSV0000000000000750.csv
CAN_CSV0000000000000634.csv,CAN_CSV0000000000000448.csv
CAN_CSV0000000000000634.csv,CAN_CSV0000000000005416.csv
CAN_CSV0000000000000634.csv,CAN_CSV0000000000013001.csv
CAN_CSV0000000000000634.csv,CAN_CSV0000000000002292.csv
CAN_CSV0000000000000634.csv,CAN_CSV0000000000027218.csv
CAN_CSV0000000000000634.csv,CAN_CSV0000000000005832.csv
CAN_CSV0000000000000634.csv,CAN_CSV0000000000000757.csv
CAN_CSV0000000000000634.csv,CAN_CSV0000000000005391.csv
CAN_CSV0000000000000634.csv,CAN_CSV0000000000012952.csv
CAN_CSV0000000000000634.csv,CAN_CSV0000000000027217.csv
CAN_CSV0000000000000634.csv,CAN_CSV0000000000005264.csv
CAN_CSV0000000000000634.csv,CAN_CSV0000000000013199.csv
CAN_CSV0000000000000634.csv,CAN_CSV0000000000000676.csv
CAN_CSV0000000000000634.csv,CAN_CSV0000000000013514.csv
CAN_CSV0000000000000634.csv,CAN_CSV0000000000013702.csv
CAN_CSV0000000000000634.csv,CAN_CSV0000000000004766.csv
CAN_CSV0000000000000634.csv,CAN_CSV0000000000000719.csv
CAN_CSV0000000000000634.csv,CAN_CSV0000000000000644.csv
CAN_CSV0000000000000634.csv,CAN_CSV0000000000013518.csv
CAN_CSV0000000000000634.csv,CAN_CSV0000000000002181.csv
CAN_CSV0000000000000634.csv,CAN_CSV0000000000005205.csv
CAN_CSV0000000000000634.csv,CAN_CSV0000000000005227.csv
CAN_CSV0000000000000634.csv,CAN_CSV0000000000000735.csv
CAN_CSV0000000000000634.csv,CAN_CSV0000000000013513.csv
CAN_CSV0000000000000634.csv,CAN_CSV0000000000000683.csv
CAN_CSV0000000000000634.csv,CAN_CSV0000000000027219.csv
CAN_CSV0000000000000634.csv,CAN_CSV0000000000027266.csv
CAN_CSV0000000000000634.csv,CAN_CSV0000000000005325.csv
CAN_CSV0000000000000634.csv,CAN_CSV0000000000000608.csv
CAN_CSV0000000000000634.csv,CAN_CSV0000000000013603.csv
CAN_CSV0000000000000634.csv,CAN_CSV0000000000000675.csv
CAN_CSV0000000000000634.csv,CAN_CSV0000000000013782.csv
CAN_CSV0000000000000634.csv,CAN_CSV0000000000015560.csv
CAN_CSV0000000000000634.csv,CAN_CSV0000000000005310.csv
CAN_CSV0000000000000634.csv,CAN_CSV0000000000005265.csv
CAN_CSV0000000000000634.csv,CAN_CSV0000000000000697.csv
CAN_CSV0000000000000634.csv,CAN_CSV0000000000000610.csv
CAN_CSV0000000000000634.csv,CAN_CSV0000000000001116.csv
CAN_CSV0000000000000634.csv,CAN_CSV0000000000004703.csv
CAN_CSV0000000000000634.csv,CAN_CSV0000000000015551.csv
CAN_CSV0000000000000634.csv,CAN_CSV0000000000015570.csv
CAN_CSV0000000000000634.csv,CAN_CSV0000000000001226.csv
CAN_CSV0000000000000634.csv,CAN_CSV0000000000013602.csv
CAN_CSV0000000000000634.csv,CAN_CSV0000000000005128.csv
CAN_CSV0000000000000634.csv,CAN_CSV0000000000000679.csv
CAN_CSV0000000000000634.csv,CAN_CSV0000000000001114.csv
CAN_CSV0000000000000634.csv,CAN_CSV0000000000012980.csv
CAN_CSV0000000000000634.csv,CAN_CSV0000000000000758.csv
CAN_CSV0000000000000634.csv,CAN_CSV0000000000005009.csv
CAN_CSV0000000000000634.csv,CAN_CSV0000000000000689.csv
CAN_CSV0000000000000634.csv,CAN_CSV0000000000013701.csv
CAN_CSV0000000000000634.csv,CAN_CSV0000000000000688.csv
CAN_CSV0000000000000634.csv,CAN_CSV0000000000012845.csv
CAN_CSV0000000000000634.csv,CAN_CSV0000000000000692.csv
CAN_CSV0000000000000634.csv,CAN_CSV0000000000013484.csv
CAN_CSV0000000000000634.csv,CAN_CSV0000000000013497.csv
CAN_CSV0000000000000634.csv,CAN_CSV0000000000005103.csv
CAN_CSV0000000000000634.csv,CAN_CSV0000000000014315.csv
CAN_CSV0000000000000634.csv,CAN_CSV0000000000013510.csv
CAN_CSV0000000000000634.csv,CAN_CSV0000000000013036.csv
CAN_CSV0000000000000634.csv,CAN_CSV0000000000013489.csv
CAN_CSV0000000000000634.csv,CAN_CSV0000000000027228.csv
CAN_CSV0000000000000634.csv,CAN_CSV0000000000005379.csv
CAN_CSV0000000000000638.csv,CAN_CSV0000000000000750.csv
CAN_CSV0000000000000638.csv,CAN_CSV0000000000000448.csv
CAN_CSV0000000000000638.csv,CAN_CSV0000000000005416.csv
CAN_CSV0000000000000638.csv,CAN_CSV0000000000013001.csv
CAN_CSV0000000000000638.csv,CAN_CSV0000000000002292.csv
CAN_CSV0000000000000638.csv,CAN_CSV0000000000027218.csv
CAN_CSV0000000000000638.csv,CAN_CSV0000000000005832.csv
CAN_CSV0000000000000638.csv,CAN_CSV0000000000000757.csv
CAN_CSV0000000000000638.csv,CAN_CSV0000000000005391.csv
CAN_CSV0000000000000638.csv,CAN_CSV0000000000012952.csv
CAN_CSV0000000000000638.csv,CAN_CSV0000000000027217.csv
CAN_CSV0000000000000638.csv,CAN_CSV0000000000005264.csv
CAN_CSV0000000000000638.csv,CAN_CSV0000000000013199.csv
CAN_CSV0000000000000638.csv,CAN_CSV0000000000000676.csv
CAN_CSV0000000000000638.csv,CAN_CSV0000000000013514.csv
CAN_CSV0000000000000638.csv,CAN_CSV0000000000005224.csv
CAN_CSV0000000000000638.csv,CAN_CSV0000000000013702.csv
CAN_CSV0000000000000638.csv,CAN_CSV0000000000004766.csv
CAN_CSV0000000000000638.csv,CAN_CSV0000000000000719.csv
CAN_CSV0000000000000638.csv,CAN_CSV0000000000000644.csv
CAN_CSV0000000000000638.csv,CAN_CSV0000000000013518.csv
CAN_CSV0000000000000638.csv,CAN_CSV0000000000002181.csv
CAN_CSV0000000000000638.csv,CAN_CSV0000000000005205.csv
CAN_CSV0000000000000638.csv,CAN_CSV0000000000005227.csv
CAN_CSV0000000000000638.csv,CAN_CSV0000000000000735.csv
CAN_CSV0000000000000638.csv,CAN_CSV0000000000013513.csv
CAN_CSV0000000000000638.csv,CAN_CSV0000000000000683.csv
CAN_CSV0000000000000638.csv,CAN_CSV0000000000027281.csv
CAN_CSV0000000000000638.csv,CAN_CSV0000000000027219.csv
CAN_CSV0000000000000638.csv,CAN_CSV0000000000027266.csv
CAN_CSV0000000000000638.csv,CAN_CSV0000000000027280.csv
CAN_CSV0000000000000638.csv,CAN_CSV0000000000005325.csv
CAN_CSV0000000000000638.csv,CAN_CSV0000000000013603.csv
CAN_CSV0000000000000638.csv,CAN_CSV0000000000000608.csv
CAN_CSV0000000000000638.csv,CAN_CSV0000000000000675.csv
CAN_CSV0000000000000638.csv,CAN_CSV0000000000013782.csv
CAN_CSV0000000000000638.csv,CAN_CSV0000000000015560.csv
CAN_CSV0000000000000638.csv,CAN_CSV0000000000005265.csv
CAN_CSV0000000000000638.csv,CAN_CSV0000000000000697.csv
CAN_CSV0000000000000638.csv,CAN_CSV0000000000000610.csv
CAN_CSV0000000000000638.csv,CAN_CSV0000000000001116.csv
CAN_CSV0000000000000638.csv,CAN_CSV0000000000004703.csv
CAN_CSV0000000000000638.csv,CAN_CSV0000000000015551.csv
CAN_CSV0000000000000638.csv,CAN_CSV0000000000015570.csv
CAN_CSV0000000000000638.csv,CAN_CSV0000000000001226.csv
CAN_CSV0000000000000638.csv,CAN_CSV0000000000013602.csv
CAN_CSV0000000000000638.csv,CAN_CSV0000000000005128.csv
CAN_CSV0000000000000638.csv,CAN_CSV0000000000000679.csv
CAN_CSV0000000000000638.csv,CAN_CSV0000000000000634.csv
CAN_CSV0000000000000638.csv,CAN_CSV0000000000001114.csv
CAN_CSV0000000000000638.csv,CAN_CSV0000000000012980.csv
CAN_CSV0000000000000638.csv,CAN_CSV0000000000027291.csv
CAN_CSV0000000000000638.csv,CAN_CSV0000000000027282.csv
CAN_CSV0000000000000638.csv,CAN_CSV0000000000027306.csv
CAN_CSV0000000000000638.csv,CAN_CSV0000000000005009.csv
CAN_CSV0000000000000638.csv,CAN_CSV0000000000000689.csv
CAN_CSV0000000000000638.csv,CAN_CSV0000000000013701.csv
CAN_CSV0000000000000638.csv,CAN_CSV0000000000000688.csv
CAN_CSV0000000000000638.csv,CAN_CSV0000000000012845.csv
CAN_CSV0000000000000638.csv,CAN_CSV0000000000000692.csv
CAN_CSV0000000000000638.csv,CAN_CSV0000000000013484.csv
CAN_CSV0000000000000638.csv,CAN_CSV0000000000013497.csv
CAN_CSV0000000000000638.csv,CAN_CSV0000000000005103.csv
CAN_CSV0000000000000638.csv,CAN_CSV0000000000014315.csv
CAN_CSV0000000000000638.csv,CAN_CSV0000000000013510.csv
CAN_CSV0000000000000638.csv,CAN_CSV0000000000013036.csv
CAN_CSV0000000000000638.csv,CAN_CSV0000000000005309.csv
CAN_CSV0000000000000638.csv,CAN_CSV0000000000005222.csv
CAN_CSV0000000000000638.csv,CAN_CSV0000000000013489.csv
CAN_CSV0000000000000638.csv,CAN_CSV0000000000027228.csv
CAN_CSV0000000000000638.csv,CAN_CSV0000000000005379.csv
CAN_CSV0000000000000642.csv,CAN_CSV0000000000013001.csv
CAN_CSV0000000000000642.csv,CAN_CSV0000000000000750.csv
CAN_CSV0000000000000642.csv,CAN_CSV0000000000000448.csv
CAN_CSV0000000000000642.csv,CAN_CSV0000000000005416.csv
CAN_CSV0000000000000642.csv,CAN_CSV0000000000002292.csv
CAN_CSV0000000000000642.csv,CAN_CSV0000000000027218.csv
CAN_CSV0000000000000642.csv,CAN_CSV0000000000005832.csv
CAN_CSV0000000000000642.csv,CAN_CSV0000000000000757.csv
CAN_CSV0000000000000642.csv,CAN_CSV0000000000005391.csv
CAN_CSV0000000000000642.csv,CAN_CSV0000000000012952.csv
CAN_CSV0000000000000642.csv,CAN_CSV0000000000027217.csv
CAN_CSV0000000000000642.csv,CAN_CSV0000000000005264.csv
CAN_CSV0000000000000642.csv,CAN_CSV0000000000013199.csv
CAN_CSV0000000000000642.csv,CAN_CSV0000000000000641.csv
CAN_CSV0000000000000642.csv,CAN_CSV0000000000013514.csv
CAN_CSV0000000000000642.csv,CAN_CSV0000000000013702.csv
CAN_CSV0000000000000642.csv,CAN_CSV0000000000000676.csv
CAN_CSV0000000000000642.csv,CAN_CSV0000000000004766.csv
CAN_CSV0000000000000642.csv,CAN_CSV0000000000000719.csv
CAN_CSV0000000000000642.csv,CAN_CSV0000000000000644.csv
CAN_CSV0000000000000642.csv,CAN_CSV0000000000013518.csv
CAN_CSV0000000000000642.csv,CAN_CSV0000000000002181.csv
CAN_CSV0000000000000642.csv,CAN_CSV0000000000005205.csv
CAN_CSV0000000000000642.csv,CAN_CSV0000000000005227.csv
CAN_CSV0000000000000642.csv,CAN_CSV0000000000000687.csv
CAN_CSV0000000000000642.csv,CAN_CSV0000000000000735.csv
CAN_CSV0000000000000642.csv,CAN_CSV0000000000013513.csv
CAN_CSV0000000000000642.csv,CAN_CSV0000000000000683.csv
CAN_CSV0000000000000642.csv,CAN_CSV0000000000027219.csv
CAN_CSV0000000000000642.csv,CAN_CSV0000000000027266.csv
CAN_CSV0000000000000642.csv,CAN_CSV0000000000005325.csv
CAN_CSV0000000000000642.csv,CAN_CSV0000000000000608.csv
CAN_CSV0000000000000642.csv,CAN_CSV0000000000013603.csv
CAN_CSV0000000000000642.csv,CAN_CSV0000000000000675.csv
CAN_CSV0000000000000642.csv,CAN_CSV0000000000013782.csv
CAN_CSV0000000000000642.csv,CAN_CSV0000000000015560.csv
CAN_CSV0000000000000642.csv,CAN_CSV0000000000005265.csv
CAN_CSV0000000000000642.csv,CAN_CSV0000000000000610.csv
CAN_CSV0000000000000642.csv,CAN_CSV0000000000001116.csv
CAN_CSV0000000000000642.csv,CAN_CSV0000000000004703.csv
CAN_CSV0000000000000642.csv,CAN_CSV0000000000015551.csv
CAN_CSV0000000000000642.csv,CAN_CSV0000000000015570.csv
CAN_CSV0000000000000642.csv,CAN_CSV0000000000001226.csv
CAN_CSV0000000000000642.csv,CAN_CSV0000000000013602.csv
CAN_CSV0000000000000642.csv,CAN_CSV0000000000005128.csv
CAN_CSV0000000000000642.csv,CAN_CSV0000000000000679.csv
CAN_CSV0000000000000642.csv,CAN_CSV0000000000005302.csv
CAN_CSV0000000000000642.csv,CAN_CSV0000000000000634.csv
CAN_CSV0000000000000642.csv,CAN_CSV0000000000001114.csv
CAN_CSV0000000000000642.csv,CAN_CSV0000000000012980.csv
CAN_CSV0000000000000642.csv,CAN_CSV0000000000027291.csv
CAN_CSV0000000000000642.csv,CAN_CSV0000000000027282.csv
CAN_CSV0000000000000642.csv,CAN_CSV0000000000027306.csv
CAN_CSV0000000000000642.csv,CAN_CSV0000000000000758.csv
CAN_CSV0000000000000642.csv,CAN_CSV0000000000005009.csv
CAN_CSV0000000000000642.csv,CAN_CSV0000000000000637.csv
CAN_CSV0000000000000642.csv,CAN_CSV0000000000000689.csv
CAN_CSV0000000000000642.csv,CAN_CSV0000000000013701.csv
CAN_CSV0000000000000642.csv,CAN_CSV0000000000012845.csv
CAN_CSV0000000000000642.csv,CAN_CSV0000000000000744.csv
CAN_CSV0000000000000642.csv,CAN_CSV0000000000013484.csv
CAN_CSV0000000000000642.csv,CAN_CSV0000000000013497.csv
CAN_CSV0000000000000642.csv,CAN_CSV0000000000000692.csv
CAN_CSV0000000000000642.csv,CAN_CSV0000000000005103.csv
CAN_CSV0000000000000642.csv,CAN_CSV0000000000014315.csv
CAN_CSV0000000000000642.csv,CAN_CSV0000000000005309.csv
CAN_CSV0000000000000642.csv,CAN_CSV0000000000005307.csv
CAN_CSV0000000000000642.csv,CAN_CSV0000000000013510.csv
CAN_CSV0000000000000642.csv,CAN_CSV0000000000013036.csv
CAN_CSV0000000000000642.csv,CAN_CSV0000000000013489.csv
CAN_CSV0000000000000642.csv,CAN_CSV0000000000027228.csv
CAN_CSV0000000000000642.csv,CAN_CSV0000000000005379.csv
CAN_CSV0000000000000659.csv,CAN_CSV0000000000027171.csv
CAN_CSV0000000000000659.csv,CAN_CSV0000000000013001.csv
CAN_CSV0000000000000659.csv,CAN_CSV0000000000002292.csv
CAN_CSV0000000000000659.csv,CAN_CSV0000000000027176.csv
CAN_CSV0000000000000659.csv,CAN_CSV0000000000005832.csv
CAN_CSV0000000000000659.csv,CAN_CSV0000000000027218.csv
CAN_CSV0000000000000659.csv,CAN_CSV0000000000002190.csv
CAN_CSV0000000000000659.csv,CAN_CSV0000000000005391.csv
CAN_CSV0000000000000659.csv,CAN_CSV0000000000012952.csv
CAN_CSV0000000000000659.csv,CAN_CSV0000000000027217.csv
CAN_CSV0000000000000659.csv,CAN_CSV0000000000000553.csv
CAN_CSV0000000000000659.csv,CAN_CSV0000000000013199.csv
CAN_CSV0000000000000659.csv,CAN_CSV0000000000013514.csv
CAN_CSV0000000000000659.csv,CAN_CSV0000000000013702.csv
CAN_CSV0000000000000659.csv,CAN_CSV0000000000005264.csv
CAN_CSV0000000000000659.csv,CAN_CSV0000000000004766.csv
CAN_CSV0000000000000659.csv,CAN_CSV0000000000000719.csv
CAN_CSV0000000000000659.csv,CAN_CSV0000000000013518.csv
CAN_CSV0000000000000659.csv,CAN_CSV0000000000002181.csv
CAN_CSV0000000000000659.csv,CAN_CSV0000000000000565.csv
CAN_CSV0000000000000659.csv,CAN_CSV0000000000005205.csv
CAN_CSV0000000000000659.csv,CAN_CSV0000000000005227.csv
CAN_CSV0000000000000659.csv,CAN_CSV0000000000000735.csv
CAN_CSV0000000000000659.csv,CAN_CSV0000000000013513.csv
CAN_CSV0000000000000659.csv,CAN_CSV0000000000027219.csv
CAN_CSV0000000000000659.csv,CAN_CSV0000000000000608.csv
CAN_CSV0000000000000659.csv,CAN_CSV0000000000013603.csv
CAN_CSV0000000000000659.csv,CAN_CSV0000000000027262.csv
CAN_CSV0000000000000659.csv,CAN_CSV0000000000000581.csv
CAN_CSV0000000000000659.csv,CAN_CSV0000000000013782.csv
CAN_CSV0000000000000659.csv,CAN_CSV0000000000000574.csv
CAN_CSV0000000000000659.csv,CAN_CSV0000000000015560.csv
CAN_CSV0000000000000659.csv,CAN_CSV0000000000005265.csv
CAN_CSV0000000000000659.csv,CAN_CSV0000000000000603.csv
CAN_CSV0000000000000659.csv,CAN_CSV0000000000027168.csv
CAN_CSV0000000000000659.csv,CAN_CSV0000000000000610.csv
CAN_CSV0000000000000659.csv,CAN_CSV0000000000001116.csv
CAN_CSV0000000000000659.csv,CAN_CSV0000000000004703.csv
CAN_CSV0000000000000659.csv,CAN_CSV0000000000015551.csv
CAN_CSV0000000000000659.csv,CAN_CSV0000000000015570.csv
CAN_CSV0000000000000659.csv,CAN_CSV0000000000001226.csv
CAN_CSV0000000000000659.csv,CAN_CSV0000000000013602.csv
CAN_CSV0000000000000659.csv,CAN_CSV0000000000005128.csv
CAN_CSV0000000000000659.csv,CAN_CSV0000000000000661.csv
CAN_CSV0000000000000659.csv,CAN_CSV0000000000001114.csv
CAN_CSV0000000000000659.csv,CAN_CSV0000000000002189.csv
CAN_CSV0000000000000659.csv,CAN_CSV0000000000012980.csv
CAN_CSV0000000000000659.csv,CAN_CSV0000000000000587.csv
CAN_CSV0000000000000659.csv,CAN_CSV0000000000000660.csv
CAN_CSV0000000000000659.csv,CAN_CSV0000000000005009.csv
CAN_CSV0000000000000659.csv,CAN_CSV0000000000027240.csv
CAN_CSV0000000000000659.csv,CAN_CSV0000000000000663.csv
CAN_CSV0000000000000659.csv,CAN_CSV0000000000013701.csv
CAN_CSV0000000000000659.csv,CAN_CSV0000000000012845.csv
CAN_CSV0000000000000659.csv,CAN_CSV0000000000013484.csv
CAN_CSV0000000000000659.csv,CAN_CSV0000000000013497.csv
CAN_CSV0000000000000659.csv,CAN_CSV0000000000027173.csv
CAN_CSV0000000000000659.csv,CAN_CSV0000000000005103.csv
CAN_CSV0000000000000659.csv,CAN_CSV0000000000014315.csv
CAN_CSV0000000000000659.csv,CAN_CSV0000000000000596.csv
CAN_CSV0000000000000659.csv,CAN_CSV0000000000013510.csv
CAN_CSV0000000000000659.csv,CAN_CSV0000000000013036.csv
CAN_CSV0000000000000659.csv,CAN_CSV0000000000013489.csv
CAN_CSV0000000000000659.csv,CAN_CSV0000000000027228.csv
CAN_CSV0000000000000659.csv,CAN_CSV0000000000005379.csv
CAN_CSV0000000000000680.csv,CAN_CSV0000000000005320.csv
CAN_CSV0000000000000680.csv,CAN_CSV0000000000000687.csv
CAN_CSV0000000000000680.csv,CAN_CSV0000000000000685.csv
CAN_CSV0000000000000680.csv,CAN_CSV0000000000027103.csv
CAN_CSV0000000000000680.csv,CAN_CSV0000000000005297.csv
CAN_CSV0000000000000680.csv,CAN_CSV0000000000005322.csv
CAN_CSV0000000000000680.csv,CAN_CSV0000000000000678.csv
CAN_CSV0000000000000680.csv,CAN_CSV0000000000005307.csv
CAN_CSV0000000000000680.csv,CAN_CSV0000000000005348.csv
CAN_CSV0000000000000680.csv,CAN_CSV0000000000005300.csv
CAN_CSV0000000000000680.csv,CAN_CSV0000000000000698.csv
CAN_CSV0000000000000680.csv,CAN_CSV0000000000000644.csv
CAN_CSV0000000000000686.csv,CAN_CSV0000000000005320.csv
CAN_CSV0000000000000686.csv,CAN_CSV0000000000000687.csv
CAN_CSV0000000000000686.csv,CAN_CSV0000000000000685.csv
CAN_CSV0000000000000686.csv,CAN_CSV0000000000005297.csv
CAN_CSV0000000000000686.csv,CAN_CSV0000000000027103.csv
CAN_CSV0000000000000686.csv,CAN_CSV0000000000005322.csv
CAN_CSV0000000000000686.csv,CAN_CSV0000000000005307.csv
CAN_CSV0000000000000686.csv,CAN_CSV0000000000000678.csv
CAN_CSV0000000000000686.csv,CAN_CSV0000000000005348.csv
CAN_CSV0000000000000686.csv,CAN_CSV0000000000005300.csv
CAN_CSV0000000000000686.csv,CAN_CSV0000000000000698.csv
CAN_CSV0000000000000686.csv,CAN_CSV0000000000000644.csv
CAN_CSV0000000000000691.csv,CAN_CSV0000000000027171.csv
CAN_CSV0000000000000691.csv,CAN_CSV0000000000027203.csv
CAN_CSV0000000000000691.csv,CAN_CSV0000000000004972.csv
CAN_CSV0000000000000691.csv,CAN_CSV0000000000027260.csv
CAN_CSV0000000000000691.csv,CAN_CSV0000000000005040.csv
CAN_CSV0000000000000691.csv,CAN_CSV0000000000027218.csv
CAN_CSV0000000000000691.csv,CAN_CSV0000000000005832.csv
CAN_CSV0000000000000691.csv,CAN_CSV0000000000002218.csv
CAN_CSV0000000000000691.csv,CAN_CSV0000000000027207.csv
CAN_CSV0000000000000691.csv,CAN_CSV0000000000000553.csv
CAN_CSV0000000000000691.csv,CAN_CSV0000000000013199.csv
CAN_CSV0000000000000691.csv,CAN_CSV0000000000000676.csv
CAN_CSV0000000000000691.csv,CAN_CSV0000000000005207.csv
CAN_CSV0000000000000691.csv,CAN_CSV0000000000001215.csv
CAN_CSV0000000000000691.csv,CAN_CSV0000000000000793.csv
CAN_CSV0000000000000691.csv,CAN_CSV0000000000005214.csv
CAN_CSV0000000000000691.csv,CAN_CSV0000000000013518.csv
CAN_CSV0000000000000691.csv,CAN_CSV0000000000002181.csv
CAN_CSV0000000000000691.csv,CAN_CSV0000000000000556.csv
CAN_CSV0000000000000691.csv,CAN_CSV0000000000000604.csv
CAN_CSV0000000000000691.csv,CAN_CSV0000000000006577.csv
CAN_CSV0000000000000691.csv,CAN_CSV0000000000005265.csv
CAN_CSV0000000000000691.csv,CAN_CSV0000000000015570.csv
CAN_CSV0000000000000691.csv,CAN_CSV0000000000004792.csv
CAN_CSV0000000000000691.csv,CAN_CSV0000000000006331.csv
CAN_CSV0000000000000691.csv,CAN_CSV0000000000012980.csv
CAN_CSV0000000000000691.csv,CAN_CSV0000000000014061.csv
CAN_CSV0000000000000691.csv,CAN_CSV0000000000001233.csv
CAN_CSV0000000000000691.csv,CAN_CSV0000000000013510.csv
CAN_CSV0000000000000691.csv,CAN_CSV0000000000013036.csv
CAN_CSV0000000000000691.csv,CAN_CSV0000000000005444.csv
CAN_CSV0000000000000691.csv,CAN_CSV0000000000027228.csv
CAN_CSV0000000000000691.csv,CAN_CSV0000000000005379.csv
CAN_CSV0000000000000691.csv,CAN_CSV0000000000004796.csv
CAN_CSV0000000000000691.csv,CAN_CSV0000000000000788.csv
CAN_CSV0000000000000691.csv,CAN_CSV0000000000027217.csv
CAN_CSV0000000000000691.csv,CAN_CSV0000000000005264.csv
CAN_CSV0000000000000691.csv,CAN_CSV0000000000013514.csv
CAN_CSV0000000000000691.csv,CAN_CSV0000000000013702.csv
CAN_CSV0000000000000691.csv,CAN_CSV0000000000004766.csv
CAN_CSV0000000000000691.csv,CAN_CSV0000000000027219.csv
CAN_CSV0000000000000691.csv,CAN_CSV0000000000000608.csv
CAN_CSV0000000000000691.csv,CAN_CSV0000000000000783.csv
CAN_CSV0000000000000691.csv,CAN_CSV0000000000000861.csv
CAN_CSV0000000000000691.csv,CAN_CSV0000000000015551.csv
CAN_CSV0000000000000691.csv,CAN_CSV0000000000001226.csv
CAN_CSV0000000000000691.csv,CAN_CSV0000000000001114.csv
CAN_CSV0000000000000691.csv,CAN_CSV0000000000000858.csv
CAN_CSV0000000000000691.csv,CAN_CSV0000000000013489.csv
CAN_CSV0000000000000691.csv,CAN_CSV0000000000006574.csv
CAN_CSV0000000000000691.csv,CAN_CSV0000000000000789.csv
CAN_CSV0000000000000691.csv,CAN_CSV0000000000005391.csv
CAN_CSV0000000000000691.csv,CAN_CSV0000000000004791.csv
CAN_CSV0000000000000691.csv,CAN_CSV0000000000005227.csv
CAN_CSV0000000000000691.csv,CAN_CSV0000000000005205.csv
CAN_CSV0000000000000691.csv,CAN_CSV0000000000000735.csv
CAN_CSV0000000000000691.csv,CAN_CSV0000000000027206.csv
CAN_CSV0000000000000691.csv,CAN_CSV0000000000005138.csv
CAN_CSV0000000000000691.csv,CAN_CSV0000000000004797.csv
CAN_CSV0000000000000691.csv,CAN_CSV0000000000015560.csv
CAN_CSV0000000000000691.csv,CAN_CSV0000000000004703.csv
CAN_CSV0000000000000691.csv,CAN_CSV0000000000013602.csv
CAN_CSV0000000000000691.csv,CAN_CSV0000000000000558.csv
CAN_CSV0000000000000691.csv,CAN_CSV0000000000005009.csv
CAN_CSV0000000000000691.csv,CAN_CSV0000000000004794.csv
CAN_CSV0000000000000691.csv,CAN_CSV0000000000005103.csv
CAN_CSV0000000000000691.csv,CAN_CSV0000000000014315.csv
CAN_CSV0000000000000691.csv,CAN_CSV0000000000005128.csv
CAN_CSV0000000000000691.csv,CAN_CSV0000000000013001.csv
CAN_CSV0000000000000691.csv,CAN_CSV0000000000002292.csv
CAN_CSV0000000000000691.csv,CAN_CSV0000000000012952.csv
CAN_CSV0000000000000691.csv,CAN_CSV0000000000006340.csv
CAN_CSV0000000000000691.csv,CAN_CSV0000000000000719.csv
CAN_CSV0000000000000691.csv,CAN_CSV0000000000013513.csv
CAN_CSV0000000000000691.csv,CAN_CSV0000000000002191.csv
CAN_CSV0000000000000691.csv,CAN_CSV0000000000013603.csv
CAN_CSV0000000000000691.csv,CAN_CSV0000000000004798.csv
CAN_CSV0000000000000691.csv,CAN_CSV0000000000013782.csv
CAN_CSV0000000000000691.csv,CAN_CSV0000000000000610.csv
CAN_CSV0000000000000691.csv,CAN_CSV0000000000001116.csv
CAN_CSV0000000000000691.csv,CAN_CSV0000000000000557.csv
CAN_CSV0000000000000691.csv,CAN_CSV0000000000000945.csv
CAN_CSV0000000000000691.csv,CAN_CSV0000000000001191.csv
CAN_CSV0000000000000691.csv,CAN_CSV0000000000000790.csv
CAN_CSV0000000000000691.csv,CAN_CSV0000000000014060.csv
CAN_CSV0000000000000691.csv,CAN_CSV0000000000004799.csv
CAN_CSV0000000000000691.csv,CAN_CSV0000000000013701.csv
CAN_CSV0000000000000691.csv,CAN_CSV0000000000000792.csv
CAN_CSV0000000000000691.csv,CAN_CSV0000000000012845.csv
CAN_CSV0000000000000691.csv,CAN_CSV0000000000013484.csv
CAN_CSV0000000000000691.csv,CAN_CSV0000000000013497.csv
CAN_CSV0000000000000695.csv,CAN_CSV0000000000005320.csv
CAN_CSV0000000000000695.csv,CAN_CSV0000000000000687.csv
CAN_CSV0000000000000695.csv,CAN_CSV0000000000000685.csv
CAN_CSV0000000000000695.csv,CAN_CSV0000000000027103.csv
CAN_CSV0000000000000695.csv,CAN_CSV0000000000005297.csv
CAN_CSV0000000000000695.csv,CAN_CSV0000000000005322.csv
CAN_CSV0000000000000695.csv,CAN_CSV0000000000005307.csv
CAN_CSV0000000000000695.csv,CAN_CSV0000000000000678.csv
CAN_CSV0000000000000695.csv,CAN_CSV0000000000005348.csv
CAN_CSV0000000000000695.csv,CAN_CSV0000000000005300.csv
CAN_CSV0000000000000695.csv,CAN_CSV0000000000000698.csv
CAN_CSV0000000000000695.csv,CAN_CSV0000000000000644.csv
CAN_CSV0000000000000708.csv,CAN_CSV0000000000005320.csv
CAN_CSV0000000000000708.csv,CAN_CSV0000000000000687.csv
CAN_CSV0000000000000708.csv,CAN_CSV0000000000000685.csv
CAN_CSV0000000000000708.csv,CAN_CSV0000000000005297.csv
CAN_CSV0000000000000708.csv,CAN_CSV0000000000027103.csv
CAN_CSV0000000000000708.csv,CAN_CSV0000000000005322.csv
CAN_CSV0000000000000708.csv,CAN_CSV0000000000000678.csv
CAN_CSV0000000000000708.csv,CAN_CSV0000000000005307.csv
CAN_CSV0000000000000708.csv,CAN_CSV0000000000005348.csv
CAN_CSV0000000000000708.csv,CAN_CSV0000000000005300.csv
CAN_CSV0000000000000708.csv,CAN_CSV0000000000000698.csv
CAN_CSV0000000000000708.csv,CAN_CSV0000000000000644.csv
CAN_CSV0000000000000709.csv,CAN_CSV0000000000005320.csv
CAN_CSV0000000000000709.csv,CAN_CSV0000000000000687.csv
CAN_CSV0000000000000709.csv,CAN_CSV0000000000000685.csv
CAN_CSV0000000000000709.csv,CAN_CSV0000000000005297.csv
CAN_CSV0000000000000709.csv,CAN_CSV0000000000027103.csv
CAN_CSV0000000000000709.csv,CAN_CSV0000000000005322.csv
CAN_CSV0000000000000709.csv,CAN_CSV0000000000005307.csv
CAN_CSV0000000000000709.csv,CAN_CSV0000000000000678.csv
CAN_CSV0000000000000709.csv,CAN_CSV0000000000005348.csv
CAN_CSV0000000000000709.csv,CAN_CSV0000000000005300.csv
CAN_CSV0000000000000709.csv,CAN_CSV0000000000000698.csv
CAN_CSV0000000000000709.csv,CAN_CSV0000000000000644.csv
CAN_CSV0000000000000710.csv,CAN_CSV0000000000005320.csv
CAN_CSV0000000000000710.csv,CAN_CSV0000000000000687.csv
CAN_CSV0000000000000710.csv,CAN_CSV0000000000000685.csv
CAN_CSV0000000000000710.csv,CAN_CSV0000000000027103.csv
CAN_CSV0000000000000710.csv,CAN_CSV0000000000005297.csv
CAN_CSV0000000000000710.csv,CAN_CSV0000000000005322.csv
CAN_CSV0000000000000710.csv,CAN_CSV0000000000005307.csv
CAN_CSV0000000000000710.csv,CAN_CSV0000000000000678.csv
CAN_CSV0000000000000710.csv,CAN_CSV0000000000005348.csv
CAN_CSV0000000000000710.csv,CAN_CSV0000000000005300.csv
CAN_CSV0000000000000710.csv,CAN_CSV0000000000000698.csv
CAN_CSV0000000000000710.csv,CAN_CSV0000000000000644.csv
CAN_CSV0000000000000714.csv,CAN_CSV0000000000005320.csv
CAN_CSV0000000000000714.csv,CAN_CSV0000000000000687.csv
CAN_CSV0000000000000714.csv,CAN_CSV0000000000000685.csv
CAN_CSV0000000000000714.csv,CAN_CSV0000000000005297.csv
CAN_CSV0000000000000714.csv,CAN_CSV0000000000027103.csv
CAN_CSV0000000000000714.csv,CAN_CSV0000000000005322.csv
CAN_CSV0000000000000714.csv,CAN_CSV0000000000000678.csv
CAN_CSV0000000000000714.csv,CAN_CSV0000000000005307.csv
CAN_CSV0000000000000714.csv,CAN_CSV0000000000005348.csv
CAN_CSV0000000000000714.csv,CAN_CSV0000000000005300.csv
CAN_CSV0000000000000714.csv,CAN_CSV0000000000000698.csv
CAN_CSV0000000000000714.csv,CAN_CSV0000000000000644.csv
CAN_CSV0000000000000724.csv,CAN_CSV0000000000006913.csv
CAN_CSV0000000000000724.csv,CAN_CSV0000000000012577.csv
CAN_CSV0000000000000724.csv,CAN_CSV0000000000012569.csv
CAN_CSV0000000000000724.csv,CAN_CSV0000000000006192.csv
CAN_CSV0000000000000724.csv,CAN_CSV0000000000012922.csv
CAN_CSV0000000000000724.csv,CAN_CSV0000000000000726.csv
CAN_CSV0000000000000724.csv,CAN_CSV0000000000006102.csv
CAN_CSV0000000000000724.csv,CAN_CSV0000000000027218.csv
CAN_CSV0000000000000724.csv,CAN_CSV0000000000006939.csv
CAN_CSV0000000000000724.csv,CAN_CSV0000000000005832.csv
CAN_CSV0000000000000724.csv,CAN_CSV0000000000006806.csv
CAN_CSV0000000000000724.csv,CAN_CSV0000000000012460.csv
CAN_CSV0000000000000724.csv,CAN_CSV0000000000000886.csv
CAN_CSV0000000000000724.csv,CAN_CSV0000000000000708.csv
CAN_CSV0000000000000724.csv,CAN_CSV0000000000013199.csv
CAN_CSV0000000000000724.csv,CAN_CSV0000000000000732.csv
CAN_CSV0000000000000724.csv,CAN_CSV0000000000013518.csv
CAN_CSV0000000000000724.csv,CAN_CSV0000000000002181.csv
CAN_CSV0000000000000724.csv,CAN_CSV0000000000001135.csv
CAN_CSV0000000000000724.csv,CAN_CSV0000000000005265.csv
CAN_CSV0000000000000724.csv,CAN_CSV0000000000015570.csv
CAN_CSV0000000000000724.csv,CAN_CSV0000000000012980.csv
CAN_CSV0000000000000724.csv,CAN_CSV0000000000013510.csv
CAN_CSV0000000000000724.csv,CAN_CSV0000000000013036.csv
CAN_CSV0000000000000724.csv,CAN_CSV0000000000005444.csv
CAN_CSV0000000000000724.csv,CAN_CSV0000000000005437.csv
CAN_CSV0000000000000724.csv,CAN_CSV0000000000027228.csv
CAN_CSV0000000000000724.csv,CAN_CSV0000000000005379.csv
CAN_CSV0000000000000724.csv,CAN_CSV0000000000000714.csv
CAN_CSV0000000000000724.csv,CAN_CSV0000000000027217.csv
CAN_CSV0000000000000724.csv,CAN_CSV0000000000005264.csv
CAN_CSV0000000000000724.csv,CAN_CSV0000000000013514.csv
CAN_CSV0000000000000724.csv,CAN_CSV0000000000013702.csv
CAN_CSV0000000000000724.csv,CAN_CSV0000000000000730.csv
CAN_CSV0000000000000724.csv,CAN_CSV0000000000004766.csv
CAN_CSV0000000000000724.csv,CAN_CSV0000000000000633.csv
CAN_CSV0000000000000724.csv,CAN_CSV0000000000006630.csv
CAN_CSV0000000000000724.csv,CAN_CSV0000000000027219.csv
CAN_CSV0000000000000724.csv,CAN_CSV0000000000000608.csv
CAN_CSV0000000000000724.csv,CAN_CSV0000000000027225.csv
CAN_CSV0000000000000724.csv,CAN_CSV0000000000000725.csv
CAN_CSV0000000000000724.csv,CAN_CSV0000000000005371.csv
CAN_CSV0000000000000724.csv,CAN_CSV0000000000015551.csv
CAN_CSV0000000000000724.csv,CAN_CSV0000000000001226.csv
CAN_CSV0000000000000724.csv,CAN_CSV0000000000001114.csv
CAN_CSV0000000000000724.csv,CAN_CSV0000000000000777.csv
CAN_CSV0000000000000724.csv,CAN_CSV0000000000000701.csv
CAN_CSV0000000000000724.csv,CAN_CSV0000000000002418.csv
CAN_CSV0000000000000724.csv,CAN_CSV0000000000013489.csv
CAN_CSV0000000000000724.csv,CAN_CSV0000000000005274.csv
CAN_CSV0000000000000724.csv,CAN_CSV0000000000000775.csv
CAN_CSV0000000000000724.csv,CAN_CSV0000000000000632.csv
CAN_CSV0000000000000724.csv,CAN_CSV0000000000005391.csv
CAN_CSV0000000000000724.csv,CAN_CSV0000000000012680.csv
CAN_CSV0000000000000724.csv,CAN_CSV0000000000006819.csv
CAN_CSV0000000000000724.csv,CAN_CSV0000000000005376.csv
CAN_CSV0000000000000724.csv,CAN_CSV0000000000005370.csv
CAN_CSV0000000000000724.csv,CAN_CSV0000000000005369.csv
CAN_CSV0000000000000724.csv,CAN_CSV0000000000005205.csv
CAN_CSV0000000000000724.csv,CAN_CSV0000000000005227.csv
CAN_CSV0000000000000724.csv,CAN_CSV0000000000000735.csv
CAN_CSV0000000000000724.csv,CAN_CSV0000000000015560.csv
CAN_CSV0000000000000724.csv,CAN_CSV0000000000004703.csv
CAN_CSV0000000000000724.csv,CAN_CSV0000000000013602.csv
CAN_CSV0000000000000724.csv,CAN_CSV0000000000000979.csv
CAN_CSV0000000000000724.csv,CAN_CSV0000000000005009.csv
CAN_CSV0000000000000724.csv,CAN_CSV0000000000000878.csv
CAN_CSV0000000000000724.csv,CAN_CSV0000000000005103.csv
CAN_CSV0000000000000724.csv,CAN_CSV0000000000014315.csv
CAN_CSV0000000000000724.csv,CAN_CSV0000000000005128.csv
CAN_CSV0000000000000724.csv,CAN_CSV0000000000005368.csv
CAN_CSV0000000000000724.csv,CAN_CSV0000000000013718.csv
CAN_CSV0000000000000724.csv,CAN_CSV0000000000013001.csv
CAN_CSV0000000000000724.csv,CAN_CSV0000000000002292.csv
CAN_CSV0000000000000724.csv,CAN_CSV0000000000012952.csv
CAN_CSV0000000000000724.csv,CAN_CSV0000000000005241.csv
CAN_CSV0000000000000724.csv,CAN_CSV0000000000000719.csv
CAN_CSV0000000000000724.csv,CAN_CSV0000000000012534.csv
CAN_CSV0000000000000724.csv,CAN_CSV0000000000013513.csv
CAN_CSV0000000000000724.csv,CAN_CSV0000000000000727.csv
CAN_CSV0000000000000724.csv,CAN_CSV0000000000006646.csv
CAN_CSV0000000000000724.csv,CAN_CSV0000000000013603.csv
CAN_CSV0000000000000724.csv,CAN_CSV0000000000013782.csv
CAN_CSV0000000000000724.csv,CAN_CSV0000000000000610.csv
CAN_CSV0000000000000724.csv,CAN_CSV0000000000001116.csv
CAN_CSV0000000000000724.csv,CAN_CSV0000000000001136.csv
CAN_CSV0000000000000724.csv,CAN_CSV0000000000005446.csv
CAN_CSV0000000000000724.csv,CAN_CSV0000000000013701.csv
CAN_CSV0000000000000724.csv,CAN_CSV0000000000005378.csv
CAN_CSV0000000000000724.csv,CAN_CSV0000000000000753.csv
CAN_CSV0000000000000724.csv,CAN_CSV0000000000012845.csv
CAN_CSV0000000000000724.csv,CAN_CSV0000000000013484.csv
CAN_CSV0000000000000724.csv,CAN_CSV0000000000013497.csv
CAN_CSV0000000000000724.csv,CAN_CSV0000000000000563.csv
CAN_CSV0000000000000724.csv,CAN_CSV0000000000013072.csv
CAN_CSV0000000000000732.csv,CAN_CSV0000000000000726.csv
CAN_CSV0000000000000732.csv,CAN_CSV0000000000027218.csv
CAN_CSV0000000000000732.csv,CAN_CSV0000000000005832.csv
CAN_CSV0000000000000732.csv,CAN_CSV0000000000013199.csv
CAN_CSV0000000000000732.csv,CAN_CSV0000000000001009.csv
CAN_CSV0000000000000732.csv,CAN_CSV0000000000000963.csv
CAN_CSV0000000000000732.csv,CAN_CSV0000000000012932.csv
CAN_CSV0000000000000732.csv,CAN_CSV0000000000013518.csv
CAN_CSV0000000000000732.csv,CAN_CSV0000000000002181.csv
CAN_CSV0000000000000732.csv,CAN_CSV0000000000000731.csv
CAN_CSV0000000000000732.csv,CAN_CSV0000000000000964.csv
CAN_CSV0000000000000732.csv,CAN_CSV0000000000000957.csv
CAN_CSV0000000000000732.csv,CAN_CSV0000000000000970.csv
CAN_CSV0000000000000732.csv,CAN_CSV0000000000005265.csv
CAN_CSV0000000000000732.csv,CAN_CSV0000000000027299.csv
CAN_CSV0000000000000732.csv,CAN_CSV0000000000015570.csv
CAN_CSV0000000000000732.csv,CAN_CSV0000000000012980.csv
CAN_CSV0000000000000732.csv,CAN_CSV0000000000000724.csv
CAN_CSV0000000000000732.csv,CAN_CSV0000000000012904.csv
CAN_CSV0000000000000732.csv,CAN_CSV0000000000013510.csv
CAN_CSV0000000000000732.csv,CAN_CSV0000000000013036.csv
CAN_CSV0000000000000732.csv,CAN_CSV0000000000000922.csv
CAN_CSV0000000000000732.csv,CAN_CSV0000000000027228.csv
CAN_CSV0000000000000732.csv,CAN_CSV0000000000005379.csv
CAN_CSV0000000000000732.csv,CAN_CSV0000000000012732.csv
CAN_CSV0000000000000732.csv,CAN_CSV0000000000000714.csv
CAN_CSV0000000000000732.csv,CAN_CSV0000000000027217.csv
CAN_CSV0000000000000732.csv,CAN_CSV0000000000005264.csv
CAN_CSV0000000000000732.csv,CAN_CSV0000000000013514.csv
CAN_CSV0000000000000732.csv,CAN_CSV0000000000013702.csv
CAN_CSV0000000000000732.csv,CAN_CSV0000000000000730.csv
CAN_CSV0000000000000732.csv,CAN_CSV0000000000004766.csv
CAN_CSV0000000000000732.csv,CAN_CSV0000000000000633.csv
CAN_CSV0000000000000732.csv,CAN_CSV0000000000012682.csv
CAN_CSV0000000000000732.csv,CAN_CSV0000000000027219.csv
CAN_CSV0000000000000732.csv,CAN_CSV0000000000000608.csv
CAN_CSV0000000000000732.csv,CAN_CSV0000000000000703.csv
CAN_CSV0000000000000732.csv,CAN_CSV0000000000012833.csv
CAN_CSV0000000000000732.csv,CAN_CSV0000000000000725.csv
CAN_CSV0000000000000732.csv,CAN_CSV0000000000015551.csv
CAN_CSV0000000000000732.csv,CAN_CSV0000000000001226.csv
CAN_CSV0000000000000732.csv,CAN_CSV0000000000012709.csv
CAN_CSV0000000000000732.csv,CAN_CSV0000000000001114.csv
CAN_CSV0000000000000732.csv,CAN_CSV0000000000000701.csv
CAN_CSV0000000000000732.csv,CAN_CSV0000000000002418.csv
CAN_CSV0000000000000732.csv,CAN_CSV0000000000013489.csv
CAN_CSV0000000000000732.csv,CAN_CSV0000000000005274.csv
CAN_CSV0000000000000732.csv,CAN_CSV0000000000000775.csv
CAN_CSV0000000000000732.csv,CAN_CSV0000000000012765.csv
CAN_CSV0000000000000732.csv,CAN_CSV0000000000000632.csv
CAN_CSV0000000000000732.csv,CAN_CSV0000000000005391.csv
CAN_CSV0000000000000732.csv,CAN_CSV0000000000012651.csv
CAN_CSV0000000000000732.csv,CAN_CSV0000000000000959.csv
CAN_CSV0000000000000732.csv,CAN_CSV0000000000005376.csv
CAN_CSV0000000000000732.csv,CAN_CSV0000000000007077.csv
CAN_CSV0000000000000732.csv,CAN_CSV0000000000005369.csv
CAN_CSV0000000000000732.csv,CAN_CSV0000000000005205.csv
CAN_CSV0000000000000732.csv,CAN_CSV0000000000005227.csv
CAN_CSV0000000000000732.csv,CAN_CSV0000000000000735.csv
CAN_CSV0000000000000732.csv,CAN_CSV0000000000001000.csv
CAN_CSV0000000000000732.csv,CAN_CSV0000000000015560.csv
CAN_CSV0000000000000732.csv,CAN_CSV0000000000004703.csv
CAN_CSV0000000000000732.csv,CAN_CSV0000000000013602.csv
CAN_CSV0000000000000732.csv,CAN_CSV0000000000012987.csv
CAN_CSV0000000000000732.csv,CAN_CSV0000000000005009.csv
CAN_CSV0000000000000732.csv,CAN_CSV0000000000000960.csv
CAN_CSV0000000000000732.csv,CAN_CSV0000000000005103.csv
CAN_CSV0000000000000732.csv,CAN_CSV0000000000014315.csv
CAN_CSV0000000000000732.csv,CAN_CSV0000000000012887.csv
CAN_CSV0000000000000732.csv,CAN_CSV0000000000005128.csv
CAN_CSV0000000000000732.csv,CAN_CSV0000000000005368.csv
CAN_CSV0000000000000732.csv,CAN_CSV0000000000013001.csv
CAN_CSV0000000000000732.csv,CAN_CSV0000000000002292.csv
CAN_CSV0000000000000732.csv,CAN_CSV0000000000007076.csv
CAN_CSV0000000000000732.csv,CAN_CSV0000000000007064.csv
CAN_CSV0000000000000732.csv,CAN_CSV0000000000012952.csv
CAN_CSV0000000000000732.csv,CAN_CSV0000000000005241.csv
CAN_CSV0000000000000732.csv,CAN_CSV0000000000000958.csv
CAN_CSV0000000000000732.csv,CAN_CSV0000000000000719.csv
CAN_CSV0000000000000732.csv,CAN_CSV0000000000013513.csv
CAN_CSV0000000000000732.csv,CAN_CSV0000000000000727.csv
CAN_CSV0000000000000732.csv,CAN_CSV0000000000012961.csv
CAN_CSV0000000000000732.csv,CAN_CSV0000000000013603.csv
CAN_CSV0000000000000732.csv,CAN_CSV0000000000013782.csv
CAN_CSV0000000000000732.csv,CAN_CSV0000000000000965.csv
CAN_CSV0000000000000732.csv,CAN_CSV0000000000012766.csv
CAN_CSV0000000000000732.csv,CAN_CSV0000000000000610.csv
CAN_CSV0000000000000732.csv,CAN_CSV0000000000001023.csv
CAN_CSV0000000000000732.csv,CAN_CSV0000000000001116.csv
CAN_CSV0000000000000732.csv,CAN_CSV0000000000000702.csv
CAN_CSV0000000000000732.csv,CAN_CSV0000000000012779.csv
CAN_CSV0000000000000732.csv,CAN_CSV0000000000012859.csv
CAN_CSV0000000000000732.csv,CAN_CSV0000000000013701.csv
CAN_CSV0000000000000732.csv,CAN_CSV0000000000000997.csv
CAN_CSV0000000000000732.csv,CAN_CSV0000000000000753.csv
CAN_CSV0000000000000732.csv,CAN_CSV0000000000012845.csv
CAN_CSV0000000000000732.csv,CAN_CSV0000000000013484.csv
CAN_CSV0000000000000732.csv,CAN_CSV0000000000013497.csv
CAN_CSV0000000000000758.csv,CAN_CSV0000000000013001.csv
CAN_CSV0000000000000758.csv,CAN_CSV0000000000000750.csv
CAN_CSV0000000000000758.csv,CAN_CSV0000000000005416.csv
CAN_CSV0000000000000758.csv,CAN_CSV0000000000000448.csv
CAN_CSV0000000000000758.csv,CAN_CSV0000000000002292.csv
CAN_CSV0000000000000758.csv,CAN_CSV0000000000027218.csv
CAN_CSV0000000000000758.csv,CAN_CSV0000000000005832.csv
CAN_CSV0000000000000758.csv,CAN_CSV0000000000000757.csv
CAN_CSV0000000000000758.csv,CAN_CSV0000000000005391.csv
CAN_CSV0000000000000758.csv,CAN_CSV0000000000012952.csv
CAN_CSV0000000000000758.csv,CAN_CSV0000000000027217.csv
CAN_CSV0000000000000758.csv,CAN_CSV0000000000005264.csv
CAN_CSV0000000000000758.csv,CAN_CSV0000000000013199.csv
CAN_CSV0000000000000758.csv,CAN_CSV0000000000013514.csv
CAN_CSV0000000000000758.csv,CAN_CSV0000000000013702.csv
CAN_CSV0000000000000758.csv,CAN_CSV0000000000000676.csv
CAN_CSV0000000000000758.csv,CAN_CSV0000000000004766.csv
CAN_CSV0000000000000758.csv,CAN_CSV0000000000000719.csv
CAN_CSV0000000000000758.csv,CAN_CSV0000000000013518.csv
CAN_CSV0000000000000758.csv,CAN_CSV0000000000002181.csv
CAN_CSV0000000000000758.csv,CAN_CSV0000000000005205.csv
CAN_CSV0000000000000758.csv,CAN_CSV0000000000005227.csv
CAN_CSV0000000000000758.csv,CAN_CSV0000000000000735.csv
CAN_CSV0000000000000758.csv,CAN_CSV0000000000013513.csv
CAN_CSV0000000000000758.csv,CAN_CSV0000000000000683.csv
CAN_CSV0000000000000758.csv,CAN_CSV0000000000027281.csv
CAN_CSV0000000000000758.csv,CAN_CSV0000000000027219.csv
CAN_CSV0000000000000758.csv,CAN_CSV0000000000027266.csv
CAN_CSV0000000000000758.csv,CAN_CSV0000000000027280.csv
CAN_CSV0000000000000758.csv,CAN_CSV0000000000005325.csv
CAN_CSV0000000000000758.csv,CAN_CSV0000000000013603.csv
CAN_CSV0000000000000758.csv,CAN_CSV0000000000000608.csv
CAN_CSV0000000000000758.csv,CAN_CSV0000000000000675.csv
CAN_CSV0000000000000758.csv,CAN_CSV0000000000013782.csv
CAN_CSV0000000000000758.csv,CAN_CSV0000000000015560.csv
CAN_CSV0000000000000758.csv,CAN_CSV0000000000005265.csv
CAN_CSV0000000000000758.csv,CAN_CSV0000000000000610.csv
CAN_CSV0000000000000758.csv,CAN_CSV0000000000001116.csv
CAN_CSV0000000000000758.csv,CAN_CSV0000000000004703.csv
CAN_CSV0000000000000758.csv,CAN_CSV0000000000015551.csv
CAN_CSV0000000000000758.csv,CAN_CSV0000000000015570.csv
CAN_CSV0000000000000758.csv,CAN_CSV0000000000001226.csv
CAN_CSV0000000000000758.csv,CAN_CSV0000000000013602.csv
CAN_CSV0000000000000758.csv,CAN_CSV0000000000005128.csv
CAN_CSV0000000000000758.csv,CAN_CSV0000000000000679.csv
CAN_CSV0000000000000758.csv,CAN_CSV0000000000000634.csv
CAN_CSV0000000000000758.csv,CAN_CSV0000000000001114.csv
CAN_CSV0000000000000758.csv,CAN_CSV0000000000012980.csv
CAN_CSV0000000000000758.csv,CAN_CSV0000000000027282.csv
CAN_CSV0000000000000758.csv,CAN_CSV0000000000005009.csv
CAN_CSV0000000000000758.csv,CAN_CSV0000000000000689.csv
CAN_CSV0000000000000758.csv,CAN_CSV0000000000013701.csv
CAN_CSV0000000000000758.csv,CAN_CSV0000000000012845.csv
CAN_CSV0000000000000758.csv,CAN_CSV0000000000000744.csv
CAN_CSV0000000000000758.csv,CAN_CSV0000000000013484.csv
CAN_CSV0000000000000758.csv,CAN_CSV0000000000013497.csv
CAN_CSV0000000000000758.csv,CAN_CSV0000000000000692.csv
CAN_CSV0000000000000758.csv,CAN_CSV0000000000005418.csv
CAN_CSV0000000000000758.csv,CAN_CSV0000000000005103.csv
CAN_CSV0000000000000758.csv,CAN_CSV0000000000014315.csv
CAN_CSV0000000000000758.csv,CAN_CSV0000000000000747.csv
CAN_CSV0000000000000758.csv,CAN_CSV0000000000013510.csv
CAN_CSV0000000000000758.csv,CAN_CSV0000000000013036.csv
CAN_CSV0000000000000758.csv,CAN_CSV0000000000013489.csv
CAN_CSV0000000000000758.csv,CAN_CSV0000000000027228.csv
CAN_CSV0000000000000758.csv,CAN_CSV0000000000005379.csv
CAN_CSV0000000000000759.csv,CAN_CSV0000000000005320.csv
CAN_CSV0000000000000759.csv,CAN_CSV0000000000000687.csv
CAN_CSV0000000000000759.csv,CAN_CSV0000000000000685.csv
CAN_CSV0000000000000759.csv,CAN_CSV0000000000005297.csv
CAN_CSV0000000000000759.csv,CAN_CSV0000000000027103.csv
CAN_CSV0000000000000759.csv,CAN_CSV0000000000005322.csv
CAN_CSV0000000000000759.csv,CAN_CSV0000000000005307.csv
CAN_CSV0000000000000759.csv,CAN_CSV0000000000000678.csv
CAN_CSV0000000000000759.csv,CAN_CSV0000000000005348.csv
CAN_CSV0000000000000759.csv,CAN_CSV0000000000005300.csv
CAN_CSV0000000000000759.csv,CAN_CSV0000000000000698.csv
CAN_CSV0000000000000759.csv,CAN_CSV0000000000000644.csv
CAN_CSV0000000000000772.csv,CAN_CSV0000000000012924.csv
CAN_CSV0000000000000772.csv,CAN_CSV0000000000013001.csv
CAN_CSV0000000000000772.csv,CAN_CSV0000000000013599.csv
CAN_CSV0000000000000772.csv,CAN_CSV0000000000012922.csv
CAN_CSV0000000000000772.csv,CAN_CSV0000000000002292.csv
CAN_CSV0000000000000772.csv,CAN_CSV0000000000027218.csv
CAN_CSV0000000000000772.csv,CAN_CSV0000000000005899.csv
CAN_CSV0000000000000772.csv,CAN_CSV0000000000005832.csv
CAN_CSV0000000000000772.csv,CAN_CSV0000000000005391.csv
CAN_CSV0000000000000772.csv,CAN_CSV0000000000000847.csv
CAN_CSV0000000000000772.csv,CAN_CSV0000000000012952.csv
CAN_CSV0000000000000772.csv,CAN_CSV0000000000027217.csv
CAN_CSV0000000000000772.csv,CAN_CSV0000000000005264.csv
CAN_CSV0000000000000772.csv,CAN_CSV0000000000013199.csv
CAN_CSV0000000000000772.csv,CAN_CSV0000000000012926.csv
CAN_CSV0000000000000772.csv,CAN_CSV0000000000012928.csv
CAN_CSV0000000000000772.csv,CAN_CSV0000000000013514.csv
CAN_CSV0000000000000772.csv,CAN_CSV0000000000013702.csv
CAN_CSV0000000000000772.csv,CAN_CSV0000000000000917.csv
CAN_CSV0000000000000772.csv,CAN_CSV0000000000004766.csv
CAN_CSV0000000000000772.csv,CAN_CSV0000000000000719.csv
CAN_CSV0000000000000772.csv,CAN_CSV0000000000002171.csv
CAN_CSV0000000000000772.csv,CAN_CSV0000000000013518.csv
CAN_CSV0000000000000772.csv,CAN_CSV0000000000002181.csv
CAN_CSV0000000000000772.csv,CAN_CSV0000000000005205.csv
CAN_CSV0000000000000772.csv,CAN_CSV0000000000005227.csv
CAN_CSV0000000000000772.csv,CAN_CSV0000000000000735.csv
CAN_CSV0000000000000772.csv,CAN_CSV0000000000013513.csv
CAN_CSV0000000000000772.csv,CAN_CSV0000000000012927.csv
CAN_CSV0000000000000772.csv,CAN_CSV0000000000005898.csv
CAN_CSV0000000000000772.csv,CAN_CSV0000000000005871.csv
CAN_CSV0000000000000772.csv,CAN_CSV0000000000027219.csv
CAN_CSV0000000000000772.csv,CAN_CSV0000000000000608.csv
CAN_CSV0000000000000772.csv,CAN_CSV0000000000012929.csv
CAN_CSV0000000000000772.csv,CAN_CSV0000000000013603.csv
CAN_CSV0000000000000772.csv,CAN_CSV0000000000001028.csv
CAN_CSV0000000000000772.csv,CAN_CSV0000000000013782.csv
CAN_CSV0000000000000772.csv,CAN_CSV0000000000012930.csv
CAN_CSV0000000000000772.csv,CAN_CSV0000000000015560.csv
CAN_CSV0000000000000772.csv,CAN_CSV0000000000001032.csv
CAN_CSV0000000000000772.csv,CAN_CSV0000000000005265.csv
CAN_CSV0000000000000772.csv,CAN_CSV0000000000000846.csv
CAN_CSV0000000000000772.csv,CAN_CSV0000000000000843.csv
CAN_CSV0000000000000772.csv,CAN_CSV0000000000012923.csv
CAN_CSV0000000000000772.csv,CAN_CSV0000000000005902.csv
CAN_CSV0000000000000772.csv,CAN_CSV0000000000001116.csv
CAN_CSV0000000000000772.csv,CAN_CSV0000000000000610.csv
CAN_CSV0000000000000772.csv,CAN_CSV0000000000004703.csv
CAN_CSV0000000000000772.csv,CAN_CSV0000000000015551.csv
CAN_CSV0000000000000772.csv,CAN_CSV0000000000015570.csv
CAN_CSV0000000000000772.csv,CAN_CSV0000000000012921.csv
CAN_CSV0000000000000772.csv,CAN_CSV0000000000013602.csv
CAN_CSV0000000000000772.csv,CAN_CSV0000000000001138.csv
CAN_CSV0000000000000772.csv,CAN_CSV0000000000001226.csv
CAN_CSV0000000000000772.csv,CAN_CSV0000000000005128.csv
CAN_CSV0000000000000772.csv,CAN_CSV0000000000005927.csv
CAN_CSV0000000000000772.csv,CAN_CSV0000000000001114.csv
CAN_CSV0000000000000772.csv,CAN_CSV0000000000012980.csv
CAN_CSV0000000000000772.csv,CAN_CSV0000000000015479.csv
CAN_CSV0000000000000772.csv,CAN_CSV0000000000005009.csv
CAN_CSV0000000000000772.csv,CAN_CSV0000000000013701.csv
CAN_CSV0000000000000772.csv,CAN_CSV0000000000012845.csv
CAN_CSV0000000000000772.csv,CAN_CSV0000000000013484.csv
CAN_CSV0000000000000772.csv,CAN_CSV0000000000012925.csv
CAN_CSV0000000000000772.csv,CAN_CSV0000000000013497.csv
CAN_CSV0000000000000772.csv,CAN_CSV0000000000001137.csv
CAN_CSV0000000000000772.csv,CAN_CSV0000000000005103.csv
CAN_CSV0000000000000772.csv,CAN_CSV0000000000014315.csv
CAN_CSV0000000000000772.csv,CAN_CSV0000000000013510.csv
CAN_CSV0000000000000772.csv,CAN_CSV0000000000013036.csv
CAN_CSV0000000000000772.csv,CAN_CSV0000000000013489.csv
CAN_CSV0000000000000772.csv,CAN_CSV0000000000027228.csv
CAN_CSV0000000000000772.csv,CAN_CSV0000000000005379.csv
CAN_CSV0000000000000772.csv,CAN_CSV0000000000001025.csv
CAN_CSV0000000000000773.csv,CAN_CSV0000000000005320.csv
CAN_CSV0000000000000773.csv,CAN_CSV0000000000000687.csv
CAN_CSV0000000000000773.csv,CAN_CSV0000000000000685.csv
CAN_CSV0000000000000773.csv,CAN_CSV0000000000027103.csv
CAN_CSV0000000000000773.csv,CAN_CSV0000000000005297.csv
CAN_CSV0000000000000773.csv,CAN_CSV0000000000005322.csv
CAN_CSV0000000000000773.csv,CAN_CSV0000000000005307.csv
CAN_CSV0000000000000773.csv,CAN_CSV0000000000000678.csv
CAN_CSV0000000000000773.csv,CAN_CSV0000000000005348.csv
CAN_CSV0000000000000773.csv,CAN_CSV0000000000005300.csv
CAN_CSV0000000000000773.csv,CAN_CSV0000000000000698.csv
CAN_CSV0000000000000773.csv,CAN_CSV0000000000000644.csv
CAN_CSV0000000000000822.csv,CAN_CSV0000000000027218.csv
CAN_CSV0000000000000822.csv,CAN_CSV0000000000005832.csv
CAN_CSV0000000000000822.csv,CAN_CSV0000000000013199.csv
CAN_CSV0000000000000822.csv,CAN_CSV0000000000005741.csv
CAN_CSV0000000000000822.csv,CAN_CSV0000000000005757.csv
CAN_CSV0000000000000822.csv,CAN_CSV0000000000005798.csv
CAN_CSV0000000000000822.csv,CAN_CSV0000000000000973.csv
CAN_CSV0000000000000822.csv,CAN_CSV0000000000013518.csv
CAN_CSV0000000000000822.csv,CAN_CSV0000000000005743.csv
CAN_CSV0000000000000822.csv,CAN_CSV0000000000002181.csv
CAN_CSV0000000000000822.csv,CAN_CSV0000000000000828.csv
CAN_CSV0000000000000822.csv,CAN_CSV0000000000001174.csv
CAN_CSV0000000000000822.csv,CAN_CSV0000000000005265.csv
CAN_CSV0000000000000822.csv,CAN_CSV0000000000000830.csv
CAN_CSV0000000000000822.csv,CAN_CSV0000000000000823.csv
CAN_CSV0000000000000822.csv,CAN_CSV0000000000001152.csv
CAN_CSV0000000000000822.csv,CAN_CSV0000000000015570.csv
CAN_CSV0000000000000822.csv,CAN_CSV0000000000012980.csv
CAN_CSV0000000000000822.csv,CAN_CSV0000000000000827.csv
CAN_CSV0000000000000822.csv,CAN_CSV0000000000013510.csv
CAN_CSV0000000000000822.csv,CAN_CSV0000000000013036.csv
CAN_CSV0000000000000822.csv,CAN_CSV0000000000027228.csv
CAN_CSV0000000000000822.csv,CAN_CSV0000000000005379.csv
CAN_CSV0000000000000822.csv,CAN_CSV0000000000000825.csv
CAN_CSV0000000000000822.csv,CAN_CSV0000000000027217.csv
CAN_CSV0000000000000822.csv,CAN_CSV0000000000005264.csv
CAN_CSV0000000000000822.csv,CAN_CSV0000000000013514.csv
CAN_CSV0000000000000822.csv,CAN_CSV0000000000013702.csv
CAN_CSV0000000000000822.csv,CAN_CSV0000000000000971.csv
CAN_CSV0000000000000822.csv,CAN_CSV0000000000005768.csv
CAN_CSV0000000000000822.csv,CAN_CSV0000000000004766.csv
CAN_CSV0000000000000822.csv,CAN_CSV0000000000013725.csv
CAN_CSV0000000000000822.csv,CAN_CSV0000000000005744.csv
CAN_CSV0000000000000822.csv,CAN_CSV0000000000027219.csv
CAN_CSV0000000000000822.csv,CAN_CSV0000000000000608.csv
CAN_CSV0000000000000822.csv,CAN_CSV0000000000013397.csv
CAN_CSV0000000000000822.csv,CAN_CSV0000000000000820.csv
CAN_CSV0000000000000822.csv,CAN_CSV0000000000015551.csv
CAN_CSV0000000000000822.csv,CAN_CSV0000000000001226.csv
CAN_CSV0000000000000822.csv,CAN_CSV0000000000005767.csv
CAN_CSV0000000000000822.csv,CAN_CSV0000000000001114.csv
CAN_CSV0000000000000822.csv,CAN_CSV0000000000005740.csv
CAN_CSV0000000000000822.csv,CAN_CSV0000000000013489.csv
CAN_CSV0000000000000822.csv,CAN_CSV0000000000005391.csv
CAN_CSV0000000000000822.csv,CAN_CSV0000000000005816.csv
CAN_CSV0000000000000822.csv,CAN_CSV0000000000012602.csv
CAN_CSV0000000000000822.csv,CAN_CSV0000000000005227.csv
CAN_CSV0000000000000822.csv,CAN_CSV0000000000005205.csv
CAN_CSV0000000000000822.csv,CAN_CSV0000000000000735.csv
CAN_CSV0000000000000822.csv,CAN_CSV0000000000014274.csv
CAN_CSV0000000000000822.csv,CAN_CSV0000000000013720.csv
CAN_CSV0000000000000822.csv,CAN_CSV0000000000015560.csv
CAN_CSV0000000000000822.csv,CAN_CSV0000000000004703.csv
CAN_CSV0000000000000822.csv,CAN_CSV0000000000013897.csv
CAN_CSV0000000000000822.csv,CAN_CSV0000000000013602.csv
CAN_CSV0000000000000822.csv,CAN_CSV0000000000005009.csv
CAN_CSV0000000000000822.csv,CAN_CSV0000000000005103.csv
CAN_CSV0000000000000822.csv,CAN_CSV0000000000014315.csv
CAN_CSV0000000000000822.csv,CAN_CSV0000000000005787.csv
CAN_CSV0000000000000822.csv,CAN_CSV0000000000005128.csv
CAN_CSV0000000000000822.csv,CAN_CSV0000000000013001.csv
CAN_CSV0000000000000822.csv,CAN_CSV0000000000002292.csv
CAN_CSV0000000000000822.csv,CAN_CSV0000000000012952.csv
CAN_CSV0000000000000822.csv,CAN_CSV0000000000007060.csv
CAN_CSV0000000000000822.csv,CAN_CSV0000000000000719.csv
CAN_CSV0000000000000822.csv,CAN_CSV0000000000000953.csv
CAN_CSV0000000000000822.csv,CAN_CSV0000000000013513.csv
CAN_CSV0000000000000822.csv,CAN_CSV0000000000001151.csv
CAN_CSV0000000000000822.csv,CAN_CSV0000000000013603.csv
CAN_CSV0000000000000822.csv,CAN_CSV0000000000013782.csv
CAN_CSV0000000000000822.csv,CAN_CSV0000000000000610.csv
CAN_CSV0000000000000822.csv,CAN_CSV0000000000001116.csv
CAN_CSV0000000000000822.csv,CAN_CSV0000000000005745.csv
CAN_CSV0000000000000822.csv,CAN_CSV0000000000013701.csv
CAN_CSV0000000000000822.csv,CAN_CSV0000000000012845.csv
CAN_CSV0000000000000822.csv,CAN_CSV0000000000013484.csv
CAN_CSV0000000000000822.csv,CAN_CSV0000000000013497.csv
CAN_CSV0000000000000822.csv,CAN_CSV0000000000000832.csv
CAN_CSV0000000000000831.csv,CAN_CSV0000000000027218.csv
CAN_CSV0000000000000831.csv,CAN_CSV0000000000005832.csv
CAN_CSV0000000000000831.csv,CAN_CSV0000000000005859.csv
CAN_CSV0000000000000831.csv,CAN_CSV0000000000013199.csv
CAN_CSV0000000000000831.csv,CAN_CSV0000000000005741.csv
CAN_CSV0000000000000831.csv,CAN_CSV0000000000005757.csv
CAN_CSV0000000000000831.csv,CAN_CSV0000000000005798.csv
CAN_CSV0000000000000831.csv,CAN_CSV0000000000000973.csv
CAN_CSV0000000000000831.csv,CAN_CSV0000000000013518.csv
CAN_CSV0000000000000831.csv,CAN_CSV0000000000005743.csv
CAN_CSV0000000000000831.csv,CAN_CSV0000000000002181.csv
CAN_CSV0000000000000831.csv,CAN_CSV0000000000000822.csv
CAN_CSV0000000000000831.csv,CAN_CSV0000000000000828.csv
CAN_CSV0000000000000831.csv,CAN_CSV0000000000005662.csv
CAN_CSV0000000000000831.csv,CAN_CSV0000000000001174.csv
CAN_CSV0000000000000831.csv,CAN_CSV0000000000005265.csv
CAN_CSV0000000000000831.csv,CAN_CSV0000000000000830.csv
CAN_CSV0000000000000831.csv,CAN_CSV0000000000000823.csv
CAN_CSV0000000000000831.csv,CAN_CSV0000000000001152.csv
CAN_CSV0000000000000831.csv,CAN_CSV0000000000015570.csv
CAN_CSV0000000000000831.csv,CAN_CSV0000000000012980.csv
CAN_CSV0000000000000831.csv,CAN_CSV0000000000013510.csv
CAN_CSV0000000000000831.csv,CAN_CSV0000000000013036.csv
CAN_CSV0000000000000831.csv,CAN_CSV0000000000027228.csv
CAN_CSV0000000000000831.csv,CAN_CSV0000000000005379.csv
CAN_CSV0000000000000831.csv,CAN_CSV0000000000000825.csv
CAN_CSV0000000000000831.csv,CAN_CSV0000000000027155.csv
CAN_CSV0000000000000831.csv,CAN_CSV0000000000027217.csv
CAN_CSV0000000000000831.csv,CAN_CSV0000000000005264.csv
CAN_CSV0000000000000831.csv,CAN_CSV0000000000013514.csv
CAN_CSV0000000000000831.csv,CAN_CSV0000000000013702.csv
CAN_CSV0000000000000831.csv,CAN_CSV0000000000000971.csv
CAN_CSV0000000000000831.csv,CAN_CSV0000000000005768.csv
CAN_CSV0000000000000831.csv,CAN_CSV0000000000004766.csv
CAN_CSV0000000000000831.csv,CAN_CSV0000000000013725.csv
CAN_CSV0000000000000831.csv,CAN_CSV0000000000005744.csv
CAN_CSV0000000000000831.csv,CAN_CSV0000000000027219.csv
CAN_CSV0000000000000831.csv,CAN_CSV0000000000000608.csv
CAN_CSV0000000000000831.csv,CAN_CSV0000000000013397.csv
CAN_CSV0000000000000831.csv,CAN_CSV0000000000000820.csv
CAN_CSV0000000000000831.csv,CAN_CSV0000000000015551.csv
CAN_CSV0000000000000831.csv,CAN_CSV0000000000001226.csv
CAN_CSV0000000000000831.csv,CAN_CSV0000000000001114.csv
CAN_CSV0000000000000831.csv,CAN_CSV0000000000005854.csv
CAN_CSV0000000000000831.csv,CAN_CSV0000000000005775.csv
CAN_CSV0000000000000831.csv,CAN_CSV0000000000027122.csv
CAN_CSV0000000000000831.csv,CAN_CSV0000000000013489.csv
CAN_CSV0000000000000831.csv,CAN_CSV0000000000005391.csv
CAN_CSV0000000000000831.csv,CAN_CSV0000000000005816.csv
CAN_CSV0000000000000831.csv,CAN_CSV0000000000012602.csv
CAN_CSV0000000000000831.csv,CAN_CSV0000000000005227.csv
CAN_CSV0000000000000831.csv,CAN_CSV0000000000005205.csv
CAN_CSV0000000000000831.csv,CAN_CSV0000000000000735.csv
CAN_CSV0000000000000831.csv,CAN_CSV0000000000014274.csv
CAN_CSV0000000000000831.csv,CAN_CSV0000000000027158.csv
CAN_CSV0000000000000831.csv,CAN_CSV0000000000013720.csv
CAN_CSV0000000000000831.csv,CAN_CSV0000000000015560.csv
CAN_CSV0000000000000831.csv,CAN_CSV0000000000004703.csv
CAN_CSV0000000000000831.csv,CAN_CSV0000000000013897.csv
CAN_CSV0000000000000831.csv,CAN_CSV0000000000013602.csv
CAN_CSV0000000000000831.csv,CAN_CSV0000000000005009.csv
CAN_CSV0000000000000831.csv,CAN_CSV0000000000000819.csv
CAN_CSV0000000000000831.csv,CAN_CSV0000000000005659.csv
CAN_CSV0000000000000831.csv,CAN_CSV0000000000000824.csv
CAN_CSV0000000000000831.csv,CAN_CSV0000000000027159.csv
CAN_CSV0000000000000831.csv,CAN_CSV0000000000005103.csv
CAN_CSV0000000000000831.csv,CAN_CSV0000000000014315.csv
CAN_CSV0000000000000831.csv,CAN_CSV0000000000005128.csv
CAN_CSV0000000000000831.csv,CAN_CSV0000000000013001.csv
CAN_CSV0000000000000831.csv,CAN_CSV0000000000002292.csv
CAN_CSV0000000000000831.csv,CAN_CSV0000000000005855.csv
CAN_CSV0000000000000831.csv,CAN_CSV0000000000012952.csv
CAN_CSV0000000000000831.csv,CAN_CSV0000000000005484.csv
CAN_CSV0000000000000831.csv,CAN_CSV0000000000007060.csv
CAN_CSV0000000000000831.csv,CAN_CSV0000000000000719.csv
CAN_CSV0000000000000831.csv,CAN_CSV0000000000000953.csv
CAN_CSV0000000000000831.csv,CAN_CSV0000000000013513.csv
CAN_CSV0000000000000831.csv,CAN_CSV0000000000000837.csv
CAN_CSV0000000000000831.csv,CAN_CSV0000000000001151.csv
CAN_CSV0000000000000831.csv,CAN_CSV0000000000013603.csv
CAN_CSV0000000000000831.csv,CAN_CSV0000000000013782.csv
CAN_CSV0000000000000831.csv,CAN_CSV0000000000000610.csv
CAN_CSV0000000000000831.csv,CAN_CSV0000000000001116.csv
CAN_CSV0000000000000831.csv,CAN_CSV0000000000005817.csv
CAN_CSV0000000000000831.csv,CAN_CSV0000000000027157.csv
CAN_CSV0000000000000831.csv,CAN_CSV0000000000013701.csv
CAN_CSV0000000000000831.csv,CAN_CSV0000000000012845.csv
CAN_CSV0000000000000831.csv,CAN_CSV0000000000013484.csv
CAN_CSV0000000000000831.csv,CAN_CSV0000000000013497.csv
CAN_CSV0000000000000831.csv,CAN_CSV0000000000000832.csv
CAN_CSV0000000000000841.csv,CAN_CSV0000000000005320.csv
CAN_CSV0000000000000841.csv,CAN_CSV0000000000000687.csv
CAN_CSV0000000000000841.csv,CAN_CSV0000000000000685.csv
CAN_CSV0000000000000841.csv,CAN_CSV0000000000005297.csv
CAN_CSV0000000000000841.csv,CAN_CSV0000000000027103.csv
CAN_CSV0000000000000841.csv,CAN_CSV0000000000005322.csv
CAN_CSV0000000000000841.csv,CAN_CSV0000000000000678.csv
CAN_CSV0000000000000841.csv,CAN_CSV0000000000005307.csv
CAN_CSV0000000000000841.csv,CAN_CSV0000000000005348.csv
CAN_CSV0000000000000841.csv,CAN_CSV0000000000005300.csv
CAN_CSV0000000000000841.csv,CAN_CSV0000000000000698.csv
CAN_CSV0000000000000841.csv,CAN_CSV0000000000000644.csv
CAN_CSV0000000000000843.csv,CAN_CSV0000000000005320.csv
CAN_CSV0000000000000843.csv,CAN_CSV0000000000000687.csv
CAN_CSV0000000000000843.csv,CAN_CSV0000000000000685.csv
CAN_CSV0000000000000843.csv,CAN_CSV0000000000005297.csv
CAN_CSV0000000000000843.csv,CAN_CSV0000000000027103.csv
CAN_CSV0000000000000843.csv,CAN_CSV0000000000005322.csv
CAN_CSV0000000000000843.csv,CAN_CSV0000000000000678.csv
CAN_CSV0000000000000843.csv,CAN_CSV0000000000005307.csv
CAN_CSV0000000000000843.csv,CAN_CSV0000000000005348.csv
CAN_CSV0000000000000843.csv,CAN_CSV0000000000005300.csv
CAN_CSV0000000000000843.csv,CAN_CSV0000000000000698.csv
CAN_CSV0000000000000843.csv,CAN_CSV0000000000000644.csv
CAN_CSV0000000000000848.csv,CAN_CSV0000000000005320.csv
CAN_CSV0000000000000848.csv,CAN_CSV0000000000000687.csv
CAN_CSV0000000000000848.csv,CAN_CSV0000000000000685.csv
CAN_CSV0000000000000848.csv,CAN_CSV0000000000005297.csv
CAN_CSV0000000000000848.csv,CAN_CSV0000000000027103.csv
CAN_CSV0000000000000848.csv,CAN_CSV0000000000005322.csv
CAN_CSV0000000000000848.csv,CAN_CSV0000000000005307.csv
CAN_CSV0000000000000848.csv,CAN_CSV0000000000000678.csv
CAN_CSV0000000000000848.csv,CAN_CSV0000000000005348.csv
CAN_CSV0000000000000848.csv,CAN_CSV0000000000005300.csv
CAN_CSV0000000000000848.csv,CAN_CSV0000000000000698.csv
CAN_CSV0000000000000848.csv,CAN_CSV0000000000000644.csv
CAN_CSV0000000000000886.csv,CAN_CSV0000000000005320.csv
CAN_CSV0000000000000886.csv,CAN_CSV0000000000000687.csv
CAN_CSV0000000000000886.csv,CAN_CSV0000000000000685.csv
CAN_CSV0000000000000886.csv,CAN_CSV0000000000005297.csv
CAN_CSV0000000000000886.csv,CAN_CSV0000000000027103.csv
CAN_CSV0000000000000886.csv,CAN_CSV0000000000005322.csv
CAN_CSV0000000000000886.csv,CAN_CSV0000000000000678.csv
CAN_CSV0000000000000886.csv,CAN_CSV0000000000005307.csv
CAN_CSV0000000000000886.csv,CAN_CSV0000000000005348.csv
CAN_CSV0000000000000886.csv,CAN_CSV0000000000005300.csv
CAN_CSV0000000000000886.csv,CAN_CSV0000000000000698.csv
CAN_CSV0000000000000886.csv,CAN_CSV0000000000000644.csv
CAN_CSV0000000000000893.csv,CAN_CSV0000000000006840.csv
CAN_CSV0000000000000893.csv,CAN_CSV0000000000013001.csv
CAN_CSV0000000000000893.csv,CAN_CSV0000000000002292.csv
CAN_CSV0000000000000893.csv,CAN_CSV0000000000027218.csv
CAN_CSV0000000000000893.csv,CAN_CSV0000000000005832.csv
CAN_CSV0000000000000893.csv,CAN_CSV0000000000005391.csv
CAN_CSV0000000000000893.csv,CAN_CSV0000000000012952.csv
CAN_CSV0000000000000893.csv,CAN_CSV0000000000027217.csv
CAN_CSV0000000000000893.csv,CAN_CSV0000000000005264.csv
CAN_CSV0000000000000893.csv,CAN_CSV0000000000013199.csv
CAN_CSV0000000000000893.csv,CAN_CSV0000000000013514.csv
CAN_CSV0000000000000893.csv,CAN_CSV0000000000013702.csv
CAN_CSV0000000000000893.csv,CAN_CSV0000000000006776.csv
CAN_CSV0000000000000893.csv,CAN_CSV0000000000004766.csv
CAN_CSV0000000000000893.csv,CAN_CSV0000000000000719.csv
CAN_CSV0000000000000893.csv,CAN_CSV0000000000013518.csv
CAN_CSV0000000000000893.csv,CAN_CSV0000000000002181.csv
CAN_CSV0000000000000893.csv,CAN_CSV0000000000005205.csv
CAN_CSV0000000000000893.csv,CAN_CSV0000000000005227.csv
CAN_CSV0000000000000893.csv,CAN_CSV0000000000000735.csv
CAN_CSV0000000000000893.csv,CAN_CSV0000000000013513.csv
CAN_CSV0000000000000893.csv,CAN_CSV0000000000027219.csv
CAN_CSV0000000000000893.csv,CAN_CSV0000000000013489.csv
CAN_CSV0000000000000893.csv,CAN_CSV0000000000000608.csv
CAN_CSV0000000000000893.csv,CAN_CSV0000000000006777.csv
CAN_CSV0000000000000893.csv,CAN_CSV0000000000013603.csv
CAN_CSV0000000000000893.csv,CAN_CSV0000000000013782.csv
CAN_CSV0000000000000893.csv,CAN_CSV0000000000015560.csv
CAN_CSV0000000000000893.csv,CAN_CSV0000000000005265.csv
CAN_CSV0000000000000893.csv,CAN_CSV0000000000000976.csv
CAN_CSV0000000000000893.csv,CAN_CSV0000000000000894.csv
CAN_CSV0000000000000893.csv,CAN_CSV0000000000000610.csv
CAN_CSV0000000000000893.csv,CAN_CSV0000000000001116.csv
CAN_CSV0000000000000893.csv,CAN_CSV0000000000004703.csv
CAN_CSV0000000000000893.csv,CAN_CSV0000000000015551.csv
CAN_CSV0000000000000893.csv,CAN_CSV0000000000015570.csv
CAN_CSV0000000000000893.csv,CAN_CSV0000000000001226.csv
CAN_CSV0000000000000893.csv,CAN_CSV0000000000013602.csv
CAN_CSV0000000000000893.csv,CAN_CSV0000000000005128.csv
CAN_CSV0000000000000893.csv,CAN_CSV0000000000001114.csv
CAN_CSV0000000000000893.csv,CAN_CSV0000000000012980.csv
CAN_CSV0000000000000893.csv,CAN_CSV0000000000006740.csv
CAN_CSV0000000000000893.csv,CAN_CSV0000000000006799.csv
CAN_CSV0000000000000893.csv,CAN_CSV0000000000006771.csv
CAN_CSV0000000000000893.csv,CAN_CSV0000000000000887.csv
CAN_CSV0000000000000893.csv,CAN_CSV0000000000005009.csv
CAN_CSV0000000000000893.csv,CAN_CSV0000000000013701.csv
CAN_CSV0000000000000893.csv,CAN_CSV0000000000012845.csv
CAN_CSV0000000000000893.csv,CAN_CSV0000000000013484.csv
CAN_CSV0000000000000893.csv,CAN_CSV0000000000013497.csv
CAN_CSV0000000000000893.csv,CAN_CSV0000000000005103.csv
CAN_CSV0000000000000893.csv,CAN_CSV0000000000014315.csv
CAN_CSV0000000000000893.csv,CAN_CSV0000000000000982.csv
CAN_CSV0000000000000893.csv,CAN_CSV0000000000000897.csv
CAN_CSV0000000000000893.csv,CAN_CSV0000000000000904.csv
CAN_CSV0000000000000893.csv,CAN_CSV0000000000013510.csv
CAN_CSV0000000000000893.csv,CAN_CSV0000000000013036.csv
CAN_CSV0000000000000893.csv,CAN_CSV0000000000000898.csv
CAN_CSV0000000000000893.csv,CAN_CSV0000000000027228.csv
CAN_CSV0000000000000893.csv,CAN_CSV0000000000005379.csv
CAN_CSV0000000000000893.csv,CAN_CSV0000000000006814.csv
CAN_CSV0000000000000893.csv,CAN_CSV0000000000000888.csv
CAN_CSV0000000000000903.csv,CAN_CSV0000000000005320.csv
CAN_CSV0000000000000903.csv,CAN_CSV0000000000000687.csv
CAN_CSV0000000000000903.csv,CAN_CSV0000000000000685.csv
CAN_CSV0000000000000903.csv,CAN_CSV0000000000005297.csv
CAN_CSV0000000000000903.csv,CAN_CSV0000000000027103.csv
CAN_CSV0000000000000903.csv,CAN_CSV0000000000005322.csv
CAN_CSV0000000000000903.csv,CAN_CSV0000000000005307.csv
CAN_CSV0000000000000903.csv,CAN_CSV0000000000000678.csv
CAN_CSV0000000000000903.csv,CAN_CSV0000000000005348.csv
CAN_CSV0000000000000903.csv,CAN_CSV0000000000005300.csv
CAN_CSV0000000000000903.csv,CAN_CSV0000000000000698.csv
CAN_CSV0000000000000903.csv,CAN_CSV0000000000000644.csv
CAN_CSV0000000000000904.csv,CAN_CSV0000000000005320.csv
CAN_CSV0000000000000904.csv,CAN_CSV0000000000000687.csv
CAN_CSV0000000000000904.csv,CAN_CSV0000000000000685.csv
CAN_CSV0000000000000904.csv,CAN_CSV0000000000005297.csv
CAN_CSV0000000000000904.csv,CAN_CSV0000000000027103.csv
CAN_CSV0000000000000904.csv,CAN_CSV0000000000005322.csv
CAN_CSV0000000000000904.csv,CAN_CSV0000000000005307.csv
CAN_CSV0000000000000904.csv,CAN_CSV0000000000000678.csv
CAN_CSV0000000000000904.csv,CAN_CSV0000000000005348.csv
CAN_CSV0000000000000904.csv,CAN_CSV0000000000005300.csv
CAN_CSV0000000000000904.csv,CAN_CSV0000000000000698.csv
CAN_CSV0000000000000904.csv,CAN_CSV0000000000000644.csv
CAN_CSV0000000000000905.csv,CAN_CSV0000000000005320.csv
CAN_CSV0000000000000905.csv,CAN_CSV0000000000000687.csv
CAN_CSV0000000000000905.csv,CAN_CSV0000000000000685.csv
CAN_CSV0000000000000905.csv,CAN_CSV0000000000005297.csv
CAN_CSV0000000000000905.csv,CAN_CSV0000000000027103.csv
CAN_CSV0000000000000905.csv,CAN_CSV0000000000005322.csv
CAN_CSV0000000000000905.csv,CAN_CSV0000000000005307.csv
CAN_CSV0000000000000905.csv,CAN_CSV0000000000000678.csv
CAN_CSV0000000000000905.csv,CAN_CSV0000000000005348.csv
CAN_CSV0000000000000905.csv,CAN_CSV0000000000005300.csv
CAN_CSV0000000000000905.csv,CAN_CSV0000000000000698.csv
CAN_CSV0000000000000905.csv,CAN_CSV0000000000000644.csv
CAN_CSV0000000000000909.csv,CAN_CSV0000000000005320.csv
CAN_CSV0000000000000909.csv,CAN_CSV0000000000000687.csv
CAN_CSV0000000000000909.csv,CAN_CSV0000000000000685.csv
CAN_CSV0000000000000909.csv,CAN_CSV0000000000005297.csv
CAN_CSV0000000000000909.csv,CAN_CSV0000000000027103.csv
CAN_CSV0000000000000909.csv,CAN_CSV0000000000005322.csv
CAN_CSV0000000000000909.csv,CAN_CSV0000000000000678.csv
CAN_CSV0000000000000909.csv,CAN_CSV0000000000005307.csv
CAN_CSV0000000000000909.csv,CAN_CSV0000000000005348.csv
CAN_CSV0000000000000909.csv,CAN_CSV0000000000005300.csv
CAN_CSV0000000000000909.csv,CAN_CSV0000000000000698.csv
CAN_CSV0000000000000909.csv,CAN_CSV0000000000000644.csv
CAN_CSV0000000000000913.csv,CAN_CSV0000000000005320.csv
CAN_CSV0000000000000913.csv,CAN_CSV0000000000000687.csv
CAN_CSV0000000000000913.csv,CAN_CSV0000000000000685.csv
CAN_CSV0000000000000913.csv,CAN_CSV0000000000005297.csv
CAN_CSV0000000000000913.csv,CAN_CSV0000000000027103.csv
CAN_CSV0000000000000913.csv,CAN_CSV0000000000005322.csv
CAN_CSV0000000000000913.csv,CAN_CSV0000000000005307.csv
CAN_CSV0000000000000913.csv,CAN_CSV0000000000000678.csv
CAN_CSV0000000000000913.csv,CAN_CSV0000000000005348.csv
CAN_CSV0000000000000913.csv,CAN_CSV0000000000005300.csv
CAN_CSV0000000000000913.csv,CAN_CSV0000000000000698.csv
CAN_CSV0000000000000913.csv,CAN_CSV0000000000000644.csv
CAN_CSV0000000000000914.csv,CAN_CSV0000000000005320.csv
CAN_CSV0000000000000914.csv,CAN_CSV0000000000000687.csv
CAN_CSV0000000000000914.csv,CAN_CSV0000000000000685.csv
CAN_CSV0000000000000914.csv,CAN_CSV0000000000005297.csv
CAN_CSV0000000000000914.csv,CAN_CSV0000000000027103.csv
CAN_CSV0000000000000914.csv,CAN_CSV0000000000005322.csv
CAN_CSV0000000000000914.csv,CAN_CSV0000000000005307.csv
CAN_CSV0000000000000914.csv,CAN_CSV0000000000000678.csv
CAN_CSV0000000000000914.csv,CAN_CSV0000000000005348.csv
CAN_CSV0000000000000914.csv,CAN_CSV0000000000005300.csv
CAN_CSV0000000000000914.csv,CAN_CSV0000000000000698.csv
CAN_CSV0000000000000914.csv,CAN_CSV0000000000000644.csv
CAN_CSV0000000000000915.csv,CAN_CSV0000000000005320.csv
CAN_CSV0000000000000915.csv,CAN_CSV0000000000000687.csv
CAN_CSV0000000000000915.csv,CAN_CSV0000000000000685.csv
CAN_CSV0000000000000915.csv,CAN_CSV0000000000027103.csv
CAN_CSV0000000000000915.csv,CAN_CSV0000000000005297.csv
CAN_CSV0000000000000915.csv,CAN_CSV0000000000005322.csv
CAN_CSV0000000000000915.csv,CAN_CSV0000000000005307.csv
CAN_CSV0000000000000915.csv,CAN_CSV0000000000000678.csv
CAN_CSV0000000000000915.csv,CAN_CSV0000000000005348.csv
CAN_CSV0000000000000915.csv,CAN_CSV0000000000005300.csv
CAN_CSV0000000000000915.csv,CAN_CSV0000000000000698.csv
CAN_CSV0000000000000915.csv,CAN_CSV0000000000000644.csv
CAN_CSV0000000000000917.csv,CAN_CSV0000000000005320.csv
CAN_CSV0000000000000917.csv,CAN_CSV0000000000000687.csv
CAN_CSV0000000000000917.csv,CAN_CSV0000000000000685.csv
CAN_CSV0000000000000917.csv,CAN_CSV0000000000027103.csv
CAN_CSV0000000000000917.csv,CAN_CSV0000000000005297.csv
CAN_CSV0000000000000917.csv,CAN_CSV0000000000005322.csv
CAN_CSV0000000000000917.csv,CAN_CSV0000000000000678.csv
CAN_CSV0000000000000917.csv,CAN_CSV0000000000005307.csv
CAN_CSV0000000000000917.csv,CAN_CSV0000000000005348.csv
CAN_CSV0000000000000917.csv,CAN_CSV0000000000005300.csv
CAN_CSV0000000000000917.csv,CAN_CSV0000000000000698.csv
CAN_CSV0000000000000917.csv,CAN_CSV0000000000000644.csv
CAN_CSV0000000000000918.csv,CAN_CSV0000000000005320.csv
CAN_CSV0000000000000918.csv,CAN_CSV0000000000000687.csv
CAN_CSV0000000000000918.csv,CAN_CSV0000000000000685.csv
CAN_CSV0000000000000918.csv,CAN_CSV0000000000005297.csv
CAN_CSV0000000000000918.csv,CAN_CSV0000000000027103.csv
CAN_CSV0000000000000918.csv,CAN_CSV0000000000005322.csv
CAN_CSV0000000000000918.csv,CAN_CSV0000000000005307.csv
CAN_CSV0000000000000918.csv,CAN_CSV0000000000000678.csv
CAN_CSV0000000000000918.csv,CAN_CSV0000000000005348.csv
CAN_CSV0000000000000918.csv,CAN_CSV0000000000005300.csv
CAN_CSV0000000000000918.csv,CAN_CSV0000000000000698.csv
CAN_CSV0000000000000918.csv,CAN_CSV0000000000000644.csv
CAN_CSV0000000000000940.csv,CAN_CSV0000000000005320.csv
CAN_CSV0000000000000940.csv,CAN_CSV0000000000000687.csv
CAN_CSV0000000000000940.csv,CAN_CSV0000000000000685.csv
CAN_CSV0000000000000940.csv,CAN_CSV0000000000027103.csv
CAN_CSV0000000000000940.csv,CAN_CSV0000000000005297.csv
CAN_CSV0000000000000940.csv,CAN_CSV0000000000005322.csv
CAN_CSV0000000000000940.csv,CAN_CSV0000000000000678.csv
CAN_CSV0000000000000940.csv,CAN_CSV0000000000005307.csv
CAN_CSV0000000000000940.csv,CAN_CSV0000000000005348.csv
CAN_CSV0000000000000940.csv,CAN_CSV0000000000005300.csv
CAN_CSV0000000000000940.csv,CAN_CSV0000000000000698.csv
CAN_CSV0000000000000940.csv,CAN_CSV0000000000000644.csv
CAN_CSV0000000000000952.csv,CAN_CSV0000000000005320.csv
CAN_CSV0000000000000952.csv,CAN_CSV0000000000000687.csv
CAN_CSV0000000000000952.csv,CAN_CSV0000000000000685.csv
CAN_CSV0000000000000952.csv,CAN_CSV0000000000005297.csv
CAN_CSV0000000000000952.csv,CAN_CSV0000000000027103.csv
CAN_CSV0000000000000952.csv,CAN_CSV0000000000005322.csv
CAN_CSV0000000000000952.csv,CAN_CSV0000000000005307.csv
CAN_CSV0000000000000952.csv,CAN_CSV0000000000000678.csv
CAN_CSV0000000000000952.csv,CAN_CSV0000000000005348.csv
CAN_CSV0000000000000952.csv,CAN_CSV0000000000005300.csv
CAN_CSV0000000000000952.csv,CAN_CSV0000000000000698.csv
CAN_CSV0000000000000952.csv,CAN_CSV0000000000000644.csv
CAN_CSV0000000000000957.csv,CAN_CSV0000000000005320.csv
CAN_CSV0000000000000957.csv,CAN_CSV0000000000000687.csv
CAN_CSV0000000000000957.csv,CAN_CSV0000000000000685.csv
CAN_CSV0000000000000957.csv,CAN_CSV0000000000027103.csv
CAN_CSV0000000000000957.csv,CAN_CSV0000000000005297.csv
CAN_CSV0000000000000957.csv,CAN_CSV0000000000005322.csv
CAN_CSV0000000000000957.csv,CAN_CSV0000000000000678.csv
CAN_CSV0000000000000957.csv,CAN_CSV0000000000005307.csv
CAN_CSV0000000000000957.csv,CAN_CSV0000000000005348.csv
CAN_CSV0000000000000957.csv,CAN_CSV0000000000005300.csv
CAN_CSV0000000000000957.csv,CAN_CSV0000000000000698.csv
CAN_CSV0000000000000957.csv,CAN_CSV0000000000000644.csv
CAN_CSV0000000000000958.csv,CAN_CSV0000000000005320.csv
CAN_CSV0000000000000958.csv,CAN_CSV0000000000000687.csv
CAN_CSV0000000000000958.csv,CAN_CSV0000000000000685.csv
CAN_CSV0000000000000958.csv,CAN_CSV0000000000027103.csv
CAN_CSV0000000000000958.csv,CAN_CSV0000000000005297.csv
CAN_CSV0000000000000958.csv,CAN_CSV0000000000005322.csv
CAN_CSV0000000000000958.csv,CAN_CSV0000000000005307.csv
CAN_CSV0000000000000958.csv,CAN_CSV0000000000000678.csv
CAN_CSV0000000000000958.csv,CAN_CSV0000000000005348.csv
CAN_CSV0000000000000958.csv,CAN_CSV0000000000005300.csv
CAN_CSV0000000000000958.csv,CAN_CSV0000000000000698.csv
CAN_CSV0000000000000958.csv,CAN_CSV0000000000000644.csv
CAN_CSV0000000000000959.csv,CAN_CSV0000000000005320.csv
CAN_CSV0000000000000959.csv,CAN_CSV0000000000000687.csv
CAN_CSV0000000000000959.csv,CAN_CSV0000000000000685.csv
CAN_CSV0000000000000959.csv,CAN_CSV0000000000005297.csv
CAN_CSV0000000000000959.csv,CAN_CSV0000000000027103.csv
CAN_CSV0000000000000959.csv,CAN_CSV0000000000005322.csv
CAN_CSV0000000000000959.csv,CAN_CSV0000000000000678.csv
CAN_CSV0000000000000959.csv,CAN_CSV0000000000005307.csv
CAN_CSV0000000000000959.csv,CAN_CSV0000000000005348.csv
CAN_CSV0000000000000959.csv,CAN_CSV0000000000005300.csv
CAN_CSV0000000000000959.csv,CAN_CSV0000000000000698.csv
CAN_CSV0000000000000959.csv,CAN_CSV0000000000000644.csv
CAN_CSV0000000000000960.csv,CAN_CSV0000000000005320.csv
CAN_CSV0000000000000960.csv,CAN_CSV0000000000000687.csv
CAN_CSV0000000000000960.csv,CAN_CSV0000000000000685.csv
CAN_CSV0000000000000960.csv,CAN_CSV0000000000027103.csv
CAN_CSV0000000000000960.csv,CAN_CSV0000000000005297.csv
CAN_CSV0000000000000960.csv,CAN_CSV0000000000005322.csv
CAN_CSV0000000000000960.csv,CAN_CSV0000000000000678.csv
CAN_CSV0000000000000960.csv,CAN_CSV0000000000005307.csv
CAN_CSV0000000000000960.csv,CAN_CSV0000000000005348.csv
CAN_CSV0000000000000960.csv,CAN_CSV0000000000005300.csv
CAN_CSV0000000000000960.csv,CAN_CSV0000000000000698.csv
CAN_CSV0000000000000960.csv,CAN_CSV0000000000000644.csv
CAN_CSV0000000000000961.csv,CAN_CSV0000000000013001.csv
CAN_CSV0000000000000961.csv,CAN_CSV0000000000002292.csv
CAN_CSV0000000000000961.csv,CAN_CSV0000000000027218.csv
CAN_CSV0000000000000961.csv,CAN_CSV0000000000005832.csv
CAN_CSV0000000000000961.csv,CAN_CSV0000000000005391.csv
CAN_CSV0000000000000961.csv,CAN_CSV0000000000012952.csv
CAN_CSV0000000000000961.csv,CAN_CSV0000000000027217.csv
CAN_CSV0000000000000961.csv,CAN_CSV0000000000005264.csv
CAN_CSV0000000000000961.csv,CAN_CSV0000000000013199.csv
CAN_CSV0000000000000961.csv,CAN_CSV0000000000001009.csv
CAN_CSV0000000000000961.csv,CAN_CSV0000000000013514.csv
CAN_CSV0000000000000961.csv,CAN_CSV0000000000000959.csv
CAN_CSV0000000000000961.csv,CAN_CSV0000000000000958.csv
CAN_CSV0000000000000961.csv,CAN_CSV0000000000013702.csv
CAN_CSV0000000000000961.csv,CAN_CSV0000000000000963.csv
CAN_CSV0000000000000961.csv,CAN_CSV0000000000004766.csv
CAN_CSV0000000000000961.csv,CAN_CSV0000000000000719.csv
CAN_CSV0000000000000961.csv,CAN_CSV0000000000013518.csv
CAN_CSV0000000000000961.csv,CAN_CSV0000000000002181.csv
CAN_CSV0000000000000961.csv,CAN_CSV0000000000005205.csv
CAN_CSV0000000000000961.csv,CAN_CSV0000000000005227.csv
CAN_CSV0000000000000961.csv,CAN_CSV0000000000000735.csv
CAN_CSV0000000000000961.csv,CAN_CSV0000000000013513.csv
CAN_CSV0000000000000961.csv,CAN_CSV0000000000000957.csv
CAN_CSV0000000000000961.csv,CAN_CSV0000000000000964.csv
CAN_CSV0000000000000961.csv,CAN_CSV0000000000027219.csv
CAN_CSV0000000000000961.csv,CAN_CSV0000000000001000.csv
CAN_CSV0000000000000961.csv,CAN_CSV0000000000013603.csv
CAN_CSV0000000000000961.csv,CAN_CSV0000000000000970.csv
CAN_CSV0000000000000961.csv,CAN_CSV0000000000000608.csv
CAN_CSV0000000000000961.csv,CAN_CSV0000000000013782.csv
CAN_CSV0000000000000961.csv,CAN_CSV0000000000000965.csv
CAN_CSV0000000000000961.csv,CAN_CSV0000000000015560.csv
CAN_CSV0000000000000961.csv,CAN_CSV0000000000005265.csv
CAN_CSV0000000000000961.csv,CAN_CSV0000000000000610.csv
CAN_CSV0000000000000961.csv,CAN_CSV0000000000001023.csv
CAN_CSV0000000000000961.csv,CAN_CSV0000000000001116.csv
CAN_CSV0000000000000961.csv,CAN_CSV0000000000004703.csv
CAN_CSV0000000000000961.csv,CAN_CSV0000000000015551.csv
CAN_CSV0000000000000961.csv,CAN_CSV0000000000015570.csv
CAN_CSV0000000000000961.csv,CAN_CSV0000000000001226.csv
CAN_CSV0000000000000961.csv,CAN_CSV0000000000013602.csv
CAN_CSV0000000000000961.csv,CAN_CSV0000000000005128.csv
CAN_CSV0000000000000961.csv,CAN_CSV0000000000001114.csv
CAN_CSV0000000000000961.csv,CAN_CSV0000000000012980.csv
CAN_CSV0000000000000961.csv,CAN_CSV0000000000000977.csv
CAN_CSV0000000000000961.csv,CAN_CSV0000000000005009.csv
CAN_CSV0000000000000961.csv,CAN_CSV0000000000000960.csv
CAN_CSV0000000000000961.csv,CAN_CSV0000000000000997.csv
CAN_CSV0000000000000961.csv,CAN_CSV0000000000013701.csv
CAN_CSV0000000000000961.csv,CAN_CSV0000000000012845.csv
CAN_CSV0000000000000961.csv,CAN_CSV0000000000013484.csv
CAN_CSV0000000000000961.csv,CAN_CSV0000000000013497.csv
CAN_CSV0000000000000961.csv,CAN_CSV0000000000005103.csv
CAN_CSV0000000000000961.csv,CAN_CSV0000000000014315.csv
CAN_CSV0000000000000961.csv,CAN_CSV0000000000013510.csv
CAN_CSV0000000000000961.csv,CAN_CSV0000000000013036.csv
CAN_CSV0000000000000961.csv,CAN_CSV0000000000013489.csv
CAN_CSV0000000000000961.csv,CAN_CSV0000000000027228.csv
CAN_CSV0000000000000961.csv,CAN_CSV0000000000005379.csv
CAN_CSV0000000000000963.csv,CAN_CSV0000000000005320.csv
CAN_CSV0000000000000963.csv,CAN_CSV0000000000000687.csv
CAN_CSV0000000000000963.csv,CAN_CSV0000000000000685.csv
CAN_CSV0000000000000963.csv,CAN_CSV0000000000005297.csv
CAN_CSV0000000000000963.csv,CAN_CSV0000000000027103.csv
CAN_CSV0000000000000963.csv,CAN_CSV0000000000005322.csv
CAN_CSV0000000000000963.csv,CAN_CSV0000000000005307.csv
CAN_CSV0000000000000963.csv,CAN_CSV0000000000000678.csv
CAN_CSV0000000000000963.csv,CAN_CSV0000000000005348.csv
CAN_CSV0000000000000963.csv,CAN_CSV0000000000005300.csv
CAN_CSV0000000000000963.csv,CAN_CSV0000000000000698.csv
CAN_CSV0000000000000963.csv,CAN_CSV0000000000000644.csv
CAN_CSV0000000000000964.csv,CAN_CSV0000000000005320.csv
CAN_CSV0000000000000964.csv,CAN_CSV0000000000000687.csv
CAN_CSV0000000000000964.csv,CAN_CSV0000000000000685.csv
CAN_CSV0000000000000964.csv,CAN_CSV0000000000027103.csv
CAN_CSV0000000000000964.csv,CAN_CSV0000000000005297.csv
CAN_CSV0000000000000964.csv,CAN_CSV0000000000005322.csv
CAN_CSV0000000000000964.csv,CAN_CSV0000000000005307.csv
CAN_CSV0000000000000964.csv,CAN_CSV0000000000000678.csv
CAN_CSV0000000000000964.csv,CAN_CSV0000000000005348.csv
CAN_CSV0000000000000964.csv,CAN_CSV0000000000005300.csv
CAN_CSV0000000000000964.csv,CAN_CSV0000000000000698.csv
CAN_CSV0000000000000964.csv,CAN_CSV0000000000000644.csv
CAN_CSV0000000000000965.csv,CAN_CSV0000000000013001.csv
CAN_CSV0000000000000965.csv,CAN_CSV0000000000002292.csv
CAN_CSV0000000000000965.csv,CAN_CSV0000000000027218.csv
CAN_CSV0000000000000965.csv,CAN_CSV0000000000005832.csv
CAN_CSV0000000000000965.csv,CAN_CSV0000000000005391.csv
CAN_CSV0000000000000965.csv,CAN_CSV0000000000012952.csv
CAN_CSV0000000000000965.csv,CAN_CSV0000000000027217.csv
CAN_CSV0000000000000965.csv,CAN_CSV0000000000005264.csv
CAN_CSV0000000000000965.csv,CAN_CSV0000000000013199.csv
CAN_CSV0000000000000965.csv,CAN_CSV0000000000001009.csv
CAN_CSV0000000000000965.csv,CAN_CSV0000000000013514.csv
CAN_CSV0000000000000965.csv,CAN_CSV0000000000000959.csv
CAN_CSV0000000000000965.csv,CAN_CSV0000000000000958.csv
CAN_CSV0000000000000965.csv,CAN_CSV0000000000013702.csv
CAN_CSV0000000000000965.csv,CAN_CSV0000000000000963.csv
CAN_CSV0000000000000965.csv,CAN_CSV0000000000004766.csv
CAN_CSV0000000000000965.csv,CAN_CSV0000000000000719.csv
CAN_CSV0000000000000965.csv,CAN_CSV0000000000013518.csv
CAN_CSV0000000000000965.csv,CAN_CSV0000000000002181.csv
CAN_CSV0000000000000965.csv,CAN_CSV0000000000005205.csv
CAN_CSV0000000000000965.csv,CAN_CSV0000000000005227.csv
CAN_CSV0000000000000965.csv,CAN_CSV0000000000000735.csv
CAN_CSV0000000000000965.csv,CAN_CSV0000000000013513.csv
CAN_CSV0000000000000965.csv,CAN_CSV0000000000000957.csv
CAN_CSV0000000000000965.csv,CAN_CSV0000000000000964.csv
CAN_CSV0000000000000965.csv,CAN_CSV0000000000027219.csv
CAN_CSV0000000000000965.csv,CAN_CSV0000000000001000.csv
CAN_CSV0000000000000965.csv,CAN_CSV0000000000013603.csv
CAN_CSV0000000000000965.csv,CAN_CSV0000000000000970.csv
CAN_CSV0000000000000965.csv,CAN_CSV0000000000000608.csv
CAN_CSV0000000000000965.csv,CAN_CSV0000000000013782.csv
CAN_CSV0000000000000965.csv,CAN_CSV0000000000015560.csv
CAN_CSV0000000000000965.csv,CAN_CSV0000000000005265.csv
CAN_CSV0000000000000965.csv,CAN_CSV0000000000000610.csv
CAN_CSV0000000000000965.csv,CAN_CSV0000000000001023.csv
CAN_CSV0000000000000965.csv,CAN_CSV0000000000001116.csv
CAN_CSV0000000000000965.csv,CAN_CSV0000000000004703.csv
CAN_CSV0000000000000965.csv,CAN_CSV0000000000015551.csv
CAN_CSV0000000000000965.csv,CAN_CSV0000000000015570.csv
CAN_CSV0000000000000965.csv,CAN_CSV0000000000001226.csv
CAN_CSV0000000000000965.csv,CAN_CSV0000000000013602.csv
CAN_CSV0000000000000965.csv,CAN_CSV0000000000005128.csv
CAN_CSV0000000000000965.csv,CAN_CSV0000000000001114.csv
CAN_CSV0000000000000965.csv,CAN_CSV0000000000012980.csv
CAN_CSV0000000000000965.csv,CAN_CSV0000000000000961.csv
CAN_CSV0000000000000965.csv,CAN_CSV0000000000000977.csv
CAN_CSV0000000000000965.csv,CAN_CSV0000000000005009.csv
CAN_CSV0000000000000965.csv,CAN_CSV0000000000000960.csv
CAN_CSV0000000000000965.csv,CAN_CSV0000000000000997.csv
CAN_CSV0000000000000965.csv,CAN_CSV0000000000013701.csv
CAN_CSV0000000000000965.csv,CAN_CSV0000000000012845.csv
CAN_CSV0000000000000965.csv,CAN_CSV0000000000013484.csv
CAN_CSV0000000000000965.csv,CAN_CSV0000000000013497.csv
CAN_CSV0000000000000965.csv,CAN_CSV0000000000005103.csv
CAN_CSV0000000000000965.csv,CAN_CSV0000000000014315.csv
CAN_CSV0000000000000965.csv,CAN_CSV0000000000013510.csv
CAN_CSV0000000000000965.csv,CAN_CSV0000000000013036.csv
CAN_CSV0000000000000965.csv,CAN_CSV0000000000013489.csv
CAN_CSV0000000000000965.csv,CAN_CSV0000000000027228.csv
CAN_CSV0000000000000965.csv,CAN_CSV0000000000005379.csv
CAN_CSV0000000000000970.csv,CAN_CSV0000000000005320.csv
CAN_CSV0000000000000970.csv,CAN_CSV0000000000000687.csv
CAN_CSV0000000000000970.csv,CAN_CSV0000000000000685.csv
CAN_CSV0000000000000970.csv,CAN_CSV0000000000027103.csv
CAN_CSV0000000000000970.csv,CAN_CSV0000000000005297.csv
CAN_CSV0000000000000970.csv,CAN_CSV0000000000005322.csv
CAN_CSV0000000000000970.csv,CAN_CSV0000000000005307.csv
CAN_CSV0000000000000970.csv,CAN_CSV0000000000000678.csv
CAN_CSV0000000000000970.csv,CAN_CSV0000000000005348.csv
CAN_CSV0000000000000970.csv,CAN_CSV0000000000005300.csv
CAN_CSV0000000000000970.csv,CAN_CSV0000000000000698.csv
CAN_CSV0000000000000970.csv,CAN_CSV0000000000000644.csv
CAN_CSV0000000000000976.csv,CAN_CSV0000000000005320.csv
CAN_CSV0000000000000976.csv,CAN_CSV0000000000000687.csv
CAN_CSV0000000000000976.csv,CAN_CSV0000000000000685.csv
CAN_CSV0000000000000976.csv,CAN_CSV0000000000005297.csv
CAN_CSV0000000000000976.csv,CAN_CSV0000000000027103.csv
CAN_CSV0000000000000976.csv,CAN_CSV0000000000005322.csv
CAN_CSV0000000000000976.csv,CAN_CSV0000000000005307.csv
CAN_CSV0000000000000976.csv,CAN_CSV0000000000000678.csv
CAN_CSV0000000000000976.csv,CAN_CSV0000000000005348.csv
CAN_CSV0000000000000976.csv,CAN_CSV0000000000005300.csv
CAN_CSV0000000000000976.csv,CAN_CSV0000000000000698.csv
CAN_CSV0000000000000976.csv,CAN_CSV0000000000000644.csv
CAN_CSV0000000000000977.csv,CAN_CSV0000000000013001.csv
CAN_CSV0000000000000977.csv,CAN_CSV0000000000002292.csv
CAN_CSV0000000000000977.csv,CAN_CSV0000000000027218.csv
CAN_CSV0000000000000977.csv,CAN_CSV0000000000005832.csv
CAN_CSV0000000000000977.csv,CAN_CSV0000000000005391.csv
CAN_CSV0000000000000977.csv,CAN_CSV0000000000012952.csv
CAN_CSV0000000000000977.csv,CAN_CSV0000000000027217.csv
CAN_CSV0000000000000977.csv,CAN_CSV0000000000005264.csv
CAN_CSV0000000000000977.csv,CAN_CSV0000000000013199.csv
CAN_CSV0000000000000977.csv,CAN_CSV0000000000001009.csv
CAN_CSV0000000000000977.csv,CAN_CSV0000000000013514.csv
CAN_CSV0000000000000977.csv,CAN_CSV0000000000000959.csv
CAN_CSV0000000000000977.csv,CAN_CSV0000000000000958.csv
CAN_CSV0000000000000977.csv,CAN_CSV0000000000013702.csv
CAN_CSV0000000000000977.csv,CAN_CSV0000000000000963.csv
CAN_CSV0000000000000977.csv,CAN_CSV0000000000004766.csv
CAN_CSV0000000000000977.csv,CAN_CSV0000000000000719.csv
CAN_CSV0000000000000977.csv,CAN_CSV0000000000013518.csv
CAN_CSV0000000000000977.csv,CAN_CSV0000000000002181.csv
CAN_CSV0000000000000977.csv,CAN_CSV0000000000005205.csv
CAN_CSV0000000000000977.csv,CAN_CSV0000000000005227.csv
CAN_CSV0000000000000977.csv,CAN_CSV0000000000000735.csv
CAN_CSV0000000000000977.csv,CAN_CSV0000000000013513.csv
CAN_CSV0000000000000977.csv,CAN_CSV0000000000000957.csv
CAN_CSV0000000000000977.csv,CAN_CSV0000000000000964.csv
CAN_CSV0000000000000977.csv,CAN_CSV0000000000027219.csv
CAN_CSV0000000000000977.csv,CAN_CSV0000000000001000.csv
CAN_CSV0000000000000977.csv,CAN_CSV0000000000013603.csv
CAN_CSV0000000000000977.csv,CAN_CSV0000000000000970.csv
CAN_CSV0000000000000977.csv,CAN_CSV0000000000000608.csv
CAN_CSV0000000000000977.csv,CAN_CSV0000000000013782.csv
CAN_CSV0000000000000977.csv,CAN_CSV0000000000000965.csv
CAN_CSV0000000000000977.csv,CAN_CSV0000000000015560.csv
CAN_CSV0000000000000977.csv,CAN_CSV0000000000005265.csv
CAN_CSV0000000000000977.csv,CAN_CSV0000000000000610.csv
CAN_CSV0000000000000977.csv,CAN_CSV0000000000001023.csv
CAN_CSV0000000000000977.csv,CAN_CSV0000000000001116.csv
CAN_CSV0000000000000977.csv,CAN_CSV0000000000004703.csv
CAN_CSV0000000000000977.csv,CAN_CSV0000000000015551.csv
CAN_CSV0000000000000977.csv,CAN_CSV0000000000015570.csv
CAN_CSV0000000000000977.csv,CAN_CSV0000000000001226.csv
CAN_CSV0000000000000977.csv,CAN_CSV0000000000013602.csv
CAN_CSV0000000000000977.csv,CAN_CSV0000000000005128.csv
CAN_CSV0000000000000977.csv,CAN_CSV0000000000001114.csv
CAN_CSV0000000000000977.csv,CAN_CSV0000000000012980.csv
CAN_CSV0000000000000977.csv,CAN_CSV0000000000000961.csv
CAN_CSV0000000000000977.csv,CAN_CSV0000000000005009.csv
CAN_CSV0000000000000977.csv,CAN_CSV0000000000000960.csv
CAN_CSV0000000000000977.csv,CAN_CSV0000000000000997.csv
CAN_CSV0000000000000977.csv,CAN_CSV0000000000013701.csv
CAN_CSV0000000000000977.csv,CAN_CSV0000000000012845.csv
CAN_CSV0000000000000977.csv,CAN_CSV0000000000013484.csv
CAN_CSV0000000000000977.csv,CAN_CSV0000000000013497.csv
CAN_CSV0000000000000977.csv,CAN_CSV0000000000005103.csv
CAN_CSV0000000000000977.csv,CAN_CSV0000000000014315.csv
CAN_CSV0000000000000977.csv,CAN_CSV0000000000013510.csv
CAN_CSV0000000000000977.csv,CAN_CSV0000000000013036.csv
CAN_CSV0000000000000977.csv,CAN_CSV0000000000013489.csv
CAN_CSV0000000000000977.csv,CAN_CSV0000000000027228.csv
CAN_CSV0000000000000977.csv,CAN_CSV0000000000005379.csv
CAN_CSV0000000000000982.csv,CAN_CSV0000000000005320.csv
CAN_CSV0000000000000982.csv,CAN_CSV0000000000000687.csv
CAN_CSV0000000000000982.csv,CAN_CSV0000000000000685.csv
CAN_CSV0000000000000982.csv,CAN_CSV0000000000005297.csv
CAN_CSV0000000000000982.csv,CAN_CSV0000000000027103.csv
CAN_CSV0000000000000982.csv,CAN_CSV0000000000005322.csv
CAN_CSV0000000000000982.csv,CAN_CSV0000000000005307.csv
CAN_CSV0000000000000982.csv,CAN_CSV0000000000000678.csv
CAN_CSV0000000000000982.csv,CAN_CSV0000000000005348.csv
CAN_CSV0000000000000982.csv,CAN_CSV0000000000005300.csv
CAN_CSV0000000000000982.csv,CAN_CSV0000000000000698.csv
CAN_CSV0000000000000982.csv,CAN_CSV0000000000000644.csv
CAN_CSV0000000000000997.csv,CAN_CSV0000000000005320.csv
CAN_CSV0000000000000997.csv,CAN_CSV0000000000000687.csv
CAN_CSV0000000000000997.csv,CAN_CSV0000000000000685.csv
CAN_CSV0000000000000997.csv,CAN_CSV0000000000005297.csv
CAN_CSV0000000000000997.csv,CAN_CSV0000000000027103.csv
CAN_CSV0000000000000997.csv,CAN_CSV0000000000005322.csv
CAN_CSV0000000000000997.csv,CAN_CSV0000000000005307.csv
CAN_CSV0000000000000997.csv,CAN_CSV0000000000000678.csv
CAN_CSV0000000000000997.csv,CAN_CSV0000000000005348.csv
CAN_CSV0000000000000997.csv,CAN_CSV0000000000005300.csv
CAN_CSV0000000000000997.csv,CAN_CSV0000000000000698.csv
CAN_CSV0000000000000997.csv,CAN_CSV0000000000000644.csv
CAN_CSV0000000000001000.csv,CAN_CSV0000000000005320.csv
CAN_CSV0000000000001000.csv,CAN_CSV0000000000000687.csv
CAN_CSV0000000000001000.csv,CAN_CSV0000000000000685.csv
CAN_CSV0000000000001000.csv,CAN_CSV0000000000005297.csv
CAN_CSV0000000000001000.csv,CAN_CSV0000000000027103.csv
CAN_CSV0000000000001000.csv,CAN_CSV0000000000005322.csv
CAN_CSV0000000000001000.csv,CAN_CSV0000000000005307.csv
CAN_CSV0000000000001000.csv,CAN_CSV0000000000000678.csv
CAN_CSV0000000000001000.csv,CAN_CSV0000000000005348.csv
CAN_CSV0000000000001000.csv,CAN_CSV0000000000005300.csv
CAN_CSV0000000000001000.csv,CAN_CSV0000000000000698.csv
CAN_CSV0000000000001000.csv,CAN_CSV0000000000000644.csv
CAN_CSV0000000000001009.csv,CAN_CSV0000000000005320.csv
CAN_CSV0000000000001009.csv,CAN_CSV0000000000000687.csv
CAN_CSV0000000000001009.csv,CAN_CSV0000000000000685.csv
CAN_CSV0000000000001009.csv,CAN_CSV0000000000005297.csv
CAN_CSV0000000000001009.csv,CAN_CSV0000000000027103.csv
CAN_CSV0000000000001009.csv,CAN_CSV0000000000005322.csv
CAN_CSV0000000000001009.csv,CAN_CSV0000000000005307.csv
CAN_CSV0000000000001009.csv,CAN_CSV0000000000000678.csv
CAN_CSV0000000000001009.csv,CAN_CSV0000000000005348.csv
CAN_CSV0000000000001009.csv,CAN_CSV0000000000005300.csv
CAN_CSV0000000000001009.csv,CAN_CSV0000000000000698.csv
CAN_CSV0000000000001009.csv,CAN_CSV0000000000000644.csv
CAN_CSV0000000000001018.csv,CAN_CSV0000000000013001.csv
CAN_CSV0000000000001018.csv,CAN_CSV0000000000002292.csv
CAN_CSV0000000000001018.csv,CAN_CSV0000000000027218.csv
CAN_CSV0000000000001018.csv,CAN_CSV0000000000005832.csv
CAN_CSV0000000000001018.csv,CAN_CSV0000000000005391.csv
CAN_CSV0000000000001018.csv,CAN_CSV0000000000012952.csv
CAN_CSV0000000000001018.csv,CAN_CSV0000000000001013.csv
CAN_CSV0000000000001018.csv,CAN_CSV0000000000027217.csv
CAN_CSV0000000000001018.csv,CAN_CSV0000000000013199.csv
CAN_CSV0000000000001018.csv,CAN_CSV0000000000013514.csv
CAN_CSV0000000000001018.csv,CAN_CSV0000000000012893.csv
CAN_CSV0000000000001018.csv,CAN_CSV0000000000013702.csv
CAN_CSV0000000000001018.csv,CAN_CSV0000000000005264.csv
CAN_CSV0000000000001018.csv,CAN_CSV0000000000004766.csv
CAN_CSV0000000000001018.csv,CAN_CSV0000000000000719.csv
CAN_CSV0000000000001018.csv,CAN_CSV0000000000001004.csv
CAN_CSV0000000000001018.csv,CAN_CSV0000000000012970.csv
CAN_CSV0000000000001018.csv,CAN_CSV0000000000013518.csv
CAN_CSV0000000000001018.csv,CAN_CSV0000000000002181.csv
CAN_CSV0000000000001018.csv,CAN_CSV0000000000005205.csv
CAN_CSV0000000000001018.csv,CAN_CSV0000000000005227.csv
CAN_CSV0000000000001018.csv,CAN_CSV0000000000001019.csv
CAN_CSV0000000000001018.csv,CAN_CSV0000000000000735.csv
CAN_CSV0000000000001018.csv,CAN_CSV0000000000013513.csv
CAN_CSV0000000000001018.csv,CAN_CSV0000000000027219.csv
CAN_CSV0000000000001018.csv,CAN_CSV0000000000000608.csv
CAN_CSV0000000000001018.csv,CAN_CSV0000000000013603.csv
CAN_CSV0000000000001018.csv,CAN_CSV0000000000012667.csv
CAN_CSV0000000000001018.csv,CAN_CSV0000000000013782.csv
CAN_CSV0000000000001018.csv,CAN_CSV0000000000001020.csv
CAN_CSV0000000000001018.csv,CAN_CSV0000000000015560.csv
CAN_CSV0000000000001018.csv,CAN_CSV0000000000012868.csv
CAN_CSV0000000000001018.csv,CAN_CSV0000000000012786.csv
CAN_CSV0000000000001018.csv,CAN_CSV0000000000005265.csv
CAN_CSV0000000000001018.csv,CAN_CSV0000000000000610.csv
CAN_CSV0000000000001018.csv,CAN_CSV0000000000001116.csv
CAN_CSV0000000000001018.csv,CAN_CSV0000000000004703.csv
CAN_CSV0000000000001018.csv,CAN_CSV0000000000015551.csv
CAN_CSV0000000000001018.csv,CAN_CSV0000000000015570.csv
CAN_CSV0000000000001018.csv,CAN_CSV0000000000001226.csv
CAN_CSV0000000000001018.csv,CAN_CSV0000000000013602.csv
CAN_CSV0000000000001018.csv,CAN_CSV0000000000005128.csv
CAN_CSV0000000000001018.csv,CAN_CSV0000000000001114.csv
CAN_CSV0000000000001018.csv,CAN_CSV0000000000012980.csv
CAN_CSV0000000000001018.csv,CAN_CSV0000000000001012.csv
CAN_CSV0000000000001018.csv,CAN_CSV0000000000012870.csv
CAN_CSV0000000000001018.csv,CAN_CSV0000000000012902.csv
CAN_CSV0000000000001018.csv,CAN_CSV0000000000012995.csv
CAN_CSV0000000000001018.csv,CAN_CSV0000000000005009.csv
CAN_CSV0000000000001018.csv,CAN_CSV0000000000013701.csv
CAN_CSV0000000000001018.csv,CAN_CSV0000000000012845.csv
CAN_CSV0000000000001018.csv,CAN_CSV0000000000013484.csv
CAN_CSV0000000000001018.csv,CAN_CSV0000000000013497.csv
CAN_CSV0000000000001018.csv,CAN_CSV0000000000012895.csv
CAN_CSV0000000000001018.csv,CAN_CSV0000000000005103.csv
CAN_CSV0000000000001018.csv,CAN_CSV0000000000014315.csv
CAN_CSV0000000000001018.csv,CAN_CSV0000000000013510.csv
CAN_CSV0000000000001018.csv,CAN_CSV0000000000012681.csv
CAN_CSV0000000000001018.csv,CAN_CSV0000000000013036.csv
CAN_CSV0000000000001018.csv,CAN_CSV0000000000012839.csv
CAN_CSV0000000000001018.csv,CAN_CSV0000000000013489.csv
CAN_CSV0000000000001018.csv,CAN_CSV0000000000012697.csv
CAN_CSV0000000000001018.csv,CAN_CSV0000000000027228.csv
CAN_CSV0000000000001018.csv,CAN_CSV0000000000001007.csv
CAN_CSV0000000000001018.csv,CAN_CSV0000000000005379.csv
CAN_CSV0000000000001018.csv,CAN_CSV0000000000001042.csv
CAN_CSV0000000000001023.csv,CAN_CSV0000000000005320.csv
CAN_CSV0000000000001023.csv,CAN_CSV0000000000000687.csv
CAN_CSV0000000000001023.csv,CAN_CSV0000000000000685.csv
CAN_CSV0000000000001023.csv,CAN_CSV0000000000005297.csv
CAN_CSV0000000000001023.csv,CAN_CSV0000000000027103.csv
CAN_CSV0000000000001023.csv,CAN_CSV0000000000005322.csv
CAN_CSV0000000000001023.csv,CAN_CSV0000000000005307.csv
CAN_CSV0000000000001023.csv,CAN_CSV0000000000000678.csv
CAN_CSV0000000000001023.csv,CAN_CSV0000000000005348.csv
CAN_CSV0000000000001023.csv,CAN_CSV0000000000005300.csv
CAN_CSV0000000000001023.csv,CAN_CSV0000000000000698.csv
CAN_CSV0000000000001023.csv,CAN_CSV0000000000000644.csv
CAN_CSV0000000000001024.csv,CAN_CSV0000000000012924.csv
CAN_CSV0000000000001024.csv,CAN_CSV0000000000013001.csv
CAN_CSV0000000000001024.csv,CAN_CSV0000000000012922.csv
CAN_CSV0000000000001024.csv,CAN_CSV0000000000002292.csv
CAN_CSV0000000000001024.csv,CAN_CSV0000000000027218.csv
CAN_CSV0000000000001024.csv,CAN_CSV0000000000005832.csv
CAN_CSV0000000000001024.csv,CAN_CSV0000000000005391.csv
CAN_CSV0000000000001024.csv,CAN_CSV0000000000012952.csv
CAN_CSV0000000000001024.csv,CAN_CSV0000000000027217.csv
CAN_CSV0000000000001024.csv,CAN_CSV0000000000001033.csv
CAN_CSV0000000000001024.csv,CAN_CSV0000000000013199.csv
CAN_CSV0000000000001024.csv,CAN_CSV0000000000012926.csv
CAN_CSV0000000000001024.csv,CAN_CSV0000000000012928.csv
CAN_CSV0000000000001024.csv,CAN_CSV0000000000013514.csv
CAN_CSV0000000000001024.csv,CAN_CSV0000000000013702.csv
CAN_CSV0000000000001024.csv,CAN_CSV0000000000005264.csv
CAN_CSV0000000000001024.csv,CAN_CSV0000000000004766.csv
CAN_CSV0000000000001024.csv,CAN_CSV0000000000000719.csv
CAN_CSV0000000000001024.csv,CAN_CSV0000000000013518.csv
CAN_CSV0000000000001024.csv,CAN_CSV0000000000002181.csv
CAN_CSV0000000000001024.csv,CAN_CSV0000000000005205.csv
CAN_CSV0000000000001024.csv,CAN_CSV0000000000005227.csv
CAN_CSV0000000000001024.csv,CAN_CSV0000000000000735.csv
CAN_CSV0000000000001024.csv,CAN_CSV0000000000013513.csv
CAN_CSV0000000000001024.csv,CAN_CSV0000000000012927.csv
CAN_CSV0000000000001024.csv,CAN_CSV0000000000027219.csv
CAN_CSV0000000000001024.csv,CAN_CSV0000000000000608.csv
CAN_CSV0000000000001024.csv,CAN_CSV0000000000013603.csv
CAN_CSV0000000000001024.csv,CAN_CSV0000000000012929.csv
CAN_CSV0000000000001024.csv,CAN_CSV0000000000001028.csv
CAN_CSV0000000000001024.csv,CAN_CSV0000000000013782.csv
CAN_CSV0000000000001024.csv,CAN_CSV0000000000012930.csv
CAN_CSV0000000000001024.csv,CAN_CSV0000000000015560.csv
CAN_CSV0000000000001024.csv,CAN_CSV0000000000001032.csv
CAN_CSV0000000000001024.csv,CAN_CSV0000000000005265.csv
CAN_CSV0000000000001024.csv,CAN_CSV0000000000000610.csv
CAN_CSV0000000000001024.csv,CAN_CSV0000000000012923.csv
CAN_CSV0000000000001024.csv,CAN_CSV0000000000001116.csv
CAN_CSV0000000000001024.csv,CAN_CSV0000000000000890.csv
CAN_CSV0000000000001024.csv,CAN_CSV0000000000007184.csv
CAN_CSV0000000000001024.csv,CAN_CSV0000000000004703.csv
CAN_CSV0000000000001024.csv,CAN_CSV0000000000015551.csv
CAN_CSV0000000000001024.csv,CAN_CSV0000000000015570.csv
CAN_CSV0000000000001024.csv,CAN_CSV0000000000012921.csv
CAN_CSV0000000000001024.csv,CAN_CSV0000000000013602.csv
CAN_CSV0000000000001024.csv,CAN_CSV0000000000001226.csv
CAN_CSV0000000000001024.csv,CAN_CSV0000000000005446.csv
CAN_CSV0000000000001024.csv,CAN_CSV0000000000005128.csv
CAN_CSV0000000000001024.csv,CAN_CSV0000000000001029.csv
CAN_CSV0000000000001024.csv,CAN_CSV0000000000000999.csv
CAN_CSV0000000000001024.csv,CAN_CSV0000000000001114.csv
CAN_CSV0000000000001024.csv,CAN_CSV0000000000012980.csv
CAN_CSV0000000000001024.csv,CAN_CSV0000000000005009.csv
CAN_CSV0000000000001024.csv,CAN_CSV0000000000013701.csv
CAN_CSV0000000000001024.csv,CAN_CSV0000000000012845.csv
CAN_CSV0000000000001024.csv,CAN_CSV0000000000013484.csv
CAN_CSV0000000000001024.csv,CAN_CSV0000000000012925.csv
CAN_CSV0000000000001024.csv,CAN_CSV0000000000013497.csv
CAN_CSV0000000000001024.csv,CAN_CSV0000000000005103.csv
CAN_CSV0000000000001024.csv,CAN_CSV0000000000014315.csv
CAN_CSV0000000000001024.csv,CAN_CSV0000000000013510.csv
CAN_CSV0000000000001024.csv,CAN_CSV0000000000013036.csv
CAN_CSV0000000000001024.csv,CAN_CSV0000000000013489.csv
CAN_CSV0000000000001024.csv,CAN_CSV0000000000005437.csv
CAN_CSV0000000000001024.csv,CAN_CSV0000000000027228.csv
CAN_CSV0000000000001024.csv,CAN_CSV0000000000005379.csv
CAN_CSV0000000000001024.csv,CAN_CSV0000000000001025.csv
CAN_CSV0000000000001025.csv,CAN_CSV0000000000005320.csv
CAN_CSV0000000000001025.csv,CAN_CSV0000000000000687.csv
CAN_CSV0000000000001025.csv,CAN_CSV0000000000000685.csv
CAN_CSV0000000000001025.csv,CAN_CSV0000000000027103.csv
CAN_CSV0000000000001025.csv,CAN_CSV0000000000005297.csv
CAN_CSV0000000000001025.csv,CAN_CSV0000000000005322.csv
CAN_CSV0000000000001025.csv,CAN_CSV0000000000005307.csv
CAN_CSV0000000000001025.csv,CAN_CSV0000000000000678.csv
CAN_CSV0000000000001025.csv,CAN_CSV0000000000005348.csv
CAN_CSV0000000000001025.csv,CAN_CSV0000000000005300.csv
CAN_CSV0000000000001025.csv,CAN_CSV0000000000000698.csv
CAN_CSV0000000000001025.csv,CAN_CSV0000000000000644.csv
CAN_CSV0000000000001028.csv,CAN_CSV0000000000005320.csv
CAN_CSV0000000000001028.csv,CAN_CSV0000000000000687.csv
CAN_CSV0000000000001028.csv,CAN_CSV0000000000000685.csv
CAN_CSV0000000000001028.csv,CAN_CSV0000000000027103.csv
CAN_CSV0000000000001028.csv,CAN_CSV0000000000005297.csv
CAN_CSV0000000000001028.csv,CAN_CSV0000000000005322.csv
CAN_CSV0000000000001028.csv,CAN_CSV0000000000005307.csv
CAN_CSV0000000000001028.csv,CAN_CSV0000000000000678.csv
CAN_CSV0000000000001028.csv,CAN_CSV0000000000005348.csv
CAN_CSV0000000000001028.csv,CAN_CSV0000000000005300.csv
CAN_CSV0000000000001028.csv,CAN_CSV0000000000000698.csv
CAN_CSV0000000000001028.csv,CAN_CSV0000000000000644.csv
CAN_CSV0000000000001032.csv,CAN_CSV0000000000005320.csv
CAN_CSV0000000000001032.csv,CAN_CSV0000000000000687.csv
CAN_CSV0000000000001032.csv,CAN_CSV0000000000000685.csv
CAN_CSV0000000000001032.csv,CAN_CSV0000000000005297.csv
CAN_CSV0000000000001032.csv,CAN_CSV0000000000027103.csv
CAN_CSV0000000000001032.csv,CAN_CSV0000000000005322.csv
CAN_CSV0000000000001032.csv,CAN_CSV0000000000005307.csv
CAN_CSV0000000000001032.csv,CAN_CSV0000000000000678.csv
CAN_CSV0000000000001032.csv,CAN_CSV0000000000005348.csv
CAN_CSV0000000000001032.csv,CAN_CSV0000000000005300.csv
CAN_CSV0000000000001032.csv,CAN_CSV0000000000000698.csv
CAN_CSV0000000000001032.csv,CAN_CSV0000000000000644.csv
CAN_CSV0000000000001046.csv,CAN_CSV0000000000013001.csv
CAN_CSV0000000000001046.csv,CAN_CSV0000000000002292.csv
CAN_CSV0000000000001046.csv,CAN_CSV0000000000027218.csv
CAN_CSV0000000000001046.csv,CAN_CSV0000000000005832.csv
CAN_CSV0000000000001046.csv,CAN_CSV0000000000013010.csv
CAN_CSV0000000000001046.csv,CAN_CSV0000000000005391.csv
CAN_CSV0000000000001046.csv,CAN_CSV0000000000013007.csv
CAN_CSV0000000000001046.csv,CAN_CSV0000000000012952.csv
CAN_CSV0000000000001046.csv,CAN_CSV0000000000027217.csv
CAN_CSV0000000000001046.csv,CAN_CSV0000000000005264.csv
CAN_CSV0000000000001046.csv,CAN_CSV0000000000013199.csv
CAN_CSV0000000000001046.csv,CAN_CSV0000000000001048.csv
CAN_CSV0000000000001046.csv,CAN_CSV0000000000013514.csv
CAN_CSV0000000000001046.csv,CAN_CSV0000000000005904.csv
CAN_CSV0000000000001046.csv,CAN_CSV0000000000013702.csv
CAN_CSV0000000000001046.csv,CAN_CSV0000000000005889.csv
CAN_CSV0000000000001046.csv,CAN_CSV0000000000004766.csv
CAN_CSV0000000000001046.csv,CAN_CSV0000000000000719.csv
CAN_CSV0000000000001046.csv,CAN_CSV0000000000012534.csv
CAN_CSV0000000000001046.csv,CAN_CSV0000000000001117.csv
CAN_CSV0000000000001046.csv,CAN_CSV0000000000013518.csv
CAN_CSV0000000000001046.csv,CAN_CSV0000000000002181.csv
CAN_CSV0000000000001046.csv,CAN_CSV0000000000005205.csv
CAN_CSV0000000000001046.csv,CAN_CSV0000000000005227.csv
CAN_CSV0000000000001046.csv,CAN_CSV0000000000000735.csv
CAN_CSV0000000000001046.csv,CAN_CSV0000000000013513.csv
CAN_CSV0000000000001046.csv,CAN_CSV0000000000027219.csv
CAN_CSV0000000000001046.csv,CAN_CSV0000000000013489.csv
CAN_CSV0000000000001046.csv,CAN_CSV0000000000005926.csv
CAN_CSV0000000000001046.csv,CAN_CSV0000000000000608.csv
CAN_CSV0000000000001046.csv,CAN_CSV0000000000013603.csv
CAN_CSV0000000000001046.csv,CAN_CSV0000000000006650.csv
CAN_CSV0000000000001046.csv,CAN_CSV0000000000013782.csv
CAN_CSV0000000000001046.csv,CAN_CSV0000000000015560.csv
CAN_CSV0000000000001046.csv,CAN_CSV0000000000005265.csv
CAN_CSV0000000000001046.csv,CAN_CSV0000000000005883.csv
CAN_CSV0000000000001046.csv,CAN_CSV0000000000000610.csv
CAN_CSV0000000000001046.csv,CAN_CSV0000000000001116.csv
CAN_CSV0000000000001046.csv,CAN_CSV0000000000001045.csv
CAN_CSV0000000000001046.csv,CAN_CSV0000000000013621.csv
CAN_CSV0000000000001046.csv,CAN_CSV0000000000007023.csv
CAN_CSV0000000000001046.csv,CAN_CSV0000000000004703.csv
CAN_CSV0000000000001046.csv,CAN_CSV0000000000007184.csv
CAN_CSV0000000000001046.csv,CAN_CSV0000000000015551.csv
CAN_CSV0000000000001046.csv,CAN_CSV0000000000015570.csv
CAN_CSV0000000000001046.csv,CAN_CSV0000000000001226.csv
CAN_CSV0000000000001046.csv,CAN_CSV0000000000013602.csv
CAN_CSV0000000000001046.csv,CAN_CSV0000000000005128.csv
CAN_CSV0000000000001046.csv,CAN_CSV0000000000001114.csv
CAN_CSV0000000000001046.csv,CAN_CSV0000000000012980.csv
CAN_CSV0000000000001046.csv,CAN_CSV0000000000006623.csv
CAN_CSV0000000000001046.csv,CAN_CSV0000000000000979.csv
CAN_CSV0000000000001046.csv,CAN_CSV0000000000005891.csv
CAN_CSV0000000000001046.csv,CAN_CSV0000000000005009.csv
CAN_CSV0000000000001046.csv,CAN_CSV0000000000000841.csv
CAN_CSV0000000000001046.csv,CAN_CSV0000000000013701.csv
CAN_CSV0000000000001046.csv,CAN_CSV0000000000012845.csv
CAN_CSV0000000000001046.csv,CAN_CSV0000000000013484.csv
CAN_CSV0000000000001046.csv,CAN_CSV0000000000013497.csv
CAN_CSV0000000000001046.csv,CAN_CSV0000000000001128.csv
CAN_CSV0000000000001046.csv,CAN_CSV0000000000005103.csv
CAN_CSV0000000000001046.csv,CAN_CSV0000000000014315.csv
CAN_CSV0000000000001046.csv,CAN_CSV0000000000013510.csv
CAN_CSV0000000000001046.csv,CAN_CSV0000000000013036.csv
CAN_CSV0000000000001046.csv,CAN_CSV0000000000027228.csv
CAN_CSV0000000000001046.csv,CAN_CSV0000000000005379.csv
CAN_CSV0000000000001051.csv,CAN_CSV0000000000005320.csv
CAN_CSV0000000000001051.csv,CAN_CSV0000000000000687.csv
CAN_CSV0000000000001051.csv,CAN_CSV0000000000000685.csv
CAN_CSV0000000000001051.csv,CAN_CSV0000000000005297.csv
CAN_CSV0000000000001051.csv,CAN_CSV0000000000027103.csv
CAN_CSV0000000000001051.csv,CAN_CSV0000000000005322.csv
CAN_CSV0000000000001051.csv,CAN_CSV0000000000005307.csv
CAN_CSV0000000000001051.csv,CAN_CSV0000000000000678.csv
CAN_CSV0000000000001051.csv,CAN_CSV0000000000005348.csv
CAN_CSV0000000000001051.csv,CAN_CSV0000000000005300.csv
CAN_CSV0000000000001051.csv,CAN_CSV0000000000000698.csv
CAN_CSV0000000000001051.csv,CAN_CSV0000000000000644.csv
CAN_CSV0000000000001052.csv,CAN_CSV0000000000005320.csv
CAN_CSV0000000000001052.csv,CAN_CSV0000000000000687.csv
CAN_CSV0000000000001052.csv,CAN_CSV0000000000000685.csv
CAN_CSV0000000000001052.csv,CAN_CSV0000000000005297.csv
CAN_CSV0000000000001052.csv,CAN_CSV0000000000027103.csv
CAN_CSV0000000000001052.csv,CAN_CSV0000000000005322.csv
CAN_CSV0000000000001052.csv,CAN_CSV0000000000000678.csv
CAN_CSV0000000000001052.csv,CAN_CSV0000000000005307.csv
CAN_CSV0000000000001052.csv,CAN_CSV0000000000005348.csv
CAN_CSV0000000000001052.csv,CAN_CSV0000000000005300.csv
CAN_CSV0000000000001052.csv,CAN_CSV0000000000000698.csv
CAN_CSV0000000000001052.csv,CAN_CSV0000000000000644.csv
CAN_CSV0000000000001058.csv,CAN_CSV0000000000013123.csv
CAN_CSV0000000000001058.csv,CAN_CSV0000000000013001.csv
CAN_CSV0000000000001058.csv,CAN_CSV0000000000002292.csv
CAN_CSV0000000000001058.csv,CAN_CSV0000000000027218.csv
CAN_CSV0000000000001058.csv,CAN_CSV0000000000005832.csv
CAN_CSV0000000000001058.csv,CAN_CSV0000000000013122.csv
CAN_CSV0000000000001058.csv,CAN_CSV0000000000005391.csv
CAN_CSV0000000000001058.csv,CAN_CSV0000000000012952.csv
CAN_CSV0000000000001058.csv,CAN_CSV0000000000027217.csv
CAN_CSV0000000000001058.csv,CAN_CSV0000000000005264.csv
CAN_CSV0000000000001058.csv,CAN_CSV0000000000013199.csv
CAN_CSV0000000000001058.csv,CAN_CSV0000000000013514.csv
CAN_CSV0000000000001058.csv,CAN_CSV0000000000013702.csv
CAN_CSV0000000000001058.csv,CAN_CSV0000000000013088.csv
CAN_CSV0000000000001058.csv,CAN_CSV0000000000013124.csv
CAN_CSV0000000000001058.csv,CAN_CSV0000000000004766.csv
CAN_CSV0000000000001058.csv,CAN_CSV0000000000013133.csv
CAN_CSV0000000000001058.csv,CAN_CSV0000000000000719.csv
CAN_CSV0000000000001058.csv,CAN_CSV0000000000005882.csv
CAN_CSV0000000000001058.csv,CAN_CSV0000000000013136.csv
CAN_CSV0000000000001058.csv,CAN_CSV0000000000013518.csv
CAN_CSV0000000000001058.csv,CAN_CSV0000000000002181.csv
CAN_CSV0000000000001058.csv,CAN_CSV0000000000005205.csv
CAN_CSV0000000000001058.csv,CAN_CSV0000000000005227.csv
CAN_CSV0000000000001058.csv,CAN_CSV0000000000000735.csv
CAN_CSV0000000000001058.csv,CAN_CSV0000000000013513.csv
CAN_CSV0000000000001058.csv,CAN_CSV0000000000000807.csv
CAN_CSV0000000000001058.csv,CAN_CSV0000000000013489.csv
CAN_CSV0000000000001058.csv,CAN_CSV0000000000027219.csv
CAN_CSV0000000000001058.csv,CAN_CSV0000000000000608.csv
CAN_CSV0000000000001058.csv,CAN_CSV0000000000013603.csv
CAN_CSV0000000000001058.csv,CAN_CSV0000000000013782.csv
CAN_CSV0000000000001058.csv,CAN_CSV0000000000000607.csv
CAN_CSV0000000000001058.csv,CAN_CSV0000000000015560.csv
CAN_CSV0000000000001058.csv,CAN_CSV0000000000000577.csv
CAN_CSV0000000000001058.csv,CAN_CSV0000000000005265.csv
CAN_CSV0000000000001058.csv,CAN_CSV0000000000000845.csv
CAN_CSV0000000000001058.csv,CAN_CSV0000000000000610.csv
CAN_CSV0000000000001058.csv,CAN_CSV0000000000001116.csv
CAN_CSV0000000000001058.csv,CAN_CSV0000000000004703.csv
CAN_CSV0000000000001058.csv,CAN_CSV0000000000015551.csv
CAN_CSV0000000000001058.csv,CAN_CSV0000000000015570.csv
CAN_CSV0000000000001058.csv,CAN_CSV0000000000001226.csv
CAN_CSV0000000000001058.csv,CAN_CSV0000000000013602.csv
CAN_CSV0000000000001058.csv,CAN_CSV0000000000005128.csv
CAN_CSV0000000000001058.csv,CAN_CSV0000000000001114.csv
CAN_CSV0000000000001058.csv,CAN_CSV0000000000012980.csv
CAN_CSV0000000000001058.csv,CAN_CSV0000000000013121.csv
CAN_CSV0000000000001058.csv,CAN_CSV0000000000013126.csv
CAN_CSV0000000000001058.csv,CAN_CSV0000000000005009.csv
CAN_CSV0000000000001058.csv,CAN_CSV0000000000013701.csv
CAN_CSV0000000000001058.csv,CAN_CSV0000000000013131.csv
CAN_CSV0000000000001058.csv,CAN_CSV0000000000012845.csv
CAN_CSV0000000000001058.csv,CAN_CSV0000000000013484.csv
CAN_CSV0000000000001058.csv,CAN_CSV0000000000000600.csv
CAN_CSV0000000000001058.csv,CAN_CSV0000000000013497.csv
CAN_CSV0000000000001058.csv,CAN_CSV0000000000027264.csv
CAN_CSV0000000000001058.csv,CAN_CSV0000000000005103.csv
CAN_CSV0000000000001058.csv,CAN_CSV0000000000014315.csv
CAN_CSV0000000000001058.csv,CAN_CSV0000000000001056.csv
CAN_CSV0000000000001058.csv,CAN_CSV0000000000013510.csv
CAN_CSV0000000000001058.csv,CAN_CSV0000000000000756.csv
CAN_CSV0000000000001058.csv,CAN_CSV0000000000013036.csv
CAN_CSV0000000000001058.csv,CAN_CSV0000000000013113.csv
CAN_CSV0000000000001058.csv,CAN_CSV0000000000013135.csv
CAN_CSV0000000000001058.csv,CAN_CSV0000000000027228.csv
CAN_CSV0000000000001058.csv,CAN_CSV0000000000005379.csv
CAN_CSV0000000000001065.csv,CAN_CSV0000000000013001.csv
CAN_CSV0000000000001065.csv,CAN_CSV0000000000002292.csv
CAN_CSV0000000000001065.csv,CAN_CSV0000000000027218.csv
CAN_CSV0000000000001065.csv,CAN_CSV0000000000005832.csv
CAN_CSV0000000000001065.csv,CAN_CSV0000000000005391.csv
CAN_CSV0000000000001065.csv,CAN_CSV0000000000012952.csv
CAN_CSV0000000000001065.csv,CAN_CSV0000000000013211.csv
CAN_CSV0000000000001065.csv,CAN_CSV0000000000027217.csv
CAN_CSV0000000000001065.csv,CAN_CSV0000000000013199.csv
CAN_CSV0000000000001065.csv,CAN_CSV0000000000013514.csv
CAN_CSV0000000000001065.csv,CAN_CSV0000000000013702.csv
CAN_CSV0000000000001065.csv,CAN_CSV0000000000005264.csv
CAN_CSV0000000000001065.csv,CAN_CSV0000000000001068.csv
CAN_CSV0000000000001065.csv,CAN_CSV0000000000004766.csv
CAN_CSV0000000000001065.csv,CAN_CSV0000000000000719.csv
CAN_CSV0000000000001065.csv,CAN_CSV0000000000013142.csv
CAN_CSV0000000000001065.csv,CAN_CSV0000000000013518.csv
CAN_CSV0000000000001065.csv,CAN_CSV0000000000002181.csv
CAN_CSV0000000000001065.csv,CAN_CSV0000000000005205.csv
CAN_CSV0000000000001065.csv,CAN_CSV0000000000005227.csv
CAN_CSV0000000000001065.csv,CAN_CSV0000000000013222.csv
CAN_CSV0000000000001065.csv,CAN_CSV0000000000000735.csv
CAN_CSV0000000000001065.csv,CAN_CSV0000000000013513.csv
CAN_CSV0000000000001065.csv,CAN_CSV0000000000027219.csv
CAN_CSV0000000000001065.csv,CAN_CSV0000000000013144.csv
CAN_CSV0000000000001065.csv,CAN_CSV0000000000013168.csv
CAN_CSV0000000000001065.csv,CAN_CSV0000000000000608.csv
CAN_CSV0000000000001065.csv,CAN_CSV0000000000013603.csv
CAN_CSV0000000000001065.csv,CAN_CSV0000000000013061.csv
CAN_CSV0000000000001065.csv,CAN_CSV0000000000013782.csv
CAN_CSV0000000000001065.csv,CAN_CSV0000000000015560.csv
CAN_CSV0000000000001065.csv,CAN_CSV0000000000005265.csv
CAN_CSV0000000000001065.csv,CAN_CSV0000000000000610.csv
CAN_CSV0000000000001065.csv,CAN_CSV0000000000001066.csv
CAN_CSV0000000000001065.csv,CAN_CSV0000000000000843.csv
CAN_CSV0000000000001065.csv,CAN_CSV0000000000001116.csv
CAN_CSV0000000000001065.csv,CAN_CSV0000000000004703.csv
CAN_CSV0000000000001065.csv,CAN_CSV0000000000015551.csv
CAN_CSV0000000000001065.csv,CAN_CSV0000000000015570.csv
CAN_CSV0000000000001065.csv,CAN_CSV0000000000001226.csv
CAN_CSV0000000000001065.csv,CAN_CSV0000000000013602.csv
CAN_CSV0000000000001065.csv,CAN_CSV0000000000005128.csv
CAN_CSV0000000000001065.csv,CAN_CSV0000000000001114.csv
CAN_CSV0000000000001065.csv,CAN_CSV0000000000012980.csv
CAN_CSV0000000000001065.csv,CAN_CSV0000000000013186.csv
CAN_CSV0000000000001065.csv,CAN_CSV0000000000005009.csv
CAN_CSV0000000000001065.csv,CAN_CSV0000000000013701.csv
CAN_CSV0000000000001065.csv,CAN_CSV0000000000012845.csv
CAN_CSV0000000000001065.csv,CAN_CSV0000000000013484.csv
CAN_CSV0000000000001065.csv,CAN_CSV0000000000013497.csv
CAN_CSV0000000000001065.csv,CAN_CSV0000000000005103.csv
CAN_CSV0000000000001065.csv,CAN_CSV0000000000014315.csv
CAN_CSV0000000000001065.csv,CAN_CSV0000000000013510.csv
CAN_CSV0000000000001065.csv,CAN_CSV0000000000013036.csv
CAN_CSV0000000000001065.csv,CAN_CSV0000000000013153.csv
CAN_CSV0000000000001065.csv,CAN_CSV0000000000013489.csv
CAN_CSV0000000000001065.csv,CAN_CSV0000000000027228.csv
CAN_CSV0000000000001065.csv,CAN_CSV0000000000005379.csv
CAN_CSV0000000000001090.csv,CAN_CSV0000000000013001.csv
CAN_CSV0000000000001090.csv,CAN_CSV0000000000002292.csv
CAN_CSV0000000000001090.csv,CAN_CSV0000000000027218.csv
CAN_CSV0000000000001090.csv,CAN_CSV0000000000005832.csv
CAN_CSV0000000000001090.csv,CAN_CSV0000000000001104.csv
CAN_CSV0000000000001090.csv,CAN_CSV0000000000005391.csv
CAN_CSV0000000000001090.csv,CAN_CSV0000000000012952.csv
CAN_CSV0000000000001090.csv,CAN_CSV0000000000027217.csv
CAN_CSV0000000000001090.csv,CAN_CSV0000000000005264.csv
CAN_CSV0000000000001090.csv,CAN_CSV0000000000013199.csv
CAN_CSV0000000000001090.csv,CAN_CSV0000000000013514.csv
CAN_CSV0000000000001090.csv,CAN_CSV0000000000013702.csv
CAN_CSV0000000000001090.csv,CAN_CSV0000000000001068.csv
CAN_CSV0000000000001090.csv,CAN_CSV0000000000004766.csv
CAN_CSV0000000000001090.csv,CAN_CSV0000000000000719.csv
CAN_CSV0000000000001090.csv,CAN_CSV0000000000013518.csv
CAN_CSV0000000000001090.csv,CAN_CSV0000000000002181.csv
CAN_CSV0000000000001090.csv,CAN_CSV0000000000005205.csv
CAN_CSV0000000000001090.csv,CAN_CSV0000000000005227.csv
CAN_CSV0000000000001090.csv,CAN_CSV0000000000000735.csv
CAN_CSV0000000000001090.csv,CAN_CSV0000000000013513.csv
CAN_CSV0000000000001090.csv,CAN_CSV0000000000004970.csv
CAN_CSV0000000000001090.csv,CAN_CSV0000000000001102.csv
CAN_CSV0000000000001090.csv,CAN_CSV0000000000027219.csv
CAN_CSV0000000000001090.csv,CAN_CSV0000000000000608.csv
CAN_CSV0000000000001090.csv,CAN_CSV0000000000013603.csv
CAN_CSV0000000000001090.csv,CAN_CSV0000000000013321.csv
CAN_CSV0000000000001090.csv,CAN_CSV0000000000013782.csv
CAN_CSV0000000000001090.csv,CAN_CSV0000000000015560.csv
CAN_CSV0000000000001090.csv,CAN_CSV0000000000001089.csv
CAN_CSV0000000000001090.csv,CAN_CSV0000000000005265.csv
CAN_CSV0000000000001090.csv,CAN_CSV0000000000000610.csv
CAN_CSV0000000000001090.csv,CAN_CSV0000000000001116.csv
CAN_CSV0000000000001090.csv,CAN_CSV0000000000004703.csv
CAN_CSV0000000000001090.csv,CAN_CSV0000000000015551.csv
CAN_CSV0000000000001090.csv,CAN_CSV0000000000015570.csv
CAN_CSV0000000000001090.csv,CAN_CSV0000000000001226.csv
CAN_CSV0000000000001090.csv,CAN_CSV0000000000013602.csv
CAN_CSV0000000000001090.csv,CAN_CSV0000000000005128.csv
CAN_CSV0000000000001090.csv,CAN_CSV0000000000001114.csv
CAN_CSV0000000000001090.csv,CAN_CSV0000000000001091.csv
CAN_CSV0000000000001090.csv,CAN_CSV0000000000012980.csv
CAN_CSV0000000000001090.csv,CAN_CSV0000000000004971.csv
CAN_CSV0000000000001090.csv,CAN_CSV0000000000013317.csv
CAN_CSV0000000000001090.csv,CAN_CSV0000000000005009.csv
CAN_CSV0000000000001090.csv,CAN_CSV0000000000014061.csv
CAN_CSV0000000000001090.csv,CAN_CSV0000000000014060.csv
CAN_CSV0000000000001090.csv,CAN_CSV0000000000013320.csv
CAN_CSV0000000000001090.csv,CAN_CSV0000000000013701.csv
CAN_CSV0000000000001090.csv,CAN_CSV0000000000013319.csv
CAN_CSV0000000000001090.csv,CAN_CSV0000000000012845.csv
CAN_CSV0000000000001090.csv,CAN_CSV0000000000013484.csv
CAN_CSV0000000000001090.csv,CAN_CSV0000000000013497.csv
CAN_CSV0000000000001090.csv,CAN_CSV0000000000004967.csv
CAN_CSV0000000000001090.csv,CAN_CSV0000000000005103.csv
CAN_CSV0000000000001090.csv,CAN_CSV0000000000014315.csv
CAN_CSV0000000000001090.csv,CAN_CSV0000000000013510.csv
CAN_CSV0000000000001090.csv,CAN_CSV0000000000013036.csv
CAN_CSV0000000000001090.csv,CAN_CSV0000000000013489.csv
CAN_CSV0000000000001090.csv,CAN_CSV0000000000027228.csv
CAN_CSV0000000000001090.csv,CAN_CSV0000000000005379.csv
CAN_CSV0000000000001119.csv,CAN_CSV0000000000005320.csv
CAN_CSV0000000000001119.csv,CAN_CSV0000000000000687.csv
CAN_CSV0000000000001119.csv,CAN_CSV0000000000000685.csv
CAN_CSV0000000000001119.csv,CAN_CSV0000000000005297.csv
CAN_CSV0000000000001119.csv,CAN_CSV0000000000027103.csv
CAN_CSV0000000000001119.csv,CAN_CSV0000000000005322.csv
CAN_CSV0000000000001119.csv,CAN_CSV0000000000000678.csv
CAN_CSV0000000000001119.csv,CAN_CSV0000000000005307.csv
CAN_CSV0000000000001119.csv,CAN_CSV0000000000005348.csv
CAN_CSV0000000000001119.csv,CAN_CSV0000000000005300.csv
CAN_CSV0000000000001119.csv,CAN_CSV0000000000000698.csv
CAN_CSV0000000000001119.csv,CAN_CSV0000000000000644.csv
CAN_CSV0000000000001123.csv,CAN_CSV0000000000005320.csv
CAN_CSV0000000000001123.csv,CAN_CSV0000000000000687.csv
CAN_CSV0000000000001123.csv,CAN_CSV0000000000000685.csv
CAN_CSV0000000000001123.csv,CAN_CSV0000000000027103.csv
CAN_CSV0000000000001123.csv,CAN_CSV0000000000005297.csv
CAN_CSV0000000000001123.csv,CAN_CSV0000000000005322.csv
CAN_CSV0000000000001123.csv,CAN_CSV0000000000005307.csv
CAN_CSV0000000000001123.csv,CAN_CSV0000000000000678.csv
CAN_CSV0000000000001123.csv,CAN_CSV0000000000005348.csv
CAN_CSV0000000000001123.csv,CAN_CSV0000000000005300.csv
CAN_CSV0000000000001123.csv,CAN_CSV0000000000000698.csv
CAN_CSV0000000000001123.csv,CAN_CSV0000000000000644.csv
CAN_CSV0000000000001140.csv,CAN_CSV0000000000005320.csv
CAN_CSV0000000000001140.csv,CAN_CSV0000000000000687.csv
CAN_CSV0000000000001140.csv,CAN_CSV0000000000000685.csv
CAN_CSV0000000000001140.csv,CAN_CSV0000000000005297.csv
CAN_CSV0000000000001140.csv,CAN_CSV0000000000027103.csv
CAN_CSV0000000000001140.csv,CAN_CSV0000000000005322.csv
CAN_CSV0000000000001140.csv,CAN_CSV0000000000005307.csv
CAN_CSV0000000000001140.csv,CAN_CSV0000000000000678.csv
CAN_CSV0000000000001140.csv,CAN_CSV0000000000005348.csv
CAN_CSV0000000000001140.csv,CAN_CSV0000000000005300.csv
CAN_CSV0000000000001140.csv,CAN_CSV0000000000000698.csv
CAN_CSV0000000000001140.csv,CAN_CSV0000000000000644.csv
CAN_CSV0000000000001142.csv,CAN_CSV0000000000005320.csv
CAN_CSV0000000000001142.csv,CAN_CSV0000000000000687.csv
CAN_CSV0000000000001142.csv,CAN_CSV0000000000000685.csv
CAN_CSV0000000000001142.csv,CAN_CSV0000000000005297.csv
CAN_CSV0000000000001142.csv,CAN_CSV0000000000027103.csv
CAN_CSV0000000000001142.csv,CAN_CSV0000000000005322.csv
CAN_CSV0000000000001142.csv,CAN_CSV0000000000000678.csv
CAN_CSV0000000000001142.csv,CAN_CSV0000000000005307.csv
CAN_CSV0000000000001142.csv,CAN_CSV0000000000005348.csv
CAN_CSV0000000000001142.csv,CAN_CSV0000000000005300.csv
CAN_CSV0000000000001142.csv,CAN_CSV0000000000000698.csv
CAN_CSV0000000000001142.csv,CAN_CSV0000000000000644.csv
CAN_CSV0000000000001143.csv,CAN_CSV0000000000005320.csv
CAN_CSV0000000000001143.csv,CAN_CSV0000000000000687.csv
CAN_CSV0000000000001143.csv,CAN_CSV0000000000000685.csv
CAN_CSV0000000000001143.csv,CAN_CSV0000000000005297.csv
CAN_CSV0000000000001143.csv,CAN_CSV0000000000027103.csv
CAN_CSV0000000000001143.csv,CAN_CSV0000000000005322.csv
CAN_CSV0000000000001143.csv,CAN_CSV0000000000005307.csv
CAN_CSV0000000000001143.csv,CAN_CSV0000000000000678.csv
CAN_CSV0000000000001143.csv,CAN_CSV0000000000005348.csv
CAN_CSV0000000000001143.csv,CAN_CSV0000000000005300.csv
CAN_CSV0000000000001143.csv,CAN_CSV0000000000000698.csv
CAN_CSV0000000000001143.csv,CAN_CSV0000000000000644.csv
CAN_CSV0000000000001147.csv,CAN_CSV0000000000005320.csv
CAN_CSV0000000000001147.csv,CAN_CSV0000000000000687.csv
CAN_CSV0000000000001147.csv,CAN_CSV0000000000000685.csv
CAN_CSV0000000000001147.csv,CAN_CSV0000000000005297.csv
CAN_CSV0000000000001147.csv,CAN_CSV0000000000027103.csv
CAN_CSV0000000000001147.csv,CAN_CSV0000000000005322.csv
CAN_CSV0000000000001147.csv,CAN_CSV0000000000005307.csv
CAN_CSV0000000000001147.csv,CAN_CSV0000000000000678.csv
CAN_CSV0000000000001147.csv,CAN_CSV0000000000005348.csv
CAN_CSV0000000000001147.csv,CAN_CSV0000000000005300.csv
CAN_CSV0000000000001147.csv,CAN_CSV0000000000000698.csv
CAN_CSV0000000000001147.csv,CAN_CSV0000000000000644.csv
CAN_CSV0000000000001148.csv,CAN_CSV0000000000005320.csv
CAN_CSV0000000000001148.csv,CAN_CSV0000000000000687.csv
CAN_CSV0000000000001148.csv,CAN_CSV0000000000000685.csv
CAN_CSV0000000000001148.csv,CAN_CSV0000000000005297.csv
CAN_CSV0000000000001148.csv,CAN_CSV0000000000027103.csv
CAN_CSV0000000000001148.csv,CAN_CSV0000000000005322.csv
CAN_CSV0000000000001148.csv,CAN_CSV0000000000000678.csv
CAN_CSV0000000000001148.csv,CAN_CSV0000000000005307.csv
CAN_CSV0000000000001148.csv,CAN_CSV0000000000005348.csv
CAN_CSV0000000000001148.csv,CAN_CSV0000000000005300.csv
CAN_CSV0000000000001148.csv,CAN_CSV0000000000000698.csv
CAN_CSV0000000000001148.csv,CAN_CSV0000000000000644.csv
CAN_CSV0000000000001149.csv,CAN_CSV0000000000005320.csv
CAN_CSV0000000000001149.csv,CAN_CSV0000000000000687.csv
CAN_CSV0000000000001149.csv,CAN_CSV0000000000000685.csv
CAN_CSV0000000000001149.csv,CAN_CSV0000000000005297.csv
CAN_CSV0000000000001149.csv,CAN_CSV0000000000027103.csv
CAN_CSV0000000000001149.csv,CAN_CSV0000000000005322.csv
CAN_CSV0000000000001149.csv,CAN_CSV0000000000005307.csv
CAN_CSV0000000000001149.csv,CAN_CSV0000000000000678.csv
CAN_CSV0000000000001149.csv,CAN_CSV0000000000005348.csv
CAN_CSV0000000000001149.csv,CAN_CSV0000000000005300.csv
CAN_CSV0000000000001149.csv,CAN_CSV0000000000000698.csv
CAN_CSV0000000000001149.csv,CAN_CSV0000000000000644.csv
CAN_CSV0000000000001153.csv,CAN_CSV0000000000005320.csv
CAN_CSV0000000000001153.csv,CAN_CSV0000000000000687.csv
CAN_CSV0000000000001153.csv,CAN_CSV0000000000000685.csv
CAN_CSV0000000000001153.csv,CAN_CSV0000000000027103.csv
CAN_CSV0000000000001153.csv,CAN_CSV0000000000005297.csv
CAN_CSV0000000000001153.csv,CAN_CSV0000000000005322.csv
CAN_CSV0000000000001153.csv,CAN_CSV0000000000000678.csv
CAN_CSV0000000000001153.csv,CAN_CSV0000000000005307.csv
CAN_CSV0000000000001153.csv,CAN_CSV0000000000005348.csv
CAN_CSV0000000000001153.csv,CAN_CSV0000000000005300.csv
CAN_CSV0000000000001153.csv,CAN_CSV0000000000000698.csv
CAN_CSV0000000000001153.csv,CAN_CSV0000000000000644.csv
CAN_CSV0000000000001157.csv,CAN_CSV0000000000005320.csv
CAN_CSV0000000000001157.csv,CAN_CSV0000000000000687.csv
CAN_CSV0000000000001157.csv,CAN_CSV0000000000000685.csv
CAN_CSV0000000000001157.csv,CAN_CSV0000000000005297.csv
CAN_CSV0000000000001157.csv,CAN_CSV0000000000027103.csv
CAN_CSV0000000000001157.csv,CAN_CSV0000000000005322.csv
CAN_CSV0000000000001157.csv,CAN_CSV0000000000005307.csv
CAN_CSV0000000000001157.csv,CAN_CSV0000000000000678.csv
CAN_CSV0000000000001157.csv,CAN_CSV0000000000005348.csv
CAN_CSV0000000000001157.csv,CAN_CSV0000000000005300.csv
CAN_CSV0000000000001157.csv,CAN_CSV0000000000000698.csv
CAN_CSV0000000000001157.csv,CAN_CSV0000000000000644.csv
CAN_CSV0000000000001159.csv,CAN_CSV0000000000005320.csv
CAN_CSV0000000000001159.csv,CAN_CSV0000000000000687.csv
CAN_CSV0000000000001159.csv,CAN_CSV0000000000000685.csv
CAN_CSV0000000000001159.csv,CAN_CSV0000000000027103.csv
CAN_CSV0000000000001159.csv,CAN_CSV0000000000005297.csv
CAN_CSV0000000000001159.csv,CAN_CSV0000000000005322.csv
CAN_CSV0000000000001159.csv,CAN_CSV0000000000005307.csv
CAN_CSV0000000000001159.csv,CAN_CSV0000000000000678.csv
CAN_CSV0000000000001159.csv,CAN_CSV0000000000005348.csv
CAN_CSV0000000000001159.csv,CAN_CSV0000000000005300.csv
CAN_CSV0000000000001159.csv,CAN_CSV0000000000000698.csv
CAN_CSV0000000000001159.csv,CAN_CSV0000000000000644.csv
CAN_CSV0000000000001185.csv,CAN_CSV0000000000013001.csv
CAN_CSV0000000000001185.csv,CAN_CSV0000000000002292.csv
CAN_CSV0000000000001185.csv,CAN_CSV0000000000027218.csv
CAN_CSV0000000000001185.csv,CAN_CSV0000000000005832.csv
CAN_CSV0000000000001185.csv,CAN_CSV0000000000005391.csv
CAN_CSV0000000000001185.csv,CAN_CSV0000000000012952.csv
CAN_CSV0000000000001185.csv,CAN_CSV0000000000027217.csv
CAN_CSV0000000000001185.csv,CAN_CSV0000000000005264.csv
CAN_CSV0000000000001185.csv,CAN_CSV0000000000013199.csv
CAN_CSV0000000000001185.csv,CAN_CSV0000000000013514.csv
CAN_CSV0000000000001185.csv,CAN_CSV0000000000013702.csv
CAN_CSV0000000000001185.csv,CAN_CSV0000000000001186.csv
CAN_CSV0000000000001185.csv,CAN_CSV0000000000000719.csv
CAN_CSV0000000000001185.csv,CAN_CSV0000000000004766.csv
CAN_CSV0000000000001185.csv,CAN_CSV0000000000013518.csv
CAN_CSV0000000000001185.csv,CAN_CSV0000000000002181.csv
CAN_CSV0000000000001185.csv,CAN_CSV0000000000005205.csv
CAN_CSV0000000000001185.csv,CAN_CSV0000000000005227.csv
CAN_CSV0000000000001185.csv,CAN_CSV0000000000000735.csv
CAN_CSV0000000000001185.csv,CAN_CSV0000000000013513.csv
CAN_CSV0000000000001185.csv,CAN_CSV0000000000027219.csv
CAN_CSV0000000000001185.csv,CAN_CSV0000000000013489.csv
CAN_CSV0000000000001185.csv,CAN_CSV0000000000000608.csv
CAN_CSV0000000000001185.csv,CAN_CSV0000000000013603.csv
CAN_CSV0000000000001185.csv,CAN_CSV0000000000013782.csv
CAN_CSV0000000000001185.csv,CAN_CSV0000000000015560.csv
CAN_CSV0000000000001185.csv,CAN_CSV0000000000005265.csv
CAN_CSV0000000000001185.csv,CAN_CSV0000000000000610.csv
CAN_CSV0000000000001185.csv,CAN_CSV0000000000000843.csv
CAN_CSV0000000000001185.csv,CAN_CSV0000000000001116.csv
CAN_CSV0000000000001185.csv,CAN_CSV0000000000000893.csv
CAN_CSV0000000000001185.csv,CAN_CSV0000000000004703.csv
CAN_CSV0000000000001185.csv,CAN_CSV0000000000001173.csv
CAN_CSV0000000000001185.csv,CAN_CSV0000000000015551.csv
CAN_CSV0000000000001185.csv,CAN_CSV0000000000015570.csv
CAN_CSV0000000000001185.csv,CAN_CSV0000000000001226.csv
CAN_CSV0000000000001185.csv,CAN_CSV0000000000006699.csv
CAN_CSV0000000000001185.csv,CAN_CSV0000000000013602.csv
CAN_CSV0000000000001185.csv,CAN_CSV0000000000000848.csv
CAN_CSV0000000000001185.csv,CAN_CSV0000000000005128.csv
CAN_CSV0000000000001185.csv,CAN_CSV0000000000001114.csv
CAN_CSV0000000000001185.csv,CAN_CSV0000000000012980.csv
CAN_CSV0000000000001185.csv,CAN_CSV0000000000013992.csv
CAN_CSV0000000000001185.csv,CAN_CSV0000000000006701.csv
CAN_CSV0000000000001185.csv,CAN_CSV0000000000007213.csv
CAN_CSV0000000000001185.csv,CAN_CSV0000000000005009.csv
CAN_CSV0000000000001185.csv,CAN_CSV0000000000001075.csv
CAN_CSV0000000000001185.csv,CAN_CSV0000000000013701.csv
CAN_CSV0000000000001185.csv,CAN_CSV0000000000012845.csv
CAN_CSV0000000000001185.csv,CAN_CSV0000000000027097.csv
CAN_CSV0000000000001185.csv,CAN_CSV0000000000013484.csv
CAN_CSV0000000000001185.csv,CAN_CSV0000000000027071.csv
CAN_CSV0000000000001185.csv,CAN_CSV0000000000013497.csv
CAN_CSV0000000000001185.csv,CAN_CSV0000000000005103.csv
CAN_CSV0000000000001185.csv,CAN_CSV0000000000014315.csv
CAN_CSV0000000000001185.csv,CAN_CSV0000000000001074.csv
CAN_CSV0000000000001185.csv,CAN_CSV0000000000015712.csv
CAN_CSV0000000000001185.csv,CAN_CSV0000000000000922.csv
CAN_CSV0000000000001185.csv,CAN_CSV0000000000001193.csv
CAN_CSV0000000000001185.csv,CAN_CSV0000000000013510.csv
CAN_CSV0000000000001185.csv,CAN_CSV0000000000013036.csv
CAN_CSV0000000000001185.csv,CAN_CSV0000000000027228.csv
CAN_CSV0000000000001185.csv,CAN_CSV0000000000005379.csv
CAN_CSV0000000000001185.csv,CAN_CSV0000000000000888.csv
CAN_CSV0000000000001198.csv,CAN_CSV0000000000013001.csv
CAN_CSV0000000000001198.csv,CAN_CSV0000000000002292.csv
CAN_CSV0000000000001198.csv,CAN_CSV0000000000006102.csv
CAN_CSV0000000000001198.csv,CAN_CSV0000000000005832.csv
CAN_CSV0000000000001198.csv,CAN_CSV0000000000027218.csv
CAN_CSV0000000000001198.csv,CAN_CSV0000000000005391.csv
CAN_CSV0000000000001198.csv,CAN_CSV0000000000012952.csv
CAN_CSV0000000000001198.csv,CAN_CSV0000000000027217.csv
CAN_CSV0000000000001198.csv,CAN_CSV0000000000005264.csv
CAN_CSV0000000000001198.csv,CAN_CSV0000000000013199.csv
CAN_CSV0000000000001198.csv,CAN_CSV0000000000013514.csv
CAN_CSV0000000000001198.csv,CAN_CSV0000000000013702.csv
CAN_CSV0000000000001198.csv,CAN_CSV0000000000004766.csv
CAN_CSV0000000000001198.csv,CAN_CSV0000000000000719.csv
CAN_CSV0000000000001198.csv,CAN_CSV0000000000013518.csv
CAN_CSV0000000000001198.csv,CAN_CSV0000000000002181.csv
CAN_CSV0000000000001198.csv,CAN_CSV0000000000005205.csv
CAN_CSV0000000000001198.csv,CAN_CSV0000000000005227.csv
CAN_CSV0000000000001198.csv,CAN_CSV0000000000000735.csv
CAN_CSV0000000000001198.csv,CAN_CSV0000000000013513.csv
CAN_CSV0000000000001198.csv,CAN_CSV0000000000004970.csv
CAN_CSV0000000000001198.csv,CAN_CSV0000000000027219.csv
CAN_CSV0000000000001198.csv,CAN_CSV0000000000001199.csv
CAN_CSV0000000000001198.csv,CAN_CSV0000000000013489.csv
CAN_CSV0000000000001198.csv,CAN_CSV0000000000000608.csv
CAN_CSV0000000000001198.csv,CAN_CSV0000000000027188.csv
CAN_CSV0000000000001198.csv,CAN_CSV0000000000013603.csv
CAN_CSV0000000000001198.csv,CAN_CSV0000000000013965.csv
CAN_CSV0000000000001198.csv,CAN_CSV0000000000013782.csv
CAN_CSV0000000000001198.csv,CAN_CSV0000000000001236.csv
CAN_CSV0000000000001198.csv,CAN_CSV0000000000015560.csv
CAN_CSV0000000000001198.csv,CAN_CSV0000000000005265.csv
CAN_CSV0000000000001198.csv,CAN_CSV0000000000000894.csv
CAN_CSV0000000000001198.csv,CAN_CSV0000000000000610.csv
CAN_CSV0000000000001198.csv,CAN_CSV0000000000001116.csv
CAN_CSV0000000000001198.csv,CAN_CSV0000000000000474.csv
CAN_CSV0000000000001198.csv,CAN_CSV0000000000004703.csv
CAN_CSV0000000000001198.csv,CAN_CSV0000000000015551.csv
CAN_CSV0000000000001198.csv,CAN_CSV0000000000015570.csv
CAN_CSV0000000000001198.csv,CAN_CSV0000000000005379.csv
CAN_CSV0000000000001198.csv,CAN_CSV0000000000013602.csv
CAN_CSV0000000000001198.csv,CAN_CSV0000000000001197.csv
CAN_CSV0000000000001198.csv,CAN_CSV0000000000001226.csv
CAN_CSV0000000000001198.csv,CAN_CSV0000000000001183.csv
CAN_CSV0000000000001198.csv,CAN_CSV0000000000005128.csv
CAN_CSV0000000000001198.csv,CAN_CSV0000000000001114.csv
CAN_CSV0000000000001198.csv,CAN_CSV0000000000012980.csv
CAN_CSV0000000000001198.csv,CAN_CSV0000000000004971.csv
CAN_CSV0000000000001198.csv,CAN_CSV0000000000005009.csv
CAN_CSV0000000000001198.csv,CAN_CSV0000000000013701.csv
CAN_CSV0000000000001198.csv,CAN_CSV0000000000027184.csv
CAN_CSV0000000000001198.csv,CAN_CSV0000000000012845.csv
CAN_CSV0000000000001198.csv,CAN_CSV0000000000013484.csv
CAN_CSV0000000000001198.csv,CAN_CSV0000000000013497.csv
CAN_CSV0000000000001198.csv,CAN_CSV0000000000000736.csv
CAN_CSV0000000000001198.csv,CAN_CSV0000000000005103.csv
CAN_CSV0000000000001198.csv,CAN_CSV0000000000014315.csv
CAN_CSV0000000000001198.csv,CAN_CSV0000000000006973.csv
CAN_CSV0000000000001198.csv,CAN_CSV0000000000013510.csv
CAN_CSV0000000000001198.csv,CAN_CSV0000000000013036.csv
CAN_CSV0000000000001198.csv,CAN_CSV0000000000001213.csv
CAN_CSV0000000000001198.csv,CAN_CSV0000000000027228.csv
CAN_CSV0000000000001198.csv,CAN_CSV0000000000000559.csv
CAN_CSV0000000000001217.csv,CAN_CSV0000000000001232.csv
CAN_CSV0000000000001217.csv,CAN_CSV0000000000013001.csv
CAN_CSV0000000000001217.csv,CAN_CSV0000000000002292.csv
CAN_CSV0000000000001217.csv,CAN_CSV0000000000027218.csv
CAN_CSV0000000000001217.csv,CAN_CSV0000000000005832.csv
CAN_CSV0000000000001217.csv,CAN_CSV0000000000005391.csv
CAN_CSV0000000000001217.csv,CAN_CSV0000000000012952.csv
CAN_CSV0000000000001217.csv,CAN_CSV0000000000027217.csv
CAN_CSV0000000000001217.csv,CAN_CSV0000000000005264.csv
CAN_CSV0000000000001217.csv,CAN_CSV0000000000013199.csv
CAN_CSV0000000000001217.csv,CAN_CSV0000000000013514.csv
CAN_CSV0000000000001217.csv,CAN_CSV0000000000013702.csv
CAN_CSV0000000000001217.csv,CAN_CSV0000000000001230.csv
CAN_CSV0000000000001217.csv,CAN_CSV0000000000014319.csv
CAN_CSV0000000000001217.csv,CAN_CSV0000000000000719.csv
CAN_CSV0000000000001217.csv,CAN_CSV0000000000004766.csv
CAN_CSV0000000000001217.csv,CAN_CSV0000000000013518.csv
CAN_CSV0000000000001217.csv,CAN_CSV0000000000001229.csv
CAN_CSV0000000000001217.csv,CAN_CSV0000000000002181.csv
CAN_CSV0000000000001217.csv,CAN_CSV0000000000005205.csv
CAN_CSV0000000000001217.csv,CAN_CSV0000000000005227.csv
CAN_CSV0000000000001217.csv,CAN_CSV0000000000001223.csv
CAN_CSV0000000000001217.csv,CAN_CSV0000000000013513.csv
CAN_CSV0000000000001217.csv,CAN_CSV0000000000000735.csv
CAN_CSV0000000000001217.csv,CAN_CSV0000000000027219.csv
CAN_CSV0000000000001217.csv,CAN_CSV0000000000000608.csv
CAN_CSV0000000000001217.csv,CAN_CSV0000000000013603.csv
CAN_CSV0000000000001217.csv,CAN_CSV0000000000001219.csv
CAN_CSV0000000000001217.csv,CAN_CSV0000000000013782.csv
CAN_CSV0000000000001217.csv,CAN_CSV0000000000001222.csv
CAN_CSV0000000000001217.csv,CAN_CSV0000000000001236.csv
CAN_CSV0000000000001217.csv,CAN_CSV0000000000015560.csv
CAN_CSV0000000000001217.csv,CAN_CSV0000000000005265.csv
CAN_CSV0000000000001217.csv,CAN_CSV0000000000000610.csv
CAN_CSV0000000000001217.csv,CAN_CSV0000000000001116.csv
CAN_CSV0000000000001217.csv,CAN_CSV0000000000004703.csv
CAN_CSV0000000000001217.csv,CAN_CSV0000000000015551.csv
CAN_CSV0000000000001217.csv,CAN_CSV0000000000015570.csv
CAN_CSV0000000000001217.csv,CAN_CSV0000000000001226.csv
CAN_CSV0000000000001217.csv,CAN_CSV0000000000013602.csv
CAN_CSV0000000000001217.csv,CAN_CSV0000000000005128.csv
CAN_CSV0000000000001217.csv,CAN_CSV0000000000014316.csv
CAN_CSV0000000000001217.csv,CAN_CSV0000000000001114.csv
CAN_CSV0000000000001217.csv,CAN_CSV0000000000012980.csv
CAN_CSV0000000000001217.csv,CAN_CSV0000000000001231.csv
CAN_CSV0000000000001217.csv,CAN_CSV0000000000001227.csv
CAN_CSV0000000000001217.csv,CAN_CSV0000000000014314.csv
CAN_CSV0000000000001217.csv,CAN_CSV0000000000005009.csv
CAN_CSV0000000000001217.csv,CAN_CSV0000000000013701.csv
CAN_CSV0000000000001217.csv,CAN_CSV0000000000001221.csv
CAN_CSV0000000000001217.csv,CAN_CSV0000000000012845.csv
CAN_CSV0000000000001217.csv,CAN_CSV0000000000013484.csv
CAN_CSV0000000000001217.csv,CAN_CSV0000000000013497.csv
CAN_CSV0000000000001217.csv,CAN_CSV0000000000001233.csv
CAN_CSV0000000000001217.csv,CAN_CSV0000000000005103.csv
CAN_CSV0000000000001217.csv,CAN_CSV0000000000014315.csv
CAN_CSV0000000000001217.csv,CAN_CSV0000000000013510.csv
CAN_CSV0000000000001217.csv,CAN_CSV0000000000013036.csv
CAN_CSV0000000000001217.csv,CAN_CSV0000000000013489.csv
CAN_CSV0000000000001217.csv,CAN_CSV0000000000027228.csv
CAN_CSV0000000000001217.csv,CAN_CSV0000000000005379.csv
CAN_CSV0000000000001242.csv,CAN_CSV0000000000013001.csv
CAN_CSV0000000000001242.csv,CAN_CSV0000000000002292.csv
CAN_CSV0000000000001242.csv,CAN_CSV0000000000027218.csv
CAN_CSV0000000000001242.csv,CAN_CSV0000000000005832.csv
CAN_CSV0000000000001242.csv,CAN_CSV0000000000005391.csv
CAN_CSV0000000000001242.csv,CAN_CSV0000000000002293.csv
CAN_CSV0000000000001242.csv,CAN_CSV0000000000000949.csv
CAN_CSV0000000000001242.csv,CAN_CSV0000000000012952.csv
CAN_CSV0000000000001242.csv,CAN_CSV0000000000027217.csv
CAN_CSV0000000000001242.csv,CAN_CSV0000000000005264.csv
CAN_CSV0000000000001242.csv,CAN_CSV0000000000013199.csv
CAN_CSV0000000000001242.csv,CAN_CSV0000000000013514.csv
CAN_CSV0000000000001242.csv,CAN_CSV0000000000013702.csv
CAN_CSV0000000000001242.csv,CAN_CSV0000000000002295.csv
CAN_CSV0000000000001242.csv,CAN_CSV0000000000004766.csv
CAN_CSV0000000000001242.csv,CAN_CSV0000000000000719.csv
CAN_CSV0000000000001242.csv,CAN_CSV0000000000013518.csv
CAN_CSV0000000000001242.csv,CAN_CSV0000000000002181.csv
CAN_CSV0000000000001242.csv,CAN_CSV0000000000005205.csv
CAN_CSV0000000000001242.csv,CAN_CSV0000000000005227.csv
CAN_CSV0000000000001242.csv,CAN_CSV0000000000000735.csv
CAN_CSV0000000000001242.csv,CAN_CSV0000000000013513.csv
CAN_CSV0000000000001242.csv,CAN_CSV0000000000001247.csv
CAN_CSV0000000000001242.csv,CAN_CSV0000000000027219.csv
CAN_CSV0000000000001242.csv,CAN_CSV0000000000000608.csv
CAN_CSV0000000000001242.csv,CAN_CSV0000000000013603.csv
CAN_CSV0000000000001242.csv,CAN_CSV0000000000013782.csv
CAN_CSV0000000000001242.csv,CAN_CSV0000000000015560.csv
CAN_CSV0000000000001242.csv,CAN_CSV0000000000001243.csv
CAN_CSV0000000000001242.csv,CAN_CSV0000000000005265.csv
CAN_CSV0000000000001242.csv,CAN_CSV0000000000000610.csv
CAN_CSV0000000000001242.csv,CAN_CSV0000000000001251.csv
CAN_CSV0000000000001242.csv,CAN_CSV0000000000001116.csv
CAN_CSV0000000000001242.csv,CAN_CSV0000000000012442.csv
CAN_CSV0000000000001242.csv,CAN_CSV0000000000001241.csv
CAN_CSV0000000000001242.csv,CAN_CSV0000000000004703.csv
CAN_CSV0000000000001242.csv,CAN_CSV0000000000015551.csv
CAN_CSV0000000000001242.csv,CAN_CSV0000000000015570.csv
CAN_CSV0000000000001242.csv,CAN_CSV0000000000001226.csv
CAN_CSV0000000000001242.csv,CAN_CSV0000000000013602.csv
CAN_CSV0000000000001242.csv,CAN_CSV0000000000005128.csv
CAN_CSV0000000000001242.csv,CAN_CSV0000000000001114.csv
CAN_CSV0000000000001242.csv,CAN_CSV0000000000012980.csv
CAN_CSV0000000000001242.csv,CAN_CSV0000000000005009.csv
CAN_CSV0000000000001242.csv,CAN_CSV0000000000013701.csv
CAN_CSV0000000000001242.csv,CAN_CSV0000000000012845.csv
CAN_CSV0000000000001242.csv,CAN_CSV0000000000013484.csv
CAN_CSV0000000000001242.csv,CAN_CSV0000000000013497.csv
CAN_CSV0000000000001242.csv,CAN_CSV0000000000001233.csv
CAN_CSV0000000000001242.csv,CAN_CSV0000000000005103.csv
CAN_CSV0000000000001242.csv,CAN_CSV0000000000014315.csv
CAN_CSV0000000000001242.csv,CAN_CSV0000000000013510.csv
CAN_CSV0000000000001242.csv,CAN_CSV0000000000013036.csv
CAN_CSV0000000000001242.csv,CAN_CSV0000000000001248.csv
CAN_CSV0000000000001242.csv,CAN_CSV0000000000013489.csv
CAN_CSV0000000000001242.csv,CAN_CSV0000000000027228.csv
CAN_CSV0000000000001242.csv,CAN_CSV0000000000005379.csv
CAN_CSV0000000000001286.csv,CAN_CSV0000000000027430.csv
CAN_CSV0000000000001286.csv,CAN_CSV0000000000014562.csv
CAN_CSV0000000000001286.csv,CAN_CSV0000000000001230.csv
CAN_CSV0000000000001286.csv,CAN_CSV0000000000014580.csv
CAN_CSV0000000000001286.csv,CAN_CSV0000000000000478.csv
CAN_CSV0000000000001286.csv,CAN_CSV0000000000001298.csv
CAN_CSV0000000000001286.csv,CAN_CSV0000000000014595.csv
CAN_CSV0000000000001286.csv,CAN_CSV0000000000001285.csv
CAN_CSV0000000000001286.csv,CAN_CSV0000000000014594.csv
CAN_CSV0000000000001286.csv,CAN_CSV0000000000014581.csv
CAN_CSV0000000000001286.csv,CAN_CSV0000000000001287.csv
CAN_CSV0000000000001286.csv,CAN_CSV0000000000001260.csv
CAN_CSV0000000000001286.csv,CAN_CSV0000000000002459.csv
CAN_CSV0000000000001286.csv,CAN_CSV0000000000001293.csv
CAN_CSV0000000000001286.csv,CAN_CSV0000000000001284.csv
CAN_CSV0000000000001286.csv,CAN_CSV0000000000001282.csv
CAN_CSV0000000000001286.csv,CAN_CSV0000000000001267.csv
CAN_CSV0000000000001286.csv,CAN_CSV0000000000014583.csv
CAN_CSV0000000000001286.csv,CAN_CSV0000000000001217.csv
CAN_CSV0000000000001301.csv,CAN_CSV0000000000014546.csv
CAN_CSV0000000000001301.csv,CAN_CSV0000000000014562.csv
CAN_CSV0000000000001301.csv,CAN_CSV0000000000014580.csv
CAN_CSV0000000000001301.csv,CAN_CSV0000000000001298.csv
CAN_CSV0000000000001301.csv,CAN_CSV0000000000014595.csv
CAN_CSV0000000000001301.csv,CAN_CSV0000000000014549.csv
CAN_CSV0000000000001301.csv,CAN_CSV0000000000014561.csv
CAN_CSV0000000000001301.csv,CAN_CSV0000000000001285.csv
CAN_CSV0000000000001301.csv,CAN_CSV0000000000014594.csv
CAN_CSV0000000000001301.csv,CAN_CSV0000000000014581.csv
CAN_CSV0000000000001301.csv,CAN_CSV0000000000001287.csv
CAN_CSV0000000000001301.csv,CAN_CSV0000000000001260.csv
CAN_CSV0000000000001301.csv,CAN_CSV0000000000002459.csv
CAN_CSV0000000000001301.csv,CAN_CSV0000000000014547.csv
CAN_CSV0000000000001301.csv,CAN_CSV0000000000001284.csv
CAN_CSV0000000000001301.csv,CAN_CSV0000000000001257.csv
CAN_CSV0000000000001301.csv,CAN_CSV0000000000001282.csv
CAN_CSV0000000000001301.csv,CAN_CSV0000000000001267.csv
CAN_CSV0000000000001301.csv,CAN_CSV0000000000001266.csv
CAN_CSV0000000000001301.csv,CAN_CSV0000000000001259.csv
CAN_CSV0000000000001301.csv,CAN_CSV0000000000014583.csv
CAN_CSV0000000000001306.csv,CAN_CSV0000000000014758.csv
CAN_CSV0000000000001306.csv,CAN_CSV0000000000001308.csv
CAN_CSV0000000000001306.csv,CAN_CSV0000000000014747.csv
CAN_CSV0000000000001306.csv,CAN_CSV0000000000014736.csv
CAN_CSV0000000000001306.csv,CAN_CSV0000000000014749.csv
CAN_CSV0000000000001306.csv,CAN_CSV0000000000014745.csv
CAN_CSV0000000000001310.csv,CAN_CSV0000000000017175.csv
CAN_CSV0000000000001310.csv,CAN_CSV0000000000001758.csv
CAN_CSV0000000000001310.csv,CAN_CSV0000000000009592.csv
CAN_CSV0000000000001310.csv,CAN_CSV0000000000001326.csv
CAN_CSV0000000000001310.csv,CAN_CSV0000000000027369.csv
CAN_CSV0000000000001310.csv,CAN_CSV0000000000027335.csv
CAN_CSV0000000000001310.csv,CAN_CSV0000000000002124.csv
CAN_CSV0000000000001310.csv,CAN_CSV0000000000001441.csv
CAN_CSV0000000000001310.csv,CAN_CSV0000000000023322.csv
CAN_CSV0000000000001310.csv,CAN_CSV0000000000001995.csv
CAN_CSV0000000000001317.csv,CAN_CSV0000000000019167.csv
CAN_CSV0000000000001317.csv,CAN_CSV0000000000001455.csv
CAN_CSV0000000000001317.csv,CAN_CSV0000000000008359.csv
CAN_CSV0000000000001317.csv,CAN_CSV0000000000027334.csv
CAN_CSV0000000000001317.csv,CAN_CSV0000000000009606.csv
CAN_CSV0000000000001317.csv,CAN_CSV0000000000012197.csv
CAN_CSV0000000000001317.csv,CAN_CSV0000000000021195.csv
CAN_CSV0000000000001317.csv,CAN_CSV0000000000017236.csv
CAN_CSV0000000000001317.csv,CAN_CSV0000000000011295.csv
CAN_CSV0000000000001317.csv,CAN_CSV0000000000022917.csv
CAN_CSV0000000000001317.csv,CAN_CSV0000000000007431.csv
CAN_CSV0000000000001317.csv,CAN_CSV0000000000022699.csv
CAN_CSV0000000000001317.csv,CAN_CSV0000000000001454.csv
CAN_CSV0000000000001317.csv,CAN_CSV0000000000002062.csv
CAN_CSV0000000000001317.csv,CAN_CSV0000000000001676.csv
CAN_CSV0000000000001317.csv,CAN_CSV0000000000001457.csv
CAN_CSV0000000000001317.csv,CAN_CSV0000000000002121.csv
CAN_CSV0000000000001317.csv,CAN_CSV0000000000002014.csv
CAN_CSV0000000000001317.csv,CAN_CSV0000000000008751.csv
CAN_CSV0000000000001317.csv,CAN_CSV0000000000001890.csv
CAN_CSV0000000000001317.csv,CAN_CSV0000000000012087.csv
CAN_CSV0000000000001317.csv,CAN_CSV0000000000018607.csv
CAN_CSV0000000000001317.csv,CAN_CSV0000000000002109.csv
CAN_CSV0000000000001352.csv,CAN_CSV0000000000027342.csv
CAN_CSV0000000000001352.csv,CAN_CSV0000000000001814.csv
CAN_CSV0000000000001362.csv,CAN_CSV0000000000002090.csv
CAN_CSV0000000000001362.csv,CAN_CSV0000000000001777.csv
CAN_CSV0000000000001362.csv,CAN_CSV0000000000001380.csv
CAN_CSV0000000000001362.csv,CAN_CSV0000000000001361.csv
CAN_CSV0000000000001370.csv,CAN_CSV0000000000002069.csv
CAN_CSV0000000000001370.csv,CAN_CSV0000000000001379.csv
CAN_CSV0000000000001370.csv,CAN_CSV0000000000002107.csv
CAN_CSV0000000000001370.csv,CAN_CSV0000000000002115.csv
CAN_CSV0000000000001370.csv,CAN_CSV0000000000001774.csv
CAN_CSV0000000000001370.csv,CAN_CSV0000000000023075.csv
CAN_CSV0000000000001370.csv,CAN_CSV0000000000010821.csv
CAN_CSV0000000000001370.csv,CAN_CSV0000000000003334.csv
CAN_CSV0000000000001370.csv,CAN_CSV0000000000011060.csv
CAN_CSV0000000000001370.csv,CAN_CSV0000000000001735.csv
CAN_CSV0000000000001370.csv,CAN_CSV0000000000024854.csv
CAN_CSV0000000000001370.csv,CAN_CSV0000000000010069.csv
CAN_CSV0000000000001370.csv,CAN_CSV0000000000001841.csv
CAN_CSV0000000000001370.csv,CAN_CSV0000000000011419.csv
CAN_CSV0000000000001370.csv,CAN_CSV0000000000021560.csv
CAN_CSV0000000000001370.csv,CAN_CSV0000000000024279.csv
CAN_CSV0000000000001370.csv,CAN_CSV0000000000023239.csv
CAN_CSV0000000000001370.csv,CAN_CSV0000000000001971.csv
CAN_CSV0000000000001370.csv,CAN_CSV0000000000020791.csv
CAN_CSV0000000000001389.csv,CAN_CSV0000000000027354.csv
CAN_CSV0000000000001389.csv,CAN_CSV0000000000027348.csv
CAN_CSV0000000000001389.csv,CAN_CSV0000000000027353.csv
CAN_CSV0000000000001389.csv,CAN_CSV0000000000027355.csv
CAN_CSV0000000000001389.csv,CAN_CSV0000000000027346.csv
CAN_CSV0000000000001389.csv,CAN_CSV0000000000008201.csv
CAN_CSV0000000000001389.csv,CAN_CSV0000000000027350.csv
CAN_CSV0000000000001389.csv,CAN_CSV0000000000001874.csv
CAN_CSV0000000000001423.csv,CAN_CSV0000000000007518.csv
CAN_CSV0000000000001423.csv,CAN_CSV0000000000007521.csv
CAN_CSV0000000000001423.csv,CAN_CSV0000000000007511.csv
CAN_CSV0000000000001423.csv,CAN_CSV0000000000007517.csv
CAN_CSV0000000000001423.csv,CAN_CSV0000000000007507.csv
CAN_CSV0000000000001423.csv,CAN_CSV0000000000007506.csv
CAN_CSV0000000000001423.csv,CAN_CSV0000000000001424.csv
CAN_CSV0000000000001423.csv,CAN_CSV0000000000001429.csv
CAN_CSV0000000000001423.csv,CAN_CSV0000000000007520.csv
CAN_CSV0000000000001423.csv,CAN_CSV0000000000007512.csv
CAN_CSV0000000000001423.csv,CAN_CSV0000000000001438.csv
CAN_CSV0000000000001423.csv,CAN_CSV0000000000001422.csv
CAN_CSV0000000000001423.csv,CAN_CSV0000000000007501.csv
CAN_CSV0000000000001423.csv,CAN_CSV0000000000007508.csv
CAN_CSV0000000000001423.csv,CAN_CSV0000000000001435.csv
CAN_CSV0000000000001423.csv,CAN_CSV0000000000001430.csv
CAN_CSV0000000000001423.csv,CAN_CSV0000000000001432.csv
CAN_CSV0000000000001423.csv,CAN_CSV0000000000007505.csv
CAN_CSV0000000000001423.csv,CAN_CSV0000000000001431.csv
CAN_CSV0000000000001423.csv,CAN_CSV0000000000001433.csv
CAN_CSV0000000000001423.csv,CAN_CSV0000000000007510.csv
CAN_CSV0000000000001423.csv,CAN_CSV0000000000001434.csv
CAN_CSV0000000000001423.csv,CAN_CSV0000000000001425.csv
CAN_CSV0000000000001423.csv,CAN_CSV0000000000007513.csv
CAN_CSV0000000000001423.csv,CAN_CSV0000000000007499.csv
CAN_CSV0000000000001435.csv,CAN_CSV0000000000007518.csv
CAN_CSV0000000000001435.csv,CAN_CSV0000000000007521.csv
CAN_CSV0000000000001435.csv,CAN_CSV0000000000001423.csv
CAN_CSV0000000000001435.csv,CAN_CSV0000000000007511.csv
CAN_CSV0000000000001435.csv,CAN_CSV0000000000007517.csv
CAN_CSV0000000000001435.csv,CAN_CSV0000000000007507.csv
CAN_CSV0000000000001435.csv,CAN_CSV0000000000007506.csv
CAN_CSV0000000000001435.csv,CAN_CSV0000000000001424.csv
CAN_CSV0000000000001435.csv,CAN_CSV0000000000001429.csv
CAN_CSV0000000000001435.csv,CAN_CSV0000000000007520.csv
CAN_CSV0000000000001435.csv,CAN_CSV0000000000007512.csv
CAN_CSV0000000000001435.csv,CAN_CSV0000000000001438.csv
CAN_CSV0000000000001435.csv,CAN_CSV0000000000001422.csv
CAN_CSV0000000000001435.csv,CAN_CSV0000000000007501.csv
CAN_CSV0000000000001435.csv,CAN_CSV0000000000007508.csv
CAN_CSV0000000000001435.csv,CAN_CSV0000000000001430.csv
CAN_CSV0000000000001435.csv,CAN_CSV0000000000007523.csv
CAN_CSV0000000000001435.csv,CAN_CSV0000000000001432.csv
CAN_CSV0000000000001435.csv,CAN_CSV0000000000007509.csv
CAN_CSV0000000000001435.csv,CAN_CSV0000000000007505.csv
CAN_CSV0000000000001435.csv,CAN_CSV0000000000001431.csv
CAN_CSV0000000000001435.csv,CAN_CSV0000000000001433.csv
CAN_CSV0000000000001435.csv,CAN_CSV0000000000007510.csv
CAN_CSV0000000000001435.csv,CAN_CSV0000000000001434.csv
CAN_CSV0000000000001435.csv,CAN_CSV0000000000001425.csv
CAN_CSV0000000000001435.csv,CAN_CSV0000000000007499.csv
CAN_CSV0000000000001461.csv,CAN_CSV0000000000008269.csv
CAN_CSV0000000000001461.csv,CAN_CSV0000000000001316.csv
CAN_CSV0000000000001461.csv,CAN_CSV0000000000024914.csv
CAN_CSV0000000000001461.csv,CAN_CSV0000000000008276.csv
CAN_CSV0000000000001461.csv,CAN_CSV0000000000024921.csv
CAN_CSV0000000000001461.csv,CAN_CSV0000000000018410.csv
CAN_CSV0000000000001461.csv,CAN_CSV0000000000003182.csv
CAN_CSV0000000000001461.csv,CAN_CSV0000000000008116.csv
CAN_CSV0000000000001461.csv,CAN_CSV0000000000008284.csv
CAN_CSV0000000000001461.csv,CAN_CSV0000000000024922.csv
CAN_CSV0000000000001461.csv,CAN_CSV0000000000014837.csv
CAN_CSV0000000000001461.csv,CAN_CSV0000000000019449.csv
CAN_CSV0000000000001461.csv,CAN_CSV0000000000022579.csv
CAN_CSV0000000000001461.csv,CAN_CSV0000000000022563.csv
CAN_CSV0000000000001461.csv,CAN_CSV0000000000008271.csv
CAN_CSV0000000000001461.csv,CAN_CSV0000000000019441.csv
CAN_CSV0000000000001461.csv,CAN_CSV0000000000018307.csv
CAN_CSV0000000000001461.csv,CAN_CSV0000000000019095.csv
CAN_CSV0000000000001461.csv,CAN_CSV0000000000008157.csv
CAN_CSV0000000000001461.csv,CAN_CSV0000000000018438.csv
CAN_CSV0000000000001461.csv,CAN_CSV0000000000027465.csv
CAN_CSV0000000000001461.csv,CAN_CSV0000000000018431.csv
CAN_CSV0000000000001461.csv,CAN_CSV0000000000008160.csv
CAN_CSV0000000000001461.csv,CAN_CSV0000000000022571.csv
CAN_CSV0000000000001461.csv,CAN_CSV0000000000008154.csv
CAN_CSV0000000000001461.csv,CAN_CSV0000000000001314.csv
CAN_CSV0000000000001461.csv,CAN_CSV0000000000008118.csv
CAN_CSV0000000000001461.csv,CAN_CSV0000000000008164.csv
CAN_CSV0000000000001465.csv,CAN_CSV0000000000015004.csv
CAN_CSV0000000000001465.csv,CAN_CSV0000000000023344.csv
CAN_CSV0000000000001465.csv,CAN_CSV0000000000011050.csv
CAN_CSV0000000000001465.csv,CAN_CSV0000000000018335.csv
CAN_CSV0000000000001465.csv,CAN_CSV0000000000011726.csv
CAN_CSV0000000000001465.csv,CAN_CSV0000000000026637.csv
CAN_CSV0000000000001465.csv,CAN_CSV0000000000025656.csv
CAN_CSV0000000000001465.csv,CAN_CSV0000000000001394.csv
CAN_CSV0000000000001465.csv,CAN_CSV0000000000023345.csv
CAN_CSV0000000000001465.csv,CAN_CSV0000000000007741.csv
CAN_CSV0000000000001465.csv,CAN_CSV0000000000001928.csv
CAN_CSV0000000000001465.csv,CAN_CSV0000000000011021.csv
CAN_CSV0000000000001465.csv,CAN_CSV0000000000017495.csv
CAN_CSV0000000000001465.csv,CAN_CSV0000000000019049.csv
CAN_CSV0000000000001465.csv,CAN_CSV0000000000004574.csv
CAN_CSV0000000000001465.csv,CAN_CSV0000000000021863.csv
CAN_CSV0000000000001465.csv,CAN_CSV0000000000021067.csv
CAN_CSV0000000000001465.csv,CAN_CSV0000000000001811.csv
CAN_CSV0000000000001465.csv,CAN_CSV0000000000001731.csv
CAN_CSV0000000000001465.csv,CAN_CSV0000000000019995.csv
CAN_CSV0000000000001465.csv,CAN_CSV0000000000014986.csv
CAN_CSV0000000000001465.csv,CAN_CSV0000000000001341.csv
CAN_CSV0000000000001465.csv,CAN_CSV0000000000010904.csv
CAN_CSV0000000000001465.csv,CAN_CSV0000000000002112.csv
CAN_CSV0000000000001465.csv,CAN_CSV0000000000002067.csv
CAN_CSV0000000000001465.csv,CAN_CSV0000000000001904.csv
CAN_CSV0000000000001465.csv,CAN_CSV0000000000010516.csv
CAN_CSV0000000000001465.csv,CAN_CSV0000000000007251.csv
CAN_CSV0000000000001465.csv,CAN_CSV0000000000023501.csv
CAN_CSV0000000000001465.csv,CAN_CSV0000000000024128.csv
CAN_CSV0000000000001465.csv,CAN_CSV0000000000009889.csv
CAN_CSV0000000000001470.csv,CAN_CSV0000000000001471.csv
CAN_CSV0000000000001471.csv,CAN_CSV0000000000001470.csv
CAN_CSV0000000000001487.csv,CAN_CSV0000000000027346.csv
CAN_CSV0000000000001487.csv,CAN_CSV0000000000008201.csv
CAN_CSV0000000000001636.csv,CAN_CSV0000000000001580.csv
CAN_CSV0000000000001636.csv,CAN_CSV0000000000001603.csv
CAN_CSV0000000000001636.csv,CAN_CSV0000000000001544.csv
CAN_CSV0000000000001636.csv,CAN_CSV0000000000001623.csv
CAN_CSV0000000000001636.csv,CAN_CSV0000000000001644.csv
CAN_CSV0000000000001636.csv,CAN_CSV0000000000001505.csv
CAN_CSV0000000000001636.csv,CAN_CSV0000000000002509.csv
CAN_CSV0000000000001636.csv,CAN_CSV0000000000001542.csv
CAN_CSV0000000000001636.csv,CAN_CSV0000000000002501.csv
CAN_CSV0000000000001636.csv,CAN_CSV0000000000002477.csv
CAN_CSV0000000000001636.csv,CAN_CSV0000000000001641.csv
CAN_CSV0000000000001636.csv,CAN_CSV0000000000002503.csv
CAN_CSV0000000000001636.csv,CAN_CSV0000000000002485.csv
CAN_CSV0000000000001636.csv,CAN_CSV0000000000001566.csv
CAN_CSV0000000000001636.csv,CAN_CSV0000000000001633.csv
CAN_CSV0000000000001636.csv,CAN_CSV0000000000001508.csv
CAN_CSV0000000000001636.csv,CAN_CSV0000000000001509.csv
CAN_CSV0000000000001636.csv,CAN_CSV0000000000001514.csv
CAN_CSV0000000000001636.csv,CAN_CSV0000000000001664.csv
CAN_CSV0000000000001636.csv,CAN_CSV0000000000001651.csv
CAN_CSV0000000000001636.csv,CAN_CSV0000000000002516.csv
CAN_CSV0000000000001636.csv,CAN_CSV0000000000001615.csv
CAN_CSV0000000000001636.csv,CAN_CSV0000000000001643.csv
CAN_CSV0000000000001636.csv,CAN_CSV0000000000001655.csv
CAN_CSV0000000000001636.csv,CAN_CSV0000000000001550.csv
CAN_CSV0000000000001636.csv,CAN_CSV0000000000001658.csv
CAN_CSV0000000000001636.csv,CAN_CSV0000000000002523.csv
CAN_CSV0000000000001636.csv,CAN_CSV0000000000001588.csv
CAN_CSV0000000000001636.csv,CAN_CSV0000000000001568.csv
CAN_CSV0000000000001636.csv,CAN_CSV0000000000001562.csv
CAN_CSV0000000000001636.csv,CAN_CSV0000000000001576.csv
CAN_CSV0000000000001636.csv,CAN_CSV0000000000001611.csv
CAN_CSV0000000000001636.csv,CAN_CSV0000000000001577.csv
CAN_CSV0000000000001636.csv,CAN_CSV0000000000001600.csv
CAN_CSV0000000000001636.csv,CAN_CSV0000000000002525.csv
CAN_CSV0000000000001636.csv,CAN_CSV0000000000001516.csv
CAN_CSV0000000000001636.csv,CAN_CSV0000000000001519.csv
CAN_CSV0000000000001636.csv,CAN_CSV0000000000002514.csv
CAN_CSV0000000000001636.csv,CAN_CSV0000000000002547.csv
CAN_CSV0000000000001636.csv,CAN_CSV0000000000002522.csv
CAN_CSV0000000000001636.csv,CAN_CSV0000000000001510.csv
CAN_CSV0000000000001636.csv,CAN_CSV0000000000001627.csv
CAN_CSV0000000000001636.csv,CAN_CSV0000000000002497.csv
CAN_CSV0000000000001636.csv,CAN_CSV0000000000001596.csv
CAN_CSV0000000000001636.csv,CAN_CSV0000000000001567.csv
CAN_CSV0000000000001636.csv,CAN_CSV0000000000001543.csv
CAN_CSV0000000000001636.csv,CAN_CSV0000000000001660.csv
CAN_CSV0000000000001636.csv,CAN_CSV0000000000001606.csv
CAN_CSV0000000000001636.csv,CAN_CSV0000000000001653.csv
CAN_CSV0000000000001636.csv,CAN_CSV0000000000001504.csv
CAN_CSV0000000000001636.csv,CAN_CSV0000000000002498.csv
CAN_CSV0000000000001636.csv,CAN_CSV0000000000001530.csv
CAN_CSV0000000000001636.csv,CAN_CSV0000000000001536.csv
CAN_CSV0000000000001636.csv,CAN_CSV0000000000001492.csv
CAN_CSV0000000000001636.csv,CAN_CSV0000000000001637.csv
CAN_CSV0000000000001636.csv,CAN_CSV0000000000001585.csv
CAN_CSV0000000000001636.csv,CAN_CSV0000000000001622.csv
CAN_CSV0000000000001636.csv,CAN_CSV0000000000001594.csv
CAN_CSV0000000000001636.csv,CAN_CSV0000000000001569.csv
CAN_CSV0000000000001636.csv,CAN_CSV0000000000001584.csv
CAN_CSV0000000000001636.csv,CAN_CSV0000000000002488.csv
CAN_CSV0000000000001636.csv,CAN_CSV0000000000002524.csv
CAN_CSV0000000000001636.csv,CAN_CSV0000000000001612.csv
CAN_CSV0000000000001636.csv,CAN_CSV0000000000001531.csv
CAN_CSV0000000000001636.csv,CAN_CSV0000000000001553.csv
CAN_CSV0000000000001636.csv,CAN_CSV0000000000001578.csv
CAN_CSV0000000000001636.csv,CAN_CSV0000000000001648.csv
CAN_CSV0000000000001636.csv,CAN_CSV0000000000001614.csv
CAN_CSV0000000000001636.csv,CAN_CSV0000000000002507.csv
CAN_CSV0000000000001636.csv,CAN_CSV0000000000001589.csv
CAN_CSV0000000000001636.csv,CAN_CSV0000000000001602.csv
CAN_CSV0000000000001636.csv,CAN_CSV0000000000001515.csv
CAN_CSV0000000000001636.csv,CAN_CSV0000000000002364.csv
CAN_CSV0000000000001636.csv,CAN_CSV0000000000001573.csv
CAN_CSV0000000000001636.csv,CAN_CSV0000000000001563.csv
CAN_CSV0000000000001636.csv,CAN_CSV0000000000001506.csv
CAN_CSV0000000000001636.csv,CAN_CSV0000000000001497.csv
CAN_CSV0000000000001636.csv,CAN_CSV0000000000001586.csv
CAN_CSV0000000000001636.csv,CAN_CSV0000000000001581.csv
CAN_CSV0000000000001636.csv,CAN_CSV0000000000001540.csv
CAN_CSV0000000000001636.csv,CAN_CSV0000000000001565.csv
CAN_CSV0000000000001636.csv,CAN_CSV0000000000001561.csv
CAN_CSV0000000000001703.csv,CAN_CSV0000000000001710.csv
CAN_CSV0000000000001703.csv,CAN_CSV0000000000002914.csv
CAN_CSV0000000000001703.csv,CAN_CSV0000000000002908.csv
CAN_CSV0000000000001703.csv,CAN_CSV0000000000002942.csv
CAN_CSV0000000000001703.csv,CAN_CSV0000000000002909.csv
CAN_CSV0000000000001703.csv,CAN_CSV0000000000001711.csv
CAN_CSV0000000000001703.csv,CAN_CSV0000000000002906.csv
CAN_CSV0000000000001703.csv,CAN_CSV0000000000001709.csv
CAN_CSV0000000000001703.csv,CAN_CSV0000000000002912.csv
CAN_CSV0000000000001703.csv,CAN_CSV0000000000002923.csv
CAN_CSV0000000000001703.csv,CAN_CSV0000000000002943.csv
CAN_CSV0000000000001703.csv,CAN_CSV0000000000002907.csv
CAN_CSV0000000000001705.csv,CAN_CSV0000000000001710.csv
CAN_CSV0000000000001705.csv,CAN_CSV0000000000002914.csv
CAN_CSV0000000000001705.csv,CAN_CSV0000000000002908.csv
CAN_CSV0000000000001705.csv,CAN_CSV0000000000002942.csv
CAN_CSV0000000000001705.csv,CAN_CSV0000000000002909.csv
CAN_CSV0000000000001705.csv,CAN_CSV0000000000001711.csv
CAN_CSV0000000000001705.csv,CAN_CSV0000000000002906.csv
CAN_CSV0000000000001705.csv,CAN_CSV0000000000001709.csv
CAN_CSV0000000000001705.csv,CAN_CSV0000000000002912.csv
CAN_CSV0000000000001705.csv,CAN_CSV0000000000002923.csv
CAN_CSV0000000000001705.csv,CAN_CSV0000000000002943.csv
CAN_CSV0000000000001705.csv,CAN_CSV0000000000002907.csv
CAN_CSV0000000000001708.csv,CAN_CSV0000000000001710.csv
CAN_CSV0000000000001708.csv,CAN_CSV0000000000002914.csv
CAN_CSV0000000000001708.csv,CAN_CSV0000000000002908.csv
CAN_CSV0000000000001708.csv,CAN_CSV0000000000002942.csv
CAN_CSV0000000000001708.csv,CAN_CSV0000000000002909.csv
CAN_CSV0000000000001708.csv,CAN_CSV0000000000001711.csv
CAN_CSV0000000000001708.csv,CAN_CSV0000000000002906.csv
CAN_CSV0000000000001708.csv,CAN_CSV0000000000001709.csv
CAN_CSV0000000000001708.csv,CAN_CSV0000000000002912.csv
CAN_CSV0000000000001708.csv,CAN_CSV0000000000002923.csv
CAN_CSV0000000000001708.csv,CAN_CSV0000000000002943.csv
CAN_CSV0000000000001708.csv,CAN_CSV0000000000002907.csv
CAN_CSV0000000000001709.csv,CAN_CSV0000000000001710.csv
CAN_CSV0000000000001709.csv,CAN_CSV0000000000002914.csv
CAN_CSV0000000000001709.csv,CAN_CSV0000000000002908.csv
CAN_CSV0000000000001709.csv,CAN_CSV0000000000002942.csv
CAN_CSV0000000000001709.csv,CAN_CSV0000000000002909.csv
CAN_CSV0000000000001709.csv,CAN_CSV0000000000001711.csv
CAN_CSV0000000000001709.csv,CAN_CSV0000000000002906.csv
CAN_CSV0000000000001709.csv,CAN_CSV0000000000002912.csv
CAN_CSV0000000000001709.csv,CAN_CSV0000000000002923.csv
CAN_CSV0000000000001709.csv,CAN_CSV0000000000002943.csv
CAN_CSV0000000000001709.csv,CAN_CSV0000000000002907.csv
CAN_CSV0000000000001710.csv,CAN_CSV0000000000002914.csv
CAN_CSV0000000000001710.csv,CAN_CSV0000000000002908.csv
CAN_CSV0000000000001710.csv,CAN_CSV0000000000002942.csv
CAN_CSV0000000000001710.csv,CAN_CSV0000000000002909.csv
CAN_CSV0000000000001710.csv,CAN_CSV0000000000001711.csv
CAN_CSV0000000000001710.csv,CAN_CSV0000000000002906.csv
CAN_CSV0000000000001710.csv,CAN_CSV0000000000001709.csv
CAN_CSV0000000000001710.csv,CAN_CSV0000000000002912.csv
CAN_CSV0000000000001710.csv,CAN_CSV0000000000002923.csv
CAN_CSV0000000000001710.csv,CAN_CSV0000000000002943.csv
CAN_CSV0000000000001710.csv,CAN_CSV0000000000002907.csv
CAN_CSV0000000000001711.csv,CAN_CSV0000000000001710.csv
CAN_CSV0000000000001711.csv,CAN_CSV0000000000002914.csv
CAN_CSV0000000000001711.csv,CAN_CSV0000000000002908.csv
CAN_CSV0000000000001711.csv,CAN_CSV0000000000002942.csv
CAN_CSV0000000000001711.csv,CAN_CSV0000000000002909.csv
CAN_CSV0000000000001711.csv,CAN_CSV0000000000002906.csv
CAN_CSV0000000000001711.csv,CAN_CSV0000000000001709.csv
CAN_CSV0000000000001711.csv,CAN_CSV0000000000002912.csv
CAN_CSV0000000000001711.csv,CAN_CSV0000000000002923.csv
CAN_CSV0000000000001711.csv,CAN_CSV0000000000002943.csv
CAN_CSV0000000000001711.csv,CAN_CSV0000000000002907.csv
CAN_CSV0000000000001721.csv,CAN_CSV0000000000001801.csv
CAN_CSV0000000000001721.csv,CAN_CSV0000000000001792.csv
CAN_CSV0000000000001721.csv,CAN_CSV0000000000001787.csv
CAN_CSV0000000000001721.csv,CAN_CSV0000000000001802.csv
CAN_CSV0000000000001721.csv,CAN_CSV0000000000001803.csv
CAN_CSV0000000000001721.csv,CAN_CSV0000000000001722.csv
CAN_CSV0000000000001721.csv,CAN_CSV0000000000002061.csv
CAN_CSV0000000000001721.csv,CAN_CSV0000000000001793.csv
CAN_CSV0000000000001721.csv,CAN_CSV0000000000001791.csv
CAN_CSV0000000000001722.csv,CAN_CSV0000000000001801.csv
CAN_CSV0000000000001722.csv,CAN_CSV0000000000001792.csv
CAN_CSV0000000000001722.csv,CAN_CSV0000000000001787.csv
CAN_CSV0000000000001722.csv,CAN_CSV0000000000001802.csv
CAN_CSV0000000000001722.csv,CAN_CSV0000000000001803.csv
CAN_CSV0000000000001722.csv,CAN_CSV0000000000002061.csv
CAN_CSV0000000000001722.csv,CAN_CSV0000000000001793.csv
CAN_CSV0000000000001722.csv,CAN_CSV0000000000001791.csv
CAN_CSV0000000000001723.csv,CAN_CSV0000000000001801.csv
CAN_CSV0000000000001723.csv,CAN_CSV0000000000001792.csv
CAN_CSV0000000000001723.csv,CAN_CSV0000000000001787.csv
CAN_CSV0000000000001723.csv,CAN_CSV0000000000001802.csv
CAN_CSV0000000000001723.csv,CAN_CSV0000000000001803.csv
CAN_CSV0000000000001723.csv,CAN_CSV0000000000001722.csv
CAN_CSV0000000000001723.csv,CAN_CSV0000000000002061.csv
CAN_CSV0000000000001723.csv,CAN_CSV0000000000001793.csv
CAN_CSV0000000000001723.csv,CAN_CSV0000000000001791.csv
CAN_CSV0000000000001724.csv,CAN_CSV0000000000001801.csv
CAN_CSV0000000000001724.csv,CAN_CSV0000000000001792.csv
CAN_CSV0000000000001724.csv,CAN_CSV0000000000001787.csv
CAN_CSV0000000000001724.csv,CAN_CSV0000000000001802.csv
CAN_CSV0000000000001724.csv,CAN_CSV0000000000001803.csv
CAN_CSV0000000000001724.csv,CAN_CSV0000000000001722.csv
CAN_CSV0000000000001724.csv,CAN_CSV0000000000002061.csv
CAN_CSV0000000000001724.csv,CAN_CSV0000000000001793.csv
CAN_CSV0000000000001724.csv,CAN_CSV0000000000001791.csv
CAN_CSV0000000000001726.csv,CAN_CSV0000000000001801.csv
CAN_CSV0000000000001726.csv,CAN_CSV0000000000001792.csv
CAN_CSV0000000000001726.csv,CAN_CSV0000000000001787.csv
CAN_CSV0000000000001726.csv,CAN_CSV0000000000001802.csv
CAN_CSV0000000000001726.csv,CAN_CSV0000000000001803.csv
CAN_CSV0000000000001726.csv,CAN_CSV0000000000001722.csv
CAN_CSV0000000000001726.csv,CAN_CSV0000000000002061.csv
CAN_CSV0000000000001726.csv,CAN_CSV0000000000001793.csv
CAN_CSV0000000000001726.csv,CAN_CSV0000000000001791.csv
CAN_CSV0000000000001787.csv,CAN_CSV0000000000001801.csv
CAN_CSV0000000000001787.csv,CAN_CSV0000000000001792.csv
CAN_CSV0000000000001787.csv,CAN_CSV0000000000001802.csv
CAN_CSV0000000000001787.csv,CAN_CSV0000000000001803.csv
CAN_CSV0000000000001787.csv,CAN_CSV0000000000001722.csv
CAN_CSV0000000000001787.csv,CAN_CSV0000000000002061.csv
CAN_CSV0000000000001787.csv,CAN_CSV0000000000001793.csv
CAN_CSV0000000000001787.csv,CAN_CSV0000000000001791.csv
CAN_CSV0000000000001791.csv,CAN_CSV0000000000001801.csv
CAN_CSV0000000000001791.csv,CAN_CSV0000000000001792.csv
CAN_CSV0000000000001791.csv,CAN_CSV0000000000001787.csv
CAN_CSV0000000000001791.csv,CAN_CSV0000000000001802.csv
CAN_CSV0000000000001791.csv,CAN_CSV0000000000001803.csv
CAN_CSV0000000000001791.csv,CAN_CSV0000000000001722.csv
CAN_CSV0000000000001791.csv,CAN_CSV0000000000002061.csv
CAN_CSV0000000000001791.csv,CAN_CSV0000000000001793.csv
CAN_CSV0000000000001792.csv,CAN_CSV0000000000001801.csv
CAN_CSV0000000000001792.csv,CAN_CSV0000000000001787.csv
CAN_CSV0000000000001792.csv,CAN_CSV0000000000001802.csv
CAN_CSV0000000000001792.csv,CAN_CSV0000000000001803.csv
CAN_CSV0000000000001792.csv,CAN_CSV0000000000001722.csv
CAN_CSV0000000000001792.csv,CAN_CSV0000000000002061.csv
CAN_CSV0000000000001792.csv,CAN_CSV0000000000001793.csv
CAN_CSV0000000000001792.csv,CAN_CSV0000000000001791.csv
CAN_CSV0000000000001793.csv,CAN_CSV0000000000001801.csv
CAN_CSV0000000000001793.csv,CAN_CSV0000000000001792.csv
CAN_CSV0000000000001793.csv,CAN_CSV0000000000001787.csv
CAN_CSV0000000000001793.csv,CAN_CSV0000000000001802.csv
CAN_CSV0000000000001793.csv,CAN_CSV0000000000001803.csv
CAN_CSV0000000000001793.csv,CAN_CSV0000000000001722.csv
CAN_CSV0000000000001793.csv,CAN_CSV0000000000002061.csv
CAN_CSV0000000000001793.csv,CAN_CSV0000000000001791.csv
CAN_CSV0000000000001797.csv,CAN_CSV0000000000001801.csv
CAN_CSV0000000000001797.csv,CAN_CSV0000000000001792.csv
CAN_CSV0000000000001797.csv,CAN_CSV0000000000001787.csv
CAN_CSV0000000000001797.csv,CAN_CSV0000000000001802.csv
CAN_CSV0000000000001797.csv,CAN_CSV0000000000001803.csv
CAN_CSV0000000000001797.csv,CAN_CSV0000000000001722.csv
CAN_CSV0000000000001797.csv,CAN_CSV0000000000002061.csv
CAN_CSV0000000000001797.csv,CAN_CSV0000000000001793.csv
CAN_CSV0000000000001797.csv,CAN_CSV0000000000001791.csv
CAN_CSV0000000000001801.csv,CAN_CSV0000000000001792.csv
CAN_CSV0000000000001801.csv,CAN_CSV0000000000001787.csv
CAN_CSV0000000000001801.csv,CAN_CSV0000000000001802.csv
CAN_CSV0000000000001801.csv,CAN_CSV0000000000001803.csv
CAN_CSV0000000000001801.csv,CAN_CSV0000000000001722.csv
CAN_CSV0000000000001801.csv,CAN_CSV0000000000002061.csv
CAN_CSV0000000000001801.csv,CAN_CSV0000000000001793.csv
CAN_CSV0000000000001801.csv,CAN_CSV0000000000001791.csv
CAN_CSV0000000000001802.csv,CAN_CSV0000000000001801.csv
CAN_CSV0000000000001802.csv,CAN_CSV0000000000001792.csv
CAN_CSV0000000000001802.csv,CAN_CSV0000000000001787.csv
CAN_CSV0000000000001802.csv,CAN_CSV0000000000001803.csv
CAN_CSV0000000000001802.csv,CAN_CSV0000000000001722.csv
CAN_CSV0000000000001802.csv,CAN_CSV0000000000002061.csv
CAN_CSV0000000000001802.csv,CAN_CSV0000000000001793.csv
CAN_CSV0000000000001802.csv,CAN_CSV0000000000001791.csv
CAN_CSV0000000000001803.csv,CAN_CSV0000000000001801.csv
CAN_CSV0000000000001803.csv,CAN_CSV0000000000001792.csv
CAN_CSV0000000000001803.csv,CAN_CSV0000000000001787.csv
CAN_CSV0000000000001803.csv,CAN_CSV0000000000001802.csv
CAN_CSV0000000000001803.csv,CAN_CSV0000000000001722.csv
CAN_CSV0000000000001803.csv,CAN_CSV0000000000002061.csv
CAN_CSV0000000000001803.csv,CAN_CSV0000000000001793.csv
CAN_CSV0000000000001803.csv,CAN_CSV0000000000001791.csv
CAN_CSV0000000000001816.csv,CAN_CSV0000000000001865.csv
CAN_CSV0000000000001816.csv,CAN_CSV0000000000027119.csv
CAN_CSV0000000000001816.csv,CAN_CSV0000000000002143.csv
CAN_CSV0000000000001816.csv,CAN_CSV0000000000027373.csv
CAN_CSV0000000000001816.csv,CAN_CSV0000000000001909.csv
CAN_CSV0000000000001816.csv,CAN_CSV0000000000001960.csv
CAN_CSV0000000000001816.csv,CAN_CSV0000000000027389.csv
CAN_CSV0000000000001816.csv,CAN_CSV0000000000027371.csv
CAN_CSV0000000000001816.csv,CAN_CSV0000000000001961.csv
CAN_CSV0000000000001818.csv,CAN_CSV0000000000001891.csv
CAN_CSV0000000000001818.csv,CAN_CSV0000000000001485.csv
CAN_CSV0000000000001818.csv,CAN_CSV0000000000002073.csv
CAN_CSV0000000000001818.csv,CAN_CSV0000000000001851.csv
CAN_CSV0000000000001835.csv,CAN_CSV0000000000001850.csv
CAN_CSV0000000000001835.csv,CAN_CSV0000000000012307.csv
CAN_CSV0000000000001835.csv,CAN_CSV0000000000010609.csv
CAN_CSV0000000000001835.csv,CAN_CSV0000000000001830.csv
CAN_CSV0000000000001835.csv,CAN_CSV0000000000001834.csv
CAN_CSV0000000000001835.csv,CAN_CSV0000000000001837.csv
CAN_CSV0000000000001835.csv,CAN_CSV0000000000010633.csv
CAN_CSV0000000000001835.csv,CAN_CSV0000000000023493.csv
CAN_CSV0000000000001835.csv,CAN_CSV0000000000023442.csv
CAN_CSV0000000000001835.csv,CAN_CSV0000000000015861.csv
CAN_CSV0000000000001835.csv,CAN_CSV0000000000001836.csv
CAN_CSV0000000000001835.csv,CAN_CSV0000000000010610.csv
CAN_CSV0000000000001835.csv,CAN_CSV0000000000010190.csv
CAN_CSV0000000000001835.csv,CAN_CSV0000000000001833.csv
CAN_CSV0000000000001857.csv,CAN_CSV0000000000027420.csv
CAN_CSV0000000000001857.csv,CAN_CSV0000000000002088.csv
CAN_CSV0000000000001857.csv,CAN_CSV0000000000001967.csv
CAN_CSV0000000000001857.csv,CAN_CSV0000000000004427.csv
CAN_CSV0000000000001857.csv,CAN_CSV0000000000027341.csv
CAN_CSV0000000000001857.csv,CAN_CSV0000000000008055.csv
CAN_CSV0000000000001857.csv,CAN_CSV0000000000002097.csv
CAN_CSV0000000000001857.csv,CAN_CSV0000000000019127.csv
CAN_CSV0000000000001857.csv,CAN_CSV0000000000001406.csv
CAN_CSV0000000000001857.csv,CAN_CSV0000000000001998.csv
CAN_CSV0000000000001857.csv,CAN_CSV0000000000027338.csv
CAN_CSV0000000000001857.csv,CAN_CSV0000000000021150.csv
CAN_CSV0000000000001861.csv,CAN_CSV0000000000021072.csv
CAN_CSV0000000000001861.csv,CAN_CSV0000000000017825.csv
CAN_CSV0000000000001861.csv,CAN_CSV0000000000001955.csv
CAN_CSV0000000000001861.csv,CAN_CSV0000000000001867.csv
CAN_CSV0000000000001861.csv,CAN_CSV0000000000022617.csv
CAN_CSV0000000000001861.csv,CAN_CSV0000000000027386.csv
CAN_CSV0000000000001861.csv,CAN_CSV0000000000011627.csv
CAN_CSV0000000000001861.csv,CAN_CSV0000000000025600.csv
CAN_CSV0000000000001861.csv,CAN_CSV0000000000021470.csv
CAN_CSV0000000000001861.csv,CAN_CSV0000000000009256.csv
CAN_CSV0000000000001861.csv,CAN_CSV0000000000018788.csv
CAN_CSV0000000000001861.csv,CAN_CSV0000000000022416.csv
CAN_CSV0000000000001861.csv,CAN_CSV0000000000002140.csv
CAN_CSV0000000000001861.csv,CAN_CSV0000000000027411.csv
CAN_CSV0000000000001861.csv,CAN_CSV0000000000001963.csv
CAN_CSV0000000000001861.csv,CAN_CSV0000000000001914.csv
CAN_CSV0000000000001861.csv,CAN_CSV0000000000008205.csv
CAN_CSV0000000000001861.csv,CAN_CSV0000000000023789.csv
CAN_CSV0000000000001861.csv,CAN_CSV0000000000016775.csv
CAN_CSV0000000000001861.csv,CAN_CSV0000000000021537.csv
CAN_CSV0000000000001861.csv,CAN_CSV0000000000020510.csv
CAN_CSV0000000000001865.csv,CAN_CSV0000000000001816.csv
CAN_CSV0000000000001865.csv,CAN_CSV0000000000027119.csv
CAN_CSV0000000000001865.csv,CAN_CSV0000000000002143.csv
CAN_CSV0000000000001865.csv,CAN_CSV0000000000027373.csv
CAN_CSV0000000000001865.csv,CAN_CSV0000000000001909.csv
CAN_CSV0000000000001865.csv,CAN_CSV0000000000001960.csv
CAN_CSV0000000000001865.csv,CAN_CSV0000000000027389.csv
CAN_CSV0000000000001865.csv,CAN_CSV0000000000027371.csv
CAN_CSV0000000000001865.csv,CAN_CSV0000000000001961.csv
CAN_CSV0000000000001874.csv,CAN_CSV0000000000027354.csv
CAN_CSV0000000000001874.csv,CAN_CSV0000000000027348.csv
CAN_CSV0000000000001874.csv,CAN_CSV0000000000027353.csv
CAN_CSV0000000000001874.csv,CAN_CSV0000000000027355.csv
CAN_CSV0000000000001874.csv,CAN_CSV0000000000027346.csv
CAN_CSV0000000000001874.csv,CAN_CSV0000000000008201.csv
CAN_CSV0000000000001874.csv,CAN_CSV0000000000027350.csv
CAN_CSV0000000000001876.csv,CAN_CSV0000000000001879.csv
CAN_CSV0000000000001876.csv,CAN_CSV0000000000002021.csv
CAN_CSV0000000000001907.csv,CAN_CSV0000000000019053.csv
CAN_CSV0000000000001907.csv,CAN_CSV0000000000019321.csv
CAN_CSV0000000000001907.csv,CAN_CSV0000000000023333.csv
CAN_CSV0000000000001907.csv,CAN_CSV0000000000020224.csv
CAN_CSV0000000000001907.csv,CAN_CSV0000000000002092.csv
CAN_CSV0000000000001907.csv,CAN_CSV0000000000019383.csv
CAN_CSV0000000000001907.csv,CAN_CSV0000000000015232.csv
CAN_CSV0000000000001907.csv,CAN_CSV0000000000025816.csv
CAN_CSV0000000000001907.csv,CAN_CSV0000000000002065.csv
CAN_CSV0000000000001907.csv,CAN_CSV0000000000026164.csv
CAN_CSV0000000000001908.csv,CAN_CSV0000000000015841.csv
CAN_CSV0000000000001908.csv,CAN_CSV0000000000002036.csv
CAN_CSV0000000000001908.csv,CAN_CSV0000000000001448.csv
CAN_CSV0000000000001908.csv,CAN_CSV0000000000002131.csv
CAN_CSV0000000000001908.csv,CAN_CSV0000000000001826.csv
CAN_CSV0000000000001908.csv,CAN_CSV0000000000009940.csv
CAN_CSV0000000000001908.csv,CAN_CSV0000000000002039.csv
CAN_CSV0000000000001908.csv,CAN_CSV0000000000001770.csv
CAN_CSV0000000000001908.csv,CAN_CSV0000000000001475.csv
CAN_CSV0000000000001908.csv,CAN_CSV0000000000002034.csv
CAN_CSV0000000000001908.csv,CAN_CSV0000000000001463.csv
CAN_CSV0000000000001908.csv,CAN_CSV0000000000027043.csv
CAN_CSV0000000000001908.csv,CAN_CSV0000000000001985.csv
CAN_CSV0000000000001908.csv,CAN_CSV0000000000001956.csv
CAN_CSV0000000000001908.csv,CAN_CSV0000000000002040.csv
CAN_CSV0000000000001908.csv,CAN_CSV0000000000027041.csv
CAN_CSV0000000000001908.csv,CAN_CSV0000000000001477.csv
CAN_CSV0000000000001908.csv,CAN_CSV0000000000027410.csv
CAN_CSV0000000000001908.csv,CAN_CSV0000000000002035.csv
CAN_CSV0000000000001909.csv,CAN_CSV0000000000001865.csv
CAN_CSV0000000000001909.csv,CAN_CSV0000000000001816.csv
CAN_CSV0000000000001909.csv,CAN_CSV0000000000027119.csv
CAN_CSV0000000000001909.csv,CAN_CSV0000000000002143.csv
CAN_CSV0000000000001909.csv,CAN_CSV0000000000027373.csv
CAN_CSV0000000000001909.csv,CAN_CSV0000000000001960.csv
CAN_CSV0000000000001909.csv,CAN_CSV0000000000027389.csv
CAN_CSV0000000000001909.csv,CAN_CSV0000000000027371.csv
CAN_CSV0000000000001909.csv,CAN_CSV0000000000001961.csv
CAN_CSV0000000000001931.csv,CAN_CSV0000000000001932.csv
CAN_CSV0000000000001931.csv,CAN_CSV0000000000001937.csv
CAN_CSV0000000000001931.csv,CAN_CSV0000000000001935.csv
CAN_CSV0000000000001931.csv,CAN_CSV0000000000001392.csv
CAN_CSV0000000000001931.csv,CAN_CSV0000000000001934.csv
CAN_CSV0000000000001931.csv,CAN_CSV0000000000001940.csv
CAN_CSV0000000000001931.csv,CAN_CSV0000000000001930.csv
CAN_CSV0000000000001934.csv,CAN_CSV0000000000001931.csv
CAN_CSV0000000000001934.csv,CAN_CSV0000000000001932.csv
CAN_CSV0000000000001934.csv,CAN_CSV0000000000001937.csv
CAN_CSV0000000000001934.csv,CAN_CSV0000000000001935.csv
CAN_CSV0000000000001934.csv,CAN_CSV0000000000001392.csv
CAN_CSV0000000000001934.csv,CAN_CSV0000000000001940.csv
CAN_CSV0000000000001934.csv,CAN_CSV0000000000001930.csv
CAN_CSV0000000000001960.csv,CAN_CSV0000000000001865.csv
CAN_CSV0000000000001960.csv,CAN_CSV0000000000001816.csv
CAN_CSV0000000000001960.csv,CAN_CSV0000000000027119.csv
CAN_CSV0000000000001960.csv,CAN_CSV0000000000002143.csv
CAN_CSV0000000000001960.csv,CAN_CSV0000000000027373.csv
CAN_CSV0000000000001960.csv,CAN_CSV0000000000001909.csv
CAN_CSV0000000000001960.csv,CAN_CSV0000000000027389.csv
CAN_CSV0000000000001960.csv,CAN_CSV0000000000027371.csv
CAN_CSV0000000000001960.csv,CAN_CSV0000000000001961.csv
CAN_CSV0000000000001961.csv,CAN_CSV0000000000001865.csv
CAN_CSV0000000000001961.csv,CAN_CSV0000000000001816.csv
CAN_CSV0000000000001961.csv,CAN_CSV0000000000027119.csv
CAN_CSV0000000000001961.csv,CAN_CSV0000000000002143.csv
CAN_CSV0000000000001961.csv,CAN_CSV0000000000027373.csv
CAN_CSV0000000000001961.csv,CAN_CSV0000000000001909.csv
CAN_CSV0000000000001961.csv,CAN_CSV0000000000001960.csv
CAN_CSV0000000000001961.csv,CAN_CSV0000000000027389.csv
CAN_CSV0000000000001961.csv,CAN_CSV0000000000027371.csv
CAN_CSV0000000000001963.csv,CAN_CSV0000000000021072.csv
CAN_CSV0000000000001963.csv,CAN_CSV0000000000017825.csv
CAN_CSV0000000000001963.csv,CAN_CSV0000000000001955.csv
CAN_CSV0000000000001963.csv,CAN_CSV0000000000001867.csv
CAN_CSV0000000000001963.csv,CAN_CSV0000000000022617.csv
CAN_CSV0000000000001963.csv,CAN_CSV0000000000027386.csv
CAN_CSV0000000000001963.csv,CAN_CSV0000000000011627.csv
CAN_CSV0000000000001963.csv,CAN_CSV0000000000025600.csv
CAN_CSV0000000000001963.csv,CAN_CSV0000000000021470.csv
CAN_CSV0000000000001963.csv,CAN_CSV0000000000001861.csv
CAN_CSV0000000000001963.csv,CAN_CSV0000000000009256.csv
CAN_CSV0000000000001963.csv,CAN_CSV0000000000018788.csv
CAN_CSV0000000000001963.csv,CAN_CSV0000000000022416.csv
CAN_CSV0000000000001963.csv,CAN_CSV0000000000002140.csv
CAN_CSV0000000000001963.csv,CAN_CSV0000000000027411.csv
CAN_CSV0000000000001963.csv,CAN_CSV0000000000001914.csv
CAN_CSV0000000000001963.csv,CAN_CSV0000000000008205.csv
CAN_CSV0000000000001963.csv,CAN_CSV0000000000023789.csv
CAN_CSV0000000000001963.csv,CAN_CSV0000000000016775.csv
CAN_CSV0000000000001963.csv,CAN_CSV0000000000021537.csv
CAN_CSV0000000000001963.csv,CAN_CSV0000000000020510.csv
CAN_CSV0000000000002011.csv,CAN_CSV0000000000017665.csv
CAN_CSV0000000000002011.csv,CAN_CSV0000000000001468.csv
CAN_CSV0000000000002011.csv,CAN_CSV0000000000010805.csv
CAN_CSV0000000000002011.csv,CAN_CSV0000000000010637.csv
CAN_CSV0000000000002011.csv,CAN_CSV0000000000003705.csv
CAN_CSV0000000000002011.csv,CAN_CSV0000000000007489.csv
CAN_CSV0000000000002011.csv,CAN_CSV0000000000011548.csv
CAN_CSV0000000000002011.csv,CAN_CSV0000000000001844.csv
CAN_CSV0000000000002011.csv,CAN_CSV0000000000003355.csv
CAN_CSV0000000000002011.csv,CAN_CSV0000000000019966.csv
CAN_CSV0000000000002011.csv,CAN_CSV0000000000012226.csv
CAN_CSV0000000000002011.csv,CAN_CSV0000000000008002.csv
CAN_CSV0000000000002011.csv,CAN_CSV0000000000021266.csv
CAN_CSV0000000000002011.csv,CAN_CSV0000000000021324.csv
CAN_CSV0000000000002011.csv,CAN_CSV0000000000001677.csv
CAN_CSV0000000000002011.csv,CAN_CSV0000000000004335.csv
CAN_CSV0000000000002034.csv,CAN_CSV0000000000015841.csv
CAN_CSV0000000000002034.csv,CAN_CSV0000000000002036.csv
CAN_CSV0000000000002034.csv,CAN_CSV0000000000001448.csv
CAN_CSV0000000000002034.csv,CAN_CSV0000000000002131.csv
CAN_CSV0000000000002034.csv,CAN_CSV0000000000001826.csv
CAN_CSV0000000000002034.csv,CAN_CSV0000000000009940.csv
CAN_CSV0000000000002034.csv,CAN_CSV0000000000001770.csv
CAN_CSV0000000000002034.csv,CAN_CSV0000000000002039.csv
CAN_CSV0000000000002034.csv,CAN_CSV0000000000001475.csv
CAN_CSV0000000000002034.csv,CAN_CSV0000000000001908.csv
CAN_CSV0000000000002034.csv,CAN_CSV0000000000001463.csv
CAN_CSV0000000000002034.csv,CAN_CSV0000000000027043.csv
CAN_CSV0000000000002034.csv,CAN_CSV0000000000001985.csv
CAN_CSV0000000000002034.csv,CAN_CSV0000000000002040.csv
CAN_CSV0000000000002034.csv,CAN_CSV0000000000001956.csv
CAN_CSV0000000000002034.csv,CAN_CSV0000000000027041.csv
CAN_CSV0000000000002034.csv,CAN_CSV0000000000027410.csv
CAN_CSV0000000000002034.csv,CAN_CSV0000000000002035.csv
CAN_CSV0000000000002061.csv,CAN_CSV0000000000001801.csv
CAN_CSV0000000000002061.csv,CAN_CSV0000000000001792.csv
CAN_CSV0000000000002061.csv,CAN_CSV0000000000001787.csv
CAN_CSV0000000000002061.csv,CAN_CSV0000000000001802.csv
CAN_CSV0000000000002061.csv,CAN_CSV0000000000001803.csv
CAN_CSV0000000000002061.csv,CAN_CSV0000000000001722.csv
CAN_CSV0000000000002061.csv,CAN_CSV0000000000001793.csv
CAN_CSV0000000000002061.csv,CAN_CSV0000000000001791.csv
CAN_CSV0000000000002065.csv,CAN_CSV0000000000019053.csv
CAN_CSV0000000000002065.csv,CAN_CSV0000000000019321.csv
CAN_CSV0000000000002065.csv,CAN_CSV0000000000023333.csv
CAN_CSV0000000000002065.csv,CAN_CSV0000000000001907.csv
CAN_CSV0000000000002065.csv,CAN_CSV0000000000020224.csv
CAN_CSV0000000000002065.csv,CAN_CSV0000000000002092.csv
CAN_CSV0000000000002065.csv,CAN_CSV0000000000019383.csv
CAN_CSV0000000000002065.csv,CAN_CSV0000000000015232.csv
CAN_CSV0000000000002065.csv,CAN_CSV0000000000025816.csv
CAN_CSV0000000000002065.csv,CAN_CSV0000000000026164.csv
CAN_CSV0000000000002092.csv,CAN_CSV0000000000019053.csv
CAN_CSV0000000000002092.csv,CAN_CSV0000000000019321.csv
CAN_CSV0000000000002092.csv,CAN_CSV0000000000023333.csv
CAN_CSV0000000000002092.csv,CAN_CSV0000000000001907.csv
CAN_CSV0000000000002092.csv,CAN_CSV0000000000020224.csv
CAN_CSV0000000000002092.csv,CAN_CSV0000000000019383.csv
CAN_CSV0000000000002092.csv,CAN_CSV0000000000015232.csv
CAN_CSV0000000000002092.csv,CAN_CSV0000000000025816.csv
CAN_CSV0000000000002092.csv,CAN_CSV0000000000002065.csv
CAN_CSV0000000000002092.csv,CAN_CSV0000000000026164.csv
CAN_CSV0000000000002099.csv,CAN_CSV0000000000001801.csv
CAN_CSV0000000000002099.csv,CAN_CSV0000000000001792.csv
CAN_CSV0000000000002099.csv,CAN_CSV0000000000001787.csv
CAN_CSV0000000000002099.csv,CAN_CSV0000000000001802.csv
CAN_CSV0000000000002099.csv,CAN_CSV0000000000001803.csv
CAN_CSV0000000000002099.csv,CAN_CSV0000000000001722.csv
CAN_CSV0000000000002099.csv,CAN_CSV0000000000002061.csv
CAN_CSV0000000000002099.csv,CAN_CSV0000000000001793.csv
CAN_CSV0000000000002099.csv,CAN_CSV0000000000001791.csv
CAN_CSV0000000000002123.csv,CAN_CSV0000000000001801.csv
CAN_CSV0000000000002123.csv,CAN_CSV0000000000001792.csv
CAN_CSV0000000000002123.csv,CAN_CSV0000000000001787.csv
CAN_CSV0000000000002123.csv,CAN_CSV0000000000001802.csv
CAN_CSV0000000000002123.csv,CAN_CSV0000000000001803.csv
CAN_CSV0000000000002123.csv,CAN_CSV0000000000001722.csv
CAN_CSV0000000000002123.csv,CAN_CSV0000000000002061.csv
CAN_CSV0000000000002123.csv,CAN_CSV0000000000001793.csv
CAN_CSV0000000000002123.csv,CAN_CSV0000000000001791.csv
CAN_CSV0000000000002131.csv,CAN_CSV0000000000001448.csv
CAN_CSV0000000000002131.csv,CAN_CSV0000000000002036.csv
CAN_CSV0000000000002131.csv,CAN_CSV0000000000015841.csv
CAN_CSV0000000000002131.csv,CAN_CSV0000000000001826.csv
CAN_CSV0000000000002131.csv,CAN_CSV0000000000009940.csv
CAN_CSV0000000000002131.csv,CAN_CSV0000000000002039.csv
CAN_CSV0000000000002131.csv,CAN_CSV0000000000001770.csv
CAN_CSV0000000000002131.csv,CAN_CSV0000000000001475.csv
CAN_CSV0000000000002131.csv,CAN_CSV0000000000001908.csv
CAN_CSV0000000000002131.csv,CAN_CSV0000000000002034.csv
CAN_CSV0000000000002131.csv,CAN_CSV0000000000001463.csv
CAN_CSV0000000000002131.csv,CAN_CSV0000000000027043.csv
CAN_CSV0000000000002131.csv,CAN_CSV0000000000001985.csv
CAN_CSV0000000000002131.csv,CAN_CSV0000000000001956.csv
CAN_CSV0000000000002131.csv,CAN_CSV0000000000002040.csv
CAN_CSV0000000000002131.csv,CAN_CSV0000000000027041.csv
CAN_CSV0000000000002131.csv,CAN_CSV0000000000001477.csv
CAN_CSV0000000000002131.csv,CAN_CSV0000000000027410.csv
CAN_CSV0000000000002131.csv,CAN_CSV0000000000002035.csv
CAN_CSV0000000000002143.csv,CAN_CSV0000000000001865.csv
CAN_CSV0000000000002143.csv,CAN_CSV0000000000001816.csv
CAN_CSV0000000000002143.csv,CAN_CSV0000000000027119.csv
CAN_CSV0000000000002143.csv,CAN_CSV0000000000027373.csv
CAN_CSV0000000000002143.csv,CAN_CSV0000000000001909.csv
CAN_CSV0000000000002143.csv,CAN_CSV0000000000001960.csv
CAN_CSV0000000000002143.csv,CAN_CSV0000000000027389.csv
CAN_CSV0000000000002143.csv,CAN_CSV0000000000027371.csv
CAN_CSV0000000000002143.csv,CAN_CSV0000000000001961.csv
CAN_CSV0000000000002256.csv,CAN_CSV0000000000005320.csv
CAN_CSV0000000000002256.csv,CAN_CSV0000000000000687.csv
CAN_CSV0000000000002256.csv,CAN_CSV0000000000000685.csv
CAN_CSV0000000000002256.csv,CAN_CSV0000000000027103.csv
CAN_CSV0000000000002256.csv,CAN_CSV0000000000005297.csv
CAN_CSV0000000000002256.csv,CAN_CSV0000000000005322.csv
CAN_CSV0000000000002256.csv,CAN_CSV0000000000000678.csv
CAN_CSV0000000000002256.csv,CAN_CSV0000000000005307.csv
CAN_CSV0000000000002256.csv,CAN_CSV0000000000005348.csv
CAN_CSV0000000000002256.csv,CAN_CSV0000000000005300.csv
CAN_CSV0000000000002256.csv,CAN_CSV0000000000000698.csv
CAN_CSV0000000000002256.csv,CAN_CSV0000000000000644.csv
CAN_CSV0000000000002261.csv,CAN_CSV0000000000005320.csv
CAN_CSV0000000000002261.csv,CAN_CSV0000000000000687.csv
CAN_CSV0000000000002261.csv,CAN_CSV0000000000000685.csv
CAN_CSV0000000000002261.csv,CAN_CSV0000000000027103.csv
CAN_CSV0000000000002261.csv,CAN_CSV0000000000005297.csv
CAN_CSV0000000000002261.csv,CAN_CSV0000000000005322.csv
CAN_CSV0000000000002261.csv,CAN_CSV0000000000000678.csv
CAN_CSV0000000000002261.csv,CAN_CSV0000000000005307.csv
CAN_CSV0000000000002261.csv,CAN_CSV0000000000005348.csv
CAN_CSV0000000000002261.csv,CAN_CSV0000000000005300.csv
CAN_CSV0000000000002261.csv,CAN_CSV0000000000000698.csv
CAN_CSV0000000000002261.csv,CAN_CSV0000000000000644.csv
CAN_CSV0000000000002292.csv,CAN_CSV0000000000013001.csv
CAN_CSV0000000000002292.csv,CAN_CSV0000000000027218.csv
CAN_CSV0000000000002292.csv,CAN_CSV0000000000005832.csv
CAN_CSV0000000000002292.csv,CAN_CSV0000000000005391.csv
CAN_CSV0000000000002292.csv,CAN_CSV0000000000002293.csv
CAN_CSV0000000000002292.csv,CAN_CSV0000000000000949.csv
CAN_CSV0000000000002292.csv,CAN_CSV0000000000012952.csv
CAN_CSV0000000000002292.csv,CAN_CSV0000000000027217.csv
CAN_CSV0000000000002292.csv,CAN_CSV0000000000005264.csv
CAN_CSV0000000000002292.csv,CAN_CSV0000000000013199.csv
CAN_CSV0000000000002292.csv,CAN_CSV0000000000013514.csv
CAN_CSV0000000000002292.csv,CAN_CSV0000000000013702.csv
CAN_CSV0000000000002292.csv,CAN_CSV0000000000002295.csv
CAN_CSV0000000000002292.csv,CAN_CSV0000000000004766.csv
CAN_CSV0000000000002292.csv,CAN_CSV0000000000000719.csv
CAN_CSV0000000000002292.csv,CAN_CSV0000000000013518.csv
CAN_CSV0000000000002292.csv,CAN_CSV0000000000002181.csv
CAN_CSV0000000000002292.csv,CAN_CSV0000000000005205.csv
CAN_CSV0000000000002292.csv,CAN_CSV0000000000005227.csv
CAN_CSV0000000000002292.csv,CAN_CSV0000000000000735.csv
CAN_CSV0000000000002292.csv,CAN_CSV0000000000013513.csv
CAN_CSV0000000000002292.csv,CAN_CSV0000000000027219.csv
CAN_CSV0000000000002292.csv,CAN_CSV0000000000000608.csv
CAN_CSV0000000000002292.csv,CAN_CSV0000000000013603.csv
CAN_CSV0000000000002292.csv,CAN_CSV0000000000013782.csv
CAN_CSV0000000000002292.csv,CAN_CSV0000000000015560.csv
CAN_CSV0000000000002292.csv,CAN_CSV0000000000001243.csv
CAN_CSV0000000000002292.csv,CAN_CSV0000000000005265.csv
CAN_CSV0000000000002292.csv,CAN_CSV0000000000000610.csv
CAN_CSV0000000000002292.csv,CAN_CSV0000000000001251.csv
CAN_CSV0000000000002292.csv,CAN_CSV0000000000001116.csv
CAN_CSV0000000000002292.csv,CAN_CSV0000000000001241.csv
CAN_CSV0000000000002292.csv,CAN_CSV0000000000004703.csv
CAN_CSV0000000000002292.csv,CAN_CSV0000000000015551.csv
CAN_CSV0000000000002292.csv,CAN_CSV0000000000015570.csv
CAN_CSV0000000000002292.csv,CAN_CSV0000000000001226.csv
CAN_CSV0000000000002292.csv,CAN_CSV0000000000013602.csv
CAN_CSV0000000000002292.csv,CAN_CSV0000000000005128.csv
CAN_CSV0000000000002292.csv,CAN_CSV0000000000001114.csv
CAN_CSV0000000000002292.csv,CAN_CSV0000000000012980.csv
CAN_CSV0000000000002292.csv,CAN_CSV0000000000001242.csv
CAN_CSV0000000000002292.csv,CAN_CSV0000000000005009.csv
CAN_CSV0000000000002292.csv,CAN_CSV0000000000013701.csv
CAN_CSV0000000000002292.csv,CAN_CSV0000000000012845.csv
CAN_CSV0000000000002292.csv,CAN_CSV0000000000013484.csv
CAN_CSV0000000000002292.csv,CAN_CSV0000000000013497.csv
CAN_CSV0000000000002292.csv,CAN_CSV0000000000002296.csv
CAN_CSV0000000000002292.csv,CAN_CSV0000000000014315.csv
CAN_CSV0000000000002292.csv,CAN_CSV0000000000013510.csv
CAN_CSV0000000000002292.csv,CAN_CSV0000000000013036.csv
CAN_CSV0000000000002292.csv,CAN_CSV0000000000001248.csv
CAN_CSV0000000000002292.csv,CAN_CSV0000000000005103.csv
CAN_CSV0000000000002292.csv,CAN_CSV0000000000013489.csv
CAN_CSV0000000000002292.csv,CAN_CSV0000000000027228.csv
CAN_CSV0000000000002292.csv,CAN_CSV0000000000005379.csv
CAN_CSV0000000000002294.csv,CAN_CSV0000000000002297.csv
CAN_CSV0000000000002294.csv,CAN_CSV0000000000013001.csv
CAN_CSV0000000000002294.csv,CAN_CSV0000000000005299.csv
CAN_CSV0000000000002294.csv,CAN_CSV0000000000002292.csv
CAN_CSV0000000000002294.csv,CAN_CSV0000000000027218.csv
CAN_CSV0000000000002294.csv,CAN_CSV0000000000005832.csv
CAN_CSV0000000000002294.csv,CAN_CSV0000000000005391.csv
CAN_CSV0000000000002294.csv,CAN_CSV0000000000012952.csv
CAN_CSV0000000000002294.csv,CAN_CSV0000000000027217.csv
CAN_CSV0000000000002294.csv,CAN_CSV0000000000005264.csv
CAN_CSV0000000000002294.csv,CAN_CSV0000000000013199.csv
CAN_CSV0000000000002294.csv,CAN_CSV0000000000013514.csv
CAN_CSV0000000000002294.csv,CAN_CSV0000000000013702.csv
CAN_CSV0000000000002294.csv,CAN_CSV0000000000001068.csv
CAN_CSV0000000000002294.csv,CAN_CSV0000000000004766.csv
CAN_CSV0000000000002294.csv,CAN_CSV0000000000007016.csv
CAN_CSV0000000000002294.csv,CAN_CSV0000000000000719.csv
CAN_CSV0000000000002294.csv,CAN_CSV0000000000013518.csv
CAN_CSV0000000000002294.csv,CAN_CSV0000000000002181.csv
CAN_CSV0000000000002294.csv,CAN_CSV0000000000005205.csv
CAN_CSV0000000000002294.csv,CAN_CSV0000000000005227.csv
CAN_CSV0000000000002294.csv,CAN_CSV0000000000013222.csv
CAN_CSV0000000000002294.csv,CAN_CSV0000000000000735.csv
CAN_CSV0000000000002294.csv,CAN_CSV0000000000013513.csv
CAN_CSV0000000000002294.csv,CAN_CSV0000000000027219.csv
CAN_CSV0000000000002294.csv,CAN_CSV0000000000000918.csv
CAN_CSV0000000000002294.csv,CAN_CSV0000000000000608.csv
CAN_CSV0000000000002294.csv,CAN_CSV0000000000013603.csv
CAN_CSV0000000000002294.csv,CAN_CSV0000000000006777.csv
CAN_CSV0000000000002294.csv,CAN_CSV0000000000001244.csv
CAN_CSV0000000000002294.csv,CAN_CSV0000000000014523.csv
CAN_CSV0000000000002294.csv,CAN_CSV0000000000013782.csv
CAN_CSV0000000000002294.csv,CAN_CSV0000000000001222.csv
CAN_CSV0000000000002294.csv,CAN_CSV0000000000012576.csv
CAN_CSV0000000000002294.csv,CAN_CSV0000000000015560.csv
CAN_CSV0000000000002294.csv,CAN_CSV0000000000005265.csv
CAN_CSV0000000000002294.csv,CAN_CSV0000000000000610.csv
CAN_CSV0000000000002294.csv,CAN_CSV0000000000001116.csv
CAN_CSV0000000000002294.csv,CAN_CSV0000000000012725.csv
CAN_CSV0000000000002294.csv,CAN_CSV0000000000004703.csv
CAN_CSV0000000000002294.csv,CAN_CSV0000000000015551.csv
CAN_CSV0000000000002294.csv,CAN_CSV0000000000015570.csv
CAN_CSV0000000000002294.csv,CAN_CSV0000000000012785.csv
CAN_CSV0000000000002294.csv,CAN_CSV0000000000013602.csv
CAN_CSV0000000000002294.csv,CAN_CSV0000000000001226.csv
CAN_CSV0000000000002294.csv,CAN_CSV0000000000001065.csv
CAN_CSV0000000000002294.csv,CAN_CSV0000000000005128.csv
CAN_CSV0000000000002294.csv,CAN_CSV0000000000012677.csv
CAN_CSV0000000000002294.csv,CAN_CSV0000000000001114.csv
CAN_CSV0000000000002294.csv,CAN_CSV0000000000012980.csv
CAN_CSV0000000000002294.csv,CAN_CSV0000000000012946.csv
CAN_CSV0000000000002294.csv,CAN_CSV0000000000012754.csv
CAN_CSV0000000000002294.csv,CAN_CSV0000000000005009.csv
CAN_CSV0000000000002294.csv,CAN_CSV0000000000001252.csv
CAN_CSV0000000000002294.csv,CAN_CSV0000000000005357.csv
CAN_CSV0000000000002294.csv,CAN_CSV0000000000012954.csv
CAN_CSV0000000000002294.csv,CAN_CSV0000000000001254.csv
CAN_CSV0000000000002294.csv,CAN_CSV0000000000013701.csv
CAN_CSV0000000000002294.csv,CAN_CSV0000000000012845.csv
CAN_CSV0000000000002294.csv,CAN_CSV0000000000002176.csv
CAN_CSV0000000000002294.csv,CAN_CSV0000000000001255.csv
CAN_CSV0000000000002294.csv,CAN_CSV0000000000013484.csv
CAN_CSV0000000000002294.csv,CAN_CSV0000000000013497.csv
CAN_CSV0000000000002294.csv,CAN_CSV0000000000005103.csv
CAN_CSV0000000000002294.csv,CAN_CSV0000000000014315.csv
CAN_CSV0000000000002294.csv,CAN_CSV0000000000013510.csv
CAN_CSV0000000000002294.csv,CAN_CSV0000000000013036.csv
CAN_CSV0000000000002294.csv,CAN_CSV0000000000013153.csv
CAN_CSV0000000000002294.csv,CAN_CSV0000000000013004.csv
CAN_CSV0000000000002294.csv,CAN_CSV0000000000013489.csv
CAN_CSV0000000000002294.csv,CAN_CSV0000000000027228.csv
CAN_CSV0000000000002294.csv,CAN_CSV0000000000005379.csv
CAN_CSV0000000000002294.csv,CAN_CSV0000000000014509.csv
CAN_CSV0000000000002295.csv,CAN_CSV0000000000013001.csv
CAN_CSV0000000000002295.csv,CAN_CSV0000000000002292.csv
CAN_CSV0000000000002295.csv,CAN_CSV0000000000027218.csv
CAN_CSV0000000000002295.csv,CAN_CSV0000000000005832.csv
CAN_CSV0000000000002295.csv,CAN_CSV0000000000005391.csv
CAN_CSV0000000000002295.csv,CAN_CSV0000000000002293.csv
CAN_CSV0000000000002295.csv,CAN_CSV0000000000000949.csv
CAN_CSV0000000000002295.csv,CAN_CSV0000000000012952.csv
CAN_CSV0000000000002295.csv,CAN_CSV0000000000027217.csv
CAN_CSV0000000000002295.csv,CAN_CSV0000000000005264.csv
CAN_CSV0000000000002295.csv,CAN_CSV0000000000013199.csv
CAN_CSV0000000000002295.csv,CAN_CSV0000000000013514.csv
CAN_CSV0000000000002295.csv,CAN_CSV0000000000013702.csv
CAN_CSV0000000000002295.csv,CAN_CSV0000000000004766.csv
CAN_CSV0000000000002295.csv,CAN_CSV0000000000000719.csv
CAN_CSV0000000000002295.csv,CAN_CSV0000000000013518.csv
CAN_CSV0000000000002295.csv,CAN_CSV0000000000002181.csv
CAN_CSV0000000000002295.csv,CAN_CSV0000000000005205.csv
CAN_CSV0000000000002295.csv,CAN_CSV0000000000005227.csv
CAN_CSV0000000000002295.csv,CAN_CSV0000000000000735.csv
CAN_CSV0000000000002295.csv,CAN_CSV0000000000013513.csv
CAN_CSV0000000000002295.csv,CAN_CSV0000000000001247.csv
CAN_CSV0000000000002295.csv,CAN_CSV0000000000027219.csv
CAN_CSV0000000000002295.csv,CAN_CSV0000000000000608.csv
CAN_CSV0000000000002295.csv,CAN_CSV0000000000013603.csv
CAN_CSV0000000000002295.csv,CAN_CSV0000000000013782.csv
CAN_CSV0000000000002295.csv,CAN_CSV0000000000015560.csv
CAN_CSV0000000000002295.csv,CAN_CSV0000000000001243.csv
CAN_CSV0000000000002295.csv,CAN_CSV0000000000005265.csv
CAN_CSV0000000000002295.csv,CAN_CSV0000000000000610.csv
CAN_CSV0000000000002295.csv,CAN_CSV0000000000001251.csv
CAN_CSV0000000000002295.csv,CAN_CSV0000000000001116.csv
CAN_CSV0000000000002295.csv,CAN_CSV0000000000012442.csv
CAN_CSV0000000000002295.csv,CAN_CSV0000000000001241.csv
CAN_CSV0000000000002295.csv,CAN_CSV0000000000004703.csv
CAN_CSV0000000000002295.csv,CAN_CSV0000000000015551.csv
CAN_CSV0000000000002295.csv,CAN_CSV0000000000015570.csv
CAN_CSV0000000000002295.csv,CAN_CSV0000000000001226.csv
CAN_CSV0000000000002295.csv,CAN_CSV0000000000013602.csv
CAN_CSV0000000000002295.csv,CAN_CSV0000000000005128.csv
CAN_CSV0000000000002295.csv,CAN_CSV0000000000014316.csv
CAN_CSV0000000000002295.csv,CAN_CSV0000000000001114.csv
CAN_CSV0000000000002295.csv,CAN_CSV0000000000012980.csv
CAN_CSV0000000000002295.csv,CAN_CSV0000000000001242.csv
CAN_CSV0000000000002295.csv,CAN_CSV0000000000001227.csv
CAN_CSV0000000000002295.csv,CAN_CSV0000000000005009.csv
CAN_CSV0000000000002295.csv,CAN_CSV0000000000013701.csv
CAN_CSV0000000000002295.csv,CAN_CSV0000000000012845.csv
CAN_CSV0000000000002295.csv,CAN_CSV0000000000013484.csv
CAN_CSV0000000000002295.csv,CAN_CSV0000000000013497.csv
CAN_CSV0000000000002295.csv,CAN_CSV0000000000005103.csv
CAN_CSV0000000000002295.csv,CAN_CSV0000000000014315.csv
CAN_CSV0000000000002295.csv,CAN_CSV0000000000013510.csv
CAN_CSV0000000000002295.csv,CAN_CSV0000000000013036.csv
CAN_CSV0000000000002295.csv,CAN_CSV0000000000001248.csv
CAN_CSV0000000000002295.csv,CAN_CSV0000000000013489.csv
CAN_CSV0000000000002295.csv,CAN_CSV0000000000027228.csv
CAN_CSV0000000000002295.csv,CAN_CSV0000000000005379.csv
CAN_CSV0000000000002323.csv,CAN_CSV0000000000001267.csv
CAN_CSV0000000000002323.csv,CAN_CSV0000000000001298.csv
CAN_CSV0000000000002323.csv,CAN_CSV0000000000014567.csv
CAN_CSV0000000000002323.csv,CAN_CSV0000000000001226.csv
CAN_CSV0000000000002323.csv,CAN_CSV0000000000001286.csv
CAN_CSV0000000000002323.csv,CAN_CSV0000000000001287.csv
CAN_CSV0000000000002323.csv,CAN_CSV0000000000001114.csv
CAN_CSV0000000000002323.csv,CAN_CSV0000000000027430.csv
CAN_CSV0000000000002323.csv,CAN_CSV0000000000014315.csv
CAN_CSV0000000000002323.csv,CAN_CSV0000000000013489.csv
CAN_CSV0000000000002323.csv,CAN_CSV0000000000001299.csv
CAN_CSV0000000000002505.csv,CAN_CSV0000000000002525.csv
CAN_CSV0000000000002505.csv,CAN_CSV0000000000001516.csv
CAN_CSV0000000000002505.csv,CAN_CSV0000000000001651.csv
CAN_CSV0000000000002505.csv,CAN_CSV0000000000002516.csv
CAN_CSV0000000000002505.csv,CAN_CSV0000000000001580.csv
CAN_CSV0000000000002505.csv,CAN_CSV0000000000002488.csv
CAN_CSV0000000000002505.csv,CAN_CSV0000000000002524.csv
CAN_CSV0000000000002505.csv,CAN_CSV0000000000001584.csv
CAN_CSV0000000000002505.csv,CAN_CSV0000000000001569.csv
CAN_CSV0000000000002505.csv,CAN_CSV0000000000001615.csv
CAN_CSV0000000000002505.csv,CAN_CSV0000000000001655.csv
CAN_CSV0000000000002505.csv,CAN_CSV0000000000001643.csv
CAN_CSV0000000000002505.csv,CAN_CSV0000000000002514.csv
CAN_CSV0000000000002505.csv,CAN_CSV0000000000001658.csv
CAN_CSV0000000000002505.csv,CAN_CSV0000000000001550.csv
CAN_CSV0000000000002505.csv,CAN_CSV0000000000001544.csv
CAN_CSV0000000000002505.csv,CAN_CSV0000000000001543.csv
CAN_CSV0000000000002505.csv,CAN_CSV0000000000001612.csv
CAN_CSV0000000000002505.csv,CAN_CSV0000000000002547.csv
CAN_CSV0000000000002505.csv,CAN_CSV0000000000002523.csv
CAN_CSV0000000000002505.csv,CAN_CSV0000000000002522.csv
CAN_CSV0000000000002505.csv,CAN_CSV0000000000002528.csv
CAN_CSV0000000000002505.csv,CAN_CSV0000000000001510.csv
CAN_CSV0000000000002505.csv,CAN_CSV0000000000001531.csv
CAN_CSV0000000000002505.csv,CAN_CSV0000000000002497.csv
CAN_CSV0000000000002505.csv,CAN_CSV0000000000001568.csv
CAN_CSV0000000000002505.csv,CAN_CSV0000000000001623.csv
CAN_CSV0000000000002505.csv,CAN_CSV0000000000002541.csv
CAN_CSV0000000000002505.csv,CAN_CSV0000000000001505.csv
CAN_CSV0000000000002505.csv,CAN_CSV0000000000001567.csv
CAN_CSV0000000000002505.csv,CAN_CSV0000000000001644.csv
CAN_CSV0000000000002505.csv,CAN_CSV0000000000001576.csv
CAN_CSV0000000000002505.csv,CAN_CSV0000000000002509.csv
CAN_CSV0000000000002505.csv,CAN_CSV0000000000001553.csv
CAN_CSV0000000000002505.csv,CAN_CSV0000000000001648.csv
CAN_CSV0000000000002505.csv,CAN_CSV0000000000002501.csv
CAN_CSV0000000000002505.csv,CAN_CSV0000000000001664.csv
CAN_CSV0000000000002505.csv,CAN_CSV0000000000001660.csv
CAN_CSV0000000000002505.csv,CAN_CSV0000000000002503.csv
CAN_CSV0000000000002505.csv,CAN_CSV0000000000002477.csv
CAN_CSV0000000000002505.csv,CAN_CSV0000000000002507.csv
CAN_CSV0000000000002505.csv,CAN_CSV0000000000001653.csv
CAN_CSV0000000000002505.csv,CAN_CSV0000000000001578.csv
CAN_CSV0000000000002505.csv,CAN_CSV0000000000001611.csv
CAN_CSV0000000000002505.csv,CAN_CSV0000000000002485.csv
CAN_CSV0000000000002505.csv,CAN_CSV0000000000001577.csv
CAN_CSV0000000000002505.csv,CAN_CSV0000000000002482.csv
CAN_CSV0000000000002505.csv,CAN_CSV0000000000002364.csv
CAN_CSV0000000000002505.csv,CAN_CSV0000000000001573.csv
CAN_CSV0000000000002505.csv,CAN_CSV0000000000002537.csv
CAN_CSV0000000000002505.csv,CAN_CSV0000000000002498.csv
CAN_CSV0000000000002505.csv,CAN_CSV0000000000002548.csv
CAN_CSV0000000000002505.csv,CAN_CSV0000000000002484.csv
CAN_CSV0000000000002505.csv,CAN_CSV0000000000002489.csv
CAN_CSV0000000000002505.csv,CAN_CSV0000000000001497.csv
CAN_CSV0000000000002505.csv,CAN_CSV0000000000002506.csv
CAN_CSV0000000000002505.csv,CAN_CSV0000000000002491.csv
CAN_CSV0000000000002505.csv,CAN_CSV0000000000001586.csv
CAN_CSV0000000000002505.csv,CAN_CSV0000000000002496.csv
CAN_CSV0000000000002505.csv,CAN_CSV0000000000002499.csv
CAN_CSV0000000000002505.csv,CAN_CSV0000000000001581.csv
CAN_CSV0000000000002505.csv,CAN_CSV0000000000001540.csv
CAN_CSV0000000000002505.csv,CAN_CSV0000000000001492.csv
CAN_CSV0000000000002505.csv,CAN_CSV0000000000002486.csv
CAN_CSV0000000000002505.csv,CAN_CSV0000000000002493.csv
CAN_CSV0000000000002505.csv,CAN_CSV0000000000001654.csv
CAN_CSV0000000000002505.csv,CAN_CSV0000000000001585.csv
CAN_CSV0000000000002505.csv,CAN_CSV0000000000002531.csv
CAN_CSV0000000000002505.csv,CAN_CSV0000000000001657.csv
CAN_CSV0000000000002505.csv,CAN_CSV0000000000001627.csv
CAN_CSV0000000000002505.csv,CAN_CSV0000000000001622.csv
CAN_CSV0000000000002505.csv,CAN_CSV0000000000002508.csv
CAN_CSV0000000000002886.csv,CAN_CSV0000000000001709.csv
CAN_CSV0000000000002886.csv,CAN_CSV0000000000001705.csv
CAN_CSV0000000000002886.csv,CAN_CSV0000000000001708.csv
CAN_CSV0000000000002886.csv,CAN_CSV0000000000001703.csv
CAN_CSV0000000000002886.csv,CAN_CSV0000000000002904.csv
CAN_CSV0000000000002889.csv,CAN_CSV0000000000001709.csv
CAN_CSV0000000000002889.csv,CAN_CSV0000000000001705.csv
CAN_CSV0000000000002889.csv,CAN_CSV0000000000001708.csv
CAN_CSV0000000000002889.csv,CAN_CSV0000000000001703.csv
CAN_CSV0000000000002889.csv,CAN_CSV0000000000002904.csv
CAN_CSV0000000000002901.csv,CAN_CSV0000000000001709.csv
CAN_CSV0000000000002901.csv,CAN_CSV0000000000001705.csv
CAN_CSV0000000000002901.csv,CAN_CSV0000000000001708.csv
CAN_CSV0000000000002901.csv,CAN_CSV0000000000001703.csv
CAN_CSV0000000000002901.csv,CAN_CSV0000000000002904.csv
CAN_CSV0000000000002904.csv,CAN_CSV0000000000001710.csv
CAN_CSV0000000000002904.csv,CAN_CSV0000000000002914.csv
CAN_CSV0000000000002904.csv,CAN_CSV0000000000002908.csv
CAN_CSV0000000000002904.csv,CAN_CSV0000000000002942.csv
CAN_CSV0000000000002904.csv,CAN_CSV0000000000002909.csv
CAN_CSV0000000000002904.csv,CAN_CSV0000000000001711.csv
CAN_CSV0000000000002904.csv,CAN_CSV0000000000002906.csv
CAN_CSV0000000000002904.csv,CAN_CSV0000000000001709.csv
CAN_CSV0000000000002904.csv,CAN_CSV0000000000002912.csv
CAN_CSV0000000000002904.csv,CAN_CSV0000000000002923.csv
CAN_CSV0000000000002904.csv,CAN_CSV0000000000002943.csv
CAN_CSV0000000000002904.csv,CAN_CSV0000000000002907.csv
CAN_CSV0000000000002906.csv,CAN_CSV0000000000001710.csv
CAN_CSV0000000000002906.csv,CAN_CSV0000000000002914.csv
CAN_CSV0000000000002906.csv,CAN_CSV0000000000002908.csv
CAN_CSV0000000000002906.csv,CAN_CSV0000000000002942.csv
CAN_CSV0000000000002906.csv,CAN_CSV0000000000002909.csv
CAN_CSV0000000000002906.csv,CAN_CSV0000000000001711.csv
CAN_CSV0000000000002906.csv,CAN_CSV0000000000001709.csv
CAN_CSV0000000000002906.csv,CAN_CSV0000000000002912.csv
CAN_CSV0000000000002906.csv,CAN_CSV0000000000002923.csv
CAN_CSV0000000000002906.csv,CAN_CSV0000000000002943.csv
CAN_CSV0000000000002906.csv,CAN_CSV0000000000002907.csv
CAN_CSV0000000000002907.csv,CAN_CSV0000000000001710.csv
CAN_CSV0000000000002907.csv,CAN_CSV0000000000002914.csv
CAN_CSV0000000000002907.csv,CAN_CSV0000000000002908.csv
CAN_CSV0000000000002907.csv,CAN_CSV0000000000002942.csv
CAN_CSV0000000000002907.csv,CAN_CSV0000000000002909.csv
CAN_CSV0000000000002907.csv,CAN_CSV0000000000001711.csv
CAN_CSV0000000000002907.csv,CAN_CSV0000000000002906.csv
CAN_CSV0000000000002907.csv,CAN_CSV0000000000001709.csv
CAN_CSV0000000000002907.csv,CAN_CSV0000000000002912.csv
CAN_CSV0000000000002907.csv,CAN_CSV0000000000002923.csv
CAN_CSV0000000000002907.csv,CAN_CSV0000000000002943.csv
CAN_CSV0000000000002908.csv,CAN_CSV0000000000001710.csv
CAN_CSV0000000000002908.csv,CAN_CSV0000000000002914.csv
CAN_CSV0000000000002908.csv,CAN_CSV0000000000002942.csv
CAN_CSV0000000000002908.csv,CAN_CSV0000000000002909.csv
CAN_CSV0000000000002908.csv,CAN_CSV0000000000001711.csv
CAN_CSV0000000000002908.csv,CAN_CSV0000000000002906.csv
CAN_CSV0000000000002908.csv,CAN_CSV0000000000001709.csv
CAN_CSV0000000000002908.csv,CAN_CSV0000000000002912.csv
CAN_CSV0000000000002908.csv,CAN_CSV0000000000002923.csv
CAN_CSV0000000000002908.csv,CAN_CSV0000000000002943.csv
CAN_CSV0000000000002908.csv,CAN_CSV0000000000002907.csv
CAN_CSV0000000000002909.csv,CAN_CSV0000000000001710.csv
CAN_CSV0000000000002909.csv,CAN_CSV0000000000002914.csv
CAN_CSV0000000000002909.csv,CAN_CSV0000000000002908.csv
CAN_CSV0000000000002909.csv,CAN_CSV0000000000002942.csv
CAN_CSV0000000000002909.csv,CAN_CSV0000000000001711.csv
CAN_CSV0000000000002909.csv,CAN_CSV0000000000002906.csv
CAN_CSV0000000000002909.csv,CAN_CSV0000000000001709.csv
CAN_CSV0000000000002909.csv,CAN_CSV0000000000002912.csv
CAN_CSV0000000000002909.csv,CAN_CSV0000000000002923.csv
CAN_CSV0000000000002909.csv,CAN_CSV0000000000002943.csv
CAN_CSV0000000000002909.csv,CAN_CSV0000000000002907.csv
CAN_CSV0000000000002912.csv,CAN_CSV0000000000001710.csv
CAN_CSV0000000000002912.csv,CAN_CSV0000000000002914.csv
CAN_CSV0000000000002912.csv,CAN_CSV0000000000002908.csv
CAN_CSV0000000000002912.csv,CAN_CSV0000000000002942.csv
CAN_CSV0000000000002912.csv,CAN_CSV0000000000002909.csv
CAN_CSV0000000000002912.csv,CAN_CSV0000000000001711.csv
CAN_CSV0000000000002912.csv,CAN_CSV0000000000002906.csv
CAN_CSV0000000000002912.csv,CAN_CSV0000000000001709.csv
CAN_CSV0000000000002912.csv,CAN_CSV0000000000002923.csv
CAN_CSV0000000000002912.csv,CAN_CSV0000000000002943.csv
CAN_CSV0000000000002912.csv,CAN_CSV0000000000002907.csv
CAN_CSV0000000000002914.csv,CAN_CSV0000000000001710.csv
CAN_CSV0000000000002914.csv,CAN_CSV0000000000002908.csv
CAN_CSV0000000000002914.csv,CAN_CSV0000000000002942.csv
CAN_CSV0000000000002914.csv,CAN_CSV0000000000002909.csv
CAN_CSV0000000000002914.csv,CAN_CSV0000000000001711.csv
CAN_CSV0000000000002914.csv,CAN_CSV0000000000002906.csv
CAN_CSV0000000000002914.csv,CAN_CSV0000000000001709.csv
CAN_CSV0000000000002914.csv,CAN_CSV0000000000002912.csv
CAN_CSV0000000000002914.csv,CAN_CSV0000000000002923.csv
CAN_CSV0000000000002914.csv,CAN_CSV0000000000002943.csv
CAN_CSV0000000000002914.csv,CAN_CSV0000000000002907.csv
CAN_CSV0000000000002923.csv,CAN_CSV0000000000001710.csv
CAN_CSV0000000000002923.csv,CAN_CSV0000000000002914.csv
CAN_CSV0000000000002923.csv,CAN_CSV0000000000002908.csv
CAN_CSV0000000000002923.csv,CAN_CSV0000000000002942.csv
CAN_CSV0000000000002923.csv,CAN_CSV0000000000002909.csv
CAN_CSV0000000000002923.csv,CAN_CSV0000000000001711.csv
CAN_CSV0000000000002923.csv,CAN_CSV0000000000002906.csv
CAN_CSV0000000000002923.csv,CAN_CSV0000000000001709.csv
CAN_CSV0000000000002923.csv,CAN_CSV0000000000002912.csv
CAN_CSV0000000000002923.csv,CAN_CSV0000000000002943.csv
CAN_CSV0000000000002923.csv,CAN_CSV0000000000002907.csv
CAN_CSV0000000000002928.csv,CAN_CSV0000000000001709.csv
CAN_CSV0000000000002928.csv,CAN_CSV0000000000001705.csv
CAN_CSV0000000000002928.csv,CAN_CSV0000000000001708.csv
CAN_CSV0000000000002928.csv,CAN_CSV0000000000001703.csv
CAN_CSV0000000000002928.csv,CAN_CSV0000000000002904.csv
CAN_CSV0000000000002942.csv,CAN_CSV0000000000001710.csv
CAN_CSV0000000000002942.csv,CAN_CSV0000000000002914.csv
CAN_CSV0000000000002942.csv,CAN_CSV0000000000002908.csv
CAN_CSV0000000000002942.csv,CAN_CSV0000000000002909.csv
CAN_CSV0000000000002942.csv,CAN_CSV0000000000001711.csv
CAN_CSV0000000000002942.csv,CAN_CSV0000000000002906.csv
CAN_CSV0000000000002942.csv,CAN_CSV0000000000001709.csv
CAN_CSV0000000000002942.csv,CAN_CSV0000000000002912.csv
CAN_CSV0000000000002942.csv,CAN_CSV0000000000002923.csv
CAN_CSV0000000000002942.csv,CAN_CSV0000000000002943.csv
CAN_CSV0000000000002942.csv,CAN_CSV0000000000002907.csv
CAN_CSV0000000000002943.csv,CAN_CSV0000000000001710.csv
CAN_CSV0000000000002943.csv,CAN_CSV0000000000002914.csv
CAN_CSV0000000000002943.csv,CAN_CSV0000000000002908.csv
CAN_CSV0000000000002943.csv,CAN_CSV0000000000002942.csv
CAN_CSV0000000000002943.csv,CAN_CSV0000000000002909.csv
CAN_CSV0000000000002943.csv,CAN_CSV0000000000001711.csv
CAN_CSV0000000000002943.csv,CAN_CSV0000000000002906.csv
CAN_CSV0000000000002943.csv,CAN_CSV0000000000001709.csv
CAN_CSV0000000000002943.csv,CAN_CSV0000000000002912.csv
CAN_CSV0000000000002943.csv,CAN_CSV0000000000002923.csv
CAN_CSV0000000000002943.csv,CAN_CSV0000000000002907.csv
CAN_CSV0000000000003046.csv,CAN_CSV0000000000018695.csv
CAN_CSV0000000000003046.csv,CAN_CSV0000000000019213.csv
CAN_CSV0000000000003046.csv,CAN_CSV0000000000017063.csv
CAN_CSV0000000000003046.csv,CAN_CSV0000000000010746.csv
CAN_CSV0000000000003046.csv,CAN_CSV0000000000009543.csv
CAN_CSV0000000000003046.csv,CAN_CSV0000000000022925.csv
CAN_CSV0000000000003066.csv,CAN_CSV0000000000027354.csv
CAN_CSV0000000000003066.csv,CAN_CSV0000000000027348.csv
CAN_CSV0000000000003066.csv,CAN_CSV0000000000027353.csv
CAN_CSV0000000000003066.csv,CAN_CSV0000000000027355.csv
CAN_CSV0000000000003066.csv,CAN_CSV0000000000027346.csv
CAN_CSV0000000000003066.csv,CAN_CSV0000000000008201.csv
CAN_CSV0000000000003066.csv,CAN_CSV0000000000027350.csv
CAN_CSV0000000000003066.csv,CAN_CSV0000000000001874.csv
CAN_CSV0000000000003274.csv,CAN_CSV0000000000018668.csv
CAN_CSV0000000000003274.csv,CAN_CSV0000000000017417.csv
CAN_CSV0000000000003274.csv,CAN_CSV0000000000025606.csv
CAN_CSV0000000000003274.csv,CAN_CSV0000000000008603.csv
CAN_CSV0000000000003274.csv,CAN_CSV0000000000017572.csv
CAN_CSV0000000000003274.csv,CAN_CSV0000000000009470.csv
CAN_CSV0000000000003274.csv,CAN_CSV0000000000026925.csv
CAN_CSV0000000000003274.csv,CAN_CSV0000000000024354.csv
CAN_CSV0000000000003274.csv,CAN_CSV0000000000025790.csv
CAN_CSV0000000000003274.csv,CAN_CSV0000000000020310.csv
CAN_CSV0000000000003274.csv,CAN_CSV0000000000015163.csv
CAN_CSV0000000000003274.csv,CAN_CSV0000000000016082.csv
CAN_CSV0000000000003274.csv,CAN_CSV0000000000022431.csv
CAN_CSV0000000000003274.csv,CAN_CSV0000000000020848.csv
CAN_CSV0000000000003274.csv,CAN_CSV0000000000019300.csv
CAN_CSV0000000000003274.csv,CAN_CSV0000000000011643.csv
CAN_CSV0000000000003274.csv,CAN_CSV0000000000008071.csv
CAN_CSV0000000000003274.csv,CAN_CSV0000000000023229.csv
CAN_CSV0000000000003274.csv,CAN_CSV0000000000022990.csv
CAN_CSV0000000000003274.csv,CAN_CSV0000000000023751.csv
CAN_CSV0000000000003274.csv,CAN_CSV0000000000016419.csv
CAN_CSV0000000000003274.csv,CAN_CSV0000000000008615.csv
CAN_CSV0000000000003274.csv,CAN_CSV0000000000026372.csv
CAN_CSV0000000000003274.csv,CAN_CSV0000000000021735.csv
CAN_CSV0000000000003274.csv,CAN_CSV0000000000023496.csv
CAN_CSV0000000000003274.csv,CAN_CSV0000000000007881.csv
CAN_CSV0000000000003274.csv,CAN_CSV0000000000012299.csv
CAN_CSV0000000000003274.csv,CAN_CSV0000000000017552.csv
CAN_CSV0000000000003274.csv,CAN_CSV0000000000015330.csv
CAN_CSV0000000000003274.csv,CAN_CSV0000000000023562.csv
CAN_CSV0000000000003274.csv,CAN_CSV0000000000009663.csv
CAN_CSV0000000000003274.csv,CAN_CSV0000000000010497.csv
CAN_CSV0000000000003274.csv,CAN_CSV0000000000010124.csv
CAN_CSV0000000000003274.csv,CAN_CSV0000000000009986.csv
CAN_CSV0000000000003274.csv,CAN_CSV0000000000016276.csv
CAN_CSV0000000000003274.csv,CAN_CSV0000000000017129.csv
CAN_CSV0000000000003274.csv,CAN_CSV0000000000002634.csv
CAN_CSV0000000000003274.csv,CAN_CSV0000000000011705.csv
CAN_CSV0000000000003274.csv,CAN_CSV0000000000019374.csv
CAN_CSV0000000000003274.csv,CAN_CSV0000000000026045.csv
CAN_CSV0000000000003356.csv,CAN_CSV0000000000020036.csv
CAN_CSV0000000000003356.csv,CAN_CSV0000000000001895.csv
CAN_CSV0000000000003356.csv,CAN_CSV0000000000010499.csv
CAN_CSV0000000000003356.csv,CAN_CSV0000000000012108.csv
CAN_CSV0000000000003356.csv,CAN_CSV0000000000016296.csv
CAN_CSV0000000000003356.csv,CAN_CSV0000000000023602.csv
CAN_CSV0000000000003356.csv,CAN_CSV0000000000026441.csv
CAN_CSV0000000000003356.csv,CAN_CSV0000000000010464.csv
CAN_CSV0000000000003356.csv,CAN_CSV0000000000007299.csv
CAN_CSV0000000000003356.csv,CAN_CSV0000000000021927.csv
CAN_CSV0000000000003356.csv,CAN_CSV0000000000003100.csv
CAN_CSV0000000000003356.csv,CAN_CSV0000000000008699.csv
CAN_CSV0000000000003356.csv,CAN_CSV0000000000016370.csv
CAN_CSV0000000000003356.csv,CAN_CSV0000000000022798.csv
CAN_CSV0000000000003356.csv,CAN_CSV0000000000015899.csv
CAN_CSV0000000000003356.csv,CAN_CSV0000000000001900.csv
CAN_CSV0000000000003365.csv,CAN_CSV0000000000023301.csv
CAN_CSV0000000000003365.csv,CAN_CSV0000000000009365.csv
CAN_CSV0000000000003365.csv,CAN_CSV0000000000020825.csv
CAN_CSV0000000000003365.csv,CAN_CSV0000000000027007.csv
CAN_CSV0000000000003365.csv,CAN_CSV0000000000026751.csv
CAN_CSV0000000000003365.csv,CAN_CSV0000000000024660.csv
CAN_CSV0000000000003365.csv,CAN_CSV0000000000017968.csv
CAN_CSV0000000000003365.csv,CAN_CSV0000000000008214.csv
CAN_CSV0000000000003365.csv,CAN_CSV0000000000020052.csv
CAN_CSV0000000000003365.csv,CAN_CSV0000000000024067.csv
CAN_CSV0000000000003365.csv,CAN_CSV0000000000015161.csv
CAN_CSV0000000000003365.csv,CAN_CSV0000000000025903.csv
CAN_CSV0000000000003365.csv,CAN_CSV0000000000024884.csv
CAN_CSV0000000000003365.csv,CAN_CSV0000000000004586.csv
CAN_CSV0000000000003365.csv,CAN_CSV0000000000003892.csv
CAN_CSV0000000000003365.csv,CAN_CSV0000000000019867.csv
CAN_CSV0000000000003365.csv,CAN_CSV0000000000003088.csv
CAN_CSV0000000000003365.csv,CAN_CSV0000000000017400.csv
CAN_CSV0000000000003365.csv,CAN_CSV0000000000018831.csv
CAN_CSV0000000000003365.csv,CAN_CSV0000000000017187.csv
CAN_CSV0000000000003365.csv,CAN_CSV0000000000002762.csv
CAN_CSV0000000000003365.csv,CAN_CSV0000000000003766.csv
CAN_CSV0000000000003365.csv,CAN_CSV0000000000011356.csv
CAN_CSV0000000000003365.csv,CAN_CSV0000000000022992.csv
CAN_CSV0000000000003365.csv,CAN_CSV0000000000010103.csv
CAN_CSV0000000000003365.csv,CAN_CSV0000000000009702.csv
CAN_CSV0000000000003410.csv,CAN_CSV0000000000023461.csv
CAN_CSV0000000000003410.csv,CAN_CSV0000000000007906.csv
CAN_CSV0000000000003410.csv,CAN_CSV0000000000003463.csv
CAN_CSV0000000000003410.csv,CAN_CSV0000000000021930.csv
CAN_CSV0000000000003410.csv,CAN_CSV0000000000010564.csv
CAN_CSV0000000000003410.csv,CAN_CSV0000000000024221.csv
CAN_CSV0000000000003410.csv,CAN_CSV0000000000017078.csv
CAN_CSV0000000000003410.csv,CAN_CSV0000000000021111.csv
CAN_CSV0000000000003410.csv,CAN_CSV0000000000016713.csv
CAN_CSV0000000000003410.csv,CAN_CSV0000000000022435.csv
CAN_CSV0000000000003463.csv,CAN_CSV0000000000023461.csv
CAN_CSV0000000000003463.csv,CAN_CSV0000000000007906.csv
CAN_CSV0000000000003463.csv,CAN_CSV0000000000021930.csv
CAN_CSV0000000000003463.csv,CAN_CSV0000000000010564.csv
CAN_CSV0000000000003463.csv,CAN_CSV0000000000003410.csv
CAN_CSV0000000000003463.csv,CAN_CSV0000000000024221.csv
CAN_CSV0000000000003463.csv,CAN_CSV0000000000017078.csv
CAN_CSV0000000000003463.csv,CAN_CSV0000000000021111.csv
CAN_CSV0000000000003463.csv,CAN_CSV0000000000016713.csv
CAN_CSV0000000000003463.csv,CAN_CSV0000000000022435.csv
CAN_CSV0000000000003566.csv,CAN_CSV0000000000018947.csv
CAN_CSV0000000000003595.csv,CAN_CSV0000000000021070.csv
CAN_CSV0000000000003595.csv,CAN_CSV0000000000015295.csv
CAN_CSV0000000000003595.csv,CAN_CSV0000000000024866.csv
CAN_CSV0000000000003595.csv,CAN_CSV0000000000009265.csv
CAN_CSV0000000000003595.csv,CAN_CSV0000000000021102.csv
CAN_CSV0000000000003595.csv,CAN_CSV0000000000024770.csv
CAN_CSV0000000000003595.csv,CAN_CSV0000000000026380.csv
CAN_CSV0000000000003595.csv,CAN_CSV0000000000026997.csv
CAN_CSV0000000000003595.csv,CAN_CSV0000000000009120.csv
CAN_CSV0000000000003595.csv,CAN_CSV0000000000009726.csv
CAN_CSV0000000000003595.csv,CAN_CSV0000000000022177.csv
CAN_CSV0000000000003595.csv,CAN_CSV0000000000017787.csv
CAN_CSV0000000000003595.csv,CAN_CSV0000000000010608.csv
CAN_CSV0000000000003595.csv,CAN_CSV0000000000016992.csv
CAN_CSV0000000000003595.csv,CAN_CSV0000000000010611.csv
CAN_CSV0000000000003595.csv,CAN_CSV0000000000004648.csv
CAN_CSV0000000000004007.csv,CAN_CSV0000000000017172.csv
CAN_CSV0000000000004007.csv,CAN_CSV0000000000019197.csv
CAN_CSV0000000000004007.csv,CAN_CSV0000000000026244.csv
CAN_CSV0000000000004007.csv,CAN_CSV0000000000008519.csv
CAN_CSV0000000000004007.csv,CAN_CSV0000000000008056.csv
CAN_CSV0000000000004007.csv,CAN_CSV0000000000016797.csv
CAN_CSV0000000000004007.csv,CAN_CSV0000000000009991.csv
CAN_CSV0000000000004007.csv,CAN_CSV0000000000011318.csv
CAN_CSV0000000000004335.csv,CAN_CSV0000000000017665.csv
CAN_CSV0000000000004335.csv,CAN_CSV0000000000001468.csv
CAN_CSV0000000000004335.csv,CAN_CSV0000000000002011.csv
CAN_CSV0000000000004335.csv,CAN_CSV0000000000010805.csv
CAN_CSV0000000000004335.csv,CAN_CSV0000000000010637.csv
CAN_CSV0000000000004335.csv,CAN_CSV0000000000007489.csv
CAN_CSV0000000000004335.csv,CAN_CSV0000000000003705.csv
CAN_CSV0000000000004335.csv,CAN_CSV0000000000011548.csv
CAN_CSV0000000000004335.csv,CAN_CSV0000000000001844.csv
CAN_CSV0000000000004335.csv,CAN_CSV0000000000003355.csv
CAN_CSV0000000000004335.csv,CAN_CSV0000000000012226.csv
CAN_CSV0000000000004335.csv,CAN_CSV0000000000008002.csv
CAN_CSV0000000000004335.csv,CAN_CSV0000000000019966.csv
CAN_CSV0000000000004335.csv,CAN_CSV0000000000021266.csv
CAN_CSV0000000000004335.csv,CAN_CSV0000000000021324.csv
CAN_CSV0000000000004335.csv,CAN_CSV0000000000001677.csv
CAN_CSV0000000000004354.csv,CAN_CSV0000000000018617.csv
CAN_CSV0000000000004354.csv,CAN_CSV0000000000004355.csv
CAN_CSV0000000000004354.csv,CAN_CSV0000000000023940.csv
CAN_CSV0000000000004354.csv,CAN_CSV0000000000018044.csv
CAN_CSV0000000000004354.csv,CAN_CSV0000000000019373.csv
CAN_CSV0000000000004354.csv,CAN_CSV0000000000016880.csv
CAN_CSV0000000000004354.csv,CAN_CSV0000000000004353.csv
CAN_CSV0000000000004354.csv,CAN_CSV0000000000021239.csv
CAN_CSV0000000000004354.csv,CAN_CSV0000000000004356.csv
CAN_CSV0000000000004354.csv,CAN_CSV0000000000025303.csv
CAN_CSV0000000000004354.csv,CAN_CSV0000000000021273.csv
CAN_CSV0000000000004354.csv,CAN_CSV0000000000021277.csv
CAN_CSV0000000000004354.csv,CAN_CSV0000000000002739.csv
CAN_CSV0000000000004354.csv,CAN_CSV0000000000021269.csv
CAN_CSV0000000000004354.csv,CAN_CSV0000000000021246.csv
CAN_CSV0000000000004354.csv,CAN_CSV0000000000021247.csv
CAN_CSV0000000000004354.csv,CAN_CSV0000000000023380.csv
CAN_CSV0000000000004354.csv,CAN_CSV0000000000021238.csv
CAN_CSV0000000000004354.csv,CAN_CSV0000000000008837.csv
CAN_CSV0000000000004354.csv,CAN_CSV0000000000003760.csv
CAN_CSV0000000000004354.csv,CAN_CSV0000000000015880.csv
CAN_CSV0000000000004391.csv,CAN_CSV0000000000023594.csv
CAN_CSV0000000000004391.csv,CAN_CSV0000000000003893.csv
CAN_CSV0000000000004391.csv,CAN_CSV0000000000018957.csv
CAN_CSV0000000000004391.csv,CAN_CSV0000000000008876.csv
CAN_CSV0000000000004391.csv,CAN_CSV0000000000010341.csv
CAN_CSV0000000000004391.csv,CAN_CSV0000000000011377.csv
CAN_CSV0000000000004391.csv,CAN_CSV0000000000010878.csv
CAN_CSV0000000000004391.csv,CAN_CSV0000000000022259.csv
CAN_CSV0000000000004391.csv,CAN_CSV0000000000024886.csv
CAN_CSV0000000000004391.csv,CAN_CSV0000000000009824.csv
CAN_CSV0000000000004391.csv,CAN_CSV0000000000008601.csv
CAN_CSV0000000000004391.csv,CAN_CSV0000000000021577.csv
CAN_CSV0000000000004391.csv,CAN_CSV0000000000023860.csv
CAN_CSV0000000000004391.csv,CAN_CSV0000000000022232.csv
CAN_CSV0000000000004391.csv,CAN_CSV0000000000016986.csv
CAN_CSV0000000000004391.csv,CAN_CSV0000000000008759.csv
CAN_CSV0000000000004391.csv,CAN_CSV0000000000023449.csv
CAN_CSV0000000000004391.csv,CAN_CSV0000000000003311.csv
CAN_CSV0000000000004391.csv,CAN_CSV0000000000017771.csv
CAN_CSV0000000000004391.csv,CAN_CSV0000000000018863.csv
CAN_CSV0000000000004391.csv,CAN_CSV0000000000007784.csv
CAN_CSV0000000000004391.csv,CAN_CSV0000000000011074.csv
CAN_CSV0000000000004583.csv,CAN_CSV0000000000016590.csv
CAN_CSV0000000000004583.csv,CAN_CSV0000000000026770.csv
CAN_CSV0000000000004583.csv,CAN_CSV0000000000009463.csv
CAN_CSV0000000000004583.csv,CAN_CSV0000000000024290.csv
CAN_CSV0000000000004583.csv,CAN_CSV0000000000023742.csv
CAN_CSV0000000000004583.csv,CAN_CSV0000000000018629.csv
CAN_CSV0000000000004583.csv,CAN_CSV0000000000025672.csv
CAN_CSV0000000000004583.csv,CAN_CSV0000000000017592.csv
CAN_CSV0000000000004583.csv,CAN_CSV0000000000010271.csv
CAN_CSV0000000000004583.csv,CAN_CSV0000000000010120.csv
CAN_CSV0000000000004674.csv,CAN_CSV0000000000009303.csv
CAN_CSV0000000000004674.csv,CAN_CSV0000000000004630.csv
CAN_CSV0000000000004692.csv,CAN_CSV0000000000005320.csv
CAN_CSV0000000000004692.csv,CAN_CSV0000000000000687.csv
CAN_CSV0000000000004692.csv,CAN_CSV0000000000000685.csv
CAN_CSV0000000000004692.csv,CAN_CSV0000000000027103.csv
CAN_CSV0000000000004692.csv,CAN_CSV0000000000005297.csv
CAN_CSV0000000000004692.csv,CAN_CSV0000000000005322.csv
CAN_CSV0000000000004692.csv,CAN_CSV0000000000000678.csv
CAN_CSV0000000000004692.csv,CAN_CSV0000000000005307.csv
CAN_CSV0000000000004692.csv,CAN_CSV0000000000005348.csv
CAN_CSV0000000000004692.csv,CAN_CSV0000000000005300.csv
CAN_CSV0000000000004692.csv,CAN_CSV0000000000000698.csv
CAN_CSV0000000000004692.csv,CAN_CSV0000000000000644.csv
CAN_CSV0000000000004700.csv,CAN_CSV0000000000013001.csv
CAN_CSV0000000000004700.csv,CAN_CSV0000000000027155.csv
CAN_CSV0000000000004700.csv,CAN_CSV0000000000013599.csv
CAN_CSV0000000000004700.csv,CAN_CSV0000000000002292.csv
CAN_CSV0000000000004700.csv,CAN_CSV0000000000027218.csv
CAN_CSV0000000000004700.csv,CAN_CSV0000000000005832.csv
CAN_CSV0000000000004700.csv,CAN_CSV0000000000015770.csv
CAN_CSV0000000000004700.csv,CAN_CSV0000000000005391.csv
CAN_CSV0000000000004700.csv,CAN_CSV0000000000012952.csv
CAN_CSV0000000000004700.csv,CAN_CSV0000000000027217.csv
CAN_CSV0000000000004700.csv,CAN_CSV0000000000005264.csv
CAN_CSV0000000000004700.csv,CAN_CSV0000000000013199.csv
CAN_CSV0000000000004700.csv,CAN_CSV0000000000015780.csv
CAN_CSV0000000000004700.csv,CAN_CSV0000000000013514.csv
CAN_CSV0000000000004700.csv,CAN_CSV0000000000013702.csv
CAN_CSV0000000000004700.csv,CAN_CSV0000000000001159.csv
CAN_CSV0000000000004700.csv,CAN_CSV0000000000000719.csv
CAN_CSV0000000000004700.csv,CAN_CSV0000000000004766.csv
CAN_CSV0000000000004700.csv,CAN_CSV0000000000015768.csv
CAN_CSV0000000000004700.csv,CAN_CSV0000000000013518.csv
CAN_CSV0000000000004700.csv,CAN_CSV0000000000002181.csv
CAN_CSV0000000000004700.csv,CAN_CSV0000000000005205.csv
CAN_CSV0000000000004700.csv,CAN_CSV0000000000001140.csv
CAN_CSV0000000000004700.csv,CAN_CSV0000000000005227.csv
CAN_CSV0000000000004700.csv,CAN_CSV0000000000004713.csv
CAN_CSV0000000000004700.csv,CAN_CSV0000000000027138.csv
CAN_CSV0000000000004700.csv,CAN_CSV0000000000013513.csv
CAN_CSV0000000000004700.csv,CAN_CSV0000000000000735.csv
CAN_CSV0000000000004700.csv,CAN_CSV0000000000027124.csv
CAN_CSV0000000000004700.csv,CAN_CSV0000000000027219.csv
CAN_CSV0000000000004700.csv,CAN_CSV0000000000027125.csv
CAN_CSV0000000000004700.csv,CAN_CSV0000000000015776.csv
CAN_CSV0000000000004700.csv,CAN_CSV0000000000000608.csv
CAN_CSV0000000000004700.csv,CAN_CSV0000000000013603.csv
CAN_CSV0000000000004700.csv,CAN_CSV0000000000013782.csv
CAN_CSV0000000000004700.csv,CAN_CSV0000000000015560.csv
CAN_CSV0000000000004700.csv,CAN_CSV0000000000013398.csv
CAN_CSV0000000000004700.csv,CAN_CSV0000000000005265.csv
CAN_CSV0000000000004700.csv,CAN_CSV0000000000000610.csv
CAN_CSV0000000000004700.csv,CAN_CSV0000000000027141.csv
CAN_CSV0000000000004700.csv,CAN_CSV0000000000001116.csv
CAN_CSV0000000000004700.csv,CAN_CSV0000000000013621.csv
CAN_CSV0000000000004700.csv,CAN_CSV0000000000004703.csv
CAN_CSV0000000000004700.csv,CAN_CSV0000000000001157.csv
CAN_CSV0000000000004700.csv,CAN_CSV0000000000015570.csv
CAN_CSV0000000000004700.csv,CAN_CSV0000000000015551.csv
CAN_CSV0000000000004700.csv,CAN_CSV0000000000013602.csv
CAN_CSV0000000000004700.csv,CAN_CSV0000000000001226.csv
CAN_CSV0000000000004700.csv,CAN_CSV0000000000005128.csv
CAN_CSV0000000000004700.csv,CAN_CSV0000000000027157.csv
CAN_CSV0000000000004700.csv,CAN_CSV0000000000001114.csv
CAN_CSV0000000000004700.csv,CAN_CSV0000000000012980.csv
CAN_CSV0000000000004700.csv,CAN_CSV0000000000005009.csv
CAN_CSV0000000000004700.csv,CAN_CSV0000000000013701.csv
CAN_CSV0000000000004700.csv,CAN_CSV0000000000013406.csv
CAN_CSV0000000000004700.csv,CAN_CSV0000000000012845.csv
CAN_CSV0000000000004700.csv,CAN_CSV0000000000013484.csv
CAN_CSV0000000000004700.csv,CAN_CSV0000000000013497.csv
CAN_CSV0000000000004700.csv,CAN_CSV0000000000005103.csv
CAN_CSV0000000000004700.csv,CAN_CSV0000000000014315.csv
CAN_CSV0000000000004700.csv,CAN_CSV0000000000013510.csv
CAN_CSV0000000000004700.csv,CAN_CSV0000000000027122.csv
CAN_CSV0000000000004700.csv,CAN_CSV0000000000013036.csv
CAN_CSV0000000000004700.csv,CAN_CSV0000000000001142.csv
CAN_CSV0000000000004700.csv,CAN_CSV0000000000013489.csv
CAN_CSV0000000000004700.csv,CAN_CSV0000000000027228.csv
CAN_CSV0000000000004700.csv,CAN_CSV0000000000005379.csv
CAN_CSV0000000000004706.csv,CAN_CSV0000000000005320.csv
CAN_CSV0000000000004706.csv,CAN_CSV0000000000000687.csv
CAN_CSV0000000000004706.csv,CAN_CSV0000000000000685.csv
CAN_CSV0000000000004706.csv,CAN_CSV0000000000027103.csv
CAN_CSV0000000000004706.csv,CAN_CSV0000000000005297.csv
CAN_CSV0000000000004706.csv,CAN_CSV0000000000005322.csv
CAN_CSV0000000000004706.csv,CAN_CSV0000000000000678.csv
CAN_CSV0000000000004706.csv,CAN_CSV0000000000005307.csv
CAN_CSV0000000000004706.csv,CAN_CSV0000000000005348.csv
CAN_CSV0000000000004706.csv,CAN_CSV0000000000005300.csv
CAN_CSV0000000000004706.csv,CAN_CSV0000000000000698.csv
CAN_CSV0000000000004706.csv,CAN_CSV0000000000000644.csv
CAN_CSV0000000000004707.csv,CAN_CSV0000000000005320.csv
CAN_CSV0000000000004707.csv,CAN_CSV0000000000000687.csv
CAN_CSV0000000000004707.csv,CAN_CSV0000000000000685.csv
CAN_CSV0000000000004707.csv,CAN_CSV0000000000027103.csv
CAN_CSV0000000000004707.csv,CAN_CSV0000000000005297.csv
CAN_CSV0000000000004707.csv,CAN_CSV0000000000005322.csv
CAN_CSV0000000000004707.csv,CAN_CSV0000000000000678.csv
CAN_CSV0000000000004707.csv,CAN_CSV0000000000005307.csv
CAN_CSV0000000000004707.csv,CAN_CSV0000000000005348.csv
CAN_CSV0000000000004707.csv,CAN_CSV0000000000005300.csv
CAN_CSV0000000000004707.csv,CAN_CSV0000000000000698.csv
CAN_CSV0000000000004707.csv,CAN_CSV0000000000000644.csv
CAN_CSV0000000000004709.csv,CAN_CSV0000000000005320.csv
CAN_CSV0000000000004709.csv,CAN_CSV0000000000000687.csv
CAN_CSV0000000000004709.csv,CAN_CSV0000000000000685.csv
CAN_CSV0000000000004709.csv,CAN_CSV0000000000027103.csv
CAN_CSV0000000000004709.csv,CAN_CSV0000000000005297.csv
CAN_CSV0000000000004709.csv,CAN_CSV0000000000005322.csv
CAN_CSV0000000000004709.csv,CAN_CSV0000000000000678.csv
CAN_CSV0000000000004709.csv,CAN_CSV0000000000005307.csv
CAN_CSV0000000000004709.csv,CAN_CSV0000000000005348.csv
CAN_CSV0000000000004709.csv,CAN_CSV0000000000005300.csv
CAN_CSV0000000000004709.csv,CAN_CSV0000000000000698.csv
CAN_CSV0000000000004709.csv,CAN_CSV0000000000000644.csv
CAN_CSV0000000000004711.csv,CAN_CSV0000000000027218.csv
CAN_CSV0000000000004711.csv,CAN_CSV0000000000005832.csv
CAN_CSV0000000000004711.csv,CAN_CSV0000000000013391.csv
CAN_CSV0000000000004711.csv,CAN_CSV0000000000013199.csv
CAN_CSV0000000000004711.csv,CAN_CSV0000000000004697.csv
CAN_CSV0000000000004711.csv,CAN_CSV0000000000013518.csv
CAN_CSV0000000000004711.csv,CAN_CSV0000000000001115.csv
CAN_CSV0000000000004711.csv,CAN_CSV0000000000002181.csv
CAN_CSV0000000000004711.csv,CAN_CSV0000000000006996.csv
CAN_CSV0000000000004711.csv,CAN_CSV0000000000005265.csv
CAN_CSV0000000000004711.csv,CAN_CSV0000000000001152.csv
CAN_CSV0000000000004711.csv,CAN_CSV0000000000015570.csv
CAN_CSV0000000000004711.csv,CAN_CSV0000000000012980.csv
CAN_CSV0000000000004711.csv,CAN_CSV0000000000013712.csv
CAN_CSV0000000000004711.csv,CAN_CSV0000000000013510.csv
CAN_CSV0000000000004711.csv,CAN_CSV0000000000013036.csv
CAN_CSV0000000000004711.csv,CAN_CSV0000000000027228.csv
CAN_CSV0000000000004711.csv,CAN_CSV0000000000005379.csv
CAN_CSV0000000000004711.csv,CAN_CSV0000000000013425.csv
CAN_CSV0000000000004711.csv,CAN_CSV0000000000027154.csv
CAN_CSV0000000000004711.csv,CAN_CSV0000000000027217.csv
CAN_CSV0000000000004711.csv,CAN_CSV0000000000013514.csv
CAN_CSV0000000000004711.csv,CAN_CSV0000000000013702.csv
CAN_CSV0000000000004711.csv,CAN_CSV0000000000005264.csv
CAN_CSV0000000000004711.csv,CAN_CSV0000000000007000.csv
CAN_CSV0000000000004711.csv,CAN_CSV0000000000004766.csv
CAN_CSV0000000000004711.csv,CAN_CSV0000000000013492.csv
CAN_CSV0000000000004711.csv,CAN_CSV0000000000013508.csv
CAN_CSV0000000000004711.csv,CAN_CSV0000000000001161.csv
CAN_CSV0000000000004711.csv,CAN_CSV0000000000005898.csv
CAN_CSV0000000000004711.csv,CAN_CSV0000000000027219.csv
CAN_CSV0000000000004711.csv,CAN_CSV0000000000000608.csv
CAN_CSV0000000000004711.csv,CAN_CSV0000000000006988.csv
CAN_CSV0000000000004711.csv,CAN_CSV0000000000013487.csv
CAN_CSV0000000000004711.csv,CAN_CSV0000000000013426.csv
CAN_CSV0000000000004711.csv,CAN_CSV0000000000015551.csv
CAN_CSV0000000000004711.csv,CAN_CSV0000000000001226.csv
CAN_CSV0000000000004711.csv,CAN_CSV0000000000001147.csv
CAN_CSV0000000000004711.csv,CAN_CSV0000000000001114.csv
CAN_CSV0000000000004711.csv,CAN_CSV0000000000013914.csv
CAN_CSV0000000000004711.csv,CAN_CSV0000000000015553.csv
CAN_CSV0000000000004711.csv,CAN_CSV0000000000013489.csv
CAN_CSV0000000000004711.csv,CAN_CSV0000000000001153.csv
CAN_CSV0000000000004711.csv,CAN_CSV0000000000005899.csv
CAN_CSV0000000000004711.csv,CAN_CSV0000000000005391.csv
CAN_CSV0000000000004711.csv,CAN_CSV0000000000015555.csv
CAN_CSV0000000000004711.csv,CAN_CSV0000000000001148.csv
CAN_CSV0000000000004711.csv,CAN_CSV0000000000015554.csv
CAN_CSV0000000000004711.csv,CAN_CSV0000000000005227.csv
CAN_CSV0000000000004711.csv,CAN_CSV0000000000005205.csv
CAN_CSV0000000000004711.csv,CAN_CSV0000000000000735.csv
CAN_CSV0000000000004711.csv,CAN_CSV0000000000001149.csv
CAN_CSV0000000000004711.csv,CAN_CSV0000000000015560.csv
CAN_CSV0000000000004711.csv,CAN_CSV0000000000004703.csv
CAN_CSV0000000000004711.csv,CAN_CSV0000000000013602.csv
CAN_CSV0000000000004711.csv,CAN_CSV0000000000005009.csv
CAN_CSV0000000000004711.csv,CAN_CSV0000000000000972.csv
CAN_CSV0000000000004711.csv,CAN_CSV0000000000013405.csv
CAN_CSV0000000000004711.csv,CAN_CSV0000000000005103.csv
CAN_CSV0000000000004711.csv,CAN_CSV0000000000014315.csv
CAN_CSV0000000000004711.csv,CAN_CSV0000000000005128.csv
CAN_CSV0000000000004711.csv,CAN_CSV0000000000013001.csv
CAN_CSV0000000000004711.csv,CAN_CSV0000000000002292.csv
CAN_CSV0000000000004711.csv,CAN_CSV0000000000012952.csv
CAN_CSV0000000000004711.csv,CAN_CSV0000000000000719.csv
CAN_CSV0000000000004711.csv,CAN_CSV0000000000013513.csv
CAN_CSV0000000000004711.csv,CAN_CSV0000000000001151.csv
CAN_CSV0000000000004711.csv,CAN_CSV0000000000027062.csv
CAN_CSV0000000000004711.csv,CAN_CSV0000000000013603.csv
CAN_CSV0000000000004711.csv,CAN_CSV0000000000013782.csv
CAN_CSV0000000000004711.csv,CAN_CSV0000000000000610.csv
CAN_CSV0000000000004711.csv,CAN_CSV0000000000002266.csv
CAN_CSV0000000000004711.csv,CAN_CSV0000000000013488.csv
CAN_CSV0000000000004711.csv,CAN_CSV0000000000001116.csv
CAN_CSV0000000000004711.csv,CAN_CSV0000000000013701.csv
CAN_CSV0000000000004711.csv,CAN_CSV0000000000012845.csv
CAN_CSV0000000000004711.csv,CAN_CSV0000000000013484.csv
CAN_CSV0000000000004711.csv,CAN_CSV0000000000013497.csv
CAN_CSV0000000000004720.csv,CAN_CSV0000000000027171.csv
CAN_CSV0000000000004720.csv,CAN_CSV0000000000013001.csv
CAN_CSV0000000000004720.csv,CAN_CSV0000000000027162.csv
CAN_CSV0000000000004720.csv,CAN_CSV0000000000005408.csv
CAN_CSV0000000000004720.csv,CAN_CSV0000000000002292.csv
CAN_CSV0000000000004720.csv,CAN_CSV0000000000027218.csv
CAN_CSV0000000000004720.csv,CAN_CSV0000000000005832.csv
CAN_CSV0000000000004720.csv,CAN_CSV0000000000005391.csv
CAN_CSV0000000000004720.csv,CAN_CSV0000000000004744.csv
CAN_CSV0000000000004720.csv,CAN_CSV0000000000012952.csv
CAN_CSV0000000000004720.csv,CAN_CSV0000000000027217.csv
CAN_CSV0000000000004720.csv,CAN_CSV0000000000005264.csv
CAN_CSV0000000000004720.csv,CAN_CSV0000000000013199.csv
CAN_CSV0000000000004720.csv,CAN_CSV0000000000004721.csv
CAN_CSV0000000000004720.csv,CAN_CSV0000000000013514.csv
CAN_CSV0000000000004720.csv,CAN_CSV0000000000013702.csv
CAN_CSV0000000000004720.csv,CAN_CSV0000000000004729.csv
CAN_CSV0000000000004720.csv,CAN_CSV0000000000000719.csv
CAN_CSV0000000000004720.csv,CAN_CSV0000000000004766.csv
CAN_CSV0000000000004720.csv,CAN_CSV0000000000013518.csv
CAN_CSV0000000000004720.csv,CAN_CSV0000000000027172.csv
CAN_CSV0000000000004720.csv,CAN_CSV0000000000027164.csv
CAN_CSV0000000000004720.csv,CAN_CSV0000000000002181.csv
CAN_CSV0000000000004720.csv,CAN_CSV0000000000005205.csv
CAN_CSV0000000000004720.csv,CAN_CSV0000000000000735.csv
CAN_CSV0000000000004720.csv,CAN_CSV0000000000013513.csv
CAN_CSV0000000000004720.csv,CAN_CSV0000000000005227.csv
CAN_CSV0000000000004720.csv,CAN_CSV0000000000027219.csv
CAN_CSV0000000000004720.csv,CAN_CSV0000000000004749.csv
CAN_CSV0000000000004720.csv,CAN_CSV0000000000000608.csv
CAN_CSV0000000000004720.csv,CAN_CSV0000000000013603.csv
CAN_CSV0000000000004720.csv,CAN_CSV0000000000013782.csv
CAN_CSV0000000000004720.csv,CAN_CSV0000000000015560.csv
CAN_CSV0000000000004720.csv,CAN_CSV0000000000000577.csv
CAN_CSV0000000000004720.csv,CAN_CSV0000000000005265.csv
CAN_CSV0000000000004720.csv,CAN_CSV0000000000000610.csv
CAN_CSV0000000000004720.csv,CAN_CSV0000000000004750.csv
CAN_CSV0000000000004720.csv,CAN_CSV0000000000001116.csv
CAN_CSV0000000000004720.csv,CAN_CSV0000000000000620.csv
CAN_CSV0000000000004720.csv,CAN_CSV0000000000004703.csv
CAN_CSV0000000000004720.csv,CAN_CSV0000000000015551.csv
CAN_CSV0000000000004720.csv,CAN_CSV0000000000015570.csv
CAN_CSV0000000000004720.csv,CAN_CSV0000000000005379.csv
CAN_CSV0000000000004720.csv,CAN_CSV0000000000013602.csv
CAN_CSV0000000000004720.csv,CAN_CSV0000000000001226.csv
CAN_CSV0000000000004720.csv,CAN_CSV0000000000000661.csv
CAN_CSV0000000000004720.csv,CAN_CSV0000000000005128.csv
CAN_CSV0000000000004720.csv,CAN_CSV0000000000001114.csv
CAN_CSV0000000000004720.csv,CAN_CSV0000000000012980.csv
CAN_CSV0000000000004720.csv,CAN_CSV0000000000005009.csv
CAN_CSV0000000000004720.csv,CAN_CSV0000000000005013.csv
CAN_CSV0000000000004720.csv,CAN_CSV0000000000013701.csv
CAN_CSV0000000000004720.csv,CAN_CSV0000000000004747.csv
CAN_CSV0000000000004720.csv,CAN_CSV0000000000012845.csv
CAN_CSV0000000000004720.csv,CAN_CSV0000000000027264.csv
CAN_CSV0000000000004720.csv,CAN_CSV0000000000013484.csv
CAN_CSV0000000000004720.csv,CAN_CSV0000000000013497.csv
CAN_CSV0000000000004720.csv,CAN_CSV0000000000000600.csv
CAN_CSV0000000000004720.csv,CAN_CSV0000000000027166.csv
CAN_CSV0000000000004720.csv,CAN_CSV0000000000027214.csv
CAN_CSV0000000000004720.csv,CAN_CSV0000000000014315.csv
CAN_CSV0000000000004720.csv,CAN_CSV0000000000005030.csv
CAN_CSV0000000000004720.csv,CAN_CSV0000000000013510.csv
CAN_CSV0000000000004720.csv,CAN_CSV0000000000013036.csv
CAN_CSV0000000000004720.csv,CAN_CSV0000000000005103.csv
CAN_CSV0000000000004720.csv,CAN_CSV0000000000013489.csv
CAN_CSV0000000000004720.csv,CAN_CSV0000000000027228.csv
CAN_CSV0000000000004720.csv,CAN_CSV0000000000027253.csv
CAN_CSV0000000000004747.csv,CAN_CSV0000000000013001.csv
CAN_CSV0000000000004747.csv,CAN_CSV0000000000027162.csv
CAN_CSV0000000000004747.csv,CAN_CSV0000000000002292.csv
CAN_CSV0000000000004747.csv,CAN_CSV0000000000027218.csv
CAN_CSV0000000000004747.csv,CAN_CSV0000000000005832.csv
CAN_CSV0000000000004747.csv,CAN_CSV0000000000005391.csv
CAN_CSV0000000000004747.csv,CAN_CSV0000000000004744.csv
CAN_CSV0000000000004747.csv,CAN_CSV0000000000012952.csv
CAN_CSV0000000000004747.csv,CAN_CSV0000000000027217.csv
CAN_CSV0000000000004747.csv,CAN_CSV0000000000005264.csv
CAN_CSV0000000000004747.csv,CAN_CSV0000000000013199.csv
CAN_CSV0000000000004747.csv,CAN_CSV0000000000004748.csv
CAN_CSV0000000000004747.csv,CAN_CSV0000000000004721.csv
CAN_CSV0000000000004747.csv,CAN_CSV0000000000013514.csv
CAN_CSV0000000000004747.csv,CAN_CSV0000000000013702.csv
CAN_CSV0000000000004747.csv,CAN_CSV0000000000004729.csv
CAN_CSV0000000000004747.csv,CAN_CSV0000000000000719.csv
CAN_CSV0000000000004747.csv,CAN_CSV0000000000004766.csv
CAN_CSV0000000000004747.csv,CAN_CSV0000000000013518.csv
CAN_CSV0000000000004747.csv,CAN_CSV0000000000027164.csv
CAN_CSV0000000000004747.csv,CAN_CSV0000000000002181.csv
CAN_CSV0000000000004747.csv,CAN_CSV0000000000005205.csv
CAN_CSV0000000000004747.csv,CAN_CSV0000000000005227.csv
CAN_CSV0000000000004747.csv,CAN_CSV0000000000000735.csv
CAN_CSV0000000000004747.csv,CAN_CSV0000000000013513.csv
CAN_CSV0000000000004747.csv,CAN_CSV0000000000027219.csv
CAN_CSV0000000000004747.csv,CAN_CSV0000000000004749.csv
CAN_CSV0000000000004747.csv,CAN_CSV0000000000000608.csv
CAN_CSV0000000000004747.csv,CAN_CSV0000000000013603.csv
CAN_CSV0000000000004747.csv,CAN_CSV0000000000013782.csv
CAN_CSV0000000000004747.csv,CAN_CSV0000000000004746.csv
CAN_CSV0000000000004747.csv,CAN_CSV0000000000015560.csv
CAN_CSV0000000000004747.csv,CAN_CSV0000000000005265.csv
CAN_CSV0000000000004747.csv,CAN_CSV0000000000000610.csv
CAN_CSV0000000000004747.csv,CAN_CSV0000000000004750.csv
CAN_CSV0000000000004747.csv,CAN_CSV0000000000001116.csv
CAN_CSV0000000000004747.csv,CAN_CSV0000000000004703.csv
CAN_CSV0000000000004747.csv,CAN_CSV0000000000015551.csv
CAN_CSV0000000000004747.csv,CAN_CSV0000000000015570.csv
CAN_CSV0000000000004747.csv,CAN_CSV0000000000001226.csv
CAN_CSV0000000000004747.csv,CAN_CSV0000000000013602.csv
CAN_CSV0000000000004747.csv,CAN_CSV0000000000005128.csv
CAN_CSV0000000000004747.csv,CAN_CSV0000000000001114.csv
CAN_CSV0000000000004747.csv,CAN_CSV0000000000012980.csv
CAN_CSV0000000000004747.csv,CAN_CSV0000000000005009.csv
CAN_CSV0000000000004747.csv,CAN_CSV0000000000005013.csv
CAN_CSV0000000000004747.csv,CAN_CSV0000000000013701.csv
CAN_CSV0000000000004747.csv,CAN_CSV0000000000012845.csv
CAN_CSV0000000000004747.csv,CAN_CSV0000000000013484.csv
CAN_CSV0000000000004747.csv,CAN_CSV0000000000013497.csv
CAN_CSV0000000000004747.csv,CAN_CSV0000000000027166.csv
CAN_CSV0000000000004747.csv,CAN_CSV0000000000027214.csv
CAN_CSV0000000000004747.csv,CAN_CSV0000000000014315.csv
CAN_CSV0000000000004747.csv,CAN_CSV0000000000005030.csv
CAN_CSV0000000000004747.csv,CAN_CSV0000000000013510.csv
CAN_CSV0000000000004747.csv,CAN_CSV0000000000013036.csv
CAN_CSV0000000000004747.csv,CAN_CSV0000000000005103.csv
CAN_CSV0000000000004747.csv,CAN_CSV0000000000013489.csv
CAN_CSV0000000000004747.csv,CAN_CSV0000000000027228.csv
CAN_CSV0000000000004747.csv,CAN_CSV0000000000005379.csv
CAN_CSV0000000000004747.csv,CAN_CSV0000000000004720.csv
CAN_CSV0000000000004753.csv,CAN_CSV0000000000005117.csv
CAN_CSV0000000000004753.csv,CAN_CSV0000000000013001.csv
CAN_CSV0000000000004753.csv,CAN_CSV0000000000005097.csv
CAN_CSV0000000000004753.csv,CAN_CSV0000000000002292.csv
CAN_CSV0000000000004753.csv,CAN_CSV0000000000027218.csv
CAN_CSV0000000000004753.csv,CAN_CSV0000000000005832.csv
CAN_CSV0000000000004753.csv,CAN_CSV0000000000005111.csv
CAN_CSV0000000000004753.csv,CAN_CSV0000000000005391.csv
CAN_CSV0000000000004753.csv,CAN_CSV0000000000012952.csv
CAN_CSV0000000000004753.csv,CAN_CSV0000000000027217.csv
CAN_CSV0000000000004753.csv,CAN_CSV0000000000005264.csv
CAN_CSV0000000000004753.csv,CAN_CSV0000000000013199.csv
CAN_CSV0000000000004753.csv,CAN_CSV0000000000013514.csv
CAN_CSV0000000000004753.csv,CAN_CSV0000000000005116.csv
CAN_CSV0000000000004753.csv,CAN_CSV0000000000013702.csv
CAN_CSV0000000000004753.csv,CAN_CSV0000000000004766.csv
CAN_CSV0000000000004753.csv,CAN_CSV0000000000000719.csv
CAN_CSV0000000000004753.csv,CAN_CSV0000000000013518.csv
CAN_CSV0000000000004753.csv,CAN_CSV0000000000027172.csv
CAN_CSV0000000000004753.csv,CAN_CSV0000000000002181.csv
CAN_CSV0000000000004753.csv,CAN_CSV0000000000005205.csv
CAN_CSV0000000000004753.csv,CAN_CSV0000000000005227.csv
CAN_CSV0000000000004753.csv,CAN_CSV0000000000000735.csv
CAN_CSV0000000000004753.csv,CAN_CSV0000000000013513.csv
CAN_CSV0000000000004753.csv,CAN_CSV0000000000005105.csv
CAN_CSV0000000000004753.csv,CAN_CSV0000000000027219.csv
CAN_CSV0000000000004753.csv,CAN_CSV0000000000000608.csv
CAN_CSV0000000000004753.csv,CAN_CSV0000000000013603.csv
CAN_CSV0000000000004753.csv,CAN_CSV0000000000000578.csv
CAN_CSV0000000000004753.csv,CAN_CSV0000000000027225.csv
CAN_CSV0000000000004753.csv,CAN_CSV0000000000013782.csv
CAN_CSV0000000000004753.csv,CAN_CSV0000000000015560.csv
CAN_CSV0000000000004753.csv,CAN_CSV0000000000005104.csv
CAN_CSV0000000000004753.csv,CAN_CSV0000000000005265.csv
CAN_CSV0000000000004753.csv,CAN_CSV0000000000000610.csv
CAN_CSV0000000000004753.csv,CAN_CSV0000000000005107.csv
CAN_CSV0000000000004753.csv,CAN_CSV0000000000001116.csv
CAN_CSV0000000000004753.csv,CAN_CSV0000000000004703.csv
CAN_CSV0000000000004753.csv,CAN_CSV0000000000015551.csv
CAN_CSV0000000000004753.csv,CAN_CSV0000000000015570.csv
CAN_CSV0000000000004753.csv,CAN_CSV0000000000000664.csv
CAN_CSV0000000000004753.csv,CAN_CSV0000000000013602.csv
CAN_CSV0000000000004753.csv,CAN_CSV0000000000001226.csv
CAN_CSV0000000000004753.csv,CAN_CSV0000000000005128.csv
CAN_CSV0000000000004753.csv,CAN_CSV0000000000001114.csv
CAN_CSV0000000000004753.csv,CAN_CSV0000000000005108.csv
CAN_CSV0000000000004753.csv,CAN_CSV0000000000012980.csv
CAN_CSV0000000000004753.csv,CAN_CSV0000000000027235.csv
CAN_CSV0000000000004753.csv,CAN_CSV0000000000005109.csv
CAN_CSV0000000000004753.csv,CAN_CSV0000000000005009.csv
CAN_CSV0000000000004753.csv,CAN_CSV0000000000027231.csv
CAN_CSV0000000000004753.csv,CAN_CSV0000000000013701.csv
CAN_CSV0000000000004753.csv,CAN_CSV0000000000005102.csv
CAN_CSV0000000000004753.csv,CAN_CSV0000000000012845.csv
CAN_CSV0000000000004753.csv,CAN_CSV0000000000013484.csv
CAN_CSV0000000000004753.csv,CAN_CSV0000000000000563.csv
CAN_CSV0000000000004753.csv,CAN_CSV0000000000013497.csv
CAN_CSV0000000000004753.csv,CAN_CSV0000000000005103.csv
CAN_CSV0000000000004753.csv,CAN_CSV0000000000014315.csv
CAN_CSV0000000000004753.csv,CAN_CSV0000000000013510.csv
CAN_CSV0000000000004753.csv,CAN_CSV0000000000013036.csv
CAN_CSV0000000000004753.csv,CAN_CSV0000000000013489.csv
CAN_CSV0000000000004753.csv,CAN_CSV0000000000027228.csv
CAN_CSV0000000000004753.csv,CAN_CSV0000000000005379.csv
CAN_CSV0000000000004940.csv,CAN_CSV0000000000005256.csv
CAN_CSV0000000000004940.csv,CAN_CSV0000000000013001.csv
CAN_CSV0000000000004940.csv,CAN_CSV0000000000000448.csv
CAN_CSV0000000000004940.csv,CAN_CSV0000000000027139.csv
CAN_CSV0000000000004940.csv,CAN_CSV0000000000002292.csv
CAN_CSV0000000000004940.csv,CAN_CSV0000000000027218.csv
CAN_CSV0000000000004940.csv,CAN_CSV0000000000005832.csv
CAN_CSV0000000000004940.csv,CAN_CSV0000000000005391.csv
CAN_CSV0000000000004940.csv,CAN_CSV0000000000027135.csv
CAN_CSV0000000000004940.csv,CAN_CSV0000000000012952.csv
CAN_CSV0000000000004940.csv,CAN_CSV0000000000027217.csv
CAN_CSV0000000000004940.csv,CAN_CSV0000000000005264.csv
CAN_CSV0000000000004940.csv,CAN_CSV0000000000013199.csv
CAN_CSV0000000000004940.csv,CAN_CSV0000000000013514.csv
CAN_CSV0000000000004940.csv,CAN_CSV0000000000013702.csv
CAN_CSV0000000000004940.csv,CAN_CSV0000000000000471.csv
CAN_CSV0000000000004940.csv,CAN_CSV0000000000004766.csv
CAN_CSV0000000000004940.csv,CAN_CSV0000000000000719.csv
CAN_CSV0000000000004940.csv,CAN_CSV0000000000027191.csv
CAN_CSV0000000000004940.csv,CAN_CSV0000000000013518.csv
CAN_CSV0000000000004940.csv,CAN_CSV0000000000002181.csv
CAN_CSV0000000000004940.csv,CAN_CSV0000000000005205.csv
CAN_CSV0000000000004940.csv,CAN_CSV0000000000005227.csv
CAN_CSV0000000000004940.csv,CAN_CSV0000000000000735.csv
CAN_CSV0000000000004940.csv,CAN_CSV0000000000004950.csv
CAN_CSV0000000000004940.csv,CAN_CSV0000000000013513.csv
CAN_CSV0000000000004940.csv,CAN_CSV0000000000027219.csv
CAN_CSV0000000000004940.csv,CAN_CSV0000000000004933.csv
CAN_CSV0000000000004940.csv,CAN_CSV0000000000013603.csv
CAN_CSV0000000000004940.csv,CAN_CSV0000000000000608.csv
CAN_CSV0000000000004940.csv,CAN_CSV0000000000013782.csv
CAN_CSV0000000000004940.csv,CAN_CSV0000000000015560.csv
CAN_CSV0000000000004940.csv,CAN_CSV0000000000005265.csv
CAN_CSV0000000000004940.csv,CAN_CSV0000000000000610.csv
CAN_CSV0000000000004940.csv,CAN_CSV0000000000001116.csv
CAN_CSV0000000000004940.csv,CAN_CSV0000000000027245.csv
CAN_CSV0000000000004940.csv,CAN_CSV0000000000004703.csv
CAN_CSV0000000000004940.csv,CAN_CSV0000000000015551.csv
CAN_CSV0000000000004940.csv,CAN_CSV0000000000015570.csv
CAN_CSV0000000000004940.csv,CAN_CSV0000000000004946.csv
CAN_CSV0000000000004940.csv,CAN_CSV0000000000013602.csv
CAN_CSV0000000000004940.csv,CAN_CSV0000000000001197.csv
CAN_CSV0000000000004940.csv,CAN_CSV0000000000005379.csv
CAN_CSV0000000000004940.csv,CAN_CSV0000000000001226.csv
CAN_CSV0000000000004940.csv,CAN_CSV0000000000005128.csv
CAN_CSV0000000000004940.csv,CAN_CSV0000000000001114.csv
CAN_CSV0000000000004940.csv,CAN_CSV0000000000012980.csv
CAN_CSV0000000000004940.csv,CAN_CSV0000000000005245.csv
CAN_CSV0000000000004940.csv,CAN_CSV0000000000005257.csv
CAN_CSV0000000000004940.csv,CAN_CSV0000000000005009.csv
CAN_CSV0000000000004940.csv,CAN_CSV0000000000013701.csv
CAN_CSV0000000000004940.csv,CAN_CSV0000000000012845.csv
CAN_CSV0000000000004940.csv,CAN_CSV0000000000027136.csv
CAN_CSV0000000000004940.csv,CAN_CSV0000000000013484.csv
CAN_CSV0000000000004940.csv,CAN_CSV0000000000013497.csv
CAN_CSV0000000000004940.csv,CAN_CSV0000000000005103.csv
CAN_CSV0000000000004940.csv,CAN_CSV0000000000014315.csv
CAN_CSV0000000000004940.csv,CAN_CSV0000000000013510.csv
CAN_CSV0000000000004940.csv,CAN_CSV0000000000013036.csv
CAN_CSV0000000000004940.csv,CAN_CSV0000000000013489.csv
CAN_CSV0000000000004940.csv,CAN_CSV0000000000027228.csv
CAN_CSV0000000000004940.csv,CAN_CSV0000000000001198.csv
CAN_CSV0000000000004940.csv,CAN_CSV0000000000027140.csv
CAN_CSV0000000000004959.csv,CAN_CSV0000000000005040.csv
CAN_CSV0000000000004959.csv,CAN_CSV0000000000027218.csv
CAN_CSV0000000000004959.csv,CAN_CSV0000000000005832.csv
CAN_CSV0000000000004959.csv,CAN_CSV0000000000001104.csv
CAN_CSV0000000000004959.csv,CAN_CSV0000000000013199.csv
CAN_CSV0000000000004959.csv,CAN_CSV0000000000000676.csv
CAN_CSV0000000000004959.csv,CAN_CSV0000000000013518.csv
CAN_CSV0000000000004959.csv,CAN_CSV0000000000002181.csv
CAN_CSV0000000000004959.csv,CAN_CSV0000000000000683.csv
CAN_CSV0000000000004959.csv,CAN_CSV0000000000005265.csv
CAN_CSV0000000000004959.csv,CAN_CSV0000000000015570.csv
CAN_CSV0000000000004959.csv,CAN_CSV0000000000012980.csv
CAN_CSV0000000000004959.csv,CAN_CSV0000000000005071.csv
CAN_CSV0000000000004959.csv,CAN_CSV0000000000000692.csv
CAN_CSV0000000000004959.csv,CAN_CSV0000000000000736.csv
CAN_CSV0000000000004959.csv,CAN_CSV0000000000013510.csv
CAN_CSV0000000000004959.csv,CAN_CSV0000000000013036.csv
CAN_CSV0000000000004959.csv,CAN_CSV0000000000027228.csv
CAN_CSV0000000000004959.csv,CAN_CSV0000000000005379.csv
CAN_CSV0000000000004959.csv,CAN_CSV0000000000027217.csv
CAN_CSV0000000000004959.csv,CAN_CSV0000000000005264.csv
CAN_CSV0000000000004959.csv,CAN_CSV0000000000013514.csv
CAN_CSV0000000000004959.csv,CAN_CSV0000000000013702.csv
CAN_CSV0000000000004959.csv,CAN_CSV0000000000004766.csv
CAN_CSV0000000000004959.csv,CAN_CSV0000000000004970.csv
CAN_CSV0000000000004959.csv,CAN_CSV0000000000027219.csv
CAN_CSV0000000000004959.csv,CAN_CSV0000000000005325.csv
CAN_CSV0000000000004959.csv,CAN_CSV0000000000004973.csv
CAN_CSV0000000000004959.csv,CAN_CSV0000000000000608.csv
CAN_CSV0000000000004959.csv,CAN_CSV0000000000015551.csv
CAN_CSV0000000000004959.csv,CAN_CSV0000000000001226.csv
CAN_CSV0000000000004959.csv,CAN_CSV0000000000001183.csv
CAN_CSV0000000000004959.csv,CAN_CSV0000000000000634.csv
CAN_CSV0000000000004959.csv,CAN_CSV0000000000001114.csv
CAN_CSV0000000000004959.csv,CAN_CSV0000000000027184.csv
CAN_CSV0000000000004959.csv,CAN_CSV0000000000005070.csv
CAN_CSV0000000000004959.csv,CAN_CSV0000000000005222.csv
CAN_CSV0000000000004959.csv,CAN_CSV0000000000013489.csv
CAN_CSV0000000000004959.csv,CAN_CSV0000000000000750.csv
CAN_CSV0000000000004959.csv,CAN_CSV0000000000000448.csv
CAN_CSV0000000000004959.csv,CAN_CSV0000000000027176.csv
CAN_CSV0000000000004959.csv,CAN_CSV0000000000005391.csv
CAN_CSV0000000000004959.csv,CAN_CSV0000000000005227.csv
CAN_CSV0000000000004959.csv,CAN_CSV0000000000005205.csv
CAN_CSV0000000000004959.csv,CAN_CSV0000000000000735.csv
CAN_CSV0000000000004959.csv,CAN_CSV0000000000027266.csv
CAN_CSV0000000000004959.csv,CAN_CSV0000000000000675.csv
CAN_CSV0000000000004959.csv,CAN_CSV0000000000015560.csv
CAN_CSV0000000000004959.csv,CAN_CSV0000000000004703.csv
CAN_CSV0000000000004959.csv,CAN_CSV0000000000013602.csv
CAN_CSV0000000000004959.csv,CAN_CSV0000000000000679.csv
CAN_CSV0000000000004959.csv,CAN_CSV0000000000005009.csv
CAN_CSV0000000000004959.csv,CAN_CSV0000000000005074.csv
CAN_CSV0000000000004959.csv,CAN_CSV0000000000004967.csv
CAN_CSV0000000000004959.csv,CAN_CSV0000000000005103.csv
CAN_CSV0000000000004959.csv,CAN_CSV0000000000014315.csv
CAN_CSV0000000000004959.csv,CAN_CSV0000000000005128.csv
CAN_CSV0000000000004959.csv,CAN_CSV0000000000013001.csv
CAN_CSV0000000000004959.csv,CAN_CSV0000000000005416.csv
CAN_CSV0000000000004959.csv,CAN_CSV0000000000002292.csv
CAN_CSV0000000000004959.csv,CAN_CSV0000000000000757.csv
CAN_CSV0000000000004959.csv,CAN_CSV0000000000012952.csv
CAN_CSV0000000000004959.csv,CAN_CSV0000000000005224.csv
CAN_CSV0000000000004959.csv,CAN_CSV0000000000000719.csv
CAN_CSV0000000000004959.csv,CAN_CSV0000000000013513.csv
CAN_CSV0000000000004959.csv,CAN_CSV0000000000013603.csv
CAN_CSV0000000000004959.csv,CAN_CSV0000000000013965.csv
CAN_CSV0000000000004959.csv,CAN_CSV0000000000013782.csv
CAN_CSV0000000000004959.csv,CAN_CSV0000000000005041.csv
CAN_CSV0000000000004959.csv,CAN_CSV0000000000027208.csv
CAN_CSV0000000000004959.csv,CAN_CSV0000000000000610.csv
CAN_CSV0000000000004959.csv,CAN_CSV0000000000001116.csv
CAN_CSV0000000000004959.csv,CAN_CSV0000000000013701.csv
CAN_CSV0000000000004959.csv,CAN_CSV0000000000012845.csv
CAN_CSV0000000000004959.csv,CAN_CSV0000000000013484.csv
CAN_CSV0000000000004959.csv,CAN_CSV0000000000013497.csv
CAN_CSV0000000000004975.csv,CAN_CSV0000000000004972.csv
CAN_CSV0000000000004975.csv,CAN_CSV0000000000001232.csv
CAN_CSV0000000000004975.csv,CAN_CSV0000000000013001.csv
CAN_CSV0000000000004975.csv,CAN_CSV0000000000002292.csv
CAN_CSV0000000000004975.csv,CAN_CSV0000000000027218.csv
CAN_CSV0000000000004975.csv,CAN_CSV0000000000005832.csv
CAN_CSV0000000000004975.csv,CAN_CSV0000000000005391.csv
CAN_CSV0000000000004975.csv,CAN_CSV0000000000012952.csv
CAN_CSV0000000000004975.csv,CAN_CSV0000000000027217.csv
CAN_CSV0000000000004975.csv,CAN_CSV0000000000005264.csv
CAN_CSV0000000000004975.csv,CAN_CSV0000000000013199.csv
CAN_CSV0000000000004975.csv,CAN_CSV0000000000013514.csv
CAN_CSV0000000000004975.csv,CAN_CSV0000000000013702.csv
CAN_CSV0000000000004975.csv,CAN_CSV0000000000001230.csv
CAN_CSV0000000000004975.csv,CAN_CSV0000000000004766.csv
CAN_CSV0000000000004975.csv,CAN_CSV0000000000000719.csv
CAN_CSV0000000000004975.csv,CAN_CSV0000000000013518.csv
CAN_CSV0000000000004975.csv,CAN_CSV0000000000002181.csv
CAN_CSV0000000000004975.csv,CAN_CSV0000000000005205.csv
CAN_CSV0000000000004975.csv,CAN_CSV0000000000005227.csv
CAN_CSV0000000000004975.csv,CAN_CSV0000000000000735.csv
CAN_CSV0000000000004975.csv,CAN_CSV0000000000013513.csv
CAN_CSV0000000000004975.csv,CAN_CSV0000000000004970.csv
CAN_CSV0000000000004975.csv,CAN_CSV0000000000027219.csv
CAN_CSV0000000000004975.csv,CAN_CSV0000000000004973.csv
CAN_CSV0000000000004975.csv,CAN_CSV0000000000013603.csv
CAN_CSV0000000000004975.csv,CAN_CSV0000000000000608.csv
CAN_CSV0000000000004975.csv,CAN_CSV0000000000013782.csv
CAN_CSV0000000000004975.csv,CAN_CSV0000000000015560.csv
CAN_CSV0000000000004975.csv,CAN_CSV0000000000005265.csv
CAN_CSV0000000000004975.csv,CAN_CSV0000000000000610.csv
CAN_CSV0000000000004975.csv,CAN_CSV0000000000014331.csv
CAN_CSV0000000000004975.csv,CAN_CSV0000000000001116.csv
CAN_CSV0000000000004975.csv,CAN_CSV0000000000004974.csv
CAN_CSV0000000000004975.csv,CAN_CSV0000000000004703.csv
CAN_CSV0000000000004975.csv,CAN_CSV0000000000015551.csv
CAN_CSV0000000000004975.csv,CAN_CSV0000000000015570.csv
CAN_CSV0000000000004975.csv,CAN_CSV0000000000001226.csv
CAN_CSV0000000000004975.csv,CAN_CSV0000000000013602.csv
CAN_CSV0000000000004975.csv,CAN_CSV0000000000005128.csv
CAN_CSV0000000000004975.csv,CAN_CSV0000000000001114.csv
CAN_CSV0000000000004975.csv,CAN_CSV0000000000012980.csv
CAN_CSV0000000000004975.csv,CAN_CSV0000000000004971.csv
CAN_CSV0000000000004975.csv,CAN_CSV0000000000005009.csv
CAN_CSV0000000000004975.csv,CAN_CSV0000000000013701.csv
CAN_CSV0000000000004975.csv,CAN_CSV0000000000012845.csv
CAN_CSV0000000000004975.csv,CAN_CSV0000000000013484.csv
CAN_CSV0000000000004975.csv,CAN_CSV0000000000013497.csv
CAN_CSV0000000000004975.csv,CAN_CSV0000000000004967.csv
CAN_CSV0000000000004975.csv,CAN_CSV0000000000001233.csv
CAN_CSV0000000000004975.csv,CAN_CSV0000000000000736.csv
CAN_CSV0000000000004975.csv,CAN_CSV0000000000014315.csv
CAN_CSV0000000000004975.csv,CAN_CSV0000000000013510.csv
CAN_CSV0000000000004975.csv,CAN_CSV0000000000001217.csv
CAN_CSV0000000000004975.csv,CAN_CSV0000000000013036.csv
CAN_CSV0000000000004975.csv,CAN_CSV0000000000005103.csv
CAN_CSV0000000000004975.csv,CAN_CSV0000000000013489.csv
CAN_CSV0000000000004975.csv,CAN_CSV0000000000027228.csv
CAN_CSV0000000000004975.csv,CAN_CSV0000000000005379.csv
CAN_CSV0000000000005013.csv,CAN_CSV0000000000013001.csv
CAN_CSV0000000000005013.csv,CAN_CSV0000000000002292.csv
CAN_CSV0000000000005013.csv,CAN_CSV0000000000027218.csv
CAN_CSV0000000000005013.csv,CAN_CSV0000000000005832.csv
CAN_CSV0000000000005013.csv,CAN_CSV0000000000027176.csv
CAN_CSV0000000000005013.csv,CAN_CSV0000000000005010.csv
CAN_CSV0000000000005013.csv,CAN_CSV0000000000005391.csv
CAN_CSV0000000000005013.csv,CAN_CSV0000000000012952.csv
CAN_CSV0000000000005013.csv,CAN_CSV0000000000027217.csv
CAN_CSV0000000000005013.csv,CAN_CSV0000000000005264.csv
CAN_CSV0000000000005013.csv,CAN_CSV0000000000013199.csv
CAN_CSV0000000000005013.csv,CAN_CSV0000000000013514.csv
CAN_CSV0000000000005013.csv,CAN_CSV0000000000013702.csv
CAN_CSV0000000000005013.csv,CAN_CSV0000000000005224.csv
CAN_CSV0000000000005013.csv,CAN_CSV0000000000004766.csv
CAN_CSV0000000000005013.csv,CAN_CSV0000000000000719.csv
CAN_CSV0000000000005013.csv,CAN_CSV0000000000005011.csv
CAN_CSV0000000000005013.csv,CAN_CSV0000000000013518.csv
CAN_CSV0000000000005013.csv,CAN_CSV0000000000002181.csv
CAN_CSV0000000000005013.csv,CAN_CSV0000000000005205.csv
CAN_CSV0000000000005013.csv,CAN_CSV0000000000005227.csv
CAN_CSV0000000000005013.csv,CAN_CSV0000000000000735.csv
CAN_CSV0000000000005013.csv,CAN_CSV0000000000001072.csv
CAN_CSV0000000000005013.csv,CAN_CSV0000000000013513.csv
CAN_CSV0000000000005013.csv,CAN_CSV0000000000001247.csv
CAN_CSV0000000000005013.csv,CAN_CSV0000000000027219.csv
CAN_CSV0000000000005013.csv,CAN_CSV0000000000000608.csv
CAN_CSV0000000000005013.csv,CAN_CSV0000000000013603.csv
CAN_CSV0000000000005013.csv,CAN_CSV0000000000013782.csv
CAN_CSV0000000000005013.csv,CAN_CSV0000000000005041.csv
CAN_CSV0000000000005013.csv,CAN_CSV0000000000005049.csv
CAN_CSV0000000000005013.csv,CAN_CSV0000000000015560.csv
CAN_CSV0000000000005013.csv,CAN_CSV0000000000005265.csv
CAN_CSV0000000000005013.csv,CAN_CSV0000000000000610.csv
CAN_CSV0000000000005013.csv,CAN_CSV0000000000001116.csv
CAN_CSV0000000000005013.csv,CAN_CSV0000000000004703.csv
CAN_CSV0000000000005013.csv,CAN_CSV0000000000001071.csv
CAN_CSV0000000000005013.csv,CAN_CSV0000000000015570.csv
CAN_CSV0000000000005013.csv,CAN_CSV0000000000015551.csv
CAN_CSV0000000000005013.csv,CAN_CSV0000000000013602.csv
CAN_CSV0000000000005013.csv,CAN_CSV0000000000001226.csv
CAN_CSV0000000000005013.csv,CAN_CSV0000000000005128.csv
CAN_CSV0000000000005013.csv,CAN_CSV0000000000001114.csv
CAN_CSV0000000000005013.csv,CAN_CSV0000000000005130.csv
CAN_CSV0000000000005013.csv,CAN_CSV0000000000012980.csv
CAN_CSV0000000000005013.csv,CAN_CSV0000000000005218.csv
CAN_CSV0000000000005013.csv,CAN_CSV0000000000000666.csv
CAN_CSV0000000000005013.csv,CAN_CSV0000000000005009.csv
CAN_CSV0000000000005013.csv,CAN_CSV0000000000005074.csv
CAN_CSV0000000000005013.csv,CAN_CSV0000000000004774.csv
CAN_CSV0000000000005013.csv,CAN_CSV0000000000013701.csv
CAN_CSV0000000000005013.csv,CAN_CSV0000000000012845.csv
CAN_CSV0000000000005013.csv,CAN_CSV0000000000013484.csv
CAN_CSV0000000000005013.csv,CAN_CSV0000000000013497.csv
CAN_CSV0000000000005013.csv,CAN_CSV0000000000005103.csv
CAN_CSV0000000000005013.csv,CAN_CSV0000000000014315.csv
CAN_CSV0000000000005013.csv,CAN_CSV0000000000013510.csv
CAN_CSV0000000000005013.csv,CAN_CSV0000000000013036.csv
CAN_CSV0000000000005013.csv,CAN_CSV0000000000005222.csv
CAN_CSV0000000000005013.csv,CAN_CSV0000000000027211.csv
CAN_CSV0000000000005013.csv,CAN_CSV0000000000013489.csv
CAN_CSV0000000000005013.csv,CAN_CSV0000000000027228.csv
CAN_CSV0000000000005013.csv,CAN_CSV0000000000005379.csv
CAN_CSV0000000000005013.csv,CAN_CSV0000000000005217.csv
CAN_CSV0000000000005070.csv,CAN_CSV0000000000005077.csv
CAN_CSV0000000000005070.csv,CAN_CSV0000000000013001.csv
CAN_CSV0000000000005070.csv,CAN_CSV0000000000000613.csv
CAN_CSV0000000000005070.csv,CAN_CSV0000000000002292.csv
CAN_CSV0000000000005070.csv,CAN_CSV0000000000027218.csv
CAN_CSV0000000000005070.csv,CAN_CSV0000000000005832.csv
CAN_CSV0000000000005070.csv,CAN_CSV0000000000027176.csv
CAN_CSV0000000000005070.csv,CAN_CSV0000000000001104.csv
CAN_CSV0000000000005070.csv,CAN_CSV0000000000005391.csv
CAN_CSV0000000000005070.csv,CAN_CSV0000000000012952.csv
CAN_CSV0000000000005070.csv,CAN_CSV0000000000027217.csv
CAN_CSV0000000000005070.csv,CAN_CSV0000000000005264.csv
CAN_CSV0000000000005070.csv,CAN_CSV0000000000013199.csv
CAN_CSV0000000000005070.csv,CAN_CSV0000000000013514.csv
CAN_CSV0000000000005070.csv,CAN_CSV0000000000013702.csv
CAN_CSV0000000000005070.csv,CAN_CSV0000000000005224.csv
CAN_CSV0000000000005070.csv,CAN_CSV0000000000004766.csv
CAN_CSV0000000000005070.csv,CAN_CSV0000000000000719.csv
CAN_CSV0000000000005070.csv,CAN_CSV0000000000013518.csv
CAN_CSV0000000000005070.csv,CAN_CSV0000000000002181.csv
CAN_CSV0000000000005070.csv,CAN_CSV0000000000005205.csv
CAN_CSV0000000000005070.csv,CAN_CSV0000000000005227.csv
CAN_CSV0000000000005070.csv,CAN_CSV0000000000000735.csv
CAN_CSV0000000000005070.csv,CAN_CSV0000000000013513.csv
CAN_CSV0000000000005070.csv,CAN_CSV0000000000005051.csv
CAN_CSV0000000000005070.csv,CAN_CSV0000000000000564.csv
CAN_CSV0000000000005070.csv,CAN_CSV0000000000001103.csv
CAN_CSV0000000000005070.csv,CAN_CSV0000000000027219.csv
CAN_CSV0000000000005070.csv,CAN_CSV0000000000002191.csv
CAN_CSV0000000000005070.csv,CAN_CSV0000000000000608.csv
CAN_CSV0000000000005070.csv,CAN_CSV0000000000013603.csv
CAN_CSV0000000000005070.csv,CAN_CSV0000000000013782.csv
CAN_CSV0000000000005070.csv,CAN_CSV0000000000005172.csv
CAN_CSV0000000000005070.csv,CAN_CSV0000000000015560.csv
CAN_CSV0000000000005070.csv,CAN_CSV0000000000005265.csv
CAN_CSV0000000000005070.csv,CAN_CSV0000000000000610.csv
CAN_CSV0000000000005070.csv,CAN_CSV0000000000000843.csv
CAN_CSV0000000000005070.csv,CAN_CSV0000000000001116.csv
CAN_CSV0000000000005070.csv,CAN_CSV0000000000013379.csv
CAN_CSV0000000000005070.csv,CAN_CSV0000000000000620.csv
CAN_CSV0000000000005070.csv,CAN_CSV0000000000000557.csv
CAN_CSV0000000000005070.csv,CAN_CSV0000000000004703.csv
CAN_CSV0000000000005070.csv,CAN_CSV0000000000015551.csv
CAN_CSV0000000000005070.csv,CAN_CSV0000000000015570.csv
CAN_CSV0000000000005070.csv,CAN_CSV0000000000001226.csv
CAN_CSV0000000000005070.csv,CAN_CSV0000000000013602.csv
CAN_CSV0000000000005070.csv,CAN_CSV0000000000005128.csv
CAN_CSV0000000000005070.csv,CAN_CSV0000000000000848.csv
CAN_CSV0000000000005070.csv,CAN_CSV0000000000001114.csv
CAN_CSV0000000000005070.csv,CAN_CSV0000000000000606.csv
CAN_CSV0000000000005070.csv,CAN_CSV0000000000005130.csv
CAN_CSV0000000000005070.csv,CAN_CSV0000000000012980.csv
CAN_CSV0000000000005070.csv,CAN_CSV0000000000005218.csv
CAN_CSV0000000000005070.csv,CAN_CSV0000000000005071.csv
CAN_CSV0000000000005070.csv,CAN_CSV0000000000000558.csv
CAN_CSV0000000000005070.csv,CAN_CSV0000000000000666.csv
CAN_CSV0000000000005070.csv,CAN_CSV0000000000005008.csv
CAN_CSV0000000000005070.csv,CAN_CSV0000000000005009.csv
CAN_CSV0000000000005070.csv,CAN_CSV0000000000005074.csv
CAN_CSV0000000000005070.csv,CAN_CSV0000000000001084.csv
CAN_CSV0000000000005070.csv,CAN_CSV0000000000013701.csv
CAN_CSV0000000000005070.csv,CAN_CSV0000000000012845.csv
CAN_CSV0000000000005070.csv,CAN_CSV0000000000013484.csv
CAN_CSV0000000000005070.csv,CAN_CSV0000000000013497.csv
CAN_CSV0000000000005070.csv,CAN_CSV0000000000005103.csv
CAN_CSV0000000000005070.csv,CAN_CSV0000000000014315.csv
CAN_CSV0000000000005070.csv,CAN_CSV0000000000013510.csv
CAN_CSV0000000000005070.csv,CAN_CSV0000000000013036.csv
CAN_CSV0000000000005070.csv,CAN_CSV0000000000005222.csv
CAN_CSV0000000000005070.csv,CAN_CSV0000000000027211.csv
CAN_CSV0000000000005070.csv,CAN_CSV0000000000013489.csv
CAN_CSV0000000000005070.csv,CAN_CSV0000000000027228.csv
CAN_CSV0000000000005070.csv,CAN_CSV0000000000005379.csv
CAN_CSV0000000000005071.csv,CAN_CSV0000000000005077.csv
CAN_CSV0000000000005071.csv,CAN_CSV0000000000013001.csv
CAN_CSV0000000000005071.csv,CAN_CSV0000000000000613.csv
CAN_CSV0000000000005071.csv,CAN_CSV0000000000002292.csv
CAN_CSV0000000000005071.csv,CAN_CSV0000000000027218.csv
CAN_CSV0000000000005071.csv,CAN_CSV0000000000005832.csv
CAN_CSV0000000000005071.csv,CAN_CSV0000000000027176.csv
CAN_CSV0000000000005071.csv,CAN_CSV0000000000001104.csv
CAN_CSV0000000000005071.csv,CAN_CSV0000000000005391.csv
CAN_CSV0000000000005071.csv,CAN_CSV0000000000012952.csv
CAN_CSV0000000000005071.csv,CAN_CSV0000000000005010.csv
CAN_CSV0000000000005071.csv,CAN_CSV0000000000027217.csv
CAN_CSV0000000000005071.csv,CAN_CSV0000000000005264.csv
CAN_CSV0000000000005071.csv,CAN_CSV0000000000013199.csv
CAN_CSV0000000000005071.csv,CAN_CSV0000000000013514.csv
CAN_CSV0000000000005071.csv,CAN_CSV0000000000013702.csv
CAN_CSV0000000000005071.csv,CAN_CSV0000000000005224.csv
CAN_CSV0000000000005071.csv,CAN_CSV0000000000004766.csv
CAN_CSV0000000000005071.csv,CAN_CSV0000000000000719.csv
CAN_CSV0000000000005071.csv,CAN_CSV0000000000013518.csv
CAN_CSV0000000000005071.csv,CAN_CSV0000000000002181.csv
CAN_CSV0000000000005071.csv,CAN_CSV0000000000005205.csv
CAN_CSV0000000000005071.csv,CAN_CSV0000000000005227.csv
CAN_CSV0000000000005071.csv,CAN_CSV0000000000000735.csv
CAN_CSV0000000000005071.csv,CAN_CSV0000000000013513.csv
CAN_CSV0000000000005071.csv,CAN_CSV0000000000001103.csv
CAN_CSV0000000000005071.csv,CAN_CSV0000000000027219.csv
CAN_CSV0000000000005071.csv,CAN_CSV0000000000000608.csv
CAN_CSV0000000000005071.csv,CAN_CSV0000000000013603.csv
CAN_CSV0000000000005071.csv,CAN_CSV0000000000013782.csv
CAN_CSV0000000000005071.csv,CAN_CSV0000000000005041.csv
CAN_CSV0000000000005071.csv,CAN_CSV0000000000015560.csv
CAN_CSV0000000000005071.csv,CAN_CSV0000000000005265.csv
CAN_CSV0000000000005071.csv,CAN_CSV0000000000000610.csv
CAN_CSV0000000000005071.csv,CAN_CSV0000000000001116.csv
CAN_CSV0000000000005071.csv,CAN_CSV0000000000013379.csv
CAN_CSV0000000000005071.csv,CAN_CSV0000000000000620.csv
CAN_CSV0000000000005071.csv,CAN_CSV0000000000004703.csv
CAN_CSV0000000000005071.csv,CAN_CSV0000000000015551.csv
CAN_CSV0000000000005071.csv,CAN_CSV0000000000015570.csv
CAN_CSV0000000000005071.csv,CAN_CSV0000000000001226.csv
CAN_CSV0000000000005071.csv,CAN_CSV0000000000013602.csv
CAN_CSV0000000000005071.csv,CAN_CSV0000000000005128.csv
CAN_CSV0000000000005071.csv,CAN_CSV0000000000001114.csv
CAN_CSV0000000000005071.csv,CAN_CSV0000000000000606.csv
CAN_CSV0000000000005071.csv,CAN_CSV0000000000005130.csv
CAN_CSV0000000000005071.csv,CAN_CSV0000000000012980.csv
CAN_CSV0000000000005071.csv,CAN_CSV0000000000005108.csv
CAN_CSV0000000000005071.csv,CAN_CSV0000000000005218.csv
CAN_CSV0000000000005071.csv,CAN_CSV0000000000000558.csv
CAN_CSV0000000000005071.csv,CAN_CSV0000000000000666.csv
CAN_CSV0000000000005071.csv,CAN_CSV0000000000005008.csv
CAN_CSV0000000000005071.csv,CAN_CSV0000000000005009.csv
CAN_CSV0000000000005071.csv,CAN_CSV0000000000005074.csv
CAN_CSV0000000000005071.csv,CAN_CSV0000000000004774.csv
CAN_CSV0000000000005071.csv,CAN_CSV0000000000001084.csv
CAN_CSV0000000000005071.csv,CAN_CSV0000000000013701.csv
CAN_CSV0000000000005071.csv,CAN_CSV0000000000005070.csv
CAN_CSV0000000000005071.csv,CAN_CSV0000000000012845.csv
CAN_CSV0000000000005071.csv,CAN_CSV0000000000013484.csv
CAN_CSV0000000000005071.csv,CAN_CSV0000000000013497.csv
CAN_CSV0000000000005071.csv,CAN_CSV0000000000027230.csv
CAN_CSV0000000000005071.csv,CAN_CSV0000000000005103.csv
CAN_CSV0000000000005071.csv,CAN_CSV0000000000014315.csv
CAN_CSV0000000000005071.csv,CAN_CSV0000000000013510.csv
CAN_CSV0000000000005071.csv,CAN_CSV0000000000013036.csv
CAN_CSV0000000000005071.csv,CAN_CSV0000000000005222.csv
CAN_CSV0000000000005071.csv,CAN_CSV0000000000027211.csv
CAN_CSV0000000000005071.csv,CAN_CSV0000000000013489.csv
CAN_CSV0000000000005071.csv,CAN_CSV0000000000027228.csv
CAN_CSV0000000000005071.csv,CAN_CSV0000000000005379.csv
CAN_CSV0000000000005079.csv,CAN_CSV0000000000027171.csv
CAN_CSV0000000000005079.csv,CAN_CSV0000000000013001.csv
CAN_CSV0000000000005079.csv,CAN_CSV0000000000027180.csv
CAN_CSV0000000000005079.csv,CAN_CSV0000000000005097.csv
CAN_CSV0000000000005079.csv,CAN_CSV0000000000002292.csv
CAN_CSV0000000000005079.csv,CAN_CSV0000000000027218.csv
CAN_CSV0000000000005079.csv,CAN_CSV0000000000005083.csv
CAN_CSV0000000000005079.csv,CAN_CSV0000000000005832.csv
CAN_CSV0000000000005079.csv,CAN_CSV0000000000000662.csv
CAN_CSV0000000000005079.csv,CAN_CSV0000000000005391.csv
CAN_CSV0000000000005079.csv,CAN_CSV0000000000012952.csv
CAN_CSV0000000000005079.csv,CAN_CSV0000000000027217.csv
CAN_CSV0000000000005079.csv,CAN_CSV0000000000005264.csv
CAN_CSV0000000000005079.csv,CAN_CSV0000000000013199.csv
CAN_CSV0000000000005079.csv,CAN_CSV0000000000013514.csv
CAN_CSV0000000000005079.csv,CAN_CSV0000000000013702.csv
CAN_CSV0000000000005079.csv,CAN_CSV0000000000005116.csv
CAN_CSV0000000000005079.csv,CAN_CSV0000000000005086.csv
CAN_CSV0000000000005079.csv,CAN_CSV0000000000004766.csv
CAN_CSV0000000000005079.csv,CAN_CSV0000000000005085.csv
CAN_CSV0000000000005079.csv,CAN_CSV0000000000000719.csv
CAN_CSV0000000000005079.csv,CAN_CSV0000000000005115.csv
CAN_CSV0000000000005079.csv,CAN_CSV0000000000013518.csv
CAN_CSV0000000000005079.csv,CAN_CSV0000000000027172.csv
CAN_CSV0000000000005079.csv,CAN_CSV0000000000002181.csv
CAN_CSV0000000000005079.csv,CAN_CSV0000000000005205.csv
CAN_CSV0000000000005079.csv,CAN_CSV0000000000005227.csv
CAN_CSV0000000000005079.csv,CAN_CSV0000000000000735.csv
CAN_CSV0000000000005079.csv,CAN_CSV0000000000013513.csv
CAN_CSV0000000000005079.csv,CAN_CSV0000000000005105.csv
CAN_CSV0000000000005079.csv,CAN_CSV0000000000027219.csv
CAN_CSV0000000000005079.csv,CAN_CSV0000000000000608.csv
CAN_CSV0000000000005079.csv,CAN_CSV0000000000013603.csv
CAN_CSV0000000000005079.csv,CAN_CSV0000000000000594.csv
CAN_CSV0000000000005079.csv,CAN_CSV0000000000013782.csv
CAN_CSV0000000000005079.csv,CAN_CSV0000000000015560.csv
CAN_CSV0000000000005079.csv,CAN_CSV0000000000000577.csv
CAN_CSV0000000000005079.csv,CAN_CSV0000000000005265.csv
CAN_CSV0000000000005079.csv,CAN_CSV0000000000000610.csv
CAN_CSV0000000000005079.csv,CAN_CSV0000000000005107.csv
CAN_CSV0000000000005079.csv,CAN_CSV0000000000001116.csv
CAN_CSV0000000000005079.csv,CAN_CSV0000000000027245.csv
CAN_CSV0000000000005079.csv,CAN_CSV0000000000004703.csv
CAN_CSV0000000000005079.csv,CAN_CSV0000000000015551.csv
CAN_CSV0000000000005079.csv,CAN_CSV0000000000015570.csv
CAN_CSV0000000000005079.csv,CAN_CSV0000000000001226.csv
CAN_CSV0000000000005079.csv,CAN_CSV0000000000013602.csv
CAN_CSV0000000000005079.csv,CAN_CSV0000000000005128.csv
CAN_CSV0000000000005079.csv,CAN_CSV0000000000000661.csv
CAN_CSV0000000000005079.csv,CAN_CSV0000000000027243.csv
CAN_CSV0000000000005079.csv,CAN_CSV0000000000001114.csv
CAN_CSV0000000000005079.csv,CAN_CSV0000000000012980.csv
CAN_CSV0000000000005079.csv,CAN_CSV0000000000000587.csv
CAN_CSV0000000000005079.csv,CAN_CSV0000000000027235.csv
CAN_CSV0000000000005079.csv,CAN_CSV0000000000005096.csv
CAN_CSV0000000000005079.csv,CAN_CSV0000000000005009.csv
CAN_CSV0000000000005079.csv,CAN_CSV0000000000004753.csv
CAN_CSV0000000000005079.csv,CAN_CSV0000000000013701.csv
CAN_CSV0000000000005079.csv,CAN_CSV0000000000012845.csv
CAN_CSV0000000000005079.csv,CAN_CSV0000000000013484.csv
CAN_CSV0000000000005079.csv,CAN_CSV0000000000000600.csv
CAN_CSV0000000000005079.csv,CAN_CSV0000000000013497.csv
CAN_CSV0000000000005079.csv,CAN_CSV0000000000027264.csv
CAN_CSV0000000000005079.csv,CAN_CSV0000000000005094.csv
CAN_CSV0000000000005079.csv,CAN_CSV0000000000027229.csv
CAN_CSV0000000000005079.csv,CAN_CSV0000000000005103.csv
CAN_CSV0000000000005079.csv,CAN_CSV0000000000014315.csv
CAN_CSV0000000000005079.csv,CAN_CSV0000000000005095.csv
CAN_CSV0000000000005079.csv,CAN_CSV0000000000013510.csv
CAN_CSV0000000000005079.csv,CAN_CSV0000000000013036.csv
CAN_CSV0000000000005079.csv,CAN_CSV0000000000013489.csv
CAN_CSV0000000000005079.csv,CAN_CSV0000000000027228.csv
CAN_CSV0000000000005079.csv,CAN_CSV0000000000005379.csv
CAN_CSV0000000000005079.csv,CAN_CSV0000000000005090.csv
CAN_CSV0000000000005079.csv,CAN_CSV0000000000000567.csv
CAN_CSV0000000000005080.csv,CAN_CSV0000000000013001.csv
CAN_CSV0000000000005080.csv,CAN_CSV0000000000005034.csv
CAN_CSV0000000000005080.csv,CAN_CSV0000000000005097.csv
CAN_CSV0000000000005080.csv,CAN_CSV0000000000002292.csv
CAN_CSV0000000000005080.csv,CAN_CSV0000000000027218.csv
CAN_CSV0000000000005080.csv,CAN_CSV0000000000005083.csv
CAN_CSV0000000000005080.csv,CAN_CSV0000000000005832.csv
CAN_CSV0000000000005080.csv,CAN_CSV0000000000005391.csv
CAN_CSV0000000000005080.csv,CAN_CSV0000000000000662.csv
CAN_CSV0000000000005080.csv,CAN_CSV0000000000012952.csv
CAN_CSV0000000000005080.csv,CAN_CSV0000000000005127.csv
CAN_CSV0000000000005080.csv,CAN_CSV0000000000027217.csv
CAN_CSV0000000000005080.csv,CAN_CSV0000000000005264.csv
CAN_CSV0000000000005080.csv,CAN_CSV0000000000013199.csv
CAN_CSV0000000000005080.csv,CAN_CSV0000000000013514.csv
CAN_CSV0000000000005080.csv,CAN_CSV0000000000027232.csv
CAN_CSV0000000000005080.csv,CAN_CSV0000000000013702.csv
CAN_CSV0000000000005080.csv,CAN_CSV0000000000005116.csv
CAN_CSV0000000000005080.csv,CAN_CSV0000000000005086.csv
CAN_CSV0000000000005080.csv,CAN_CSV0000000000004766.csv
CAN_CSV0000000000005080.csv,CAN_CSV0000000000000719.csv
CAN_CSV0000000000005080.csv,CAN_CSV0000000000005085.csv
CAN_CSV0000000000005080.csv,CAN_CSV0000000000013518.csv
CAN_CSV0000000000005080.csv,CAN_CSV0000000000027172.csv
CAN_CSV0000000000005080.csv,CAN_CSV0000000000000565.csv
CAN_CSV0000000000005080.csv,CAN_CSV0000000000002181.csv
CAN_CSV0000000000005080.csv,CAN_CSV0000000000005205.csv
CAN_CSV0000000000005080.csv,CAN_CSV0000000000000735.csv
CAN_CSV0000000000005080.csv,CAN_CSV0000000000013513.csv
CAN_CSV0000000000005080.csv,CAN_CSV0000000000005227.csv
CAN_CSV0000000000005080.csv,CAN_CSV0000000000005105.csv
CAN_CSV0000000000005080.csv,CAN_CSV0000000000005082.csv
CAN_CSV0000000000005080.csv,CAN_CSV0000000000027219.csv
CAN_CSV0000000000005080.csv,CAN_CSV0000000000000608.csv
CAN_CSV0000000000005080.csv,CAN_CSV0000000000013603.csv
CAN_CSV0000000000005080.csv,CAN_CSV0000000000013782.csv
CAN_CSV0000000000005080.csv,CAN_CSV0000000000015560.csv
CAN_CSV0000000000005080.csv,CAN_CSV0000000000027239.csv
CAN_CSV0000000000005080.csv,CAN_CSV0000000000005265.csv
CAN_CSV0000000000005080.csv,CAN_CSV0000000000027168.csv
CAN_CSV0000000000005080.csv,CAN_CSV0000000000000610.csv
CAN_CSV0000000000005080.csv,CAN_CSV0000000000005107.csv
CAN_CSV0000000000005080.csv,CAN_CSV0000000000001116.csv
CAN_CSV0000000000005080.csv,CAN_CSV0000000000027245.csv
CAN_CSV0000000000005080.csv,CAN_CSV0000000000005079.csv
CAN_CSV0000000000005080.csv,CAN_CSV0000000000004703.csv
CAN_CSV0000000000005080.csv,CAN_CSV0000000000005128.csv
CAN_CSV0000000000005080.csv,CAN_CSV0000000000015570.csv
CAN_CSV0000000000005080.csv,CAN_CSV0000000000015551.csv
CAN_CSV0000000000005080.csv,CAN_CSV0000000000013602.csv
CAN_CSV0000000000005080.csv,CAN_CSV0000000000001226.csv
CAN_CSV0000000000005080.csv,CAN_CSV0000000000027243.csv
CAN_CSV0000000000005080.csv,CAN_CSV0000000000001114.csv
CAN_CSV0000000000005080.csv,CAN_CSV0000000000012980.csv
CAN_CSV0000000000005080.csv,CAN_CSV0000000000000587.csv
CAN_CSV0000000000005080.csv,CAN_CSV0000000000005096.csv
CAN_CSV0000000000005080.csv,CAN_CSV0000000000005009.csv
CAN_CSV0000000000005080.csv,CAN_CSV0000000000027240.csv
CAN_CSV0000000000005080.csv,CAN_CSV0000000000013701.csv
CAN_CSV0000000000005080.csv,CAN_CSV0000000000005102.csv
CAN_CSV0000000000005080.csv,CAN_CSV0000000000012845.csv
CAN_CSV0000000000005080.csv,CAN_CSV0000000000005033.csv
CAN_CSV0000000000005080.csv,CAN_CSV0000000000013484.csv
CAN_CSV0000000000005080.csv,CAN_CSV0000000000013497.csv
CAN_CSV0000000000005080.csv,CAN_CSV0000000000027229.csv
CAN_CSV0000000000005080.csv,CAN_CSV0000000000005103.csv
CAN_CSV0000000000005080.csv,CAN_CSV0000000000014315.csv
CAN_CSV0000000000005080.csv,CAN_CSV0000000000013510.csv
CAN_CSV0000000000005080.csv,CAN_CSV0000000000013036.csv
CAN_CSV0000000000005080.csv,CAN_CSV0000000000000659.csv
CAN_CSV0000000000005080.csv,CAN_CSV0000000000013489.csv
CAN_CSV0000000000005080.csv,CAN_CSV0000000000027228.csv
CAN_CSV0000000000005080.csv,CAN_CSV0000000000005379.csv
CAN_CSV0000000000005080.csv,CAN_CSV0000000000000567.csv
CAN_CSV0000000000005102.csv,CAN_CSV0000000000013001.csv
CAN_CSV0000000000005102.csv,CAN_CSV0000000000005097.csv
CAN_CSV0000000000005102.csv,CAN_CSV0000000000002292.csv
CAN_CSV0000000000005102.csv,CAN_CSV0000000000027218.csv
CAN_CSV0000000000005102.csv,CAN_CSV0000000000005832.csv
CAN_CSV0000000000005102.csv,CAN_CSV0000000000005111.csv
CAN_CSV0000000000005102.csv,CAN_CSV0000000000005391.csv
CAN_CSV0000000000005102.csv,CAN_CSV0000000000012952.csv
CAN_CSV0000000000005102.csv,CAN_CSV0000000000027217.csv
CAN_CSV0000000000005102.csv,CAN_CSV0000000000005264.csv
CAN_CSV0000000000005102.csv,CAN_CSV0000000000013199.csv
CAN_CSV0000000000005102.csv,CAN_CSV0000000000013514.csv
CAN_CSV0000000000005102.csv,CAN_CSV0000000000005116.csv
CAN_CSV0000000000005102.csv,CAN_CSV0000000000013702.csv
CAN_CSV0000000000005102.csv,CAN_CSV0000000000004766.csv
CAN_CSV0000000000005102.csv,CAN_CSV0000000000000719.csv
CAN_CSV0000000000005102.csv,CAN_CSV0000000000005115.csv
CAN_CSV0000000000005102.csv,CAN_CSV0000000000013518.csv
CAN_CSV0000000000005102.csv,CAN_CSV0000000000027172.csv
CAN_CSV0000000000005102.csv,CAN_CSV0000000000002181.csv
CAN_CSV0000000000005102.csv,CAN_CSV0000000000005205.csv
CAN_CSV0000000000005102.csv,CAN_CSV0000000000005227.csv
CAN_CSV0000000000005102.csv,CAN_CSV0000000000000735.csv
CAN_CSV0000000000005102.csv,CAN_CSV0000000000013513.csv
CAN_CSV0000000000005102.csv,CAN_CSV0000000000005105.csv
CAN_CSV0000000000005102.csv,CAN_CSV0000000000027219.csv
CAN_CSV0000000000005102.csv,CAN_CSV0000000000013489.csv
CAN_CSV0000000000005102.csv,CAN_CSV0000000000000608.csv
CAN_CSV0000000000005102.csv,CAN_CSV0000000000013603.csv
CAN_CSV0000000000005102.csv,CAN_CSV0000000000013782.csv
CAN_CSV0000000000005102.csv,CAN_CSV0000000000015560.csv
CAN_CSV0000000000005102.csv,CAN_CSV0000000000005104.csv
CAN_CSV0000000000005102.csv,CAN_CSV0000000000005265.csv
CAN_CSV0000000000005102.csv,CAN_CSV0000000000000610.csv
CAN_CSV0000000000005102.csv,CAN_CSV0000000000005107.csv
CAN_CSV0000000000005102.csv,CAN_CSV0000000000001116.csv
CAN_CSV0000000000005102.csv,CAN_CSV0000000000004703.csv
CAN_CSV0000000000005102.csv,CAN_CSV0000000000015551.csv
CAN_CSV0000000000005102.csv,CAN_CSV0000000000015570.csv
CAN_CSV0000000000005102.csv,CAN_CSV0000000000000664.csv
CAN_CSV0000000000005102.csv,CAN_CSV0000000000013602.csv
CAN_CSV0000000000005102.csv,CAN_CSV0000000000001226.csv
CAN_CSV0000000000005102.csv,CAN_CSV0000000000005128.csv
CAN_CSV0000000000005102.csv,CAN_CSV0000000000001114.csv
CAN_CSV0000000000005102.csv,CAN_CSV0000000000005108.csv
CAN_CSV0000000000005102.csv,CAN_CSV0000000000012980.csv
CAN_CSV0000000000005102.csv,CAN_CSV0000000000027235.csv
CAN_CSV0000000000005102.csv,CAN_CSV0000000000005109.csv
CAN_CSV0000000000005102.csv,CAN_CSV0000000000005009.csv
CAN_CSV0000000000005102.csv,CAN_CSV0000000000027231.csv
CAN_CSV0000000000005102.csv,CAN_CSV0000000000004753.csv
CAN_CSV0000000000005102.csv,CAN_CSV0000000000013701.csv
CAN_CSV0000000000005102.csv,CAN_CSV0000000000012845.csv
CAN_CSV0000000000005102.csv,CAN_CSV0000000000013484.csv
CAN_CSV0000000000005102.csv,CAN_CSV0000000000013497.csv
CAN_CSV0000000000005102.csv,CAN_CSV0000000000005103.csv
CAN_CSV0000000000005102.csv,CAN_CSV0000000000014315.csv
CAN_CSV0000000000005102.csv,CAN_CSV0000000000013510.csv
CAN_CSV0000000000005102.csv,CAN_CSV0000000000013036.csv
CAN_CSV0000000000005102.csv,CAN_CSV0000000000027226.csv
CAN_CSV0000000000005102.csv,CAN_CSV0000000000027228.csv
CAN_CSV0000000000005102.csv,CAN_CSV0000000000005379.csv
CAN_CSV0000000000005132.csv,CAN_CSV0000000000027171.csv
CAN_CSV0000000000005132.csv,CAN_CSV0000000000013001.csv
CAN_CSV0000000000005132.csv,CAN_CSV0000000000002292.csv
CAN_CSV0000000000005132.csv,CAN_CSV0000000000027176.csv
CAN_CSV0000000000005132.csv,CAN_CSV0000000000005832.csv
CAN_CSV0000000000005132.csv,CAN_CSV0000000000027218.csv
CAN_CSV0000000000005132.csv,CAN_CSV0000000000005391.csv
CAN_CSV0000000000005132.csv,CAN_CSV0000000000012952.csv
CAN_CSV0000000000005132.csv,CAN_CSV0000000000027217.csv
CAN_CSV0000000000005132.csv,CAN_CSV0000000000005264.csv
CAN_CSV0000000000005132.csv,CAN_CSV0000000000000573.csv
CAN_CSV0000000000005132.csv,CAN_CSV0000000000013199.csv
CAN_CSV0000000000005132.csv,CAN_CSV0000000000013514.csv
CAN_CSV0000000000005132.csv,CAN_CSV0000000000013702.csv
CAN_CSV0000000000005132.csv,CAN_CSV0000000000000595.csv
CAN_CSV0000000000005132.csv,CAN_CSV0000000000000719.csv
CAN_CSV0000000000005132.csv,CAN_CSV0000000000004766.csv
CAN_CSV0000000000005132.csv,CAN_CSV0000000000000554.csv
CAN_CSV0000000000005132.csv,CAN_CSV0000000000013518.csv
CAN_CSV0000000000005132.csv,CAN_CSV0000000000027258.csv
CAN_CSV0000000000005132.csv,CAN_CSV0000000000002181.csv
CAN_CSV0000000000005132.csv,CAN_CSV0000000000005205.csv
CAN_CSV0000000000005132.csv,CAN_CSV0000000000000735.csv
CAN_CSV0000000000005132.csv,CAN_CSV0000000000013513.csv
CAN_CSV0000000000005132.csv,CAN_CSV0000000000005227.csv
CAN_CSV0000000000005132.csv,CAN_CSV0000000000000591.csv
CAN_CSV0000000000005132.csv,CAN_CSV0000000000027220.csv
CAN_CSV0000000000005132.csv,CAN_CSV0000000000027219.csv
CAN_CSV0000000000005132.csv,CAN_CSV0000000000000608.csv
CAN_CSV0000000000005132.csv,CAN_CSV0000000000013603.csv
CAN_CSV0000000000005132.csv,CAN_CSV0000000000000581.csv
CAN_CSV0000000000005132.csv,CAN_CSV0000000000013782.csv
CAN_CSV0000000000005132.csv,CAN_CSV0000000000015560.csv
CAN_CSV0000000000005132.csv,CAN_CSV0000000000005265.csv
CAN_CSV0000000000005132.csv,CAN_CSV0000000000027168.csv
CAN_CSV0000000000005132.csv,CAN_CSV0000000000000610.csv
CAN_CSV0000000000005132.csv,CAN_CSV0000000000001116.csv
CAN_CSV0000000000005132.csv,CAN_CSV0000000000004703.csv
CAN_CSV0000000000005132.csv,CAN_CSV0000000000015551.csv
CAN_CSV0000000000005132.csv,CAN_CSV0000000000015570.csv
CAN_CSV0000000000005132.csv,CAN_CSV0000000000000664.csv
CAN_CSV0000000000005132.csv,CAN_CSV0000000000013602.csv
CAN_CSV0000000000005132.csv,CAN_CSV0000000000001226.csv
CAN_CSV0000000000005132.csv,CAN_CSV0000000000000661.csv
CAN_CSV0000000000005132.csv,CAN_CSV0000000000005128.csv
CAN_CSV0000000000005132.csv,CAN_CSV0000000000001114.csv
CAN_CSV0000000000005132.csv,CAN_CSV0000000000012980.csv
CAN_CSV0000000000005132.csv,CAN_CSV0000000000000587.csv
CAN_CSV0000000000005132.csv,CAN_CSV0000000000000576.csv
CAN_CSV0000000000005132.csv,CAN_CSV0000000000005009.csv
CAN_CSV0000000000005132.csv,CAN_CSV0000000000000663.csv
CAN_CSV0000000000005132.csv,CAN_CSV0000000000013701.csv
CAN_CSV0000000000005132.csv,CAN_CSV0000000000012845.csv
CAN_CSV0000000000005132.csv,CAN_CSV0000000000027178.csv
CAN_CSV0000000000005132.csv,CAN_CSV0000000000013484.csv
CAN_CSV0000000000005132.csv,CAN_CSV0000000000013497.csv
CAN_CSV0000000000005132.csv,CAN_CSV0000000000005103.csv
CAN_CSV0000000000005132.csv,CAN_CSV0000000000014315.csv
CAN_CSV0000000000005132.csv,CAN_CSV0000000000000596.csv
CAN_CSV0000000000005132.csv,CAN_CSV0000000000000659.csv
CAN_CSV0000000000005132.csv,CAN_CSV0000000000013510.csv
CAN_CSV0000000000005132.csv,CAN_CSV0000000000013036.csv
CAN_CSV0000000000005132.csv,CAN_CSV0000000000013489.csv
CAN_CSV0000000000005132.csv,CAN_CSV0000000000027228.csv
CAN_CSV0000000000005132.csv,CAN_CSV0000000000005379.csv
CAN_CSV0000000000005241.csv,CAN_CSV0000000000005320.csv
CAN_CSV0000000000005241.csv,CAN_CSV0000000000000687.csv
CAN_CSV0000000000005241.csv,CAN_CSV0000000000000685.csv
CAN_CSV0000000000005241.csv,CAN_CSV0000000000027103.csv
CAN_CSV0000000000005241.csv,CAN_CSV0000000000005297.csv
CAN_CSV0000000000005241.csv,CAN_CSV0000000000005322.csv
CAN_CSV0000000000005241.csv,CAN_CSV0000000000000678.csv
CAN_CSV0000000000005241.csv,CAN_CSV0000000000005307.csv
CAN_CSV0000000000005241.csv,CAN_CSV0000000000005348.csv
CAN_CSV0000000000005241.csv,CAN_CSV0000000000005300.csv
CAN_CSV0000000000005241.csv,CAN_CSV0000000000000698.csv
CAN_CSV0000000000005241.csv,CAN_CSV0000000000000644.csv
CAN_CSV0000000000005260.csv,CAN_CSV0000000000013001.csv
CAN_CSV0000000000005260.csv,CAN_CSV0000000000014464.csv
CAN_CSV0000000000005260.csv,CAN_CSV0000000000002292.csv
CAN_CSV0000000000005260.csv,CAN_CSV0000000000005832.csv
CAN_CSV0000000000005260.csv,CAN_CSV0000000000005391.csv
CAN_CSV0000000000005260.csv,CAN_CSV0000000000027218.csv
CAN_CSV0000000000005260.csv,CAN_CSV0000000000012952.csv
CAN_CSV0000000000005260.csv,CAN_CSV0000000000014474.csv
CAN_CSV0000000000005260.csv,CAN_CSV0000000000027217.csv
CAN_CSV0000000000005260.csv,CAN_CSV0000000000005264.csv
CAN_CSV0000000000005260.csv,CAN_CSV0000000000013199.csv
CAN_CSV0000000000005260.csv,CAN_CSV0000000000013514.csv
CAN_CSV0000000000005260.csv,CAN_CSV0000000000013702.csv
CAN_CSV0000000000005260.csv,CAN_CSV0000000000014469.csv
CAN_CSV0000000000005260.csv,CAN_CSV0000000000014458.csv
CAN_CSV0000000000005260.csv,CAN_CSV0000000000000719.csv
CAN_CSV0000000000005260.csv,CAN_CSV0000000000004766.csv
CAN_CSV0000000000005260.csv,CAN_CSV0000000000014460.csv
CAN_CSV0000000000005260.csv,CAN_CSV0000000000014481.csv
CAN_CSV0000000000005260.csv,CAN_CSV0000000000000625.csv
CAN_CSV0000000000005260.csv,CAN_CSV0000000000014476.csv
CAN_CSV0000000000005260.csv,CAN_CSV0000000000013518.csv
CAN_CSV0000000000005260.csv,CAN_CSV0000000000002181.csv
CAN_CSV0000000000005260.csv,CAN_CSV0000000000000735.csv
CAN_CSV0000000000005260.csv,CAN_CSV0000000000013513.csv
CAN_CSV0000000000005260.csv,CAN_CSV0000000000005205.csv
CAN_CSV0000000000005260.csv,CAN_CSV0000000000005227.csv
CAN_CSV0000000000005260.csv,CAN_CSV0000000000027219.csv
CAN_CSV0000000000005260.csv,CAN_CSV0000000000005263.csv
CAN_CSV0000000000005260.csv,CAN_CSV0000000000000608.csv
CAN_CSV0000000000005260.csv,CAN_CSV0000000000013603.csv
CAN_CSV0000000000005260.csv,CAN_CSV0000000000013965.csv
CAN_CSV0000000000005260.csv,CAN_CSV0000000000013782.csv
CAN_CSV0000000000005260.csv,CAN_CSV0000000000000626.csv
CAN_CSV0000000000005260.csv,CAN_CSV0000000000015560.csv
CAN_CSV0000000000005260.csv,CAN_CSV0000000000005259.csv
CAN_CSV0000000000005260.csv,CAN_CSV0000000000005265.csv
CAN_CSV0000000000005260.csv,CAN_CSV0000000000000610.csv
CAN_CSV0000000000005260.csv,CAN_CSV0000000000001116.csv
CAN_CSV0000000000005260.csv,CAN_CSV0000000000004703.csv
CAN_CSV0000000000005260.csv,CAN_CSV0000000000015551.csv
CAN_CSV0000000000005260.csv,CAN_CSV0000000000015570.csv
CAN_CSV0000000000005260.csv,CAN_CSV0000000000001226.csv
CAN_CSV0000000000005260.csv,CAN_CSV0000000000013602.csv
CAN_CSV0000000000005260.csv,CAN_CSV0000000000005128.csv
CAN_CSV0000000000005260.csv,CAN_CSV0000000000001183.csv
CAN_CSV0000000000005260.csv,CAN_CSV0000000000001114.csv
CAN_CSV0000000000005260.csv,CAN_CSV0000000000012980.csv
CAN_CSV0000000000005260.csv,CAN_CSV0000000000014468.csv
CAN_CSV0000000000005260.csv,CAN_CSV0000000000005009.csv
CAN_CSV0000000000005260.csv,CAN_CSV0000000000014462.csv
CAN_CSV0000000000005260.csv,CAN_CSV0000000000013701.csv
CAN_CSV0000000000005260.csv,CAN_CSV0000000000012845.csv
CAN_CSV0000000000005260.csv,CAN_CSV0000000000013484.csv
CAN_CSV0000000000005260.csv,CAN_CSV0000000000013497.csv
CAN_CSV0000000000005260.csv,CAN_CSV0000000000005103.csv
CAN_CSV0000000000005260.csv,CAN_CSV0000000000014315.csv
CAN_CSV0000000000005260.csv,CAN_CSV0000000000013510.csv
CAN_CSV0000000000005260.csv,CAN_CSV0000000000013036.csv
CAN_CSV0000000000005260.csv,CAN_CSV0000000000014466.csv
CAN_CSV0000000000005260.csv,CAN_CSV0000000000013489.csv
CAN_CSV0000000000005260.csv,CAN_CSV0000000000027228.csv
CAN_CSV0000000000005260.csv,CAN_CSV0000000000005379.csv
CAN_CSV0000000000005260.csv,CAN_CSV0000000000014470.csv
CAN_CSV0000000000005298.csv,CAN_CSV0000000000005320.csv
CAN_CSV0000000000005298.csv,CAN_CSV0000000000000687.csv
CAN_CSV0000000000005298.csv,CAN_CSV0000000000000685.csv
CAN_CSV0000000000005298.csv,CAN_CSV0000000000027103.csv
CAN_CSV0000000000005298.csv,CAN_CSV0000000000005297.csv
CAN_CSV0000000000005298.csv,CAN_CSV0000000000005322.csv
CAN_CSV0000000000005298.csv,CAN_CSV0000000000000678.csv
CAN_CSV0000000000005298.csv,CAN_CSV0000000000005307.csv
CAN_CSV0000000000005298.csv,CAN_CSV0000000000005348.csv
CAN_CSV0000000000005298.csv,CAN_CSV0000000000005300.csv
CAN_CSV0000000000005298.csv,CAN_CSV0000000000000698.csv
CAN_CSV0000000000005298.csv,CAN_CSV0000000000000644.csv
CAN_CSV0000000000005303.csv,CAN_CSV0000000000005320.csv
CAN_CSV0000000000005303.csv,CAN_CSV0000000000000687.csv
CAN_CSV0000000000005303.csv,CAN_CSV0000000000000685.csv
CAN_CSV0000000000005303.csv,CAN_CSV0000000000027103.csv
CAN_CSV0000000000005303.csv,CAN_CSV0000000000005297.csv
CAN_CSV0000000000005303.csv,CAN_CSV0000000000005322.csv
CAN_CSV0000000000005303.csv,CAN_CSV0000000000000678.csv
CAN_CSV0000000000005303.csv,CAN_CSV0000000000005307.csv
CAN_CSV0000000000005303.csv,CAN_CSV0000000000005348.csv
CAN_CSV0000000000005303.csv,CAN_CSV0000000000005300.csv
CAN_CSV0000000000005303.csv,CAN_CSV0000000000000698.csv
CAN_CSV0000000000005303.csv,CAN_CSV0000000000000644.csv
CAN_CSV0000000000005304.csv,CAN_CSV0000000000005320.csv
CAN_CSV0000000000005304.csv,CAN_CSV0000000000000687.csv
CAN_CSV0000000000005304.csv,CAN_CSV0000000000000685.csv
CAN_CSV0000000000005304.csv,CAN_CSV0000000000027103.csv
CAN_CSV0000000000005304.csv,CAN_CSV0000000000005297.csv
CAN_CSV0000000000005304.csv,CAN_CSV0000000000005322.csv
CAN_CSV0000000000005304.csv,CAN_CSV0000000000000678.csv
CAN_CSV0000000000005304.csv,CAN_CSV0000000000005307.csv
CAN_CSV0000000000005304.csv,CAN_CSV0000000000005348.csv
CAN_CSV0000000000005304.csv,CAN_CSV0000000000005300.csv
CAN_CSV0000000000005304.csv,CAN_CSV0000000000000698.csv
CAN_CSV0000000000005304.csv,CAN_CSV0000000000000644.csv
CAN_CSV0000000000005313.csv,CAN_CSV0000000000005320.csv
CAN_CSV0000000000005313.csv,CAN_CSV0000000000000687.csv
CAN_CSV0000000000005313.csv,CAN_CSV0000000000000685.csv
CAN_CSV0000000000005313.csv,CAN_CSV0000000000027103.csv
CAN_CSV0000000000005313.csv,CAN_CSV0000000000005297.csv
CAN_CSV0000000000005313.csv,CAN_CSV0000000000005322.csv
CAN_CSV0000000000005313.csv,CAN_CSV0000000000000678.csv
CAN_CSV0000000000005313.csv,CAN_CSV0000000000005307.csv
CAN_CSV0000000000005313.csv,CAN_CSV0000000000005348.csv
CAN_CSV0000000000005313.csv,CAN_CSV0000000000005300.csv
CAN_CSV0000000000005313.csv,CAN_CSV0000000000000698.csv
CAN_CSV0000000000005313.csv,CAN_CSV0000000000000644.csv
CAN_CSV0000000000005318.csv,CAN_CSV0000000000006913.csv
CAN_CSV0000000000005318.csv,CAN_CSV0000000000012577.csv
CAN_CSV0000000000005318.csv,CAN_CSV0000000000012569.csv
CAN_CSV0000000000005318.csv,CAN_CSV0000000000006192.csv
CAN_CSV0000000000005318.csv,CAN_CSV0000000000012922.csv
CAN_CSV0000000000005318.csv,CAN_CSV0000000000006102.csv
CAN_CSV0000000000005318.csv,CAN_CSV0000000000027218.csv
CAN_CSV0000000000005318.csv,CAN_CSV0000000000006939.csv
CAN_CSV0000000000005318.csv,CAN_CSV0000000000005832.csv
CAN_CSV0000000000005318.csv,CAN_CSV0000000000005415.csv
CAN_CSV0000000000005318.csv,CAN_CSV0000000000006806.csv
CAN_CSV0000000000005318.csv,CAN_CSV0000000000005442.csv
CAN_CSV0000000000005318.csv,CAN_CSV0000000000012460.csv
CAN_CSV0000000000005318.csv,CAN_CSV0000000000000886.csv
CAN_CSV0000000000005318.csv,CAN_CSV0000000000000708.csv
CAN_CSV0000000000005318.csv,CAN_CSV0000000000013199.csv
CAN_CSV0000000000005318.csv,CAN_CSV0000000000013088.csv
CAN_CSV0000000000005318.csv,CAN_CSV0000000000013124.csv
CAN_CSV0000000000005318.csv,CAN_CSV0000000000000700.csv
CAN_CSV0000000000005318.csv,CAN_CSV0000000000013518.csv
CAN_CSV0000000000005318.csv,CAN_CSV0000000000002181.csv
CAN_CSV0000000000005318.csv,CAN_CSV0000000000005326.csv
CAN_CSV0000000000005318.csv,CAN_CSV0000000000005297.csv
CAN_CSV0000000000005318.csv,CAN_CSV0000000000000771.csv
CAN_CSV0000000000005318.csv,CAN_CSV0000000000000745.csv
CAN_CSV0000000000005318.csv,CAN_CSV0000000000005298.csv
CAN_CSV0000000000005318.csv,CAN_CSV0000000000005265.csv
CAN_CSV0000000000005318.csv,CAN_CSV0000000000015570.csv
CAN_CSV0000000000005318.csv,CAN_CSV0000000000005302.csv
CAN_CSV0000000000005318.csv,CAN_CSV0000000000012980.csv
CAN_CSV0000000000005318.csv,CAN_CSV0000000000005300.csv
CAN_CSV0000000000005318.csv,CAN_CSV0000000000013126.csv
CAN_CSV0000000000005318.csv,CAN_CSV0000000000005330.csv
CAN_CSV0000000000005318.csv,CAN_CSV0000000000027103.csv
CAN_CSV0000000000005318.csv,CAN_CSV0000000000005427.csv
CAN_CSV0000000000005318.csv,CAN_CSV0000000000005332.csv
CAN_CSV0000000000005318.csv,CAN_CSV0000000000005322.csv
CAN_CSV0000000000005318.csv,CAN_CSV0000000000005307.csv
CAN_CSV0000000000005318.csv,CAN_CSV0000000000013510.csv
CAN_CSV0000000000005318.csv,CAN_CSV0000000000013036.csv
CAN_CSV0000000000005318.csv,CAN_CSV0000000000027228.csv
CAN_CSV0000000000005318.csv,CAN_CSV0000000000005379.csv
CAN_CSV0000000000005318.csv,CAN_CSV0000000000013123.csv
CAN_CSV0000000000005318.csv,CAN_CSV0000000000000762.csv
CAN_CSV0000000000005318.csv,CAN_CSV0000000000027308.csv
CAN_CSV0000000000005318.csv,CAN_CSV0000000000027217.csv
CAN_CSV0000000000005318.csv,CAN_CSV0000000000005264.csv
CAN_CSV0000000000005318.csv,CAN_CSV0000000000013514.csv
CAN_CSV0000000000005318.csv,CAN_CSV0000000000013702.csv
CAN_CSV0000000000005318.csv,CAN_CSV0000000000004766.csv
CAN_CSV0000000000005318.csv,CAN_CSV0000000000013133.csv
CAN_CSV0000000000005318.csv,CAN_CSV0000000000005320.csv
CAN_CSV0000000000005318.csv,CAN_CSV0000000000000680.csv
CAN_CSV0000000000005318.csv,CAN_CSV0000000000027219.csv
CAN_CSV0000000000005318.csv,CAN_CSV0000000000000608.csv
CAN_CSV0000000000005318.csv,CAN_CSV0000000000005348.csv
CAN_CSV0000000000005318.csv,CAN_CSV0000000000027325.csv
CAN_CSV0000000000005318.csv,CAN_CSV0000000000015551.csv
CAN_CSV0000000000005318.csv,CAN_CSV0000000000001226.csv
CAN_CSV0000000000005318.csv,CAN_CSV0000000000000678.csv
CAN_CSV0000000000005318.csv,CAN_CSV0000000000001114.csv
CAN_CSV0000000000005318.csv,CAN_CSV0000000000013121.csv
CAN_CSV0000000000005318.csv,CAN_CSV0000000000005397.csv
CAN_CSV0000000000005318.csv,CAN_CSV0000000000013113.csv
CAN_CSV0000000000005318.csv,CAN_CSV0000000000013489.csv
CAN_CSV0000000000005318.csv,CAN_CSV0000000000000695.csv
CAN_CSV0000000000005318.csv,CAN_CSV0000000000005391.csv
CAN_CSV0000000000005318.csv,CAN_CSV0000000000000644.csv
CAN_CSV0000000000005318.csv,CAN_CSV0000000000005227.csv
CAN_CSV0000000000005318.csv,CAN_CSV0000000000005205.csv
CAN_CSV0000000000005318.csv,CAN_CSV0000000000000687.csv
CAN_CSV0000000000005318.csv,CAN_CSV0000000000000735.csv
CAN_CSV0000000000005318.csv,CAN_CSV0000000000005323.csv
CAN_CSV0000000000005318.csv,CAN_CSV0000000000015560.csv
CAN_CSV0000000000005318.csv,CAN_CSV0000000000005398.csv
CAN_CSV0000000000005318.csv,CAN_CSV0000000000004703.csv
CAN_CSV0000000000005318.csv,CAN_CSV0000000000013602.csv
CAN_CSV0000000000005318.csv,CAN_CSV0000000000005009.csv
CAN_CSV0000000000005318.csv,CAN_CSV0000000000005103.csv
CAN_CSV0000000000005318.csv,CAN_CSV0000000000014315.csv
CAN_CSV0000000000005318.csv,CAN_CSV0000000000001056.csv
CAN_CSV0000000000005318.csv,CAN_CSV0000000000013135.csv
CAN_CSV0000000000005318.csv,CAN_CSV0000000000005128.csv
CAN_CSV0000000000005318.csv,CAN_CSV0000000000013001.csv
CAN_CSV0000000000005318.csv,CAN_CSV0000000000002292.csv
CAN_CSV0000000000005318.csv,CAN_CSV0000000000013122.csv
CAN_CSV0000000000005318.csv,CAN_CSV0000000000005401.csv
CAN_CSV0000000000005318.csv,CAN_CSV0000000000012952.csv
CAN_CSV0000000000005318.csv,CAN_CSV0000000000000766.csv
CAN_CSV0000000000005318.csv,CAN_CSV0000000000000719.csv
CAN_CSV0000000000005318.csv,CAN_CSV0000000000013136.csv
CAN_CSV0000000000005318.csv,CAN_CSV0000000000013513.csv
CAN_CSV0000000000005318.csv,CAN_CSV0000000000013603.csv
CAN_CSV0000000000005318.csv,CAN_CSV0000000000013782.csv
CAN_CSV0000000000005318.csv,CAN_CSV0000000000000610.csv
CAN_CSV0000000000005318.csv,CAN_CSV0000000000001116.csv
CAN_CSV0000000000005318.csv,CAN_CSV0000000000000685.csv
CAN_CSV0000000000005318.csv,CAN_CSV0000000000000698.csv
CAN_CSV0000000000005318.csv,CAN_CSV0000000000013701.csv
CAN_CSV0000000000005318.csv,CAN_CSV0000000000012845.csv
CAN_CSV0000000000005318.csv,CAN_CSV0000000000013484.csv
CAN_CSV0000000000005318.csv,CAN_CSV0000000000013497.csv
CAN_CSV0000000000005321.csv,CAN_CSV0000000000005320.csv
CAN_CSV0000000000005321.csv,CAN_CSV0000000000000687.csv
CAN_CSV0000000000005321.csv,CAN_CSV0000000000000685.csv
CAN_CSV0000000000005321.csv,CAN_CSV0000000000027103.csv
CAN_CSV0000000000005321.csv,CAN_CSV0000000000005297.csv
CAN_CSV0000000000005321.csv,CAN_CSV0000000000005322.csv
CAN_CSV0000000000005321.csv,CAN_CSV0000000000000678.csv
CAN_CSV0000000000005321.csv,CAN_CSV0000000000005307.csv
CAN_CSV0000000000005321.csv,CAN_CSV0000000000005348.csv
CAN_CSV0000000000005321.csv,CAN_CSV0000000000005300.csv
CAN_CSV0000000000005321.csv,CAN_CSV0000000000000698.csv
CAN_CSV0000000000005321.csv,CAN_CSV0000000000000644.csv
CAN_CSV0000000000005326.csv,CAN_CSV0000000000005320.csv
CAN_CSV0000000000005326.csv,CAN_CSV0000000000000687.csv
CAN_CSV0000000000005326.csv,CAN_CSV0000000000000685.csv
CAN_CSV0000000000005326.csv,CAN_CSV0000000000027103.csv
CAN_CSV0000000000005326.csv,CAN_CSV0000000000005297.csv
CAN_CSV0000000000005326.csv,CAN_CSV0000000000005322.csv
CAN_CSV0000000000005326.csv,CAN_CSV0000000000000678.csv
CAN_CSV0000000000005326.csv,CAN_CSV0000000000005307.csv
CAN_CSV0000000000005326.csv,CAN_CSV0000000000005348.csv
CAN_CSV0000000000005326.csv,CAN_CSV0000000000005300.csv
CAN_CSV0000000000005326.csv,CAN_CSV0000000000000698.csv
CAN_CSV0000000000005326.csv,CAN_CSV0000000000000644.csv
CAN_CSV0000000000005336.csv,CAN_CSV0000000000027171.csv
CAN_CSV0000000000005336.csv,CAN_CSV0000000000027260.csv
CAN_CSV0000000000005336.csv,CAN_CSV0000000000027203.csv
CAN_CSV0000000000005336.csv,CAN_CSV0000000000004972.csv
CAN_CSV0000000000005336.csv,CAN_CSV0000000000007112.csv
CAN_CSV0000000000005336.csv,CAN_CSV0000000000005040.csv
CAN_CSV0000000000005336.csv,CAN_CSV0000000000012391.csv
CAN_CSV0000000000005336.csv,CAN_CSV0000000000027218.csv
CAN_CSV0000000000005336.csv,CAN_CSV0000000000005832.csv
CAN_CSV0000000000005336.csv,CAN_CSV0000000000002218.csv
CAN_CSV0000000000005336.csv,CAN_CSV0000000000027150.csv
CAN_CSV0000000000005336.csv,CAN_CSV0000000000000949.csv
CAN_CSV0000000000005336.csv,CAN_CSV0000000000000886.csv
CAN_CSV0000000000005336.csv,CAN_CSV0000000000000553.csv
CAN_CSV0000000000005336.csv,CAN_CSV0000000000013199.csv
CAN_CSV0000000000005336.csv,CAN_CSV0000000000000676.csv
CAN_CSV0000000000005336.csv,CAN_CSV0000000000005207.csv
CAN_CSV0000000000005336.csv,CAN_CSV0000000000001215.csv
CAN_CSV0000000000005336.csv,CAN_CSV0000000000027207.csv
CAN_CSV0000000000005336.csv,CAN_CSV0000000000000793.csv
CAN_CSV0000000000005336.csv,CAN_CSV0000000000005214.csv
CAN_CSV0000000000005336.csv,CAN_CSV0000000000013518.csv
CAN_CSV0000000000005336.csv,CAN_CSV0000000000002181.csv
CAN_CSV0000000000005336.csv,CAN_CSV0000000000001115.csv
CAN_CSV0000000000005336.csv,CAN_CSV0000000000002215.csv
CAN_CSV0000000000005336.csv,CAN_CSV0000000000027220.csv
CAN_CSV0000000000005336.csv,CAN_CSV0000000000005265.csv
CAN_CSV0000000000005336.csv,CAN_CSV0000000000015570.csv
CAN_CSV0000000000005336.csv,CAN_CSV0000000000004792.csv
CAN_CSV0000000000005336.csv,CAN_CSV0000000000027052.csv
CAN_CSV0000000000005336.csv,CAN_CSV0000000000012980.csv
CAN_CSV0000000000005336.csv,CAN_CSV0000000000000796.csv
CAN_CSV0000000000005336.csv,CAN_CSV0000000000006690.csv
CAN_CSV0000000000005336.csv,CAN_CSV0000000000013510.csv
CAN_CSV0000000000005336.csv,CAN_CSV0000000000013036.csv
CAN_CSV0000000000005336.csv,CAN_CSV0000000000027228.csv
CAN_CSV0000000000005336.csv,CAN_CSV0000000000005379.csv
CAN_CSV0000000000005336.csv,CAN_CSV0000000000004796.csv
CAN_CSV0000000000005336.csv,CAN_CSV0000000000027217.csv
CAN_CSV0000000000005336.csv,CAN_CSV0000000000005264.csv
CAN_CSV0000000000005336.csv,CAN_CSV0000000000013514.csv
CAN_CSV0000000000005336.csv,CAN_CSV0000000000013702.csv
CAN_CSV0000000000005336.csv,CAN_CSV0000000000004766.csv
CAN_CSV0000000000005336.csv,CAN_CSV0000000000027152.csv
CAN_CSV0000000000005336.csv,CAN_CSV0000000000013492.csv
CAN_CSV0000000000005336.csv,CAN_CSV0000000000027219.csv
CAN_CSV0000000000005336.csv,CAN_CSV0000000000000608.csv
CAN_CSV0000000000005336.csv,CAN_CSV0000000000007183.csv
CAN_CSV0000000000005336.csv,CAN_CSV0000000000000794.csv
CAN_CSV0000000000005336.csv,CAN_CSV0000000000015551.csv
CAN_CSV0000000000005336.csv,CAN_CSV0000000000001226.csv
CAN_CSV0000000000005336.csv,CAN_CSV0000000000002272.csv
CAN_CSV0000000000005336.csv,CAN_CSV0000000000001114.csv
CAN_CSV0000000000005336.csv,CAN_CSV0000000000027153.csv
CAN_CSV0000000000005336.csv,CAN_CSV0000000000013489.csv
CAN_CSV0000000000005336.csv,CAN_CSV0000000000005899.csv
CAN_CSV0000000000005336.csv,CAN_CSV0000000000005391.csv
CAN_CSV0000000000005336.csv,CAN_CSV0000000000004791.csv
CAN_CSV0000000000005336.csv,CAN_CSV0000000000005227.csv
CAN_CSV0000000000005336.csv,CAN_CSV0000000000005205.csv
CAN_CSV0000000000005336.csv,CAN_CSV0000000000005447.csv
CAN_CSV0000000000005336.csv,CAN_CSV0000000000000735.csv
CAN_CSV0000000000005336.csv,CAN_CSV0000000000014274.csv
CAN_CSV0000000000005336.csv,CAN_CSV0000000000027206.csv
CAN_CSV0000000000005336.csv,CAN_CSV0000000000004797.csv
CAN_CSV0000000000005336.csv,CAN_CSV0000000000015560.csv
CAN_CSV0000000000005336.csv,CAN_CSV0000000000001184.csv
CAN_CSV0000000000005336.csv,CAN_CSV0000000000004703.csv
CAN_CSV0000000000005336.csv,CAN_CSV0000000000013602.csv
CAN_CSV0000000000005336.csv,CAN_CSV0000000000000871.csv
CAN_CSV0000000000005336.csv,CAN_CSV0000000000006691.csv
CAN_CSV0000000000005336.csv,CAN_CSV0000000000004716.csv
CAN_CSV0000000000005336.csv,CAN_CSV0000000000005009.csv
CAN_CSV0000000000005336.csv,CAN_CSV0000000000004794.csv
CAN_CSV0000000000005336.csv,CAN_CSV0000000000013582.csv
CAN_CSV0000000000005336.csv,CAN_CSV0000000000012340.csv
CAN_CSV0000000000005336.csv,CAN_CSV0000000000005103.csv
CAN_CSV0000000000005336.csv,CAN_CSV0000000000014315.csv
CAN_CSV0000000000005336.csv,CAN_CSV0000000000005128.csv
CAN_CSV0000000000005336.csv,CAN_CSV0000000000012903.csv
CAN_CSV0000000000005336.csv,CAN_CSV0000000000013001.csv
CAN_CSV0000000000005336.csv,CAN_CSV0000000000002292.csv
CAN_CSV0000000000005336.csv,CAN_CSV0000000000012952.csv
CAN_CSV0000000000005336.csv,CAN_CSV0000000000007060.csv
CAN_CSV0000000000005336.csv,CAN_CSV0000000000027215.csv
CAN_CSV0000000000005336.csv,CAN_CSV0000000000013483.csv
CAN_CSV0000000000005336.csv,CAN_CSV0000000000000719.csv
CAN_CSV0000000000005336.csv,CAN_CSV0000000000013513.csv
CAN_CSV0000000000005336.csv,CAN_CSV0000000000013603.csv
CAN_CSV0000000000005336.csv,CAN_CSV0000000000004798.csv
CAN_CSV0000000000005336.csv,CAN_CSV0000000000013782.csv
CAN_CSV0000000000005336.csv,CAN_CSV0000000000027083.csv
CAN_CSV0000000000005336.csv,CAN_CSV0000000000000610.csv
CAN_CSV0000000000005336.csv,CAN_CSV0000000000001116.csv
CAN_CSV0000000000005336.csv,CAN_CSV0000000000000915.csv
CAN_CSV0000000000005336.csv,CAN_CSV0000000000004799.csv
CAN_CSV0000000000005336.csv,CAN_CSV0000000000013701.csv
CAN_CSV0000000000005336.csv,CAN_CSV0000000000012845.csv
CAN_CSV0000000000005336.csv,CAN_CSV0000000000013484.csv
CAN_CSV0000000000005336.csv,CAN_CSV0000000000013497.csv
CAN_CSV0000000000005347.csv,CAN_CSV0000000000005320.csv
CAN_CSV0000000000005347.csv,CAN_CSV0000000000000687.csv
CAN_CSV0000000000005347.csv,CAN_CSV0000000000000685.csv
CAN_CSV0000000000005347.csv,CAN_CSV0000000000027103.csv
CAN_CSV0000000000005347.csv,CAN_CSV0000000000005297.csv
CAN_CSV0000000000005347.csv,CAN_CSV0000000000005322.csv
CAN_CSV0000000000005347.csv,CAN_CSV0000000000000678.csv
CAN_CSV0000000000005347.csv,CAN_CSV0000000000005307.csv
CAN_CSV0000000000005347.csv,CAN_CSV0000000000005348.csv
CAN_CSV0000000000005347.csv,CAN_CSV0000000000005300.csv
CAN_CSV0000000000005347.csv,CAN_CSV0000000000000698.csv
CAN_CSV0000000000005347.csv,CAN_CSV0000000000000644.csv
CAN_CSV0000000000005378.csv,CAN_CSV0000000000006913.csv
CAN_CSV0000000000005378.csv,CAN_CSV0000000000012577.csv
CAN_CSV0000000000005378.csv,CAN_CSV0000000000012569.csv
CAN_CSV0000000000005378.csv,CAN_CSV0000000000006192.csv
CAN_CSV0000000000005378.csv,CAN_CSV0000000000000726.csv
CAN_CSV0000000000005378.csv,CAN_CSV0000000000012922.csv
CAN_CSV0000000000005378.csv,CAN_CSV0000000000006102.csv
CAN_CSV0000000000005378.csv,CAN_CSV0000000000027218.csv
CAN_CSV0000000000005378.csv,CAN_CSV0000000000006939.csv
CAN_CSV0000000000005378.csv,CAN_CSV0000000000005832.csv
CAN_CSV0000000000005378.csv,CAN_CSV0000000000006806.csv
CAN_CSV0000000000005378.csv,CAN_CSV0000000000012460.csv
CAN_CSV0000000000005378.csv,CAN_CSV0000000000000886.csv
CAN_CSV0000000000005378.csv,CAN_CSV0000000000000708.csv
CAN_CSV0000000000005378.csv,CAN_CSV0000000000013199.csv
CAN_CSV0000000000005378.csv,CAN_CSV0000000000000710.csv
CAN_CSV0000000000005378.csv,CAN_CSV0000000000000732.csv
CAN_CSV0000000000005378.csv,CAN_CSV0000000000013518.csv
CAN_CSV0000000000005378.csv,CAN_CSV0000000000002181.csv
CAN_CSV0000000000005378.csv,CAN_CSV0000000000000711.csv
CAN_CSV0000000000005378.csv,CAN_CSV0000000000001135.csv
CAN_CSV0000000000005378.csv,CAN_CSV0000000000005265.csv
CAN_CSV0000000000005378.csv,CAN_CSV0000000000015570.csv
CAN_CSV0000000000005378.csv,CAN_CSV0000000000012980.csv
CAN_CSV0000000000005378.csv,CAN_CSV0000000000000724.csv
CAN_CSV0000000000005378.csv,CAN_CSV0000000000013510.csv
CAN_CSV0000000000005378.csv,CAN_CSV0000000000013036.csv
CAN_CSV0000000000005378.csv,CAN_CSV0000000000027228.csv
CAN_CSV0000000000005378.csv,CAN_CSV0000000000005379.csv
CAN_CSV0000000000005378.csv,CAN_CSV0000000000000714.csv
CAN_CSV0000000000005378.csv,CAN_CSV0000000000027217.csv
CAN_CSV0000000000005378.csv,CAN_CSV0000000000005264.csv
CAN_CSV0000000000005378.csv,CAN_CSV0000000000013514.csv
CAN_CSV0000000000005378.csv,CAN_CSV0000000000013702.csv
CAN_CSV0000000000005378.csv,CAN_CSV0000000000000730.csv
CAN_CSV0000000000005378.csv,CAN_CSV0000000000004766.csv
CAN_CSV0000000000005378.csv,CAN_CSV0000000000000633.csv
CAN_CSV0000000000005378.csv,CAN_CSV0000000000027219.csv
CAN_CSV0000000000005378.csv,CAN_CSV0000000000000608.csv
CAN_CSV0000000000005378.csv,CAN_CSV0000000000000725.csv
CAN_CSV0000000000005378.csv,CAN_CSV0000000000005371.csv
CAN_CSV0000000000005378.csv,CAN_CSV0000000000000728.csv
CAN_CSV0000000000005378.csv,CAN_CSV0000000000015551.csv
CAN_CSV0000000000005378.csv,CAN_CSV0000000000001226.csv
CAN_CSV0000000000005378.csv,CAN_CSV0000000000001114.csv
CAN_CSV0000000000005378.csv,CAN_CSV0000000000000777.csv
CAN_CSV0000000000005378.csv,CAN_CSV0000000000013489.csv
CAN_CSV0000000000005378.csv,CAN_CSV0000000000000775.csv
CAN_CSV0000000000005378.csv,CAN_CSV0000000000000632.csv
CAN_CSV0000000000005378.csv,CAN_CSV0000000000005391.csv
CAN_CSV0000000000005378.csv,CAN_CSV0000000000005376.csv
CAN_CSV0000000000005378.csv,CAN_CSV0000000000005370.csv
CAN_CSV0000000000005378.csv,CAN_CSV0000000000005640.csv
CAN_CSV0000000000005378.csv,CAN_CSV0000000000005369.csv
CAN_CSV0000000000005378.csv,CAN_CSV0000000000005205.csv
CAN_CSV0000000000005378.csv,CAN_CSV0000000000005227.csv
CAN_CSV0000000000005378.csv,CAN_CSV0000000000000735.csv
CAN_CSV0000000000005378.csv,CAN_CSV0000000000015560.csv
CAN_CSV0000000000005378.csv,CAN_CSV0000000000004703.csv
CAN_CSV0000000000005378.csv,CAN_CSV0000000000013602.csv
CAN_CSV0000000000005378.csv,CAN_CSV0000000000000805.csv
CAN_CSV0000000000005378.csv,CAN_CSV0000000000000979.csv
CAN_CSV0000000000005378.csv,CAN_CSV0000000000005009.csv
CAN_CSV0000000000005378.csv,CAN_CSV0000000000005103.csv
CAN_CSV0000000000005378.csv,CAN_CSV0000000000014315.csv
CAN_CSV0000000000005378.csv,CAN_CSV0000000000005128.csv
CAN_CSV0000000000005378.csv,CAN_CSV0000000000005368.csv
CAN_CSV0000000000005378.csv,CAN_CSV0000000000013718.csv
CAN_CSV0000000000005378.csv,CAN_CSV0000000000013001.csv
CAN_CSV0000000000005378.csv,CAN_CSV0000000000006856.csv
CAN_CSV0000000000005378.csv,CAN_CSV0000000000002292.csv
CAN_CSV0000000000005378.csv,CAN_CSV0000000000012952.csv
CAN_CSV0000000000005378.csv,CAN_CSV0000000000005241.csv
CAN_CSV0000000000005378.csv,CAN_CSV0000000000000719.csv
CAN_CSV0000000000005378.csv,CAN_CSV0000000000012534.csv
CAN_CSV0000000000005378.csv,CAN_CSV0000000000013513.csv
CAN_CSV0000000000005378.csv,CAN_CSV0000000000000727.csv
CAN_CSV0000000000005378.csv,CAN_CSV0000000000013603.csv
CAN_CSV0000000000005378.csv,CAN_CSV0000000000013782.csv
CAN_CSV0000000000005378.csv,CAN_CSV0000000000000610.csv
CAN_CSV0000000000005378.csv,CAN_CSV0000000000001124.csv
CAN_CSV0000000000005378.csv,CAN_CSV0000000000001116.csv
CAN_CSV0000000000005378.csv,CAN_CSV0000000000001136.csv
CAN_CSV0000000000005378.csv,CAN_CSV0000000000000709.csv
CAN_CSV0000000000005378.csv,CAN_CSV0000000000005643.csv
CAN_CSV0000000000005378.csv,CAN_CSV0000000000000712.csv
CAN_CSV0000000000005378.csv,CAN_CSV0000000000013701.csv
CAN_CSV0000000000005378.csv,CAN_CSV0000000000000753.csv
CAN_CSV0000000000005378.csv,CAN_CSV0000000000012845.csv
CAN_CSV0000000000005378.csv,CAN_CSV0000000000013484.csv
CAN_CSV0000000000005378.csv,CAN_CSV0000000000013497.csv
CAN_CSV0000000000005378.csv,CAN_CSV0000000000013072.csv
CAN_CSV0000000000005393.csv,CAN_CSV0000000000005320.csv
CAN_CSV0000000000005393.csv,CAN_CSV0000000000000687.csv
CAN_CSV0000000000005393.csv,CAN_CSV0000000000000685.csv
CAN_CSV0000000000005393.csv,CAN_CSV0000000000027103.csv
CAN_CSV0000000000005393.csv,CAN_CSV0000000000005297.csv
CAN_CSV0000000000005393.csv,CAN_CSV0000000000005322.csv
CAN_CSV0000000000005393.csv,CAN_CSV0000000000000678.csv
CAN_CSV0000000000005393.csv,CAN_CSV0000000000005307.csv
CAN_CSV0000000000005393.csv,CAN_CSV0000000000005348.csv
CAN_CSV0000000000005393.csv,CAN_CSV0000000000005300.csv
CAN_CSV0000000000005393.csv,CAN_CSV0000000000000698.csv
CAN_CSV0000000000005393.csv,CAN_CSV0000000000000644.csv
CAN_CSV0000000000005418.csv,CAN_CSV0000000000013001.csv
CAN_CSV0000000000005418.csv,CAN_CSV0000000000005416.csv
CAN_CSV0000000000005418.csv,CAN_CSV0000000000002292.csv
CAN_CSV0000000000005418.csv,CAN_CSV0000000000027218.csv
CAN_CSV0000000000005418.csv,CAN_CSV0000000000005832.csv
CAN_CSV0000000000005418.csv,CAN_CSV0000000000005391.csv
CAN_CSV0000000000005418.csv,CAN_CSV0000000000012952.csv
CAN_CSV0000000000005418.csv,CAN_CSV0000000000027217.csv
CAN_CSV0000000000005418.csv,CAN_CSV0000000000005264.csv
CAN_CSV0000000000005418.csv,CAN_CSV0000000000013199.csv
CAN_CSV0000000000005418.csv,CAN_CSV0000000000000676.csv
CAN_CSV0000000000005418.csv,CAN_CSV0000000000013514.csv
CAN_CSV0000000000005418.csv,CAN_CSV0000000000013702.csv
CAN_CSV0000000000005418.csv,CAN_CSV0000000000005304.csv
CAN_CSV0000000000005418.csv,CAN_CSV0000000000004766.csv
CAN_CSV0000000000005418.csv,CAN_CSV0000000000000719.csv
CAN_CSV0000000000005418.csv,CAN_CSV0000000000013518.csv
CAN_CSV0000000000005418.csv,CAN_CSV0000000000002181.csv
CAN_CSV0000000000005418.csv,CAN_CSV0000000000005205.csv
CAN_CSV0000000000005418.csv,CAN_CSV0000000000005227.csv
CAN_CSV0000000000005418.csv,CAN_CSV0000000000000735.csv
CAN_CSV0000000000005418.csv,CAN_CSV0000000000013513.csv
CAN_CSV0000000000005418.csv,CAN_CSV0000000000000683.csv
CAN_CSV0000000000005418.csv,CAN_CSV0000000000027281.csv
CAN_CSV0000000000005418.csv,CAN_CSV0000000000027219.csv
CAN_CSV0000000000005418.csv,CAN_CSV0000000000027266.csv
CAN_CSV0000000000005418.csv,CAN_CSV0000000000027280.csv
CAN_CSV0000000000005418.csv,CAN_CSV0000000000000608.csv
CAN_CSV0000000000005418.csv,CAN_CSV0000000000013603.csv
CAN_CSV0000000000005418.csv,CAN_CSV0000000000000675.csv
CAN_CSV0000000000005418.csv,CAN_CSV0000000000013782.csv
CAN_CSV0000000000005418.csv,CAN_CSV0000000000015560.csv
CAN_CSV0000000000005418.csv,CAN_CSV0000000000005265.csv
CAN_CSV0000000000005418.csv,CAN_CSV0000000000000610.csv
CAN_CSV0000000000005418.csv,CAN_CSV0000000000001116.csv
CAN_CSV0000000000005418.csv,CAN_CSV0000000000004703.csv
CAN_CSV0000000000005418.csv,CAN_CSV0000000000015551.csv
CAN_CSV0000000000005418.csv,CAN_CSV0000000000015570.csv
CAN_CSV0000000000005418.csv,CAN_CSV0000000000001226.csv
CAN_CSV0000000000005418.csv,CAN_CSV0000000000013602.csv
CAN_CSV0000000000005418.csv,CAN_CSV0000000000005128.csv
CAN_CSV0000000000005418.csv,CAN_CSV0000000000005302.csv
CAN_CSV0000000000005418.csv,CAN_CSV0000000000001114.csv
CAN_CSV0000000000005418.csv,CAN_CSV0000000000012980.csv
CAN_CSV0000000000005418.csv,CAN_CSV0000000000027291.csv
CAN_CSV0000000000005418.csv,CAN_CSV0000000000027282.csv
CAN_CSV0000000000005418.csv,CAN_CSV0000000000000758.csv
CAN_CSV0000000000005418.csv,CAN_CSV0000000000005009.csv
CAN_CSV0000000000005418.csv,CAN_CSV0000000000013701.csv
CAN_CSV0000000000005418.csv,CAN_CSV0000000000012845.csv
CAN_CSV0000000000005418.csv,CAN_CSV0000000000013484.csv
CAN_CSV0000000000005418.csv,CAN_CSV0000000000013497.csv
CAN_CSV0000000000005418.csv,CAN_CSV0000000000005103.csv
CAN_CSV0000000000005418.csv,CAN_CSV0000000000014315.csv
CAN_CSV0000000000005418.csv,CAN_CSV0000000000000747.csv
CAN_CSV0000000000005418.csv,CAN_CSV0000000000005309.csv
CAN_CSV0000000000005418.csv,CAN_CSV0000000000013510.csv
CAN_CSV0000000000005418.csv,CAN_CSV0000000000013036.csv
CAN_CSV0000000000005418.csv,CAN_CSV0000000000013489.csv
CAN_CSV0000000000005418.csv,CAN_CSV0000000000027228.csv
CAN_CSV0000000000005418.csv,CAN_CSV0000000000005379.csv
CAN_CSV0000000000005427.csv,CAN_CSV0000000000005320.csv
CAN_CSV0000000000005427.csv,CAN_CSV0000000000000687.csv
CAN_CSV0000000000005427.csv,CAN_CSV0000000000000685.csv
CAN_CSV0000000000005427.csv,CAN_CSV0000000000027103.csv
CAN_CSV0000000000005427.csv,CAN_CSV0000000000005297.csv
CAN_CSV0000000000005427.csv,CAN_CSV0000000000005322.csv
CAN_CSV0000000000005427.csv,CAN_CSV0000000000000678.csv
CAN_CSV0000000000005427.csv,CAN_CSV0000000000005307.csv
CAN_CSV0000000000005427.csv,CAN_CSV0000000000005348.csv
CAN_CSV0000000000005427.csv,CAN_CSV0000000000005300.csv
CAN_CSV0000000000005427.csv,CAN_CSV0000000000000698.csv
CAN_CSV0000000000005427.csv,CAN_CSV0000000000000644.csv
CAN_CSV0000000000005430.csv,CAN_CSV0000000000005320.csv
CAN_CSV0000000000005430.csv,CAN_CSV0000000000000687.csv
CAN_CSV0000000000005430.csv,CAN_CSV0000000000000685.csv
CAN_CSV0000000000005430.csv,CAN_CSV0000000000027103.csv
CAN_CSV0000000000005430.csv,CAN_CSV0000000000005297.csv
CAN_CSV0000000000005430.csv,CAN_CSV0000000000005322.csv
CAN_CSV0000000000005430.csv,CAN_CSV0000000000000678.csv
CAN_CSV0000000000005430.csv,CAN_CSV0000000000005307.csv
CAN_CSV0000000000005430.csv,CAN_CSV0000000000005348.csv
CAN_CSV0000000000005430.csv,CAN_CSV0000000000005300.csv
CAN_CSV0000000000005430.csv,CAN_CSV0000000000000698.csv
CAN_CSV0000000000005430.csv,CAN_CSV0000000000000644.csv
CAN_CSV0000000000005437.csv,CAN_CSV0000000000005320.csv
CAN_CSV0000000000005437.csv,CAN_CSV0000000000000687.csv
CAN_CSV0000000000005437.csv,CAN_CSV0000000000000685.csv
CAN_CSV0000000000005437.csv,CAN_CSV0000000000027103.csv
CAN_CSV0000000000005437.csv,CAN_CSV0000000000005297.csv
CAN_CSV0000000000005437.csv,CAN_CSV0000000000005322.csv
CAN_CSV0000000000005437.csv,CAN_CSV0000000000000678.csv
CAN_CSV0000000000005437.csv,CAN_CSV0000000000005307.csv
CAN_CSV0000000000005437.csv,CAN_CSV0000000000005348.csv
CAN_CSV0000000000005437.csv,CAN_CSV0000000000005300.csv
CAN_CSV0000000000005437.csv,CAN_CSV0000000000000698.csv
CAN_CSV0000000000005437.csv,CAN_CSV0000000000000644.csv
CAN_CSV0000000000005446.csv,CAN_CSV0000000000005320.csv
CAN_CSV0000000000005446.csv,CAN_CSV0000000000000687.csv
CAN_CSV0000000000005446.csv,CAN_CSV0000000000000685.csv
CAN_CSV0000000000005446.csv,CAN_CSV0000000000027103.csv
CAN_CSV0000000000005446.csv,CAN_CSV0000000000005297.csv
CAN_CSV0000000000005446.csv,CAN_CSV0000000000005322.csv
CAN_CSV0000000000005446.csv,CAN_CSV0000000000000678.csv
CAN_CSV0000000000005446.csv,CAN_CSV0000000000005307.csv
CAN_CSV0000000000005446.csv,CAN_CSV0000000000005348.csv
CAN_CSV0000000000005446.csv,CAN_CSV0000000000005300.csv
CAN_CSV0000000000005446.csv,CAN_CSV0000000000000698.csv
CAN_CSV0000000000005446.csv,CAN_CSV0000000000000644.csv
CAN_CSV0000000000005482.csv,CAN_CSV0000000000005320.csv
CAN_CSV0000000000005482.csv,CAN_CSV0000000000000687.csv
CAN_CSV0000000000005482.csv,CAN_CSV0000000000000685.csv
CAN_CSV0000000000005482.csv,CAN_CSV0000000000027103.csv
CAN_CSV0000000000005482.csv,CAN_CSV0000000000005297.csv
CAN_CSV0000000000005482.csv,CAN_CSV0000000000005322.csv
CAN_CSV0000000000005482.csv,CAN_CSV0000000000000678.csv
CAN_CSV0000000000005482.csv,CAN_CSV0000000000005307.csv
CAN_CSV0000000000005482.csv,CAN_CSV0000000000005348.csv
CAN_CSV0000000000005482.csv,CAN_CSV0000000000005300.csv
CAN_CSV0000000000005482.csv,CAN_CSV0000000000000698.csv
CAN_CSV0000000000005482.csv,CAN_CSV0000000000000644.csv
CAN_CSV0000000000005486.csv,CAN_CSV0000000000013001.csv
CAN_CSV0000000000005486.csv,CAN_CSV0000000000012391.csv
CAN_CSV0000000000005486.csv,CAN_CSV0000000000002292.csv
CAN_CSV0000000000005486.csv,CAN_CSV0000000000027218.csv
CAN_CSV0000000000005486.csv,CAN_CSV0000000000005832.csv
CAN_CSV0000000000005486.csv,CAN_CSV0000000000005391.csv
CAN_CSV0000000000005486.csv,CAN_CSV0000000000000847.csv
CAN_CSV0000000000005486.csv,CAN_CSV0000000000007064.csv
CAN_CSV0000000000005486.csv,CAN_CSV0000000000012952.csv
CAN_CSV0000000000005486.csv,CAN_CSV0000000000027217.csv
CAN_CSV0000000000005486.csv,CAN_CSV0000000000001033.csv
CAN_CSV0000000000005486.csv,CAN_CSV0000000000013199.csv
CAN_CSV0000000000005486.csv,CAN_CSV0000000000013514.csv
CAN_CSV0000000000005486.csv,CAN_CSV0000000000013702.csv
CAN_CSV0000000000005486.csv,CAN_CSV0000000000005264.csv
CAN_CSV0000000000005486.csv,CAN_CSV0000000000007057.csv
CAN_CSV0000000000005486.csv,CAN_CSV0000000000001185.csv
CAN_CSV0000000000005486.csv,CAN_CSV0000000000001186.csv
CAN_CSV0000000000005486.csv,CAN_CSV0000000000000719.csv
CAN_CSV0000000000005486.csv,CAN_CSV0000000000004766.csv
CAN_CSV0000000000005486.csv,CAN_CSV0000000000013518.csv
CAN_CSV0000000000005486.csv,CAN_CSV0000000000005488.csv
CAN_CSV0000000000005486.csv,CAN_CSV0000000000002181.csv
CAN_CSV0000000000005486.csv,CAN_CSV0000000000005205.csv
CAN_CSV0000000000005486.csv,CAN_CSV0000000000005227.csv
CAN_CSV0000000000005486.csv,CAN_CSV0000000000000735.csv
CAN_CSV0000000000005486.csv,CAN_CSV0000000000013513.csv
CAN_CSV0000000000005486.csv,CAN_CSV0000000000027219.csv
CAN_CSV0000000000005486.csv,CAN_CSV0000000000005871.csv
CAN_CSV0000000000005486.csv,CAN_CSV0000000000013489.csv
CAN_CSV0000000000005486.csv,CAN_CSV0000000000000608.csv
CAN_CSV0000000000005486.csv,CAN_CSV0000000000013603.csv
CAN_CSV0000000000005486.csv,CAN_CSV0000000000001028.csv
CAN_CSV0000000000005486.csv,CAN_CSV0000000000013782.csv
CAN_CSV0000000000005486.csv,CAN_CSV0000000000015560.csv
CAN_CSV0000000000005486.csv,CAN_CSV0000000000005265.csv
CAN_CSV0000000000005486.csv,CAN_CSV0000000000000610.csv
CAN_CSV0000000000005486.csv,CAN_CSV0000000000005902.csv
CAN_CSV0000000000005486.csv,CAN_CSV0000000000012601.csv
CAN_CSV0000000000005486.csv,CAN_CSV0000000000001116.csv
CAN_CSV0000000000005486.csv,CAN_CSV0000000000004703.csv
CAN_CSV0000000000005486.csv,CAN_CSV0000000000015551.csv
CAN_CSV0000000000005486.csv,CAN_CSV0000000000015570.csv
CAN_CSV0000000000005486.csv,CAN_CSV0000000000006685.csv
CAN_CSV0000000000005486.csv,CAN_CSV0000000000013602.csv
CAN_CSV0000000000005486.csv,CAN_CSV0000000000001226.csv
CAN_CSV0000000000005486.csv,CAN_CSV0000000000005128.csv
CAN_CSV0000000000005486.csv,CAN_CSV0000000000001029.csv
CAN_CSV0000000000005486.csv,CAN_CSV0000000000000999.csv
CAN_CSV0000000000005486.csv,CAN_CSV0000000000001114.csv
CAN_CSV0000000000005486.csv,CAN_CSV0000000000012980.csv
CAN_CSV0000000000005486.csv,CAN_CSV0000000000005009.csv
CAN_CSV0000000000005486.csv,CAN_CSV0000000000006624.csv
CAN_CSV0000000000005486.csv,CAN_CSV0000000000000937.csv
CAN_CSV0000000000005486.csv,CAN_CSV0000000000013701.csv
CAN_CSV0000000000005486.csv,CAN_CSV0000000000005487.csv
CAN_CSV0000000000005486.csv,CAN_CSV0000000000012845.csv
CAN_CSV0000000000005486.csv,CAN_CSV0000000000007114.csv
CAN_CSV0000000000005486.csv,CAN_CSV0000000000013484.csv
CAN_CSV0000000000005486.csv,CAN_CSV0000000000013497.csv
CAN_CSV0000000000005486.csv,CAN_CSV0000000000005103.csv
CAN_CSV0000000000005486.csv,CAN_CSV0000000000014315.csv
CAN_CSV0000000000005486.csv,CAN_CSV0000000000001074.csv
CAN_CSV0000000000005486.csv,CAN_CSV0000000000001024.csv
CAN_CSV0000000000005486.csv,CAN_CSV0000000000013510.csv
CAN_CSV0000000000005486.csv,CAN_CSV0000000000013036.csv
CAN_CSV0000000000005486.csv,CAN_CSV0000000000007107.csv
CAN_CSV0000000000005486.csv,CAN_CSV0000000000027228.csv
CAN_CSV0000000000005486.csv,CAN_CSV0000000000005379.csv
CAN_CSV0000000000005486.csv,CAN_CSV0000000000013050.csv
CAN_CSV0000000000005486.csv,CAN_CSV0000000000001025.csv
CAN_CSV0000000000005550.csv,CAN_CSV0000000000006337.csv
CAN_CSV0000000000005550.csv,CAN_CSV0000000000027203.csv
CAN_CSV0000000000005550.csv,CAN_CSV0000000000027171.csv
CAN_CSV0000000000005550.csv,CAN_CSV0000000000027260.csv
CAN_CSV0000000000005550.csv,CAN_CSV0000000000004972.csv
CAN_CSV0000000000005550.csv,CAN_CSV0000000000005040.csv
CAN_CSV0000000000005550.csv,CAN_CSV0000000000027218.csv
CAN_CSV0000000000005550.csv,CAN_CSV0000000000005832.csv
CAN_CSV0000000000005550.csv,CAN_CSV0000000000002218.csv
CAN_CSV0000000000005550.csv,CAN_CSV0000000000000553.csv
CAN_CSV0000000000005550.csv,CAN_CSV0000000000013199.csv
CAN_CSV0000000000005550.csv,CAN_CSV0000000000000676.csv
CAN_CSV0000000000005550.csv,CAN_CSV0000000000005207.csv
CAN_CSV0000000000005550.csv,CAN_CSV0000000000001215.csv
CAN_CSV0000000000005550.csv,CAN_CSV0000000000005214.csv
CAN_CSV0000000000005550.csv,CAN_CSV0000000000000793.csv
CAN_CSV0000000000005550.csv,CAN_CSV0000000000013518.csv
CAN_CSV0000000000005550.csv,CAN_CSV0000000000002181.csv
CAN_CSV0000000000005550.csv,CAN_CSV0000000000005265.csv
CAN_CSV0000000000005550.csv,CAN_CSV0000000000015570.csv
CAN_CSV0000000000005550.csv,CAN_CSV0000000000006575.csv
CAN_CSV0000000000005550.csv,CAN_CSV0000000000012980.csv
CAN_CSV0000000000005550.csv,CAN_CSV0000000000013510.csv
CAN_CSV0000000000005550.csv,CAN_CSV0000000000013036.csv
CAN_CSV0000000000005550.csv,CAN_CSV0000000000027228.csv
CAN_CSV0000000000005550.csv,CAN_CSV0000000000005379.csv
CAN_CSV0000000000005550.csv,CAN_CSV0000000000027217.csv
CAN_CSV0000000000005550.csv,CAN_CSV0000000000005264.csv
CAN_CSV0000000000005550.csv,CAN_CSV0000000000013514.csv
CAN_CSV0000000000005550.csv,CAN_CSV0000000000013702.csv
CAN_CSV0000000000005550.csv,CAN_CSV0000000000004766.csv
CAN_CSV0000000000005550.csv,CAN_CSV0000000000027219.csv
CAN_CSV0000000000005550.csv,CAN_CSV0000000000000608.csv
CAN_CSV0000000000005550.csv,CAN_CSV0000000000005552.csv
CAN_CSV0000000000005550.csv,CAN_CSV0000000000027199.csv
CAN_CSV0000000000005550.csv,CAN_CSV0000000000015551.csv
CAN_CSV0000000000005550.csv,CAN_CSV0000000000001226.csv
CAN_CSV0000000000005550.csv,CAN_CSV0000000000001114.csv
CAN_CSV0000000000005550.csv,CAN_CSV0000000000000858.csv
CAN_CSV0000000000005550.csv,CAN_CSV0000000000002180.csv
CAN_CSV0000000000005550.csv,CAN_CSV0000000000027202.csv
CAN_CSV0000000000005550.csv,CAN_CSV0000000000000854.csv
CAN_CSV0000000000005550.csv,CAN_CSV0000000000013489.csv
CAN_CSV0000000000005550.csv,CAN_CSV0000000000005619.csv
CAN_CSV0000000000005550.csv,CAN_CSV0000000000006574.csv
CAN_CSV0000000000005550.csv,CAN_CSV0000000000005391.csv
CAN_CSV0000000000005550.csv,CAN_CSV0000000000000857.csv
CAN_CSV0000000000005550.csv,CAN_CSV0000000000005551.csv
CAN_CSV0000000000005550.csv,CAN_CSV0000000000005227.csv
CAN_CSV0000000000005550.csv,CAN_CSV0000000000005205.csv
CAN_CSV0000000000005550.csv,CAN_CSV0000000000000735.csv
CAN_CSV0000000000005550.csv,CAN_CSV0000000000006344.csv
CAN_CSV0000000000005550.csv,CAN_CSV0000000000000616.csv
CAN_CSV0000000000005550.csv,CAN_CSV0000000000015560.csv
CAN_CSV0000000000005550.csv,CAN_CSV0000000000004703.csv
CAN_CSV0000000000005550.csv,CAN_CSV0000000000000859.csv
CAN_CSV0000000000005550.csv,CAN_CSV0000000000013602.csv
CAN_CSV0000000000005550.csv,CAN_CSV0000000000005009.csv
CAN_CSV0000000000005550.csv,CAN_CSV0000000000000781.csv
CAN_CSV0000000000005550.csv,CAN_CSV0000000000005103.csv
CAN_CSV0000000000005550.csv,CAN_CSV0000000000014315.csv
CAN_CSV0000000000005550.csv,CAN_CSV0000000000005128.csv
CAN_CSV0000000000005550.csv,CAN_CSV0000000000013001.csv
CAN_CSV0000000000005550.csv,CAN_CSV0000000000000863.csv
CAN_CSV0000000000005550.csv,CAN_CSV0000000000002292.csv
CAN_CSV0000000000005550.csv,CAN_CSV0000000000012952.csv
CAN_CSV0000000000005550.csv,CAN_CSV0000000000006340.csv
CAN_CSV0000000000005550.csv,CAN_CSV0000000000000719.csv
CAN_CSV0000000000005550.csv,CAN_CSV0000000000013513.csv
CAN_CSV0000000000005550.csv,CAN_CSV0000000000013603.csv
CAN_CSV0000000000005550.csv,CAN_CSV0000000000027204.csv
CAN_CSV0000000000005550.csv,CAN_CSV0000000000013782.csv
CAN_CSV0000000000005550.csv,CAN_CSV0000000000006345.csv
CAN_CSV0000000000005550.csv,CAN_CSV0000000000000610.csv
CAN_CSV0000000000005550.csv,CAN_CSV0000000000001116.csv
CAN_CSV0000000000005550.csv,CAN_CSV0000000000015669.csv
CAN_CSV0000000000005550.csv,CAN_CSV0000000000012590.csv
CAN_CSV0000000000005550.csv,CAN_CSV0000000000013701.csv
CAN_CSV0000000000005550.csv,CAN_CSV0000000000012845.csv
CAN_CSV0000000000005550.csv,CAN_CSV0000000000013484.csv
CAN_CSV0000000000005550.csv,CAN_CSV0000000000013497.csv
CAN_CSV0000000000005583.csv,CAN_CSV0000000000027171.csv
CAN_CSV0000000000005583.csv,CAN_CSV0000000000027203.csv
CAN_CSV0000000000005583.csv,CAN_CSV0000000000004972.csv
CAN_CSV0000000000005583.csv,CAN_CSV0000000000027260.csv
CAN_CSV0000000000005583.csv,CAN_CSV0000000000005040.csv
CAN_CSV0000000000005583.csv,CAN_CSV0000000000005415.csv
CAN_CSV0000000000005583.csv,CAN_CSV0000000000005832.csv
CAN_CSV0000000000005583.csv,CAN_CSV0000000000027218.csv
CAN_CSV0000000000005583.csv,CAN_CSV0000000000002218.csv
CAN_CSV0000000000005583.csv,CAN_CSV0000000000005442.csv
CAN_CSV0000000000005583.csv,CAN_CSV0000000000004744.csv
CAN_CSV0000000000005583.csv,CAN_CSV0000000000000787.csv
CAN_CSV0000000000005583.csv,CAN_CSV0000000000000553.csv
CAN_CSV0000000000005583.csv,CAN_CSV0000000000013199.csv
CAN_CSV0000000000005583.csv,CAN_CSV0000000000000676.csv
CAN_CSV0000000000005583.csv,CAN_CSV0000000000005207.csv
CAN_CSV0000000000005583.csv,CAN_CSV0000000000001215.csv
CAN_CSV0000000000005583.csv,CAN_CSV0000000000012432.csv
CAN_CSV0000000000005583.csv,CAN_CSV0000000000000793.csv
CAN_CSV0000000000005583.csv,CAN_CSV0000000000005214.csv
CAN_CSV0000000000005583.csv,CAN_CSV0000000000013518.csv
CAN_CSV0000000000005583.csv,CAN_CSV0000000000002181.csv
CAN_CSV0000000000005583.csv,CAN_CSV0000000000000771.csv
CAN_CSV0000000000005583.csv,CAN_CSV0000000000000745.csv
CAN_CSV0000000000005583.csv,CAN_CSV0000000000005265.csv
CAN_CSV0000000000005583.csv,CAN_CSV0000000000015570.csv
CAN_CSV0000000000005583.csv,CAN_CSV0000000000005302.csv
CAN_CSV0000000000005583.csv,CAN_CSV0000000000012980.csv
CAN_CSV0000000000005583.csv,CAN_CSV0000000000013510.csv
CAN_CSV0000000000005583.csv,CAN_CSV0000000000013036.csv
CAN_CSV0000000000005583.csv,CAN_CSV0000000000027228.csv
CAN_CSV0000000000005583.csv,CAN_CSV0000000000005379.csv
CAN_CSV0000000000005583.csv,CAN_CSV0000000000000762.csv
CAN_CSV0000000000005583.csv,CAN_CSV0000000000000788.csv
CAN_CSV0000000000005583.csv,CAN_CSV0000000000027308.csv
CAN_CSV0000000000005583.csv,CAN_CSV0000000000027217.csv
CAN_CSV0000000000005583.csv,CAN_CSV0000000000005264.csv
CAN_CSV0000000000005583.csv,CAN_CSV0000000000013514.csv
CAN_CSV0000000000005583.csv,CAN_CSV0000000000013702.csv
CAN_CSV0000000000005583.csv,CAN_CSV0000000000004766.csv
CAN_CSV0000000000005583.csv,CAN_CSV0000000000027219.csv
CAN_CSV0000000000005583.csv,CAN_CSV0000000000000608.csv
CAN_CSV0000000000005583.csv,CAN_CSV0000000000000783.csv
CAN_CSV0000000000005583.csv,CAN_CSV0000000000027325.csv
CAN_CSV0000000000005583.csv,CAN_CSV0000000000000794.csv
CAN_CSV0000000000005583.csv,CAN_CSV0000000000015551.csv
CAN_CSV0000000000005583.csv,CAN_CSV0000000000001226.csv
CAN_CSV0000000000005583.csv,CAN_CSV0000000000001114.csv
CAN_CSV0000000000005583.csv,CAN_CSV0000000000002210.csv
CAN_CSV0000000000005583.csv,CAN_CSV0000000000027294.csv
CAN_CSV0000000000005583.csv,CAN_CSV0000000000005397.csv
CAN_CSV0000000000005583.csv,CAN_CSV0000000000013489.csv
CAN_CSV0000000000005583.csv,CAN_CSV0000000000005619.csv
CAN_CSV0000000000005583.csv,CAN_CSV0000000000005391.csv
CAN_CSV0000000000005583.csv,CAN_CSV0000000000000784.csv
CAN_CSV0000000000005583.csv,CAN_CSV0000000000005227.csv
CAN_CSV0000000000005583.csv,CAN_CSV0000000000005205.csv
CAN_CSV0000000000005583.csv,CAN_CSV0000000000000735.csv
CAN_CSV0000000000005583.csv,CAN_CSV0000000000015560.csv
CAN_CSV0000000000005583.csv,CAN_CSV0000000000005398.csv
CAN_CSV0000000000005583.csv,CAN_CSV0000000000004703.csv
CAN_CSV0000000000005583.csv,CAN_CSV0000000000013602.csv
CAN_CSV0000000000005583.csv,CAN_CSV0000000000005575.csv
CAN_CSV0000000000005583.csv,CAN_CSV0000000000005009.csv
CAN_CSV0000000000005583.csv,CAN_CSV0000000000005103.csv
CAN_CSV0000000000005583.csv,CAN_CSV0000000000014315.csv
CAN_CSV0000000000005583.csv,CAN_CSV0000000000005128.csv
CAN_CSV0000000000005583.csv,CAN_CSV0000000000013001.csv
CAN_CSV0000000000005583.csv,CAN_CSV0000000000002292.csv
CAN_CSV0000000000005583.csv,CAN_CSV0000000000005401.csv
CAN_CSV0000000000005583.csv,CAN_CSV0000000000012952.csv
CAN_CSV0000000000005583.csv,CAN_CSV0000000000005584.csv
CAN_CSV0000000000005583.csv,CAN_CSV0000000000000766.csv
CAN_CSV0000000000005583.csv,CAN_CSV0000000000000719.csv
CAN_CSV0000000000005583.csv,CAN_CSV0000000000005561.csv
CAN_CSV0000000000005583.csv,CAN_CSV0000000000013513.csv
CAN_CSV0000000000005583.csv,CAN_CSV0000000000005337.csv
CAN_CSV0000000000005583.csv,CAN_CSV0000000000000786.csv
CAN_CSV0000000000005583.csv,CAN_CSV0000000000013603.csv
CAN_CSV0000000000005583.csv,CAN_CSV0000000000013782.csv
CAN_CSV0000000000005583.csv,CAN_CSV0000000000000610.csv
CAN_CSV0000000000005583.csv,CAN_CSV0000000000001116.csv
CAN_CSV0000000000005583.csv,CAN_CSV0000000000000790.csv
CAN_CSV0000000000005583.csv,CAN_CSV0000000000013701.csv
CAN_CSV0000000000005583.csv,CAN_CSV0000000000012845.csv
CAN_CSV0000000000005583.csv,CAN_CSV0000000000013484.csv
CAN_CSV0000000000005583.csv,CAN_CSV0000000000013497.csv
CAN_CSV0000000000005665.csv,CAN_CSV0000000000005320.csv
CAN_CSV0000000000005665.csv,CAN_CSV0000000000000687.csv
CAN_CSV0000000000005665.csv,CAN_CSV0000000000000685.csv
CAN_CSV0000000000005665.csv,CAN_CSV0000000000027103.csv
CAN_CSV0000000000005665.csv,CAN_CSV0000000000005297.csv
CAN_CSV0000000000005665.csv,CAN_CSV0000000000005322.csv
CAN_CSV0000000000005665.csv,CAN_CSV0000000000000678.csv
CAN_CSV0000000000005665.csv,CAN_CSV0000000000005307.csv
CAN_CSV0000000000005665.csv,CAN_CSV0000000000005348.csv
CAN_CSV0000000000005665.csv,CAN_CSV0000000000005300.csv
CAN_CSV0000000000005665.csv,CAN_CSV0000000000000698.csv
CAN_CSV0000000000005665.csv,CAN_CSV0000000000000644.csv
CAN_CSV0000000000005706.csv,CAN_CSV0000000000027171.csv
CAN_CSV0000000000005706.csv,CAN_CSV0000000000027260.csv
CAN_CSV0000000000005706.csv,CAN_CSV0000000000027203.csv
CAN_CSV0000000000005706.csv,CAN_CSV0000000000004972.csv
CAN_CSV0000000000005706.csv,CAN_CSV0000000000006913.csv
CAN_CSV0000000000005706.csv,CAN_CSV0000000000005040.csv
CAN_CSV0000000000005706.csv,CAN_CSV0000000000012577.csv
CAN_CSV0000000000005706.csv,CAN_CSV0000000000012569.csv
CAN_CSV0000000000005706.csv,CAN_CSV0000000000005415.csv
CAN_CSV0000000000005706.csv,CAN_CSV0000000000005859.csv
CAN_CSV0000000000005706.csv,CAN_CSV0000000000005832.csv
CAN_CSV0000000000005706.csv,CAN_CSV0000000000002218.csv
CAN_CSV0000000000005706.csv,CAN_CSV0000000000006192.csv
CAN_CSV0000000000005706.csv,CAN_CSV0000000000005725.csv
CAN_CSV0000000000005706.csv,CAN_CSV0000000000012922.csv
CAN_CSV0000000000005706.csv,CAN_CSV0000000000006102.csv
CAN_CSV0000000000005706.csv,CAN_CSV0000000000000553.csv
CAN_CSV0000000000005706.csv,CAN_CSV0000000000013199.csv
CAN_CSV0000000000005706.csv,CAN_CSV0000000000000676.csv
CAN_CSV0000000000005706.csv,CAN_CSV0000000000005207.csv
CAN_CSV0000000000005706.csv,CAN_CSV0000000000001215.csv
CAN_CSV0000000000005706.csv,CAN_CSV0000000000006806.csv
CAN_CSV0000000000005706.csv,CAN_CSV0000000000000973.csv
CAN_CSV0000000000005706.csv,CAN_CSV0000000000012460.csv
CAN_CSV0000000000005706.csv,CAN_CSV0000000000000886.csv
CAN_CSV0000000000005706.csv,CAN_CSV0000000000000708.csv
CAN_CSV0000000000005706.csv,CAN_CSV0000000000005683.csv
CAN_CSV0000000000005706.csv,CAN_CSV0000000000013518.csv
CAN_CSV0000000000005706.csv,CAN_CSV0000000000002181.csv
CAN_CSV0000000000005706.csv,CAN_CSV0000000000005662.csv
CAN_CSV0000000000005706.csv,CAN_CSV0000000000001174.csv
CAN_CSV0000000000005706.csv,CAN_CSV0000000000000812.csv
CAN_CSV0000000000005706.csv,CAN_CSV0000000000005265.csv
CAN_CSV0000000000005706.csv,CAN_CSV0000000000001152.csv
CAN_CSV0000000000005706.csv,CAN_CSV0000000000015570.csv
CAN_CSV0000000000005706.csv,CAN_CSV0000000000012980.csv
CAN_CSV0000000000005706.csv,CAN_CSV0000000000027218.csv
CAN_CSV0000000000005706.csv,CAN_CSV0000000000013510.csv
CAN_CSV0000000000005706.csv,CAN_CSV0000000000013036.csv
CAN_CSV0000000000005706.csv,CAN_CSV0000000000027228.csv
CAN_CSV0000000000005706.csv,CAN_CSV0000000000005379.csv
CAN_CSV0000000000005706.csv,CAN_CSV0000000000027155.csv
CAN_CSV0000000000005706.csv,CAN_CSV0000000000005731.csv
CAN_CSV0000000000005706.csv,CAN_CSV0000000000027217.csv
CAN_CSV0000000000005706.csv,CAN_CSV0000000000005264.csv
CAN_CSV0000000000005706.csv,CAN_CSV0000000000005857.csv
CAN_CSV0000000000005706.csv,CAN_CSV0000000000013514.csv
CAN_CSV0000000000005706.csv,CAN_CSV0000000000013702.csv
CAN_CSV0000000000005706.csv,CAN_CSV0000000000000971.csv
CAN_CSV0000000000005706.csv,CAN_CSV0000000000004766.csv
CAN_CSV0000000000005706.csv,CAN_CSV0000000000013725.csv
CAN_CSV0000000000005706.csv,CAN_CSV0000000000027219.csv
CAN_CSV0000000000005706.csv,CAN_CSV0000000000006939.csv
CAN_CSV0000000000005706.csv,CAN_CSV0000000000000608.csv
CAN_CSV0000000000005706.csv,CAN_CSV0000000000013397.csv
CAN_CSV0000000000005706.csv,CAN_CSV0000000000000820.csv
CAN_CSV0000000000005706.csv,CAN_CSV0000000000015551.csv
CAN_CSV0000000000005706.csv,CAN_CSV0000000000001226.csv
CAN_CSV0000000000005706.csv,CAN_CSV0000000000001114.csv
CAN_CSV0000000000005706.csv,CAN_CSV0000000000005854.csv
CAN_CSV0000000000005706.csv,CAN_CSV0000000000027122.csv
CAN_CSV0000000000005706.csv,CAN_CSV0000000000013489.csv
CAN_CSV0000000000005706.csv,CAN_CSV0000000000005391.csv
CAN_CSV0000000000005706.csv,CAN_CSV0000000000012602.csv
CAN_CSV0000000000005706.csv,CAN_CSV0000000000005227.csv
CAN_CSV0000000000005706.csv,CAN_CSV0000000000005205.csv
CAN_CSV0000000000005706.csv,CAN_CSV0000000000000735.csv
CAN_CSV0000000000005706.csv,CAN_CSV0000000000027158.csv
CAN_CSV0000000000005706.csv,CAN_CSV0000000000005682.csv
CAN_CSV0000000000005706.csv,CAN_CSV0000000000013720.csv
CAN_CSV0000000000005706.csv,CAN_CSV0000000000015560.csv
CAN_CSV0000000000005706.csv,CAN_CSV0000000000004703.csv
CAN_CSV0000000000005706.csv,CAN_CSV0000000000013897.csv
CAN_CSV0000000000005706.csv,CAN_CSV0000000000013602.csv
CAN_CSV0000000000005706.csv,CAN_CSV0000000000007240.csv
CAN_CSV0000000000005706.csv,CAN_CSV0000000000005009.csv
CAN_CSV0000000000005706.csv,CAN_CSV0000000000005659.csv
CAN_CSV0000000000005706.csv,CAN_CSV0000000000027159.csv
CAN_CSV0000000000005706.csv,CAN_CSV0000000000005103.csv
CAN_CSV0000000000005706.csv,CAN_CSV0000000000014315.csv
CAN_CSV0000000000005706.csv,CAN_CSV0000000000005728.csv
CAN_CSV0000000000005706.csv,CAN_CSV0000000000005128.csv
CAN_CSV0000000000005706.csv,CAN_CSV0000000000007097.csv
CAN_CSV0000000000005706.csv,CAN_CSV0000000000013001.csv
CAN_CSV0000000000005706.csv,CAN_CSV0000000000005622.csv
CAN_CSV0000000000005706.csv,CAN_CSV0000000000002292.csv
CAN_CSV0000000000005706.csv,CAN_CSV0000000000005855.csv
CAN_CSV0000000000005706.csv,CAN_CSV0000000000012952.csv
CAN_CSV0000000000005706.csv,CAN_CSV0000000000005484.csv
CAN_CSV0000000000005706.csv,CAN_CSV0000000000000719.csv
CAN_CSV0000000000005706.csv,CAN_CSV0000000000000953.csv
CAN_CSV0000000000005706.csv,CAN_CSV0000000000000837.csv
CAN_CSV0000000000005706.csv,CAN_CSV0000000000013513.csv
CAN_CSV0000000000005706.csv,CAN_CSV0000000000001151.csv
CAN_CSV0000000000005706.csv,CAN_CSV0000000000013603.csv
CAN_CSV0000000000005706.csv,CAN_CSV0000000000013782.csv
CAN_CSV0000000000005706.csv,CAN_CSV0000000000000610.csv
CAN_CSV0000000000005706.csv,CAN_CSV0000000000001116.csv
CAN_CSV0000000000005706.csv,CAN_CSV0000000000005844.csv
CAN_CSV0000000000005706.csv,CAN_CSV0000000000027157.csv
CAN_CSV0000000000005706.csv,CAN_CSV0000000000005729.csv
CAN_CSV0000000000005706.csv,CAN_CSV0000000000013701.csv
CAN_CSV0000000000005706.csv,CAN_CSV0000000000005856.csv
CAN_CSV0000000000005706.csv,CAN_CSV0000000000012845.csv
CAN_CSV0000000000005706.csv,CAN_CSV0000000000013484.csv
CAN_CSV0000000000005706.csv,CAN_CSV0000000000013497.csv
CAN_CSV0000000000005706.csv,CAN_CSV0000000000005703.csv
CAN_CSV0000000000005714.csv,CAN_CSV0000000000005705.csv
CAN_CSV0000000000005714.csv,CAN_CSV0000000000006913.csv
CAN_CSV0000000000005714.csv,CAN_CSV0000000000012577.csv
CAN_CSV0000000000005714.csv,CAN_CSV0000000000012569.csv
CAN_CSV0000000000005714.csv,CAN_CSV0000000000006192.csv
CAN_CSV0000000000005714.csv,CAN_CSV0000000000012922.csv
CAN_CSV0000000000005714.csv,CAN_CSV0000000000002292.csv
CAN_CSV0000000000005714.csv,CAN_CSV0000000000006102.csv
CAN_CSV0000000000005714.csv,CAN_CSV0000000000005832.csv
CAN_CSV0000000000005714.csv,CAN_CSV0000000000006939.csv
CAN_CSV0000000000005714.csv,CAN_CSV0000000000005731.csv
CAN_CSV0000000000005714.csv,CAN_CSV0000000000005391.csv
CAN_CSV0000000000005714.csv,CAN_CSV0000000000006806.csv
CAN_CSV0000000000005714.csv,CAN_CSV0000000000012460.csv
CAN_CSV0000000000005714.csv,CAN_CSV0000000000000886.csv
CAN_CSV0000000000005714.csv,CAN_CSV0000000000000708.csv
CAN_CSV0000000000005714.csv,CAN_CSV0000000000013199.csv
CAN_CSV0000000000005714.csv,CAN_CSV0000000000013514.csv
CAN_CSV0000000000005714.csv,CAN_CSV0000000000013702.csv
CAN_CSV0000000000005714.csv,CAN_CSV0000000000012952.csv
CAN_CSV0000000000005714.csv,CAN_CSV0000000000027217.csv
CAN_CSV0000000000005714.csv,CAN_CSV0000000000000811.csv
CAN_CSV0000000000005714.csv,CAN_CSV0000000000005264.csv
CAN_CSV0000000000005714.csv,CAN_CSV0000000000005725.csv
CAN_CSV0000000000005714.csv,CAN_CSV0000000000004766.csv
CAN_CSV0000000000005714.csv,CAN_CSV0000000000000719.csv
CAN_CSV0000000000005714.csv,CAN_CSV0000000000005857.csv
CAN_CSV0000000000005714.csv,CAN_CSV0000000000005703.csv
CAN_CSV0000000000005714.csv,CAN_CSV0000000000005683.csv
CAN_CSV0000000000005714.csv,CAN_CSV0000000000013518.csv
CAN_CSV0000000000005714.csv,CAN_CSV0000000000002181.csv
CAN_CSV0000000000005714.csv,CAN_CSV0000000000005205.csv
CAN_CSV0000000000005714.csv,CAN_CSV0000000000005227.csv
CAN_CSV0000000000005714.csv,CAN_CSV0000000000000735.csv
CAN_CSV0000000000005714.csv,CAN_CSV0000000000013513.csv
CAN_CSV0000000000005714.csv,CAN_CSV0000000000027219.csv
CAN_CSV0000000000005714.csv,CAN_CSV0000000000013489.csv
CAN_CSV0000000000005714.csv,CAN_CSV0000000000000608.csv
CAN_CSV0000000000005714.csv,CAN_CSV0000000000013603.csv
CAN_CSV0000000000005714.csv,CAN_CSV0000000000013782.csv
CAN_CSV0000000000005714.csv,CAN_CSV0000000000015560.csv
CAN_CSV0000000000005714.csv,CAN_CSV0000000000005763.csv
CAN_CSV0000000000005714.csv,CAN_CSV0000000000005665.csv
CAN_CSV0000000000005714.csv,CAN_CSV0000000000005265.csv
CAN_CSV0000000000005714.csv,CAN_CSV0000000000000610.csv
CAN_CSV0000000000005714.csv,CAN_CSV0000000000001116.csv
CAN_CSV0000000000005714.csv,CAN_CSV0000000000004703.csv
CAN_CSV0000000000005714.csv,CAN_CSV0000000000015551.csv
CAN_CSV0000000000005714.csv,CAN_CSV0000000000015570.csv
CAN_CSV0000000000005714.csv,CAN_CSV0000000000001226.csv
CAN_CSV0000000000005714.csv,CAN_CSV0000000000013602.csv
CAN_CSV0000000000005714.csv,CAN_CSV0000000000005128.csv
CAN_CSV0000000000005714.csv,CAN_CSV0000000000005844.csv
CAN_CSV0000000000005714.csv,CAN_CSV0000000000001114.csv
CAN_CSV0000000000005714.csv,CAN_CSV0000000000005729.csv
CAN_CSV0000000000005714.csv,CAN_CSV0000000000012980.csv
CAN_CSV0000000000005714.csv,CAN_CSV0000000000027218.csv
CAN_CSV0000000000005714.csv,CAN_CSV0000000000005009.csv
CAN_CSV0000000000005714.csv,CAN_CSV0000000000013701.csv
CAN_CSV0000000000005714.csv,CAN_CSV0000000000005720.csv
CAN_CSV0000000000005714.csv,CAN_CSV0000000000012845.csv
CAN_CSV0000000000005714.csv,CAN_CSV0000000000013484.csv
CAN_CSV0000000000005714.csv,CAN_CSV0000000000013497.csv
CAN_CSV0000000000005714.csv,CAN_CSV0000000000005706.csv
CAN_CSV0000000000005714.csv,CAN_CSV0000000000014315.csv
CAN_CSV0000000000005714.csv,CAN_CSV0000000000013510.csv
CAN_CSV0000000000005714.csv,CAN_CSV0000000000013036.csv
CAN_CSV0000000000005714.csv,CAN_CSV0000000000013001.csv
CAN_CSV0000000000005714.csv,CAN_CSV0000000000005103.csv
CAN_CSV0000000000005714.csv,CAN_CSV0000000000005728.csv
CAN_CSV0000000000005714.csv,CAN_CSV0000000000027228.csv
CAN_CSV0000000000005714.csv,CAN_CSV0000000000005379.csv
CAN_CSV0000000000005741.csv,CAN_CSV0000000000013001.csv
CAN_CSV0000000000005741.csv,CAN_CSV0000000000000825.csv
CAN_CSV0000000000005741.csv,CAN_CSV0000000000002292.csv
CAN_CSV0000000000005741.csv,CAN_CSV0000000000027218.csv
CAN_CSV0000000000005741.csv,CAN_CSV0000000000005832.csv
CAN_CSV0000000000005741.csv,CAN_CSV0000000000005391.csv
CAN_CSV0000000000005741.csv,CAN_CSV0000000000012952.csv
CAN_CSV0000000000005741.csv,CAN_CSV0000000000027217.csv
CAN_CSV0000000000005741.csv,CAN_CSV0000000000005264.csv
CAN_CSV0000000000005741.csv,CAN_CSV0000000000013199.csv
CAN_CSV0000000000005741.csv,CAN_CSV0000000000005757.csv
CAN_CSV0000000000005741.csv,CAN_CSV0000000000007060.csv
CAN_CSV0000000000005741.csv,CAN_CSV0000000000013514.csv
CAN_CSV0000000000005741.csv,CAN_CSV0000000000005798.csv
CAN_CSV0000000000005741.csv,CAN_CSV0000000000005768.csv
CAN_CSV0000000000005741.csv,CAN_CSV0000000000013702.csv
CAN_CSV0000000000005741.csv,CAN_CSV0000000000004766.csv
CAN_CSV0000000000005741.csv,CAN_CSV0000000000000719.csv
CAN_CSV0000000000005741.csv,CAN_CSV0000000000005816.csv
CAN_CSV0000000000005741.csv,CAN_CSV0000000000013518.csv
CAN_CSV0000000000005741.csv,CAN_CSV0000000000005743.csv
CAN_CSV0000000000005741.csv,CAN_CSV0000000000002181.csv
CAN_CSV0000000000005741.csv,CAN_CSV0000000000000822.csv
CAN_CSV0000000000005741.csv,CAN_CSV0000000000000828.csv
CAN_CSV0000000000005741.csv,CAN_CSV0000000000005744.csv
CAN_CSV0000000000005741.csv,CAN_CSV0000000000014274.csv
CAN_CSV0000000000005741.csv,CAN_CSV0000000000013513.csv
CAN_CSV0000000000005741.csv,CAN_CSV0000000000000735.csv
CAN_CSV0000000000005741.csv,CAN_CSV0000000000005205.csv
CAN_CSV0000000000005741.csv,CAN_CSV0000000000005227.csv
CAN_CSV0000000000005741.csv,CAN_CSV0000000000027219.csv
CAN_CSV0000000000005741.csv,CAN_CSV0000000000000608.csv
CAN_CSV0000000000005741.csv,CAN_CSV0000000000013603.csv
CAN_CSV0000000000005741.csv,CAN_CSV0000000000013782.csv
CAN_CSV0000000000005741.csv,CAN_CSV0000000000015560.csv
CAN_CSV0000000000005741.csv,CAN_CSV0000000000005265.csv
CAN_CSV0000000000005741.csv,CAN_CSV0000000000000610.csv
CAN_CSV0000000000005741.csv,CAN_CSV0000000000000830.csv
CAN_CSV0000000000005741.csv,CAN_CSV0000000000000823.csv
CAN_CSV0000000000005741.csv,CAN_CSV0000000000001116.csv
CAN_CSV0000000000005741.csv,CAN_CSV0000000000004703.csv
CAN_CSV0000000000005741.csv,CAN_CSV0000000000015551.csv
CAN_CSV0000000000005741.csv,CAN_CSV0000000000015570.csv
CAN_CSV0000000000005741.csv,CAN_CSV0000000000001226.csv
CAN_CSV0000000000005741.csv,CAN_CSV0000000000013602.csv
CAN_CSV0000000000005741.csv,CAN_CSV0000000000005128.csv
CAN_CSV0000000000005741.csv,CAN_CSV0000000000001114.csv
CAN_CSV0000000000005741.csv,CAN_CSV0000000000012980.csv
CAN_CSV0000000000005741.csv,CAN_CSV0000000000005745.csv
CAN_CSV0000000000005741.csv,CAN_CSV0000000000005009.csv
CAN_CSV0000000000005741.csv,CAN_CSV0000000000013701.csv
CAN_CSV0000000000005741.csv,CAN_CSV0000000000000819.csv
CAN_CSV0000000000005741.csv,CAN_CSV0000000000005740.csv
CAN_CSV0000000000005741.csv,CAN_CSV0000000000012845.csv
CAN_CSV0000000000005741.csv,CAN_CSV0000000000005787.csv
CAN_CSV0000000000005741.csv,CAN_CSV0000000000013484.csv
CAN_CSV0000000000005741.csv,CAN_CSV0000000000013497.csv
CAN_CSV0000000000005741.csv,CAN_CSV0000000000000827.csv
CAN_CSV0000000000005741.csv,CAN_CSV0000000000014315.csv
CAN_CSV0000000000005741.csv,CAN_CSV0000000000013510.csv
CAN_CSV0000000000005741.csv,CAN_CSV0000000000013036.csv
CAN_CSV0000000000005741.csv,CAN_CSV0000000000005103.csv
CAN_CSV0000000000005741.csv,CAN_CSV0000000000013489.csv
CAN_CSV0000000000005741.csv,CAN_CSV0000000000027228.csv
CAN_CSV0000000000005741.csv,CAN_CSV0000000000005379.csv
CAN_CSV0000000000005744.csv,CAN_CSV0000000000013001.csv
CAN_CSV0000000000005744.csv,CAN_CSV0000000000000825.csv
CAN_CSV0000000000005744.csv,CAN_CSV0000000000002292.csv
CAN_CSV0000000000005744.csv,CAN_CSV0000000000027218.csv
CAN_CSV0000000000005744.csv,CAN_CSV0000000000005832.csv
CAN_CSV0000000000005744.csv,CAN_CSV0000000000005391.csv
CAN_CSV0000000000005744.csv,CAN_CSV0000000000012952.csv
CAN_CSV0000000000005744.csv,CAN_CSV0000000000027217.csv
CAN_CSV0000000000005744.csv,CAN_CSV0000000000005264.csv
CAN_CSV0000000000005744.csv,CAN_CSV0000000000013199.csv
CAN_CSV0000000000005744.csv,CAN_CSV0000000000005741.csv
CAN_CSV0000000000005744.csv,CAN_CSV0000000000007060.csv
CAN_CSV0000000000005744.csv,CAN_CSV0000000000005757.csv
CAN_CSV0000000000005744.csv,CAN_CSV0000000000013514.csv
CAN_CSV0000000000005744.csv,CAN_CSV0000000000005798.csv
CAN_CSV0000000000005744.csv,CAN_CSV0000000000005768.csv
CAN_CSV0000000000005744.csv,CAN_CSV0000000000013702.csv
CAN_CSV0000000000005744.csv,CAN_CSV0000000000004766.csv
CAN_CSV0000000000005744.csv,CAN_CSV0000000000000719.csv
CAN_CSV0000000000005744.csv,CAN_CSV0000000000005816.csv
CAN_CSV0000000000005744.csv,CAN_CSV0000000000013518.csv
CAN_CSV0000000000005744.csv,CAN_CSV0000000000005743.csv
CAN_CSV0000000000005744.csv,CAN_CSV0000000000002181.csv
CAN_CSV0000000000005744.csv,CAN_CSV0000000000000822.csv
CAN_CSV0000000000005744.csv,CAN_CSV0000000000000828.csv
CAN_CSV0000000000005744.csv,CAN_CSV0000000000014274.csv
CAN_CSV0000000000005744.csv,CAN_CSV0000000000013513.csv
CAN_CSV0000000000005744.csv,CAN_CSV0000000000000735.csv
CAN_CSV0000000000005744.csv,CAN_CSV0000000000005205.csv
CAN_CSV0000000000005744.csv,CAN_CSV0000000000005227.csv
CAN_CSV0000000000005744.csv,CAN_CSV0000000000027219.csv
CAN_CSV0000000000005744.csv,CAN_CSV0000000000000608.csv
CAN_CSV0000000000005744.csv,CAN_CSV0000000000013603.csv
CAN_CSV0000000000005744.csv,CAN_CSV0000000000013782.csv
CAN_CSV0000000000005744.csv,CAN_CSV0000000000015560.csv
CAN_CSV0000000000005744.csv,CAN_CSV0000000000000831.csv
CAN_CSV0000000000005744.csv,CAN_CSV0000000000005265.csv
CAN_CSV0000000000005744.csv,CAN_CSV0000000000000610.csv
CAN_CSV0000000000005744.csv,CAN_CSV0000000000000830.csv
CAN_CSV0000000000005744.csv,CAN_CSV0000000000001116.csv
CAN_CSV0000000000005744.csv,CAN_CSV0000000000004703.csv
CAN_CSV0000000000005744.csv,CAN_CSV0000000000015551.csv
CAN_CSV0000000000005744.csv,CAN_CSV0000000000015570.csv
CAN_CSV0000000000005744.csv,CAN_CSV0000000000001226.csv
CAN_CSV0000000000005744.csv,CAN_CSV0000000000013602.csv
CAN_CSV0000000000005744.csv,CAN_CSV0000000000005128.csv
CAN_CSV0000000000005744.csv,CAN_CSV0000000000001114.csv
CAN_CSV0000000000005744.csv,CAN_CSV0000000000012980.csv
CAN_CSV0000000000005744.csv,CAN_CSV0000000000005745.csv
CAN_CSV0000000000005744.csv,CAN_CSV0000000000005009.csv
CAN_CSV0000000000005744.csv,CAN_CSV0000000000013701.csv
CAN_CSV0000000000005744.csv,CAN_CSV0000000000000819.csv
CAN_CSV0000000000005744.csv,CAN_CSV0000000000005740.csv
CAN_CSV0000000000005744.csv,CAN_CSV0000000000012845.csv
CAN_CSV0000000000005744.csv,CAN_CSV0000000000013484.csv
CAN_CSV0000000000005744.csv,CAN_CSV0000000000000824.csv
CAN_CSV0000000000005744.csv,CAN_CSV0000000000013497.csv
CAN_CSV0000000000005744.csv,CAN_CSV0000000000005103.csv
CAN_CSV0000000000005744.csv,CAN_CSV0000000000014315.csv
CAN_CSV0000000000005744.csv,CAN_CSV0000000000013510.csv
CAN_CSV0000000000005744.csv,CAN_CSV0000000000013036.csv
CAN_CSV0000000000005744.csv,CAN_CSV0000000000013489.csv
CAN_CSV0000000000005744.csv,CAN_CSV0000000000027228.csv
CAN_CSV0000000000005744.csv,CAN_CSV0000000000000832.csv
CAN_CSV0000000000005744.csv,CAN_CSV0000000000005379.csv
CAN_CSV0000000000005757.csv,CAN_CSV0000000000013001.csv
CAN_CSV0000000000005757.csv,CAN_CSV0000000000000825.csv
CAN_CSV0000000000005757.csv,CAN_CSV0000000000002292.csv
CAN_CSV0000000000005757.csv,CAN_CSV0000000000027218.csv
CAN_CSV0000000000005757.csv,CAN_CSV0000000000005832.csv
CAN_CSV0000000000005757.csv,CAN_CSV0000000000005391.csv
CAN_CSV0000000000005757.csv,CAN_CSV0000000000012952.csv
CAN_CSV0000000000005757.csv,CAN_CSV0000000000027217.csv
CAN_CSV0000000000005757.csv,CAN_CSV0000000000005264.csv
CAN_CSV0000000000005757.csv,CAN_CSV0000000000013199.csv
CAN_CSV0000000000005757.csv,CAN_CSV0000000000005741.csv
CAN_CSV0000000000005757.csv,CAN_CSV0000000000007060.csv
CAN_CSV0000000000005757.csv,CAN_CSV0000000000013514.csv
CAN_CSV0000000000005757.csv,CAN_CSV0000000000005798.csv
CAN_CSV0000000000005757.csv,CAN_CSV0000000000005768.csv
CAN_CSV0000000000005757.csv,CAN_CSV0000000000013702.csv
CAN_CSV0000000000005757.csv,CAN_CSV0000000000004766.csv
CAN_CSV0000000000005757.csv,CAN_CSV0000000000000719.csv
CAN_CSV0000000000005757.csv,CAN_CSV0000000000005816.csv
CAN_CSV0000000000005757.csv,CAN_CSV0000000000013518.csv
CAN_CSV0000000000005757.csv,CAN_CSV0000000000005743.csv
CAN_CSV0000000000005757.csv,CAN_CSV0000000000002181.csv
CAN_CSV0000000000005757.csv,CAN_CSV0000000000000822.csv
CAN_CSV0000000000005757.csv,CAN_CSV0000000000000828.csv
CAN_CSV0000000000005757.csv,CAN_CSV0000000000005744.csv
CAN_CSV0000000000005757.csv,CAN_CSV0000000000014274.csv
CAN_CSV0000000000005757.csv,CAN_CSV0000000000013513.csv
CAN_CSV0000000000005757.csv,CAN_CSV0000000000000735.csv
CAN_CSV0000000000005757.csv,CAN_CSV0000000000005205.csv
CAN_CSV0000000000005757.csv,CAN_CSV0000000000005227.csv
CAN_CSV0000000000005757.csv,CAN_CSV0000000000027219.csv
CAN_CSV0000000000005757.csv,CAN_CSV0000000000000608.csv
CAN_CSV0000000000005757.csv,CAN_CSV0000000000013603.csv
CAN_CSV0000000000005757.csv,CAN_CSV0000000000013782.csv
CAN_CSV0000000000005757.csv,CAN_CSV0000000000005766.csv
CAN_CSV0000000000005757.csv,CAN_CSV0000000000015560.csv
CAN_CSV0000000000005757.csv,CAN_CSV0000000000005265.csv
CAN_CSV0000000000005757.csv,CAN_CSV0000000000000610.csv
CAN_CSV0000000000005757.csv,CAN_CSV0000000000000818.csv
CAN_CSV0000000000005757.csv,CAN_CSV0000000000001116.csv
CAN_CSV0000000000005757.csv,CAN_CSV0000000000004703.csv
CAN_CSV0000000000005757.csv,CAN_CSV0000000000015551.csv
CAN_CSV0000000000005757.csv,CAN_CSV0000000000005759.csv
CAN_CSV0000000000005757.csv,CAN_CSV0000000000015570.csv
CAN_CSV0000000000005757.csv,CAN_CSV0000000000013602.csv
CAN_CSV0000000000005757.csv,CAN_CSV0000000000005767.csv
CAN_CSV0000000000005757.csv,CAN_CSV0000000000001226.csv
CAN_CSV0000000000005757.csv,CAN_CSV0000000000005128.csv
CAN_CSV0000000000005757.csv,CAN_CSV0000000000001114.csv
CAN_CSV0000000000005757.csv,CAN_CSV0000000000012980.csv
CAN_CSV0000000000005757.csv,CAN_CSV0000000000005760.csv
CAN_CSV0000000000005757.csv,CAN_CSV0000000000005009.csv
CAN_CSV0000000000005757.csv,CAN_CSV0000000000013701.csv
CAN_CSV0000000000005757.csv,CAN_CSV0000000000000819.csv
CAN_CSV0000000000005757.csv,CAN_CSV0000000000005740.csv
CAN_CSV0000000000005757.csv,CAN_CSV0000000000012845.csv
CAN_CSV0000000000005757.csv,CAN_CSV0000000000005758.csv
CAN_CSV0000000000005757.csv,CAN_CSV0000000000013484.csv
CAN_CSV0000000000005757.csv,CAN_CSV0000000000013497.csv
CAN_CSV0000000000005757.csv,CAN_CSV0000000000005103.csv
CAN_CSV0000000000005757.csv,CAN_CSV0000000000014315.csv
CAN_CSV0000000000005757.csv,CAN_CSV0000000000013510.csv
CAN_CSV0000000000005757.csv,CAN_CSV0000000000013036.csv
CAN_CSV0000000000005757.csv,CAN_CSV0000000000013489.csv
CAN_CSV0000000000005757.csv,CAN_CSV0000000000027228.csv
CAN_CSV0000000000005757.csv,CAN_CSV0000000000000832.csv
CAN_CSV0000000000005757.csv,CAN_CSV0000000000005379.csv
CAN_CSV0000000000005757.csv,CAN_CSV0000000000005812.csv
CAN_CSV0000000000005768.csv,CAN_CSV0000000000005771.csv
CAN_CSV0000000000005768.csv,CAN_CSV0000000000013001.csv
CAN_CSV0000000000005768.csv,CAN_CSV0000000000000825.csv
CAN_CSV0000000000005768.csv,CAN_CSV0000000000005752.csv
CAN_CSV0000000000005768.csv,CAN_CSV0000000000002292.csv
CAN_CSV0000000000005768.csv,CAN_CSV0000000000027218.csv
CAN_CSV0000000000005768.csv,CAN_CSV0000000000005832.csv
CAN_CSV0000000000005768.csv,CAN_CSV0000000000005391.csv
CAN_CSV0000000000005768.csv,CAN_CSV0000000000012952.csv
CAN_CSV0000000000005768.csv,CAN_CSV0000000000027217.csv
CAN_CSV0000000000005768.csv,CAN_CSV0000000000005264.csv
CAN_CSV0000000000005768.csv,CAN_CSV0000000000013199.csv
CAN_CSV0000000000005768.csv,CAN_CSV0000000000005757.csv
CAN_CSV0000000000005768.csv,CAN_CSV0000000000007060.csv
CAN_CSV0000000000005768.csv,CAN_CSV0000000000005741.csv
CAN_CSV0000000000005768.csv,CAN_CSV0000000000013514.csv
CAN_CSV0000000000005768.csv,CAN_CSV0000000000005798.csv
CAN_CSV0000000000005768.csv,CAN_CSV0000000000013702.csv
CAN_CSV0000000000005768.csv,CAN_CSV0000000000004766.csv
CAN_CSV0000000000005768.csv,CAN_CSV0000000000000719.csv
CAN_CSV0000000000005768.csv,CAN_CSV0000000000005816.csv
CAN_CSV0000000000005768.csv,CAN_CSV0000000000013518.csv
CAN_CSV0000000000005768.csv,CAN_CSV0000000000005743.csv
CAN_CSV0000000000005768.csv,CAN_CSV0000000000002181.csv
CAN_CSV0000000000005768.csv,CAN_CSV0000000000000822.csv
CAN_CSV0000000000005768.csv,CAN_CSV0000000000000828.csv
CAN_CSV0000000000005768.csv,CAN_CSV0000000000005744.csv
CAN_CSV0000000000005768.csv,CAN_CSV0000000000014274.csv
CAN_CSV0000000000005768.csv,CAN_CSV0000000000013513.csv
CAN_CSV0000000000005768.csv,CAN_CSV0000000000000735.csv
CAN_CSV0000000000005768.csv,CAN_CSV0000000000005773.csv
CAN_CSV0000000000005768.csv,CAN_CSV0000000000005205.csv
CAN_CSV0000000000005768.csv,CAN_CSV0000000000005227.csv
CAN_CSV0000000000005768.csv,CAN_CSV0000000000027219.csv
CAN_CSV0000000000005768.csv,CAN_CSV0000000000005738.csv
CAN_CSV0000000000005768.csv,CAN_CSV0000000000000608.csv
CAN_CSV0000000000005768.csv,CAN_CSV0000000000013603.csv
CAN_CSV0000000000005768.csv,CAN_CSV0000000000013782.csv
CAN_CSV0000000000005768.csv,CAN_CSV0000000000005766.csv
CAN_CSV0000000000005768.csv,CAN_CSV0000000000015560.csv
CAN_CSV0000000000005768.csv,CAN_CSV0000000000005265.csv
CAN_CSV0000000000005768.csv,CAN_CSV0000000000000610.csv
CAN_CSV0000000000005768.csv,CAN_CSV0000000000000830.csv
CAN_CSV0000000000005768.csv,CAN_CSV0000000000000823.csv
CAN_CSV0000000000005768.csv,CAN_CSV0000000000001116.csv
CAN_CSV0000000000005768.csv,CAN_CSV0000000000000826.csv
CAN_CSV0000000000005768.csv,CAN_CSV0000000000004703.csv
CAN_CSV0000000000005768.csv,CAN_CSV0000000000005770.csv
CAN_CSV0000000000005768.csv,CAN_CSV0000000000015551.csv
CAN_CSV0000000000005768.csv,CAN_CSV0000000000005759.csv
CAN_CSV0000000000005768.csv,CAN_CSV0000000000015570.csv
CAN_CSV0000000000005768.csv,CAN_CSV0000000000013602.csv
CAN_CSV0000000000005768.csv,CAN_CSV0000000000005767.csv
CAN_CSV0000000000005768.csv,CAN_CSV0000000000001226.csv
CAN_CSV0000000000005768.csv,CAN_CSV0000000000005128.csv
CAN_CSV0000000000005768.csv,CAN_CSV0000000000001114.csv
CAN_CSV0000000000005768.csv,CAN_CSV0000000000012980.csv
CAN_CSV0000000000005768.csv,CAN_CSV0000000000005775.csv
CAN_CSV0000000000005768.csv,CAN_CSV0000000000005760.csv
CAN_CSV0000000000005768.csv,CAN_CSV0000000000005009.csv
CAN_CSV0000000000005768.csv,CAN_CSV0000000000013701.csv
CAN_CSV0000000000005768.csv,CAN_CSV0000000000000819.csv
CAN_CSV0000000000005768.csv,CAN_CSV0000000000012845.csv
CAN_CSV0000000000005768.csv,CAN_CSV0000000000013484.csv
CAN_CSV0000000000005768.csv,CAN_CSV0000000000013497.csv
CAN_CSV0000000000005768.csv,CAN_CSV0000000000005103.csv
CAN_CSV0000000000005768.csv,CAN_CSV0000000000014315.csv
CAN_CSV0000000000005768.csv,CAN_CSV0000000000013510.csv
CAN_CSV0000000000005768.csv,CAN_CSV0000000000013036.csv
CAN_CSV0000000000005768.csv,CAN_CSV0000000000013489.csv
CAN_CSV0000000000005768.csv,CAN_CSV0000000000027228.csv
CAN_CSV0000000000005768.csv,CAN_CSV0000000000000832.csv
CAN_CSV0000000000005768.csv,CAN_CSV0000000000005379.csv
CAN_CSV0000000000005783.csv,CAN_CSV0000000000027218.csv
CAN_CSV0000000000005783.csv,CAN_CSV0000000000005832.csv
CAN_CSV0000000000005783.csv,CAN_CSV0000000000013199.csv
CAN_CSV0000000000005783.csv,CAN_CSV0000000000005741.csv
CAN_CSV0000000000005783.csv,CAN_CSV0000000000005757.csv
CAN_CSV0000000000005783.csv,CAN_CSV0000000000005798.csv
CAN_CSV0000000000005783.csv,CAN_CSV0000000000000973.csv
CAN_CSV0000000000005783.csv,CAN_CSV0000000000013518.csv
CAN_CSV0000000000005783.csv,CAN_CSV0000000000005743.csv
CAN_CSV0000000000005783.csv,CAN_CSV0000000000002181.csv
CAN_CSV0000000000005783.csv,CAN_CSV0000000000000822.csv
CAN_CSV0000000000005783.csv,CAN_CSV0000000000000828.csv
CAN_CSV0000000000005783.csv,CAN_CSV0000000000005738.csv
CAN_CSV0000000000005783.csv,CAN_CSV0000000000001174.csv
CAN_CSV0000000000005783.csv,CAN_CSV0000000000005265.csv
CAN_CSV0000000000005783.csv,CAN_CSV0000000000000823.csv
CAN_CSV0000000000005783.csv,CAN_CSV0000000000001152.csv
CAN_CSV0000000000005783.csv,CAN_CSV0000000000015570.csv
CAN_CSV0000000000005783.csv,CAN_CSV0000000000012980.csv
CAN_CSV0000000000005783.csv,CAN_CSV0000000000000827.csv
CAN_CSV0000000000005783.csv,CAN_CSV0000000000013510.csv
CAN_CSV0000000000005783.csv,CAN_CSV0000000000013036.csv
CAN_CSV0000000000005783.csv,CAN_CSV0000000000027228.csv
CAN_CSV0000000000005783.csv,CAN_CSV0000000000005379.csv
CAN_CSV0000000000005783.csv,CAN_CSV0000000000000825.csv
CAN_CSV0000000000005783.csv,CAN_CSV0000000000027217.csv
CAN_CSV0000000000005783.csv,CAN_CSV0000000000005264.csv
CAN_CSV0000000000005783.csv,CAN_CSV0000000000013514.csv
CAN_CSV0000000000005783.csv,CAN_CSV0000000000013702.csv
CAN_CSV0000000000005783.csv,CAN_CSV0000000000000971.csv
CAN_CSV0000000000005783.csv,CAN_CSV0000000000005768.csv
CAN_CSV0000000000005783.csv,CAN_CSV0000000000004766.csv
CAN_CSV0000000000005783.csv,CAN_CSV0000000000013725.csv
CAN_CSV0000000000005783.csv,CAN_CSV0000000000005744.csv
CAN_CSV0000000000005783.csv,CAN_CSV0000000000027219.csv
CAN_CSV0000000000005783.csv,CAN_CSV0000000000000608.csv
CAN_CSV0000000000005783.csv,CAN_CSV0000000000013397.csv
CAN_CSV0000000000005783.csv,CAN_CSV0000000000000820.csv
CAN_CSV0000000000005783.csv,CAN_CSV0000000000015551.csv
CAN_CSV0000000000005783.csv,CAN_CSV0000000000001226.csv
CAN_CSV0000000000005783.csv,CAN_CSV0000000000001114.csv
CAN_CSV0000000000005783.csv,CAN_CSV0000000000005775.csv
CAN_CSV0000000000005783.csv,CAN_CSV0000000000013489.csv
CAN_CSV0000000000005783.csv,CAN_CSV0000000000005391.csv
CAN_CSV0000000000005783.csv,CAN_CSV0000000000005816.csv
CAN_CSV0000000000005783.csv,CAN_CSV0000000000012602.csv
CAN_CSV0000000000005783.csv,CAN_CSV0000000000005227.csv
CAN_CSV0000000000005783.csv,CAN_CSV0000000000005205.csv
CAN_CSV0000000000005783.csv,CAN_CSV0000000000000735.csv
CAN_CSV0000000000005783.csv,CAN_CSV0000000000014274.csv
CAN_CSV0000000000005783.csv,CAN_CSV0000000000013720.csv
CAN_CSV0000000000005783.csv,CAN_CSV0000000000015560.csv
CAN_CSV0000000000005783.csv,CAN_CSV0000000000004703.csv
CAN_CSV0000000000005783.csv,CAN_CSV0000000000013897.csv
CAN_CSV0000000000005783.csv,CAN_CSV0000000000013602.csv
CAN_CSV0000000000005783.csv,CAN_CSV0000000000005009.csv
CAN_CSV0000000000005783.csv,CAN_CSV0000000000000824.csv
CAN_CSV0000000000005783.csv,CAN_CSV0000000000005103.csv
CAN_CSV0000000000005783.csv,CAN_CSV0000000000014315.csv
CAN_CSV0000000000005783.csv,CAN_CSV0000000000005128.csv
CAN_CSV0000000000005783.csv,CAN_CSV0000000000013001.csv
CAN_CSV0000000000005783.csv,CAN_CSV0000000000002292.csv
CAN_CSV0000000000005783.csv,CAN_CSV0000000000012952.csv
CAN_CSV0000000000005783.csv,CAN_CSV0000000000007060.csv
CAN_CSV0000000000005783.csv,CAN_CSV0000000000000719.csv
CAN_CSV0000000000005783.csv,CAN_CSV0000000000000953.csv
CAN_CSV0000000000005783.csv,CAN_CSV0000000000013513.csv
CAN_CSV0000000000005783.csv,CAN_CSV0000000000001151.csv
CAN_CSV0000000000005783.csv,CAN_CSV0000000000013603.csv
CAN_CSV0000000000005783.csv,CAN_CSV0000000000013782.csv
CAN_CSV0000000000005783.csv,CAN_CSV0000000000000610.csv
CAN_CSV0000000000005783.csv,CAN_CSV0000000000001116.csv
CAN_CSV0000000000005783.csv,CAN_CSV0000000000005756.csv
CAN_CSV0000000000005783.csv,CAN_CSV0000000000013701.csv
CAN_CSV0000000000005783.csv,CAN_CSV0000000000012845.csv
CAN_CSV0000000000005783.csv,CAN_CSV0000000000013484.csv
CAN_CSV0000000000005783.csv,CAN_CSV0000000000013497.csv
CAN_CSV0000000000005801.csv,CAN_CSV0000000000027139.csv
CAN_CSV0000000000005801.csv,CAN_CSV0000000000027218.csv
CAN_CSV0000000000005801.csv,CAN_CSV0000000000005832.csv
CAN_CSV0000000000005801.csv,CAN_CSV0000000000027135.csv
CAN_CSV0000000000005801.csv,CAN_CSV0000000000013199.csv
CAN_CSV0000000000005801.csv,CAN_CSV0000000000005741.csv
CAN_CSV0000000000005801.csv,CAN_CSV0000000000005757.csv
CAN_CSV0000000000005801.csv,CAN_CSV0000000000005798.csv
CAN_CSV0000000000005801.csv,CAN_CSV0000000000000817.csv
CAN_CSV0000000000005801.csv,CAN_CSV0000000000005726.csv
CAN_CSV0000000000005801.csv,CAN_CSV0000000000013518.csv
CAN_CSV0000000000005801.csv,CAN_CSV0000000000005743.csv
CAN_CSV0000000000005801.csv,CAN_CSV0000000000002181.csv
CAN_CSV0000000000005801.csv,CAN_CSV0000000000000822.csv
CAN_CSV0000000000005801.csv,CAN_CSV0000000000000828.csv
CAN_CSV0000000000005801.csv,CAN_CSV0000000000005265.csv
CAN_CSV0000000000005801.csv,CAN_CSV0000000000015570.csv
CAN_CSV0000000000005801.csv,CAN_CSV0000000000015742.csv
CAN_CSV0000000000005801.csv,CAN_CSV0000000000012980.csv
CAN_CSV0000000000005801.csv,CAN_CSV0000000000013510.csv
CAN_CSV0000000000005801.csv,CAN_CSV0000000000013036.csv
CAN_CSV0000000000005801.csv,CAN_CSV0000000000027228.csv
CAN_CSV0000000000005801.csv,CAN_CSV0000000000005379.csv
CAN_CSV0000000000005801.csv,CAN_CSV0000000000000825.csv
CAN_CSV0000000000005801.csv,CAN_CSV0000000000005748.csv
CAN_CSV0000000000005801.csv,CAN_CSV0000000000013691.csv
CAN_CSV0000000000005801.csv,CAN_CSV0000000000027217.csv
CAN_CSV0000000000005801.csv,CAN_CSV0000000000005264.csv
CAN_CSV0000000000005801.csv,CAN_CSV0000000000013514.csv
CAN_CSV0000000000005801.csv,CAN_CSV0000000000013702.csv
CAN_CSV0000000000005801.csv,CAN_CSV0000000000005768.csv
CAN_CSV0000000000005801.csv,CAN_CSV0000000000004766.csv
CAN_CSV0000000000005801.csv,CAN_CSV0000000000005658.csv
CAN_CSV0000000000005801.csv,CAN_CSV0000000000005677.csv
CAN_CSV0000000000005801.csv,CAN_CSV0000000000005744.csv
CAN_CSV0000000000005801.csv,CAN_CSV0000000000027219.csv
CAN_CSV0000000000005801.csv,CAN_CSV0000000000000608.csv
CAN_CSV0000000000005801.csv,CAN_CSV0000000000015551.csv
CAN_CSV0000000000005801.csv,CAN_CSV0000000000001226.csv
CAN_CSV0000000000005801.csv,CAN_CSV0000000000000809.csv
CAN_CSV0000000000005801.csv,CAN_CSV0000000000001114.csv
CAN_CSV0000000000005801.csv,CAN_CSV0000000000027122.csv
CAN_CSV0000000000005801.csv,CAN_CSV0000000000013489.csv
CAN_CSV0000000000005801.csv,CAN_CSV0000000000005840.csv
CAN_CSV0000000000005801.csv,CAN_CSV0000000000000839.csv
CAN_CSV0000000000005801.csv,CAN_CSV0000000000005391.csv
CAN_CSV0000000000005801.csv,CAN_CSV0000000000005653.csv
CAN_CSV0000000000005801.csv,CAN_CSV0000000000005816.csv
CAN_CSV0000000000005801.csv,CAN_CSV0000000000027123.csv
CAN_CSV0000000000005801.csv,CAN_CSV0000000000005205.csv
CAN_CSV0000000000005801.csv,CAN_CSV0000000000005227.csv
CAN_CSV0000000000005801.csv,CAN_CSV0000000000000735.csv
CAN_CSV0000000000005801.csv,CAN_CSV0000000000015560.csv
CAN_CSV0000000000005801.csv,CAN_CSV0000000000013575.csv
CAN_CSV0000000000005801.csv,CAN_CSV0000000000004703.csv
CAN_CSV0000000000005801.csv,CAN_CSV0000000000015764.csv
CAN_CSV0000000000005801.csv,CAN_CSV0000000000013602.csv
CAN_CSV0000000000005801.csv,CAN_CSV0000000000005800.csv
CAN_CSV0000000000005801.csv,CAN_CSV0000000000005009.csv
CAN_CSV0000000000005801.csv,CAN_CSV0000000000015746.csv
CAN_CSV0000000000005801.csv,CAN_CSV0000000000005103.csv
CAN_CSV0000000000005801.csv,CAN_CSV0000000000014315.csv
CAN_CSV0000000000005801.csv,CAN_CSV0000000000005676.csv
CAN_CSV0000000000005801.csv,CAN_CSV0000000000005128.csv
CAN_CSV0000000000005801.csv,CAN_CSV0000000000005723.csv
CAN_CSV0000000000005801.csv,CAN_CSV0000000000027140.csv
CAN_CSV0000000000005801.csv,CAN_CSV0000000000007097.csv
CAN_CSV0000000000005801.csv,CAN_CSV0000000000013001.csv
CAN_CSV0000000000005801.csv,CAN_CSV0000000000002292.csv
CAN_CSV0000000000005801.csv,CAN_CSV0000000000012952.csv
CAN_CSV0000000000005801.csv,CAN_CSV0000000000007060.csv
CAN_CSV0000000000005801.csv,CAN_CSV0000000000000719.csv
CAN_CSV0000000000005801.csv,CAN_CSV0000000000013513.csv
CAN_CSV0000000000005801.csv,CAN_CSV0000000000013603.csv
CAN_CSV0000000000005801.csv,CAN_CSV0000000000013782.csv
CAN_CSV0000000000005801.csv,CAN_CSV0000000000000610.csv
CAN_CSV0000000000005801.csv,CAN_CSV0000000000005788.csv
CAN_CSV0000000000005801.csv,CAN_CSV0000000000001116.csv
CAN_CSV0000000000005801.csv,CAN_CSV0000000000027157.csv
CAN_CSV0000000000005801.csv,CAN_CSV0000000000013701.csv
CAN_CSV0000000000005801.csv,CAN_CSV0000000000012845.csv
CAN_CSV0000000000005801.csv,CAN_CSV0000000000027136.csv
CAN_CSV0000000000005801.csv,CAN_CSV0000000000013484.csv
CAN_CSV0000000000005801.csv,CAN_CSV0000000000013497.csv
CAN_CSV0000000000005801.csv,CAN_CSV0000000000015772.csv
CAN_CSV0000000000005817.csv,CAN_CSV0000000000013001.csv
CAN_CSV0000000000005817.csv,CAN_CSV0000000000000825.csv
CAN_CSV0000000000005817.csv,CAN_CSV0000000000002292.csv
CAN_CSV0000000000005817.csv,CAN_CSV0000000000027218.csv
CAN_CSV0000000000005817.csv,CAN_CSV0000000000005832.csv
CAN_CSV0000000000005817.csv,CAN_CSV0000000000005391.csv
CAN_CSV0000000000005817.csv,CAN_CSV0000000000012952.csv
CAN_CSV0000000000005817.csv,CAN_CSV0000000000027217.csv
CAN_CSV0000000000005817.csv,CAN_CSV0000000000005264.csv
CAN_CSV0000000000005817.csv,CAN_CSV0000000000013199.csv
CAN_CSV0000000000005817.csv,CAN_CSV0000000000007060.csv
CAN_CSV0000000000005817.csv,CAN_CSV0000000000005741.csv
CAN_CSV0000000000005817.csv,CAN_CSV0000000000005757.csv
CAN_CSV0000000000005817.csv,CAN_CSV0000000000013514.csv
CAN_CSV0000000000005817.csv,CAN_CSV0000000000005798.csv
CAN_CSV0000000000005817.csv,CAN_CSV0000000000005768.csv
CAN_CSV0000000000005817.csv,CAN_CSV0000000000013702.csv
CAN_CSV0000000000005817.csv,CAN_CSV0000000000004766.csv
CAN_CSV0000000000005817.csv,CAN_CSV0000000000000719.csv
CAN_CSV0000000000005817.csv,CAN_CSV0000000000005816.csv
CAN_CSV0000000000005817.csv,CAN_CSV0000000000013518.csv
CAN_CSV0000000000005817.csv,CAN_CSV0000000000005743.csv
CAN_CSV0000000000005817.csv,CAN_CSV0000000000002181.csv
CAN_CSV0000000000005817.csv,CAN_CSV0000000000000822.csv
CAN_CSV0000000000005817.csv,CAN_CSV0000000000000828.csv
CAN_CSV0000000000005817.csv,CAN_CSV0000000000005744.csv
CAN_CSV0000000000005817.csv,CAN_CSV0000000000014274.csv
CAN_CSV0000000000005817.csv,CAN_CSV0000000000013513.csv
CAN_CSV0000000000005817.csv,CAN_CSV0000000000000735.csv
CAN_CSV0000000000005817.csv,CAN_CSV0000000000005205.csv
CAN_CSV0000000000005817.csv,CAN_CSV0000000000005227.csv
CAN_CSV0000000000005817.csv,CAN_CSV0000000000027219.csv
CAN_CSV0000000000005817.csv,CAN_CSV0000000000000608.csv
CAN_CSV0000000000005817.csv,CAN_CSV0000000000013603.csv
CAN_CSV0000000000005817.csv,CAN_CSV0000000000013782.csv
CAN_CSV0000000000005817.csv,CAN_CSV0000000000015560.csv
CAN_CSV0000000000005817.csv,CAN_CSV0000000000005813.csv
CAN_CSV0000000000005817.csv,CAN_CSV0000000000000831.csv
CAN_CSV0000000000005817.csv,CAN_CSV0000000000005265.csv
CAN_CSV0000000000005817.csv,CAN_CSV0000000000000610.csv
CAN_CSV0000000000005817.csv,CAN_CSV0000000000000830.csv
CAN_CSV0000000000005817.csv,CAN_CSV0000000000000823.csv
CAN_CSV0000000000005817.csv,CAN_CSV0000000000001116.csv
CAN_CSV0000000000005817.csv,CAN_CSV0000000000004703.csv
CAN_CSV0000000000005817.csv,CAN_CSV0000000000015551.csv
CAN_CSV0000000000005817.csv,CAN_CSV0000000000005759.csv
CAN_CSV0000000000005817.csv,CAN_CSV0000000000015570.csv
CAN_CSV0000000000005817.csv,CAN_CSV0000000000013602.csv
CAN_CSV0000000000005817.csv,CAN_CSV0000000000001226.csv
CAN_CSV0000000000005817.csv,CAN_CSV0000000000005128.csv
CAN_CSV0000000000005817.csv,CAN_CSV0000000000001114.csv
CAN_CSV0000000000005817.csv,CAN_CSV0000000000012980.csv
CAN_CSV0000000000005817.csv,CAN_CSV0000000000005009.csv
CAN_CSV0000000000005817.csv,CAN_CSV0000000000013701.csv
CAN_CSV0000000000005817.csv,CAN_CSV0000000000005740.csv
CAN_CSV0000000000005817.csv,CAN_CSV0000000000005811.csv
CAN_CSV0000000000005817.csv,CAN_CSV0000000000012845.csv
CAN_CSV0000000000005817.csv,CAN_CSV0000000000013484.csv
CAN_CSV0000000000005817.csv,CAN_CSV0000000000013497.csv
CAN_CSV0000000000005817.csv,CAN_CSV0000000000000827.csv
CAN_CSV0000000000005817.csv,CAN_CSV0000000000014315.csv
CAN_CSV0000000000005817.csv,CAN_CSV0000000000013510.csv
CAN_CSV0000000000005817.csv,CAN_CSV0000000000013036.csv
CAN_CSV0000000000005817.csv,CAN_CSV0000000000005103.csv
CAN_CSV0000000000005817.csv,CAN_CSV0000000000013489.csv
CAN_CSV0000000000005817.csv,CAN_CSV0000000000027228.csv
CAN_CSV0000000000005817.csv,CAN_CSV0000000000000832.csv
CAN_CSV0000000000005817.csv,CAN_CSV0000000000005379.csv
CAN_CSV0000000000005817.csv,CAN_CSV0000000000005812.csv
CAN_CSV0000000000005842.csv,CAN_CSV0000000000005320.csv
CAN_CSV0000000000005842.csv,CAN_CSV0000000000000687.csv
CAN_CSV0000000000005842.csv,CAN_CSV0000000000000685.csv
CAN_CSV0000000000005842.csv,CAN_CSV0000000000027103.csv
CAN_CSV0000000000005842.csv,CAN_CSV0000000000005297.csv
CAN_CSV0000000000005842.csv,CAN_CSV0000000000005322.csv
CAN_CSV0000000000005842.csv,CAN_CSV0000000000000678.csv
CAN_CSV0000000000005842.csv,CAN_CSV0000000000005307.csv
CAN_CSV0000000000005842.csv,CAN_CSV0000000000005348.csv
CAN_CSV0000000000005842.csv,CAN_CSV0000000000005300.csv
CAN_CSV0000000000005842.csv,CAN_CSV0000000000000698.csv
CAN_CSV0000000000005842.csv,CAN_CSV0000000000000644.csv
CAN_CSV0000000000005844.csv,CAN_CSV0000000000005320.csv
CAN_CSV0000000000005844.csv,CAN_CSV0000000000000687.csv
CAN_CSV0000000000005844.csv,CAN_CSV0000000000000685.csv
CAN_CSV0000000000005844.csv,CAN_CSV0000000000027103.csv
CAN_CSV0000000000005844.csv,CAN_CSV0000000000005297.csv
CAN_CSV0000000000005844.csv,CAN_CSV0000000000005322.csv
CAN_CSV0000000000005844.csv,CAN_CSV0000000000000678.csv
CAN_CSV0000000000005844.csv,CAN_CSV0000000000005307.csv
CAN_CSV0000000000005844.csv,CAN_CSV0000000000005348.csv
CAN_CSV0000000000005844.csv,CAN_CSV0000000000005300.csv
CAN_CSV0000000000005844.csv,CAN_CSV0000000000000698.csv
CAN_CSV0000000000005844.csv,CAN_CSV0000000000000644.csv
CAN_CSV0000000000005863.csv,CAN_CSV0000000000005320.csv
CAN_CSV0000000000005863.csv,CAN_CSV0000000000000687.csv
CAN_CSV0000000000005863.csv,CAN_CSV0000000000000685.csv
CAN_CSV0000000000005863.csv,CAN_CSV0000000000027103.csv
CAN_CSV0000000000005863.csv,CAN_CSV0000000000005297.csv
CAN_CSV0000000000005863.csv,CAN_CSV0000000000005322.csv
CAN_CSV0000000000005863.csv,CAN_CSV0000000000000678.csv
CAN_CSV0000000000005863.csv,CAN_CSV0000000000005307.csv
CAN_CSV0000000000005863.csv,CAN_CSV0000000000005348.csv
CAN_CSV0000000000005863.csv,CAN_CSV0000000000005300.csv
CAN_CSV0000000000005863.csv,CAN_CSV0000000000000698.csv
CAN_CSV0000000000005863.csv,CAN_CSV0000000000000644.csv
CAN_CSV0000000000005870.csv,CAN_CSV0000000000005320.csv
CAN_CSV0000000000005870.csv,CAN_CSV0000000000000687.csv
CAN_CSV0000000000005870.csv,CAN_CSV0000000000000685.csv
CAN_CSV0000000000005870.csv,CAN_CSV0000000000027103.csv
CAN_CSV0000000000005870.csv,CAN_CSV0000000000005297.csv
CAN_CSV0000000000005870.csv,CAN_CSV0000000000005322.csv
CAN_CSV0000000000005870.csv,CAN_CSV0000000000000678.csv
CAN_CSV0000000000005870.csv,CAN_CSV0000000000005307.csv
CAN_CSV0000000000005870.csv,CAN_CSV0000000000005348.csv
CAN_CSV0000000000005870.csv,CAN_CSV0000000000005300.csv
CAN_CSV0000000000005870.csv,CAN_CSV0000000000000698.csv
CAN_CSV0000000000005870.csv,CAN_CSV0000000000000644.csv
CAN_CSV0000000000005892.csv,CAN_CSV0000000000013001.csv
CAN_CSV0000000000005892.csv,CAN_CSV0000000000002292.csv
CAN_CSV0000000000005892.csv,CAN_CSV0000000000027218.csv
CAN_CSV0000000000005892.csv,CAN_CSV0000000000005899.csv
CAN_CSV0000000000005892.csv,CAN_CSV0000000000005832.csv
CAN_CSV0000000000005892.csv,CAN_CSV0000000000013010.csv
CAN_CSV0000000000005892.csv,CAN_CSV0000000000000847.csv
CAN_CSV0000000000005892.csv,CAN_CSV0000000000005391.csv
CAN_CSV0000000000005892.csv,CAN_CSV0000000000013007.csv
CAN_CSV0000000000005892.csv,CAN_CSV0000000000012952.csv
CAN_CSV0000000000005892.csv,CAN_CSV0000000000027217.csv
CAN_CSV0000000000005892.csv,CAN_CSV0000000000013199.csv
CAN_CSV0000000000005892.csv,CAN_CSV0000000000013514.csv
CAN_CSV0000000000005892.csv,CAN_CSV0000000000013702.csv
CAN_CSV0000000000005892.csv,CAN_CSV0000000000005904.csv
CAN_CSV0000000000005892.csv,CAN_CSV0000000000007057.csv
CAN_CSV0000000000005892.csv,CAN_CSV0000000000005264.csv
CAN_CSV0000000000005892.csv,CAN_CSV0000000000000719.csv
CAN_CSV0000000000005892.csv,CAN_CSV0000000000004766.csv
CAN_CSV0000000000005892.csv,CAN_CSV0000000000013518.csv
CAN_CSV0000000000005892.csv,CAN_CSV0000000000002181.csv
CAN_CSV0000000000005892.csv,CAN_CSV0000000000005205.csv
CAN_CSV0000000000005892.csv,CAN_CSV0000000000005227.csv
CAN_CSV0000000000005892.csv,CAN_CSV0000000000000735.csv
CAN_CSV0000000000005892.csv,CAN_CSV0000000000013513.csv
CAN_CSV0000000000005892.csv,CAN_CSV0000000000005898.csv
CAN_CSV0000000000005892.csv,CAN_CSV0000000000027219.csv
CAN_CSV0000000000005892.csv,CAN_CSV0000000000005871.csv
CAN_CSV0000000000005892.csv,CAN_CSV0000000000013489.csv
CAN_CSV0000000000005892.csv,CAN_CSV0000000000006669.csv
CAN_CSV0000000000005892.csv,CAN_CSV0000000000000885.csv
CAN_CSV0000000000005892.csv,CAN_CSV0000000000000608.csv
CAN_CSV0000000000005892.csv,CAN_CSV0000000000013603.csv
CAN_CSV0000000000005892.csv,CAN_CSV0000000000005926.csv
CAN_CSV0000000000005892.csv,CAN_CSV0000000000001050.csv
CAN_CSV0000000000005892.csv,CAN_CSV0000000000013782.csv
CAN_CSV0000000000005892.csv,CAN_CSV0000000000015560.csv
CAN_CSV0000000000005892.csv,CAN_CSV0000000000013009.csv
CAN_CSV0000000000005892.csv,CAN_CSV0000000000005265.csv
CAN_CSV0000000000005892.csv,CAN_CSV0000000000005883.csv
CAN_CSV0000000000005892.csv,CAN_CSV0000000000007059.csv
CAN_CSV0000000000005892.csv,CAN_CSV0000000000000846.csv
CAN_CSV0000000000005892.csv,CAN_CSV0000000000000843.csv
CAN_CSV0000000000005892.csv,CAN_CSV0000000000006677.csv
CAN_CSV0000000000005892.csv,CAN_CSV0000000000005902.csv
CAN_CSV0000000000005892.csv,CAN_CSV0000000000001045.csv
CAN_CSV0000000000005892.csv,CAN_CSV0000000000001116.csv
CAN_CSV0000000000005892.csv,CAN_CSV0000000000000610.csv
CAN_CSV0000000000005892.csv,CAN_CSV0000000000005884.csv
CAN_CSV0000000000005892.csv,CAN_CSV0000000000004703.csv
CAN_CSV0000000000005892.csv,CAN_CSV0000000000015551.csv
CAN_CSV0000000000005892.csv,CAN_CSV0000000000015570.csv
CAN_CSV0000000000005892.csv,CAN_CSV0000000000001226.csv
CAN_CSV0000000000005892.csv,CAN_CSV0000000000013602.csv
CAN_CSV0000000000005892.csv,CAN_CSV0000000000006657.csv
CAN_CSV0000000000005892.csv,CAN_CSV0000000000005128.csv
CAN_CSV0000000000005892.csv,CAN_CSV0000000000001114.csv
CAN_CSV0000000000005892.csv,CAN_CSV0000000000006635.csv
CAN_CSV0000000000005892.csv,CAN_CSV0000000000012980.csv
CAN_CSV0000000000005892.csv,CAN_CSV0000000000005891.csv
CAN_CSV0000000000005892.csv,CAN_CSV0000000000005009.csv
CAN_CSV0000000000005892.csv,CAN_CSV0000000000000841.csv
CAN_CSV0000000000005892.csv,CAN_CSV0000000000007107.csv
CAN_CSV0000000000005892.csv,CAN_CSV0000000000013701.csv
CAN_CSV0000000000005892.csv,CAN_CSV0000000000012845.csv
CAN_CSV0000000000005892.csv,CAN_CSV0000000000013484.csv
CAN_CSV0000000000005892.csv,CAN_CSV0000000000013497.csv
CAN_CSV0000000000005892.csv,CAN_CSV0000000000005103.csv
CAN_CSV0000000000005892.csv,CAN_CSV0000000000014315.csv
CAN_CSV0000000000005892.csv,CAN_CSV0000000000013510.csv
CAN_CSV0000000000005892.csv,CAN_CSV0000000000013036.csv
CAN_CSV0000000000005892.csv,CAN_CSV0000000000001046.csv
CAN_CSV0000000000005892.csv,CAN_CSV0000000000000924.csv
CAN_CSV0000000000005892.csv,CAN_CSV0000000000027228.csv
CAN_CSV0000000000005892.csv,CAN_CSV0000000000005379.csv
CAN_CSV0000000000005910.csv,CAN_CSV0000000000005320.csv
CAN_CSV0000000000005910.csv,CAN_CSV0000000000000687.csv
CAN_CSV0000000000005910.csv,CAN_CSV0000000000000685.csv
CAN_CSV0000000000005910.csv,CAN_CSV0000000000027103.csv
CAN_CSV0000000000005910.csv,CAN_CSV0000000000005297.csv
CAN_CSV0000000000005910.csv,CAN_CSV0000000000005322.csv
CAN_CSV0000000000005910.csv,CAN_CSV0000000000000678.csv
CAN_CSV0000000000005910.csv,CAN_CSV0000000000005307.csv
CAN_CSV0000000000005910.csv,CAN_CSV0000000000005348.csv
CAN_CSV0000000000005910.csv,CAN_CSV0000000000005300.csv
CAN_CSV0000000000005910.csv,CAN_CSV0000000000000698.csv
CAN_CSV0000000000005910.csv,CAN_CSV0000000000000644.csv
CAN_CSV0000000000005926.csv,CAN_CSV0000000000005320.csv
CAN_CSV0000000000005926.csv,CAN_CSV0000000000000687.csv
CAN_CSV0000000000005926.csv,CAN_CSV0000000000000685.csv
CAN_CSV0000000000005926.csv,CAN_CSV0000000000027103.csv
CAN_CSV0000000000005926.csv,CAN_CSV0000000000005297.csv
CAN_CSV0000000000005926.csv,CAN_CSV0000000000005322.csv
CAN_CSV0000000000005926.csv,CAN_CSV0000000000000678.csv
CAN_CSV0000000000005926.csv,CAN_CSV0000000000005307.csv
CAN_CSV0000000000005926.csv,CAN_CSV0000000000005348.csv
CAN_CSV0000000000005926.csv,CAN_CSV0000000000005300.csv
CAN_CSV0000000000005926.csv,CAN_CSV0000000000000698.csv
CAN_CSV0000000000005926.csv,CAN_CSV0000000000000644.csv
CAN_CSV0000000000005927.csv,CAN_CSV0000000000012922.csv
CAN_CSV0000000000005927.csv,CAN_CSV0000000000027218.csv
CAN_CSV0000000000005927.csv,CAN_CSV0000000000005832.csv
CAN_CSV0000000000005927.csv,CAN_CSV0000000000013199.csv
CAN_CSV0000000000005927.csv,CAN_CSV0000000000007016.csv
CAN_CSV0000000000005927.csv,CAN_CSV0000000000013518.csv
CAN_CSV0000000000005927.csv,CAN_CSV0000000000002181.csv
CAN_CSV0000000000005927.csv,CAN_CSV0000000000005871.csv
CAN_CSV0000000000005927.csv,CAN_CSV0000000000001028.csv
CAN_CSV0000000000005927.csv,CAN_CSV0000000000005265.csv
CAN_CSV0000000000005927.csv,CAN_CSV0000000000015570.csv
CAN_CSV0000000000005927.csv,CAN_CSV0000000000012921.csv
CAN_CSV0000000000005927.csv,CAN_CSV0000000000013768.csv
CAN_CSV0000000000005927.csv,CAN_CSV0000000000012980.csv
CAN_CSV0000000000005927.csv,CAN_CSV0000000000000841.csv
CAN_CSV0000000000005927.csv,CAN_CSV0000000000013510.csv
CAN_CSV0000000000005927.csv,CAN_CSV0000000000013036.csv
CAN_CSV0000000000005927.csv,CAN_CSV0000000000000922.csv
CAN_CSV0000000000005927.csv,CAN_CSV0000000000027228.csv
CAN_CSV0000000000005927.csv,CAN_CSV0000000000005379.csv
CAN_CSV0000000000005927.csv,CAN_CSV0000000000012924.csv
CAN_CSV0000000000005927.csv,CAN_CSV0000000000027217.csv
CAN_CSV0000000000005927.csv,CAN_CSV0000000000005264.csv
CAN_CSV0000000000005927.csv,CAN_CSV0000000000013514.csv
CAN_CSV0000000000005927.csv,CAN_CSV0000000000013702.csv
CAN_CSV0000000000005927.csv,CAN_CSV0000000000004766.csv
CAN_CSV0000000000005927.csv,CAN_CSV0000000000027219.csv
CAN_CSV0000000000005927.csv,CAN_CSV0000000000005926.csv
CAN_CSV0000000000005927.csv,CAN_CSV0000000000000608.csv
CAN_CSV0000000000005927.csv,CAN_CSV0000000000013029.csv
CAN_CSV0000000000005927.csv,CAN_CSV0000000000012930.csv
CAN_CSV0000000000005927.csv,CAN_CSV0000000000001032.csv
CAN_CSV0000000000005927.csv,CAN_CSV0000000000000843.csv
CAN_CSV0000000000005927.csv,CAN_CSV0000000000015551.csv
CAN_CSV0000000000005927.csv,CAN_CSV0000000000001226.csv
CAN_CSV0000000000005927.csv,CAN_CSV0000000000001114.csv
CAN_CSV0000000000005927.csv,CAN_CSV0000000000012925.csv
CAN_CSV0000000000005927.csv,CAN_CSV0000000000013489.csv
CAN_CSV0000000000005927.csv,CAN_CSV0000000000005391.csv
CAN_CSV0000000000005927.csv,CAN_CSV0000000000012928.csv
CAN_CSV0000000000005927.csv,CAN_CSV0000000000007077.csv
CAN_CSV0000000000005927.csv,CAN_CSV0000000000005227.csv
CAN_CSV0000000000005927.csv,CAN_CSV0000000000005205.csv
CAN_CSV0000000000005927.csv,CAN_CSV0000000000000735.csv
CAN_CSV0000000000005927.csv,CAN_CSV0000000000012506.csv
CAN_CSV0000000000005927.csv,CAN_CSV0000000000015560.csv
CAN_CSV0000000000005927.csv,CAN_CSV0000000000005902.csv
CAN_CSV0000000000005927.csv,CAN_CSV0000000000005910.csv
CAN_CSV0000000000005927.csv,CAN_CSV0000000000004703.csv
CAN_CSV0000000000005927.csv,CAN_CSV0000000000013602.csv
CAN_CSV0000000000005927.csv,CAN_CSV0000000000000848.csv
CAN_CSV0000000000005927.csv,CAN_CSV0000000000005009.csv
CAN_CSV0000000000005927.csv,CAN_CSV0000000000001052.csv
CAN_CSV0000000000005927.csv,CAN_CSV0000000000005103.csv
CAN_CSV0000000000005927.csv,CAN_CSV0000000000014315.csv
CAN_CSV0000000000005927.csv,CAN_CSV0000000000005128.csv
CAN_CSV0000000000005927.csv,CAN_CSV0000000000013001.csv
CAN_CSV0000000000005927.csv,CAN_CSV0000000000002292.csv
CAN_CSV0000000000005927.csv,CAN_CSV0000000000007076.csv
CAN_CSV0000000000005927.csv,CAN_CSV0000000000000847.csv
CAN_CSV0000000000005927.csv,CAN_CSV0000000000012952.csv
CAN_CSV0000000000005927.csv,CAN_CSV0000000000012926.csv
CAN_CSV0000000000005927.csv,CAN_CSV0000000000000719.csv
CAN_CSV0000000000005927.csv,CAN_CSV0000000000013513.csv
CAN_CSV0000000000005927.csv,CAN_CSV0000000000012927.csv
CAN_CSV0000000000005927.csv,CAN_CSV0000000000013603.csv
CAN_CSV0000000000005927.csv,CAN_CSV0000000000012929.csv
CAN_CSV0000000000005927.csv,CAN_CSV0000000000013782.csv
CAN_CSV0000000000005927.csv,CAN_CSV0000000000000610.csv
CAN_CSV0000000000005927.csv,CAN_CSV0000000000012923.csv
CAN_CSV0000000000005927.csv,CAN_CSV0000000000001124.csv
CAN_CSV0000000000005927.csv,CAN_CSV0000000000001116.csv
CAN_CSV0000000000005927.csv,CAN_CSV0000000000013701.csv
CAN_CSV0000000000005927.csv,CAN_CSV0000000000012845.csv
CAN_CSV0000000000005927.csv,CAN_CSV0000000000013484.csv
CAN_CSV0000000000005927.csv,CAN_CSV0000000000013497.csv
CAN_CSV0000000000005927.csv,CAN_CSV0000000000013946.csv
CAN_CSV0000000000005930.csv,CAN_CSV0000000000013001.csv
CAN_CSV0000000000005930.csv,CAN_CSV0000000000013599.csv
CAN_CSV0000000000005930.csv,CAN_CSV0000000000027051.csv
CAN_CSV0000000000005930.csv,CAN_CSV0000000000002292.csv
CAN_CSV0000000000005930.csv,CAN_CSV0000000000027218.csv
CAN_CSV0000000000005930.csv,CAN_CSV0000000000005832.csv
CAN_CSV0000000000005930.csv,CAN_CSV0000000000005391.csv
CAN_CSV0000000000005930.csv,CAN_CSV0000000000012952.csv
CAN_CSV0000000000005930.csv,CAN_CSV0000000000027217.csv
CAN_CSV0000000000005930.csv,CAN_CSV0000000000005264.csv
CAN_CSV0000000000005930.csv,CAN_CSV0000000000013199.csv
CAN_CSV0000000000005930.csv,CAN_CSV0000000000013514.csv
CAN_CSV0000000000005930.csv,CAN_CSV0000000000013702.csv
CAN_CSV0000000000005930.csv,CAN_CSV0000000000000973.csv
CAN_CSV0000000000005930.csv,CAN_CSV0000000000001159.csv
CAN_CSV0000000000005930.csv,CAN_CSV0000000000000719.csv
CAN_CSV0000000000005930.csv,CAN_CSV0000000000004766.csv
CAN_CSV0000000000005930.csv,CAN_CSV0000000000013518.csv
CAN_CSV0000000000005930.csv,CAN_CSV0000000000001115.csv
CAN_CSV0000000000005930.csv,CAN_CSV0000000000002181.csv
CAN_CSV0000000000005930.csv,CAN_CSV0000000000001140.csv
CAN_CSV0000000000005930.csv,CAN_CSV0000000000005205.csv
CAN_CSV0000000000005930.csv,CAN_CSV0000000000000735.csv
CAN_CSV0000000000005930.csv,CAN_CSV0000000000013513.csv
CAN_CSV0000000000005930.csv,CAN_CSV0000000000005227.csv
CAN_CSV0000000000005930.csv,CAN_CSV0000000000006996.csv
CAN_CSV0000000000005930.csv,CAN_CSV0000000000001161.csv
CAN_CSV0000000000005930.csv,CAN_CSV0000000000027219.csv
CAN_CSV0000000000005930.csv,CAN_CSV0000000000013489.csv
CAN_CSV0000000000005930.csv,CAN_CSV0000000000000608.csv
CAN_CSV0000000000005930.csv,CAN_CSV0000000000013603.csv
CAN_CSV0000000000005930.csv,CAN_CSV0000000000013782.csv
CAN_CSV0000000000005930.csv,CAN_CSV0000000000015560.csv
CAN_CSV0000000000005930.csv,CAN_CSV0000000000005265.csv
CAN_CSV0000000000005930.csv,CAN_CSV0000000000000610.csv
CAN_CSV0000000000005930.csv,CAN_CSV0000000000001116.csv
CAN_CSV0000000000005930.csv,CAN_CSV0000000000005910.csv
CAN_CSV0000000000005930.csv,CAN_CSV0000000000013621.csv
CAN_CSV0000000000005930.csv,CAN_CSV0000000000004703.csv
CAN_CSV0000000000005930.csv,CAN_CSV0000000000001157.csv
CAN_CSV0000000000005930.csv,CAN_CSV0000000000001138.csv
CAN_CSV0000000000005930.csv,CAN_CSV0000000000015570.csv
CAN_CSV0000000000005930.csv,CAN_CSV0000000000013602.csv
CAN_CSV0000000000005930.csv,CAN_CSV0000000000015551.csv
CAN_CSV0000000000005930.csv,CAN_CSV0000000000001226.csv
CAN_CSV0000000000005930.csv,CAN_CSV0000000000005128.csv
CAN_CSV0000000000005930.csv,CAN_CSV0000000000001114.csv
CAN_CSV0000000000005930.csv,CAN_CSV0000000000012980.csv
CAN_CSV0000000000005930.csv,CAN_CSV0000000000005009.csv
CAN_CSV0000000000005930.csv,CAN_CSV0000000000000974.csv
CAN_CSV0000000000005930.csv,CAN_CSV0000000000013701.csv
CAN_CSV0000000000005930.csv,CAN_CSV0000000000012845.csv
CAN_CSV0000000000005930.csv,CAN_CSV0000000000013484.csv
CAN_CSV0000000000005930.csv,CAN_CSV0000000000013497.csv
CAN_CSV0000000000005930.csv,CAN_CSV0000000000001137.csv
CAN_CSV0000000000005930.csv,CAN_CSV0000000000005103.csv
CAN_CSV0000000000005930.csv,CAN_CSV0000000000014315.csv
CAN_CSV0000000000005930.csv,CAN_CSV0000000000013510.csv
CAN_CSV0000000000005930.csv,CAN_CSV0000000000013036.csv
CAN_CSV0000000000005930.csv,CAN_CSV0000000000001142.csv
CAN_CSV0000000000005930.csv,CAN_CSV0000000000002253.csv
CAN_CSV0000000000005930.csv,CAN_CSV0000000000027228.csv
CAN_CSV0000000000005930.csv,CAN_CSV0000000000001069.csv
CAN_CSV0000000000005930.csv,CAN_CSV0000000000005379.csv
CAN_CSV0000000000006102.csv,CAN_CSV0000000000005320.csv
CAN_CSV0000000000006102.csv,CAN_CSV0000000000000687.csv
CAN_CSV0000000000006102.csv,CAN_CSV0000000000000685.csv
CAN_CSV0000000000006102.csv,CAN_CSV0000000000027103.csv
CAN_CSV0000000000006102.csv,CAN_CSV0000000000005297.csv
CAN_CSV0000000000006102.csv,CAN_CSV0000000000005322.csv
CAN_CSV0000000000006102.csv,CAN_CSV0000000000000678.csv
CAN_CSV0000000000006102.csv,CAN_CSV0000000000005307.csv
CAN_CSV0000000000006102.csv,CAN_CSV0000000000005348.csv
CAN_CSV0000000000006102.csv,CAN_CSV0000000000005300.csv
CAN_CSV0000000000006102.csv,CAN_CSV0000000000000698.csv
CAN_CSV0000000000006102.csv,CAN_CSV0000000000000644.csv
CAN_CSV0000000000006192.csv,CAN_CSV0000000000005320.csv
CAN_CSV0000000000006192.csv,CAN_CSV0000000000000687.csv
CAN_CSV0000000000006192.csv,CAN_CSV0000000000000685.csv
CAN_CSV0000000000006192.csv,CAN_CSV0000000000027103.csv
CAN_CSV0000000000006192.csv,CAN_CSV0000000000005297.csv
CAN_CSV0000000000006192.csv,CAN_CSV0000000000005322.csv
CAN_CSV0000000000006192.csv,CAN_CSV0000000000000678.csv
CAN_CSV0000000000006192.csv,CAN_CSV0000000000005307.csv
CAN_CSV0000000000006192.csv,CAN_CSV0000000000005348.csv
CAN_CSV0000000000006192.csv,CAN_CSV0000000000005300.csv
CAN_CSV0000000000006192.csv,CAN_CSV0000000000000698.csv
CAN_CSV0000000000006192.csv,CAN_CSV0000000000000644.csv
CAN_CSV0000000000006344.csv,CAN_CSV0000000000006337.csv
CAN_CSV0000000000006344.csv,CAN_CSV0000000000007112.csv
CAN_CSV0000000000006344.csv,CAN_CSV0000000000027218.csv
CAN_CSV0000000000006344.csv,CAN_CSV0000000000005832.csv
CAN_CSV0000000000006344.csv,CAN_CSV0000000000013199.csv
CAN_CSV0000000000006344.csv,CAN_CSV0000000000001009.csv
CAN_CSV0000000000006344.csv,CAN_CSV0000000000000963.csv
CAN_CSV0000000000006344.csv,CAN_CSV0000000000013518.csv
CAN_CSV0000000000006344.csv,CAN_CSV0000000000002181.csv
CAN_CSV0000000000006344.csv,CAN_CSV0000000000000957.csv
CAN_CSV0000000000006344.csv,CAN_CSV0000000000000964.csv
CAN_CSV0000000000006344.csv,CAN_CSV0000000000000970.csv
CAN_CSV0000000000006344.csv,CAN_CSV0000000000006577.csv
CAN_CSV0000000000006344.csv,CAN_CSV0000000000005265.csv
CAN_CSV0000000000006344.csv,CAN_CSV0000000000015570.csv
CAN_CSV0000000000006344.csv,CAN_CSV0000000000006331.csv
CAN_CSV0000000000006344.csv,CAN_CSV0000000000006575.csv
CAN_CSV0000000000006344.csv,CAN_CSV0000000000012980.csv
CAN_CSV0000000000006344.csv,CAN_CSV0000000000013510.csv
CAN_CSV0000000000006344.csv,CAN_CSV0000000000013036.csv
CAN_CSV0000000000006344.csv,CAN_CSV0000000000027228.csv
CAN_CSV0000000000006344.csv,CAN_CSV0000000000005379.csv
CAN_CSV0000000000006344.csv,CAN_CSV0000000000027217.csv
CAN_CSV0000000000006344.csv,CAN_CSV0000000000005264.csv
CAN_CSV0000000000006344.csv,CAN_CSV0000000000013514.csv
CAN_CSV0000000000006344.csv,CAN_CSV0000000000013702.csv
CAN_CSV0000000000006344.csv,CAN_CSV0000000000006545.csv
CAN_CSV0000000000006344.csv,CAN_CSV0000000000004766.csv
CAN_CSV0000000000006344.csv,CAN_CSV0000000000005550.csv
CAN_CSV0000000000006344.csv,CAN_CSV0000000000027219.csv
CAN_CSV0000000000006344.csv,CAN_CSV0000000000000608.csv
CAN_CSV0000000000006344.csv,CAN_CSV0000000000000861.csv
CAN_CSV0000000000006344.csv,CAN_CSV0000000000015551.csv
CAN_CSV0000000000006344.csv,CAN_CSV0000000000001226.csv
CAN_CSV0000000000006344.csv,CAN_CSV0000000000001114.csv
CAN_CSV0000000000006344.csv,CAN_CSV0000000000000858.csv
CAN_CSV0000000000006344.csv,CAN_CSV0000000000000854.csv
CAN_CSV0000000000006344.csv,CAN_CSV0000000000013489.csv
CAN_CSV0000000000006344.csv,CAN_CSV0000000000006574.csv
CAN_CSV0000000000006344.csv,CAN_CSV0000000000005391.csv
CAN_CSV0000000000006344.csv,CAN_CSV0000000000000857.csv
CAN_CSV0000000000006344.csv,CAN_CSV0000000000000959.csv
CAN_CSV0000000000006344.csv,CAN_CSV0000000000005227.csv
CAN_CSV0000000000006344.csv,CAN_CSV0000000000005205.csv
CAN_CSV0000000000006344.csv,CAN_CSV0000000000000735.csv
CAN_CSV0000000000006344.csv,CAN_CSV0000000000001000.csv
CAN_CSV0000000000006344.csv,CAN_CSV0000000000015560.csv
CAN_CSV0000000000006344.csv,CAN_CSV0000000000004703.csv
CAN_CSV0000000000006344.csv,CAN_CSV0000000000000859.csv
CAN_CSV0000000000006344.csv,CAN_CSV0000000000013602.csv
CAN_CSV0000000000006344.csv,CAN_CSV0000000000005009.csv
CAN_CSV0000000000006344.csv,CAN_CSV0000000000000960.csv
CAN_CSV0000000000006344.csv,CAN_CSV0000000000005103.csv
CAN_CSV0000000000006344.csv,CAN_CSV0000000000014315.csv
CAN_CSV0000000000006344.csv,CAN_CSV0000000000005128.csv
CAN_CSV0000000000006344.csv,CAN_CSV0000000000013001.csv
CAN_CSV0000000000006344.csv,CAN_CSV0000000000000863.csv
CAN_CSV0000000000006344.csv,CAN_CSV0000000000002292.csv
CAN_CSV0000000000006344.csv,CAN_CSV0000000000012952.csv
CAN_CSV0000000000006344.csv,CAN_CSV0000000000006340.csv
CAN_CSV0000000000006344.csv,CAN_CSV0000000000000958.csv
CAN_CSV0000000000006344.csv,CAN_CSV0000000000000719.csv
CAN_CSV0000000000006344.csv,CAN_CSV0000000000013513.csv
CAN_CSV0000000000006344.csv,CAN_CSV0000000000013603.csv
CAN_CSV0000000000006344.csv,CAN_CSV0000000000013782.csv
CAN_CSV0000000000006344.csv,CAN_CSV0000000000000965.csv
CAN_CSV0000000000006344.csv,CAN_CSV0000000000006345.csv
CAN_CSV0000000000006344.csv,CAN_CSV0000000000000610.csv
CAN_CSV0000000000006344.csv,CAN_CSV0000000000001023.csv
CAN_CSV0000000000006344.csv,CAN_CSV0000000000001116.csv
CAN_CSV0000000000006344.csv,CAN_CSV0000000000000977.csv
CAN_CSV0000000000006344.csv,CAN_CSV0000000000013701.csv
CAN_CSV0000000000006344.csv,CAN_CSV0000000000000997.csv
CAN_CSV0000000000006344.csv,CAN_CSV0000000000012845.csv
CAN_CSV0000000000006344.csv,CAN_CSV0000000000013484.csv
CAN_CSV0000000000006344.csv,CAN_CSV0000000000013497.csv
CAN_CSV0000000000006566.csv,CAN_CSV0000000000006337.csv
CAN_CSV0000000000006566.csv,CAN_CSV0000000000027218.csv
CAN_CSV0000000000006566.csv,CAN_CSV0000000000005832.csv
CAN_CSV0000000000006566.csv,CAN_CSV0000000000013199.csv
CAN_CSV0000000000006566.csv,CAN_CSV0000000000013518.csv
CAN_CSV0000000000006566.csv,CAN_CSV0000000000002181.csv
CAN_CSV0000000000006566.csv,CAN_CSV0000000000000985.csv
CAN_CSV0000000000006566.csv,CAN_CSV0000000000000988.csv
CAN_CSV0000000000006566.csv,CAN_CSV0000000000006577.csv
CAN_CSV0000000000006566.csv,CAN_CSV0000000000005265.csv
CAN_CSV0000000000006566.csv,CAN_CSV0000000000015570.csv
CAN_CSV0000000000006566.csv,CAN_CSV0000000000006331.csv
CAN_CSV0000000000006566.csv,CAN_CSV0000000000006575.csv
CAN_CSV0000000000006566.csv,CAN_CSV0000000000012980.csv
CAN_CSV0000000000006566.csv,CAN_CSV0000000000013510.csv
CAN_CSV0000000000006566.csv,CAN_CSV0000000000013036.csv
CAN_CSV0000000000006566.csv,CAN_CSV0000000000000756.csv
CAN_CSV0000000000006566.csv,CAN_CSV0000000000001193.csv
CAN_CSV0000000000006566.csv,CAN_CSV0000000000027228.csv
CAN_CSV0000000000006566.csv,CAN_CSV0000000000005379.csv
CAN_CSV0000000000006566.csv,CAN_CSV0000000000027217.csv
CAN_CSV0000000000006566.csv,CAN_CSV0000000000005264.csv
CAN_CSV0000000000006566.csv,CAN_CSV0000000000013514.csv
CAN_CSV0000000000006566.csv,CAN_CSV0000000000013702.csv
CAN_CSV0000000000006566.csv,CAN_CSV0000000000004766.csv
CAN_CSV0000000000006566.csv,CAN_CSV0000000000027219.csv
CAN_CSV0000000000006566.csv,CAN_CSV0000000000000608.csv
CAN_CSV0000000000006566.csv,CAN_CSV0000000000000607.csv
CAN_CSV0000000000006566.csv,CAN_CSV0000000000000861.csv
CAN_CSV0000000000006566.csv,CAN_CSV0000000000015551.csv
CAN_CSV0000000000006566.csv,CAN_CSV0000000000000914.csv
CAN_CSV0000000000006566.csv,CAN_CSV0000000000001226.csv
CAN_CSV0000000000006566.csv,CAN_CSV0000000000001114.csv
CAN_CSV0000000000006566.csv,CAN_CSV0000000000000858.csv
CAN_CSV0000000000006566.csv,CAN_CSV0000000000000854.csv
CAN_CSV0000000000006566.csv,CAN_CSV0000000000013489.csv
CAN_CSV0000000000006566.csv,CAN_CSV0000000000006574.csv
CAN_CSV0000000000006566.csv,CAN_CSV0000000000005391.csv
CAN_CSV0000000000006566.csv,CAN_CSV0000000000000857.csv
CAN_CSV0000000000006566.csv,CAN_CSV0000000000000989.csv
CAN_CSV0000000000006566.csv,CAN_CSV0000000000005227.csv
CAN_CSV0000000000006566.csv,CAN_CSV0000000000005205.csv
CAN_CSV0000000000006566.csv,CAN_CSV0000000000000735.csv
CAN_CSV0000000000006566.csv,CAN_CSV0000000000006344.csv
CAN_CSV0000000000006566.csv,CAN_CSV0000000000015560.csv
CAN_CSV0000000000006566.csv,CAN_CSV0000000000004703.csv
CAN_CSV0000000000006566.csv,CAN_CSV0000000000000859.csv
CAN_CSV0000000000006566.csv,CAN_CSV0000000000000986.csv
CAN_CSV0000000000006566.csv,CAN_CSV0000000000013602.csv
CAN_CSV0000000000006566.csv,CAN_CSV0000000000000871.csv
CAN_CSV0000000000006566.csv,CAN_CSV0000000000000984.csv
CAN_CSV0000000000006566.csv,CAN_CSV0000000000005009.csv
CAN_CSV0000000000006566.csv,CAN_CSV0000000000000983.csv
CAN_CSV0000000000006566.csv,CAN_CSV0000000000005103.csv
CAN_CSV0000000000006566.csv,CAN_CSV0000000000014315.csv
CAN_CSV0000000000006566.csv,CAN_CSV0000000000000870.csv
CAN_CSV0000000000006566.csv,CAN_CSV0000000000000852.csv
CAN_CSV0000000000006566.csv,CAN_CSV0000000000005128.csv
CAN_CSV0000000000006566.csv,CAN_CSV0000000000013001.csv
CAN_CSV0000000000006566.csv,CAN_CSV0000000000000863.csv
CAN_CSV0000000000006566.csv,CAN_CSV0000000000002292.csv
CAN_CSV0000000000006566.csv,CAN_CSV0000000000013375.csv
CAN_CSV0000000000006566.csv,CAN_CSV0000000000012952.csv
CAN_CSV0000000000006566.csv,CAN_CSV0000000000006340.csv
CAN_CSV0000000000006566.csv,CAN_CSV0000000000000719.csv
CAN_CSV0000000000006566.csv,CAN_CSV0000000000013513.csv
CAN_CSV0000000000006566.csv,CAN_CSV0000000000013603.csv
CAN_CSV0000000000006566.csv,CAN_CSV0000000000013782.csv
CAN_CSV0000000000006566.csv,CAN_CSV0000000000006345.csv
CAN_CSV0000000000006566.csv,CAN_CSV0000000000000991.csv
CAN_CSV0000000000006566.csv,CAN_CSV0000000000000610.csv
CAN_CSV0000000000006566.csv,CAN_CSV0000000000001116.csv
CAN_CSV0000000000006566.csv,CAN_CSV0000000000012528.csv
CAN_CSV0000000000006566.csv,CAN_CSV0000000000013701.csv
CAN_CSV0000000000006566.csv,CAN_CSV0000000000012845.csv
CAN_CSV0000000000006566.csv,CAN_CSV0000000000013484.csv
CAN_CSV0000000000006566.csv,CAN_CSV0000000000013497.csv
CAN_CSV0000000000006577.csv,CAN_CSV0000000000006574.csv
CAN_CSV0000000000006577.csv,CAN_CSV0000000000006337.csv
CAN_CSV0000000000006577.csv,CAN_CSV0000000000013001.csv
CAN_CSV0000000000006577.csv,CAN_CSV0000000000000863.csv
CAN_CSV0000000000006577.csv,CAN_CSV0000000000002292.csv
CAN_CSV0000000000006577.csv,CAN_CSV0000000000027218.csv
CAN_CSV0000000000006577.csv,CAN_CSV0000000000005832.csv
CAN_CSV0000000000006577.csv,CAN_CSV0000000000005391.csv
CAN_CSV0000000000006577.csv,CAN_CSV0000000000012952.csv
CAN_CSV0000000000006577.csv,CAN_CSV0000000000027217.csv
CAN_CSV0000000000006577.csv,CAN_CSV0000000000006340.csv
CAN_CSV0000000000006577.csv,CAN_CSV0000000000013199.csv
CAN_CSV0000000000006577.csv,CAN_CSV0000000000013514.csv
CAN_CSV0000000000006577.csv,CAN_CSV0000000000013702.csv
CAN_CSV0000000000006577.csv,CAN_CSV0000000000000857.csv
CAN_CSV0000000000006577.csv,CAN_CSV0000000000005264.csv
CAN_CSV0000000000006577.csv,CAN_CSV0000000000004766.csv
CAN_CSV0000000000006577.csv,CAN_CSV0000000000000719.csv
CAN_CSV0000000000006577.csv,CAN_CSV0000000000013518.csv
CAN_CSV0000000000006577.csv,CAN_CSV0000000000002181.csv
CAN_CSV0000000000006577.csv,CAN_CSV0000000000005205.csv
CAN_CSV0000000000006577.csv,CAN_CSV0000000000005227.csv
CAN_CSV0000000000006577.csv,CAN_CSV0000000000000735.csv
CAN_CSV0000000000006577.csv,CAN_CSV0000000000013513.csv
CAN_CSV0000000000006577.csv,CAN_CSV0000000000027219.csv
CAN_CSV0000000000006577.csv,CAN_CSV0000000000006344.csv
CAN_CSV0000000000006577.csv,CAN_CSV0000000000000608.csv
CAN_CSV0000000000006577.csv,CAN_CSV0000000000013603.csv
CAN_CSV0000000000006577.csv,CAN_CSV0000000000013782.csv
CAN_CSV0000000000006577.csv,CAN_CSV0000000000015560.csv
CAN_CSV0000000000006577.csv,CAN_CSV0000000000000861.csv
CAN_CSV0000000000006577.csv,CAN_CSV0000000000006345.csv
CAN_CSV0000000000006577.csv,CAN_CSV0000000000005265.csv
CAN_CSV0000000000006577.csv,CAN_CSV0000000000000610.csv
CAN_CSV0000000000006577.csv,CAN_CSV0000000000001116.csv
CAN_CSV0000000000006577.csv,CAN_CSV0000000000004703.csv
CAN_CSV0000000000006577.csv,CAN_CSV0000000000000855.csv
CAN_CSV0000000000006577.csv,CAN_CSV0000000000000859.csv
CAN_CSV0000000000006577.csv,CAN_CSV0000000000015551.csv
CAN_CSV0000000000006577.csv,CAN_CSV0000000000015570.csv
CAN_CSV0000000000006577.csv,CAN_CSV0000000000001226.csv
CAN_CSV0000000000006577.csv,CAN_CSV0000000000013602.csv
CAN_CSV0000000000006577.csv,CAN_CSV0000000000005128.csv
CAN_CSV0000000000006577.csv,CAN_CSV0000000000006331.csv
CAN_CSV0000000000006577.csv,CAN_CSV0000000000006575.csv
CAN_CSV0000000000006577.csv,CAN_CSV0000000000001114.csv
CAN_CSV0000000000006577.csv,CAN_CSV0000000000012980.csv
CAN_CSV0000000000006577.csv,CAN_CSV0000000000000852.csv
CAN_CSV0000000000006577.csv,CAN_CSV0000000000000858.csv
CAN_CSV0000000000006577.csv,CAN_CSV0000000000005009.csv
CAN_CSV0000000000006577.csv,CAN_CSV0000000000013701.csv
CAN_CSV0000000000006577.csv,CAN_CSV0000000000012845.csv
CAN_CSV0000000000006577.csv,CAN_CSV0000000000013484.csv
CAN_CSV0000000000006577.csv,CAN_CSV0000000000013497.csv
CAN_CSV0000000000006577.csv,CAN_CSV0000000000005103.csv
CAN_CSV0000000000006577.csv,CAN_CSV0000000000014315.csv
CAN_CSV0000000000006577.csv,CAN_CSV0000000000000854.csv
CAN_CSV0000000000006577.csv,CAN_CSV0000000000013510.csv
CAN_CSV0000000000006577.csv,CAN_CSV0000000000013036.csv
CAN_CSV0000000000006577.csv,CAN_CSV0000000000013489.csv
CAN_CSV0000000000006577.csv,CAN_CSV0000000000006389.csv
CAN_CSV0000000000006577.csv,CAN_CSV0000000000027228.csv
CAN_CSV0000000000006577.csv,CAN_CSV0000000000005379.csv
CAN_CSV0000000000006577.csv,CAN_CSV0000000000000860.csv
CAN_CSV0000000000006644.csv,CAN_CSV0000000000005320.csv
CAN_CSV0000000000006644.csv,CAN_CSV0000000000000687.csv
CAN_CSV0000000000006644.csv,CAN_CSV0000000000000685.csv
CAN_CSV0000000000006644.csv,CAN_CSV0000000000027103.csv
CAN_CSV0000000000006644.csv,CAN_CSV0000000000005297.csv
CAN_CSV0000000000006644.csv,CAN_CSV0000000000005322.csv
CAN_CSV0000000000006644.csv,CAN_CSV0000000000000678.csv
CAN_CSV0000000000006644.csv,CAN_CSV0000000000005307.csv
CAN_CSV0000000000006644.csv,CAN_CSV0000000000005348.csv
CAN_CSV0000000000006644.csv,CAN_CSV0000000000005300.csv
CAN_CSV0000000000006644.csv,CAN_CSV0000000000000698.csv
CAN_CSV0000000000006644.csv,CAN_CSV0000000000000644.csv
CAN_CSV0000000000006650.csv,CAN_CSV0000000000005415.csv
CAN_CSV0000000000006650.csv,CAN_CSV0000000000005832.csv
CAN_CSV0000000000006650.csv,CAN_CSV0000000000027218.csv
CAN_CSV0000000000006650.csv,CAN_CSV0000000000013440.csv
CAN_CSV0000000000006650.csv,CAN_CSV0000000000005442.csv
CAN_CSV0000000000006650.csv,CAN_CSV0000000000013199.csv
CAN_CSV0000000000006650.csv,CAN_CSV0000000000013518.csv
CAN_CSV0000000000006650.csv,CAN_CSV0000000000002181.csv
CAN_CSV0000000000006650.csv,CAN_CSV0000000000006651.csv
CAN_CSV0000000000006650.csv,CAN_CSV0000000000013439.csv
CAN_CSV0000000000006650.csv,CAN_CSV0000000000000771.csv
CAN_CSV0000000000006650.csv,CAN_CSV0000000000000745.csv
CAN_CSV0000000000006650.csv,CAN_CSV0000000000005265.csv
CAN_CSV0000000000006650.csv,CAN_CSV0000000000013621.csv
CAN_CSV0000000000006650.csv,CAN_CSV0000000000015570.csv
CAN_CSV0000000000006650.csv,CAN_CSV0000000000005302.csv
CAN_CSV0000000000006650.csv,CAN_CSV0000000000012980.csv
CAN_CSV0000000000006650.csv,CAN_CSV0000000000001128.csv
CAN_CSV0000000000006650.csv,CAN_CSV0000000000013510.csv
CAN_CSV0000000000006650.csv,CAN_CSV0000000000013036.csv
CAN_CSV0000000000006650.csv,CAN_CSV0000000000027228.csv
CAN_CSV0000000000006650.csv,CAN_CSV0000000000005379.csv
CAN_CSV0000000000006650.csv,CAN_CSV0000000000000762.csv
CAN_CSV0000000000006650.csv,CAN_CSV0000000000027308.csv
CAN_CSV0000000000006650.csv,CAN_CSV0000000000027217.csv
CAN_CSV0000000000006650.csv,CAN_CSV0000000000005264.csv
CAN_CSV0000000000006650.csv,CAN_CSV0000000000013514.csv
CAN_CSV0000000000006650.csv,CAN_CSV0000000000013702.csv
CAN_CSV0000000000006650.csv,CAN_CSV0000000000004766.csv
CAN_CSV0000000000006650.csv,CAN_CSV0000000000001129.csv
CAN_CSV0000000000006650.csv,CAN_CSV0000000000027219.csv
CAN_CSV0000000000006650.csv,CAN_CSV0000000000001130.csv
CAN_CSV0000000000006650.csv,CAN_CSV0000000000000608.csv
CAN_CSV0000000000006650.csv,CAN_CSV0000000000007183.csv
CAN_CSV0000000000006650.csv,CAN_CSV0000000000027325.csv
CAN_CSV0000000000006650.csv,CAN_CSV0000000000015551.csv
CAN_CSV0000000000006650.csv,CAN_CSV0000000000001226.csv
CAN_CSV0000000000006650.csv,CAN_CSV0000000000001114.csv
CAN_CSV0000000000006650.csv,CAN_CSV0000000000005891.csv
CAN_CSV0000000000006650.csv,CAN_CSV0000000000005397.csv
CAN_CSV0000000000006650.csv,CAN_CSV0000000000013489.csv
CAN_CSV0000000000006650.csv,CAN_CSV0000000000005391.csv
CAN_CSV0000000000006650.csv,CAN_CSV0000000000005904.csv
CAN_CSV0000000000006650.csv,CAN_CSV0000000000005227.csv
CAN_CSV0000000000006650.csv,CAN_CSV0000000000005205.csv
CAN_CSV0000000000006650.csv,CAN_CSV0000000000000735.csv
CAN_CSV0000000000006650.csv,CAN_CSV0000000000014274.csv
CAN_CSV0000000000006650.csv,CAN_CSV0000000000000885.csv
CAN_CSV0000000000006650.csv,CAN_CSV0000000000015560.csv
CAN_CSV0000000000006650.csv,CAN_CSV0000000000005398.csv
CAN_CSV0000000000006650.csv,CAN_CSV0000000000004703.csv
CAN_CSV0000000000006650.csv,CAN_CSV0000000000013602.csv
CAN_CSV0000000000006650.csv,CAN_CSV0000000000000871.csv
CAN_CSV0000000000006650.csv,CAN_CSV0000000000005009.csv
CAN_CSV0000000000006650.csv,CAN_CSV0000000000005103.csv
CAN_CSV0000000000006650.csv,CAN_CSV0000000000014315.csv
CAN_CSV0000000000006650.csv,CAN_CSV0000000000000778.csv
CAN_CSV0000000000006650.csv,CAN_CSV0000000000005128.csv
CAN_CSV0000000000006650.csv,CAN_CSV0000000000013001.csv
CAN_CSV0000000000006650.csv,CAN_CSV0000000000027143.csv
CAN_CSV0000000000006650.csv,CAN_CSV0000000000002292.csv
CAN_CSV0000000000006650.csv,CAN_CSV0000000000005401.csv
CAN_CSV0000000000006650.csv,CAN_CSV0000000000013007.csv
CAN_CSV0000000000006650.csv,CAN_CSV0000000000012952.csv
CAN_CSV0000000000006650.csv,CAN_CSV0000000000007060.csv
CAN_CSV0000000000006650.csv,CAN_CSV0000000000001048.csv
CAN_CSV0000000000006650.csv,CAN_CSV0000000000005847.csv
CAN_CSV0000000000006650.csv,CAN_CSV0000000000000766.csv
CAN_CSV0000000000006650.csv,CAN_CSV0000000000000719.csv
CAN_CSV0000000000006650.csv,CAN_CSV0000000000001117.csv
CAN_CSV0000000000006650.csv,CAN_CSV0000000000013513.csv
CAN_CSV0000000000006650.csv,CAN_CSV0000000000006669.csv
CAN_CSV0000000000006650.csv,CAN_CSV0000000000013603.csv
CAN_CSV0000000000006650.csv,CAN_CSV0000000000012522.csv
CAN_CSV0000000000006650.csv,CAN_CSV0000000000013782.csv
CAN_CSV0000000000006650.csv,CAN_CSV0000000000005883.csv
CAN_CSV0000000000006650.csv,CAN_CSV0000000000000610.csv
CAN_CSV0000000000006650.csv,CAN_CSV0000000000001116.csv
CAN_CSV0000000000006650.csv,CAN_CSV0000000000007184.csv
CAN_CSV0000000000006650.csv,CAN_CSV0000000000006672.csv
CAN_CSV0000000000006650.csv,CAN_CSV0000000000013701.csv
CAN_CSV0000000000006650.csv,CAN_CSV0000000000012845.csv
CAN_CSV0000000000006650.csv,CAN_CSV0000000000013484.csv
CAN_CSV0000000000006650.csv,CAN_CSV0000000000013497.csv
CAN_CSV0000000000006650.csv,CAN_CSV0000000000000883.csv
CAN_CSV0000000000006690.csv,CAN_CSV0000000000005320.csv
CAN_CSV0000000000006690.csv,CAN_CSV0000000000000687.csv
CAN_CSV0000000000006690.csv,CAN_CSV0000000000000685.csv
CAN_CSV0000000000006690.csv,CAN_CSV0000000000027103.csv
CAN_CSV0000000000006690.csv,CAN_CSV0000000000005297.csv
CAN_CSV0000000000006690.csv,CAN_CSV0000000000005322.csv
CAN_CSV0000000000006690.csv,CAN_CSV0000000000000678.csv
CAN_CSV0000000000006690.csv,CAN_CSV0000000000005307.csv
CAN_CSV0000000000006690.csv,CAN_CSV0000000000005348.csv
CAN_CSV0000000000006690.csv,CAN_CSV0000000000005300.csv
CAN_CSV0000000000006690.csv,CAN_CSV0000000000000698.csv
CAN_CSV0000000000006690.csv,CAN_CSV0000000000000644.csv
CAN_CSV0000000000006691.csv,CAN_CSV0000000000005320.csv
CAN_CSV0000000000006691.csv,CAN_CSV0000000000000687.csv
CAN_CSV0000000000006691.csv,CAN_CSV0000000000000685.csv
CAN_CSV0000000000006691.csv,CAN_CSV0000000000027103.csv
CAN_CSV0000000000006691.csv,CAN_CSV0000000000005297.csv
CAN_CSV0000000000006691.csv,CAN_CSV0000000000005322.csv
CAN_CSV0000000000006691.csv,CAN_CSV0000000000000678.csv
CAN_CSV0000000000006691.csv,CAN_CSV0000000000005307.csv
CAN_CSV0000000000006691.csv,CAN_CSV0000000000005348.csv
CAN_CSV0000000000006691.csv,CAN_CSV0000000000005300.csv
CAN_CSV0000000000006691.csv,CAN_CSV0000000000000698.csv
CAN_CSV0000000000006691.csv,CAN_CSV0000000000000644.csv
CAN_CSV0000000000006701.csv,CAN_CSV0000000000012391.csv
CAN_CSV0000000000006701.csv,CAN_CSV0000000000006712.csv
CAN_CSV0000000000006701.csv,CAN_CSV0000000000027218.csv
CAN_CSV0000000000006701.csv,CAN_CSV0000000000005832.csv
CAN_CSV0000000000006701.csv,CAN_CSV0000000000027150.csv
CAN_CSV0000000000006701.csv,CAN_CSV0000000000000949.csv
CAN_CSV0000000000006701.csv,CAN_CSV0000000000013199.csv
CAN_CSV0000000000006701.csv,CAN_CSV0000000000001181.csv
CAN_CSV0000000000006701.csv,CAN_CSV0000000000001185.csv
CAN_CSV0000000000006701.csv,CAN_CSV0000000000013518.csv
CAN_CSV0000000000006701.csv,CAN_CSV0000000000002181.csv
CAN_CSV0000000000006701.csv,CAN_CSV0000000000001115.csv
CAN_CSV0000000000006701.csv,CAN_CSV0000000000005265.csv
CAN_CSV0000000000006701.csv,CAN_CSV0000000000015570.csv
CAN_CSV0000000000006701.csv,CAN_CSV0000000000001064.csv
CAN_CSV0000000000006701.csv,CAN_CSV0000000000006997.csv
CAN_CSV0000000000006701.csv,CAN_CSV0000000000012980.csv
CAN_CSV0000000000006701.csv,CAN_CSV0000000000013510.csv
CAN_CSV0000000000006701.csv,CAN_CSV0000000000013036.csv
CAN_CSV0000000000006701.csv,CAN_CSV0000000000027228.csv
CAN_CSV0000000000006701.csv,CAN_CSV0000000000005379.csv
CAN_CSV0000000000006701.csv,CAN_CSV0000000000006700.csv
CAN_CSV0000000000006701.csv,CAN_CSV0000000000027217.csv
CAN_CSV0000000000006701.csv,CAN_CSV0000000000005264.csv
CAN_CSV0000000000006701.csv,CAN_CSV0000000000013514.csv
CAN_CSV0000000000006701.csv,CAN_CSV0000000000013702.csv
CAN_CSV0000000000006701.csv,CAN_CSV0000000000004766.csv
CAN_CSV0000000000006701.csv,CAN_CSV0000000000027152.csv
CAN_CSV0000000000006701.csv,CAN_CSV0000000000013492.csv
CAN_CSV0000000000006701.csv,CAN_CSV0000000000001102.csv
CAN_CSV0000000000006701.csv,CAN_CSV0000000000027219.csv
CAN_CSV0000000000006701.csv,CAN_CSV0000000000000608.csv
CAN_CSV0000000000006701.csv,CAN_CSV0000000000013917.csv
CAN_CSV0000000000006701.csv,CAN_CSV0000000000006988.csv
CAN_CSV0000000000006701.csv,CAN_CSV0000000000001173.csv
CAN_CSV0000000000006701.csv,CAN_CSV0000000000015551.csv
CAN_CSV0000000000006701.csv,CAN_CSV0000000000001226.csv
CAN_CSV0000000000006701.csv,CAN_CSV0000000000001114.csv
CAN_CSV0000000000006701.csv,CAN_CSV0000000000015553.csv
CAN_CSV0000000000006701.csv,CAN_CSV0000000000013489.csv
CAN_CSV0000000000006701.csv,CAN_CSV0000000000005899.csv
CAN_CSV0000000000006701.csv,CAN_CSV0000000000005391.csv
CAN_CSV0000000000006701.csv,CAN_CSV0000000000015555.csv
CAN_CSV0000000000006701.csv,CAN_CSV0000000000015554.csv
CAN_CSV0000000000006701.csv,CAN_CSV0000000000005227.csv
CAN_CSV0000000000006701.csv,CAN_CSV0000000000005205.csv
CAN_CSV0000000000006701.csv,CAN_CSV0000000000005447.csv
CAN_CSV0000000000006701.csv,CAN_CSV0000000000000735.csv
CAN_CSV0000000000006701.csv,CAN_CSV0000000000015560.csv
CAN_CSV0000000000006701.csv,CAN_CSV0000000000004703.csv
CAN_CSV0000000000006701.csv,CAN_CSV0000000000013602.csv
CAN_CSV0000000000006701.csv,CAN_CSV0000000000006714.csv
CAN_CSV0000000000006701.csv,CAN_CSV0000000000005009.csv
CAN_CSV0000000000006701.csv,CAN_CSV0000000000005103.csv
CAN_CSV0000000000006701.csv,CAN_CSV0000000000014315.csv
CAN_CSV0000000000006701.csv,CAN_CSV0000000000005128.csv
CAN_CSV0000000000006701.csv,CAN_CSV0000000000013001.csv
CAN_CSV0000000000006701.csv,CAN_CSV0000000000002292.csv
CAN_CSV0000000000006701.csv,CAN_CSV0000000000012952.csv
CAN_CSV0000000000006701.csv,CAN_CSV0000000000013483.csv
CAN_CSV0000000000006701.csv,CAN_CSV0000000000013919.csv
CAN_CSV0000000000006701.csv,CAN_CSV0000000000000719.csv
CAN_CSV0000000000006701.csv,CAN_CSV0000000000013513.csv
CAN_CSV0000000000006701.csv,CAN_CSV0000000000027062.csv
CAN_CSV0000000000006701.csv,CAN_CSV0000000000013603.csv
CAN_CSV0000000000006701.csv,CAN_CSV0000000000001180.csv
CAN_CSV0000000000006701.csv,CAN_CSV0000000000013782.csv
CAN_CSV0000000000006701.csv,CAN_CSV0000000000000610.csv
CAN_CSV0000000000006701.csv,CAN_CSV0000000000001116.csv
CAN_CSV0000000000006701.csv,CAN_CSV0000000000006699.csv
CAN_CSV0000000000006701.csv,CAN_CSV0000000000001091.csv
CAN_CSV0000000000006701.csv,CAN_CSV0000000000013701.csv
CAN_CSV0000000000006701.csv,CAN_CSV0000000000012845.csv
CAN_CSV0000000000006701.csv,CAN_CSV0000000000013484.csv
CAN_CSV0000000000006701.csv,CAN_CSV0000000000013794.csv
CAN_CSV0000000000006701.csv,CAN_CSV0000000000013497.csv
CAN_CSV0000000000006701.csv,CAN_CSV0000000000013890.csv
CAN_CSV0000000000006740.csv,CAN_CSV0000000000005320.csv
CAN_CSV0000000000006740.csv,CAN_CSV0000000000000687.csv
CAN_CSV0000000000006740.csv,CAN_CSV0000000000000685.csv
CAN_CSV0000000000006740.csv,CAN_CSV0000000000027103.csv
CAN_CSV0000000000006740.csv,CAN_CSV0000000000005297.csv
CAN_CSV0000000000006740.csv,CAN_CSV0000000000005322.csv
CAN_CSV0000000000006740.csv,CAN_CSV0000000000000678.csv
CAN_CSV0000000000006740.csv,CAN_CSV0000000000005307.csv
CAN_CSV0000000000006740.csv,CAN_CSV0000000000005348.csv
CAN_CSV0000000000006740.csv,CAN_CSV0000000000005300.csv
CAN_CSV0000000000006740.csv,CAN_CSV0000000000000698.csv
CAN_CSV0000000000006740.csv,CAN_CSV0000000000000644.csv
CAN_CSV0000000000006750.csv,CAN_CSV0000000000006753.csv
CAN_CSV0000000000006750.csv,CAN_CSV0000000000013001.csv
CAN_CSV0000000000006750.csv,CAN_CSV0000000000006923.csv
CAN_CSV0000000000006750.csv,CAN_CSV0000000000002292.csv
CAN_CSV0000000000006750.csv,CAN_CSV0000000000027218.csv
CAN_CSV0000000000006750.csv,CAN_CSV0000000000005832.csv
CAN_CSV0000000000006750.csv,CAN_CSV0000000000005391.csv
CAN_CSV0000000000006750.csv,CAN_CSV0000000000012952.csv
CAN_CSV0000000000006750.csv,CAN_CSV0000000000027217.csv
CAN_CSV0000000000006750.csv,CAN_CSV0000000000005264.csv
CAN_CSV0000000000006750.csv,CAN_CSV0000000000013199.csv
CAN_CSV0000000000006750.csv,CAN_CSV0000000000013514.csv
CAN_CSV0000000000006750.csv,CAN_CSV0000000000013702.csv
CAN_CSV0000000000006750.csv,CAN_CSV0000000000006790.csv
CAN_CSV0000000000006750.csv,CAN_CSV0000000000006930.csv
CAN_CSV0000000000006750.csv,CAN_CSV0000000000004766.csv
CAN_CSV0000000000006750.csv,CAN_CSV0000000000000719.csv
CAN_CSV0000000000006750.csv,CAN_CSV0000000000013518.csv
CAN_CSV0000000000006750.csv,CAN_CSV0000000000002181.csv
CAN_CSV0000000000006750.csv,CAN_CSV0000000000005205.csv
CAN_CSV0000000000006750.csv,CAN_CSV0000000000005227.csv
CAN_CSV0000000000006750.csv,CAN_CSV0000000000000735.csv
CAN_CSV0000000000006750.csv,CAN_CSV0000000000013513.csv
CAN_CSV0000000000006750.csv,CAN_CSV0000000000027219.csv
CAN_CSV0000000000006750.csv,CAN_CSV0000000000013489.csv
CAN_CSV0000000000006750.csv,CAN_CSV0000000000000608.csv
CAN_CSV0000000000006750.csv,CAN_CSV0000000000006823.csv
CAN_CSV0000000000006750.csv,CAN_CSV0000000000013603.csv
CAN_CSV0000000000006750.csv,CAN_CSV0000000000013782.csv
CAN_CSV0000000000006750.csv,CAN_CSV0000000000006752.csv
CAN_CSV0000000000006750.csv,CAN_CSV0000000000015560.csv
CAN_CSV0000000000006750.csv,CAN_CSV0000000000005265.csv
CAN_CSV0000000000006750.csv,CAN_CSV0000000000006831.csv
CAN_CSV0000000000006750.csv,CAN_CSV0000000000000610.csv
CAN_CSV0000000000006750.csv,CAN_CSV0000000000006747.csv
CAN_CSV0000000000006750.csv,CAN_CSV0000000000001116.csv
CAN_CSV0000000000006750.csv,CAN_CSV0000000000004703.csv
CAN_CSV0000000000006750.csv,CAN_CSV0000000000006948.csv
CAN_CSV0000000000006750.csv,CAN_CSV0000000000015570.csv
CAN_CSV0000000000006750.csv,CAN_CSV0000000000006959.csv
CAN_CSV0000000000006750.csv,CAN_CSV0000000000013602.csv
CAN_CSV0000000000006750.csv,CAN_CSV0000000000015551.csv
CAN_CSV0000000000006750.csv,CAN_CSV0000000000001226.csv
CAN_CSV0000000000006750.csv,CAN_CSV0000000000006838.csv
CAN_CSV0000000000006750.csv,CAN_CSV0000000000005128.csv
CAN_CSV0000000000006750.csv,CAN_CSV0000000000001114.csv
CAN_CSV0000000000006750.csv,CAN_CSV0000000000006770.csv
CAN_CSV0000000000006750.csv,CAN_CSV0000000000012980.csv
CAN_CSV0000000000006750.csv,CAN_CSV0000000000005009.csv
CAN_CSV0000000000006750.csv,CAN_CSV0000000000006920.csv
CAN_CSV0000000000006750.csv,CAN_CSV0000000000006781.csv
CAN_CSV0000000000006750.csv,CAN_CSV0000000000006822.csv
CAN_CSV0000000000006750.csv,CAN_CSV0000000000013701.csv
CAN_CSV0000000000006750.csv,CAN_CSV0000000000012845.csv
CAN_CSV0000000000006750.csv,CAN_CSV0000000000013484.csv
CAN_CSV0000000000006750.csv,CAN_CSV0000000000013497.csv
CAN_CSV0000000000006750.csv,CAN_CSV0000000000006780.csv
CAN_CSV0000000000006750.csv,CAN_CSV0000000000005103.csv
CAN_CSV0000000000006750.csv,CAN_CSV0000000000014315.csv
CAN_CSV0000000000006750.csv,CAN_CSV0000000000013510.csv
CAN_CSV0000000000006750.csv,CAN_CSV0000000000013036.csv
CAN_CSV0000000000006750.csv,CAN_CSV0000000000027228.csv
CAN_CSV0000000000006750.csv,CAN_CSV0000000000005379.csv
CAN_CSV0000000000006771.csv,CAN_CSV0000000000005320.csv
CAN_CSV0000000000006771.csv,CAN_CSV0000000000000687.csv
CAN_CSV0000000000006771.csv,CAN_CSV0000000000000685.csv
CAN_CSV0000000000006771.csv,CAN_CSV0000000000027103.csv
CAN_CSV0000000000006771.csv,CAN_CSV0000000000005297.csv
CAN_CSV0000000000006771.csv,CAN_CSV0000000000005322.csv
CAN_CSV0000000000006771.csv,CAN_CSV0000000000000678.csv
CAN_CSV0000000000006771.csv,CAN_CSV0000000000005307.csv
CAN_CSV0000000000006771.csv,CAN_CSV0000000000005348.csv
CAN_CSV0000000000006771.csv,CAN_CSV0000000000005300.csv
CAN_CSV0000000000006771.csv,CAN_CSV0000000000000698.csv
CAN_CSV0000000000006771.csv,CAN_CSV0000000000000644.csv
CAN_CSV0000000000006775.csv,CAN_CSV0000000000005320.csv
CAN_CSV0000000000006775.csv,CAN_CSV0000000000000687.csv
CAN_CSV0000000000006775.csv,CAN_CSV0000000000000685.csv
CAN_CSV0000000000006775.csv,CAN_CSV0000000000027103.csv
CAN_CSV0000000000006775.csv,CAN_CSV0000000000005297.csv
CAN_CSV0000000000006775.csv,CAN_CSV0000000000005322.csv
CAN_CSV0000000000006775.csv,CAN_CSV0000000000000678.csv
CAN_CSV0000000000006775.csv,CAN_CSV0000000000005307.csv
CAN_CSV0000000000006775.csv,CAN_CSV0000000000005348.csv
CAN_CSV0000000000006775.csv,CAN_CSV0000000000005300.csv
CAN_CSV0000000000006775.csv,CAN_CSV0000000000000698.csv
CAN_CSV0000000000006775.csv,CAN_CSV0000000000000644.csv
CAN_CSV0000000000006776.csv,CAN_CSV0000000000005320.csv
CAN_CSV0000000000006776.csv,CAN_CSV0000000000000687.csv
CAN_CSV0000000000006776.csv,CAN_CSV0000000000000685.csv
CAN_CSV0000000000006776.csv,CAN_CSV0000000000027103.csv
CAN_CSV0000000000006776.csv,CAN_CSV0000000000005297.csv
CAN_CSV0000000000006776.csv,CAN_CSV0000000000005322.csv
CAN_CSV0000000000006776.csv,CAN_CSV0000000000000678.csv
CAN_CSV0000000000006776.csv,CAN_CSV0000000000005307.csv
CAN_CSV0000000000006776.csv,CAN_CSV0000000000005348.csv
CAN_CSV0000000000006776.csv,CAN_CSV0000000000005300.csv
CAN_CSV0000000000006776.csv,CAN_CSV0000000000000698.csv
CAN_CSV0000000000006776.csv,CAN_CSV0000000000000644.csv
CAN_CSV0000000000006777.csv,CAN_CSV0000000000005320.csv
CAN_CSV0000000000006777.csv,CAN_CSV0000000000000687.csv
CAN_CSV0000000000006777.csv,CAN_CSV0000000000000685.csv
CAN_CSV0000000000006777.csv,CAN_CSV0000000000027103.csv
CAN_CSV0000000000006777.csv,CAN_CSV0000000000005297.csv
CAN_CSV0000000000006777.csv,CAN_CSV0000000000005322.csv
CAN_CSV0000000000006777.csv,CAN_CSV0000000000000678.csv
CAN_CSV0000000000006777.csv,CAN_CSV0000000000005307.csv
CAN_CSV0000000000006777.csv,CAN_CSV0000000000005348.csv
CAN_CSV0000000000006777.csv,CAN_CSV0000000000005300.csv
CAN_CSV0000000000006777.csv,CAN_CSV0000000000000698.csv
CAN_CSV0000000000006777.csv,CAN_CSV0000000000000644.csv
CAN_CSV0000000000006780.csv,CAN_CSV0000000000005320.csv
CAN_CSV0000000000006780.csv,CAN_CSV0000000000000687.csv
CAN_CSV0000000000006780.csv,CAN_CSV0000000000000685.csv
CAN_CSV0000000000006780.csv,CAN_CSV0000000000027103.csv
CAN_CSV0000000000006780.csv,CAN_CSV0000000000005297.csv
CAN_CSV0000000000006780.csv,CAN_CSV0000000000005322.csv
CAN_CSV0000000000006780.csv,CAN_CSV0000000000000678.csv
CAN_CSV0000000000006780.csv,CAN_CSV0000000000005307.csv
CAN_CSV0000000000006780.csv,CAN_CSV0000000000005348.csv
CAN_CSV0000000000006780.csv,CAN_CSV0000000000005300.csv
CAN_CSV0000000000006780.csv,CAN_CSV0000000000000698.csv
CAN_CSV0000000000006780.csv,CAN_CSV0000000000000644.csv
CAN_CSV0000000000006781.csv,CAN_CSV0000000000005320.csv
CAN_CSV0000000000006781.csv,CAN_CSV0000000000000687.csv
CAN_CSV0000000000006781.csv,CAN_CSV0000000000000685.csv
CAN_CSV0000000000006781.csv,CAN_CSV0000000000027103.csv
CAN_CSV0000000000006781.csv,CAN_CSV0000000000005297.csv
CAN_CSV0000000000006781.csv,CAN_CSV0000000000005322.csv
CAN_CSV0000000000006781.csv,CAN_CSV0000000000000678.csv
CAN_CSV0000000000006781.csv,CAN_CSV0000000000005307.csv
CAN_CSV0000000000006781.csv,CAN_CSV0000000000005348.csv
CAN_CSV0000000000006781.csv,CAN_CSV0000000000005300.csv
CAN_CSV0000000000006781.csv,CAN_CSV0000000000000698.csv
CAN_CSV0000000000006781.csv,CAN_CSV0000000000000644.csv
CAN_CSV0000000000006799.csv,CAN_CSV0000000000005320.csv
CAN_CSV0000000000006799.csv,CAN_CSV0000000000000687.csv
CAN_CSV0000000000006799.csv,CAN_CSV0000000000000685.csv
CAN_CSV0000000000006799.csv,CAN_CSV0000000000027103.csv
CAN_CSV0000000000006799.csv,CAN_CSV0000000000005297.csv
CAN_CSV0000000000006799.csv,CAN_CSV0000000000005322.csv
CAN_CSV0000000000006799.csv,CAN_CSV0000000000000678.csv
CAN_CSV0000000000006799.csv,CAN_CSV0000000000005307.csv
CAN_CSV0000000000006799.csv,CAN_CSV0000000000005348.csv
CAN_CSV0000000000006799.csv,CAN_CSV0000000000005300.csv
CAN_CSV0000000000006799.csv,CAN_CSV0000000000000698.csv
CAN_CSV0000000000006799.csv,CAN_CSV0000000000000644.csv
CAN_CSV0000000000006806.csv,CAN_CSV0000000000005320.csv
CAN_CSV0000000000006806.csv,CAN_CSV0000000000000687.csv
CAN_CSV0000000000006806.csv,CAN_CSV0000000000000685.csv
CAN_CSV0000000000006806.csv,CAN_CSV0000000000027103.csv
CAN_CSV0000000000006806.csv,CAN_CSV0000000000005297.csv
CAN_CSV0000000000006806.csv,CAN_CSV0000000000005322.csv
CAN_CSV0000000000006806.csv,CAN_CSV0000000000000678.csv
CAN_CSV0000000000006806.csv,CAN_CSV0000000000005307.csv
CAN_CSV0000000000006806.csv,CAN_CSV0000000000005348.csv
CAN_CSV0000000000006806.csv,CAN_CSV0000000000005300.csv
CAN_CSV0000000000006806.csv,CAN_CSV0000000000000698.csv
CAN_CSV0000000000006806.csv,CAN_CSV0000000000000644.csv
CAN_CSV0000000000006807.csv,CAN_CSV0000000000005320.csv
CAN_CSV0000000000006807.csv,CAN_CSV0000000000000687.csv
CAN_CSV0000000000006807.csv,CAN_CSV0000000000000685.csv
CAN_CSV0000000000006807.csv,CAN_CSV0000000000027103.csv
CAN_CSV0000000000006807.csv,CAN_CSV0000000000005297.csv
CAN_CSV0000000000006807.csv,CAN_CSV0000000000005322.csv
CAN_CSV0000000000006807.csv,CAN_CSV0000000000000678.csv
CAN_CSV0000000000006807.csv,CAN_CSV0000000000005307.csv
CAN_CSV0000000000006807.csv,CAN_CSV0000000000005348.csv
CAN_CSV0000000000006807.csv,CAN_CSV0000000000005300.csv
CAN_CSV0000000000006807.csv,CAN_CSV0000000000000698.csv
CAN_CSV0000000000006807.csv,CAN_CSV0000000000000644.csv
CAN_CSV0000000000006808.csv,CAN_CSV0000000000005320.csv
CAN_CSV0000000000006808.csv,CAN_CSV0000000000000687.csv
CAN_CSV0000000000006808.csv,CAN_CSV0000000000000685.csv
CAN_CSV0000000000006808.csv,CAN_CSV0000000000027103.csv
CAN_CSV0000000000006808.csv,CAN_CSV0000000000005297.csv
CAN_CSV0000000000006808.csv,CAN_CSV0000000000005322.csv
CAN_CSV0000000000006808.csv,CAN_CSV0000000000000678.csv
CAN_CSV0000000000006808.csv,CAN_CSV0000000000005307.csv
CAN_CSV0000000000006808.csv,CAN_CSV0000000000005348.csv
CAN_CSV0000000000006808.csv,CAN_CSV0000000000005300.csv
CAN_CSV0000000000006808.csv,CAN_CSV0000000000000698.csv
CAN_CSV0000000000006808.csv,CAN_CSV0000000000000644.csv
CAN_CSV0000000000006809.csv,CAN_CSV0000000000006840.csv
CAN_CSV0000000000006809.csv,CAN_CSV0000000000013001.csv
CAN_CSV0000000000006809.csv,CAN_CSV0000000000002292.csv
CAN_CSV0000000000006809.csv,CAN_CSV0000000000027218.csv
CAN_CSV0000000000006809.csv,CAN_CSV0000000000005832.csv
CAN_CSV0000000000006809.csv,CAN_CSV0000000000005391.csv
CAN_CSV0000000000006809.csv,CAN_CSV0000000000012952.csv
CAN_CSV0000000000006809.csv,CAN_CSV0000000000006818.csv
CAN_CSV0000000000006809.csv,CAN_CSV0000000000027217.csv
CAN_CSV0000000000006809.csv,CAN_CSV0000000000005264.csv
CAN_CSV0000000000006809.csv,CAN_CSV0000000000013199.csv
CAN_CSV0000000000006809.csv,CAN_CSV0000000000006819.csv
CAN_CSV0000000000006809.csv,CAN_CSV0000000000013514.csv
CAN_CSV0000000000006809.csv,CAN_CSV0000000000013702.csv
CAN_CSV0000000000006809.csv,CAN_CSV0000000000004766.csv
CAN_CSV0000000000006809.csv,CAN_CSV0000000000000719.csv
CAN_CSV0000000000006809.csv,CAN_CSV0000000000013518.csv
CAN_CSV0000000000006809.csv,CAN_CSV0000000000002181.csv
CAN_CSV0000000000006809.csv,CAN_CSV0000000000005205.csv
CAN_CSV0000000000006809.csv,CAN_CSV0000000000005227.csv
CAN_CSV0000000000006809.csv,CAN_CSV0000000000000735.csv
CAN_CSV0000000000006809.csv,CAN_CSV0000000000013513.csv
CAN_CSV0000000000006809.csv,CAN_CSV0000000000027219.csv
CAN_CSV0000000000006809.csv,CAN_CSV0000000000000608.csv
CAN_CSV0000000000006809.csv,CAN_CSV0000000000006823.csv
CAN_CSV0000000000006809.csv,CAN_CSV0000000000006777.csv
CAN_CSV0000000000006809.csv,CAN_CSV0000000000013603.csv
CAN_CSV0000000000006809.csv,CAN_CSV0000000000013782.csv
CAN_CSV0000000000006809.csv,CAN_CSV0000000000015560.csv
CAN_CSV0000000000006809.csv,CAN_CSV0000000000006808.csv
CAN_CSV0000000000006809.csv,CAN_CSV0000000000006813.csv
CAN_CSV0000000000006809.csv,CAN_CSV0000000000006812.csv
CAN_CSV0000000000006809.csv,CAN_CSV0000000000005265.csv
CAN_CSV0000000000006809.csv,CAN_CSV0000000000000610.csv
CAN_CSV0000000000006809.csv,CAN_CSV0000000000001116.csv
CAN_CSV0000000000006809.csv,CAN_CSV0000000000006834.csv
CAN_CSV0000000000006809.csv,CAN_CSV0000000000004703.csv
CAN_CSV0000000000006809.csv,CAN_CSV0000000000006817.csv
CAN_CSV0000000000006809.csv,CAN_CSV0000000000015551.csv
CAN_CSV0000000000006809.csv,CAN_CSV0000000000015570.csv
CAN_CSV0000000000006809.csv,CAN_CSV0000000000006942.csv
CAN_CSV0000000000006809.csv,CAN_CSV0000000000013602.csv
CAN_CSV0000000000006809.csv,CAN_CSV0000000000005379.csv
CAN_CSV0000000000006809.csv,CAN_CSV0000000000001226.csv
CAN_CSV0000000000006809.csv,CAN_CSV0000000000005128.csv
CAN_CSV0000000000006809.csv,CAN_CSV0000000000012677.csv
CAN_CSV0000000000006809.csv,CAN_CSV0000000000001114.csv
CAN_CSV0000000000006809.csv,CAN_CSV0000000000012980.csv
CAN_CSV0000000000006809.csv,CAN_CSV0000000000006799.csv
CAN_CSV0000000000006809.csv,CAN_CSV0000000000005009.csv
CAN_CSV0000000000006809.csv,CAN_CSV0000000000006807.csv
CAN_CSV0000000000006809.csv,CAN_CSV0000000000013701.csv
CAN_CSV0000000000006809.csv,CAN_CSV0000000000012845.csv
CAN_CSV0000000000006809.csv,CAN_CSV0000000000013484.csv
CAN_CSV0000000000006809.csv,CAN_CSV0000000000013497.csv
CAN_CSV0000000000006809.csv,CAN_CSV0000000000006811.csv
CAN_CSV0000000000006809.csv,CAN_CSV0000000000014315.csv
CAN_CSV0000000000006809.csv,CAN_CSV0000000000013510.csv
CAN_CSV0000000000006809.csv,CAN_CSV0000000000013036.csv
CAN_CSV0000000000006809.csv,CAN_CSV0000000000005103.csv
CAN_CSV0000000000006809.csv,CAN_CSV0000000000013489.csv
CAN_CSV0000000000006809.csv,CAN_CSV0000000000027228.csv
CAN_CSV0000000000006809.csv,CAN_CSV0000000000006810.csv
CAN_CSV0000000000006809.csv,CAN_CSV0000000000006836.csv
CAN_CSV0000000000006809.csv,CAN_CSV0000000000012583.csv
CAN_CSV0000000000006810.csv,CAN_CSV0000000000005320.csv
CAN_CSV0000000000006810.csv,CAN_CSV0000000000000687.csv
CAN_CSV0000000000006810.csv,CAN_CSV0000000000000685.csv
CAN_CSV0000000000006810.csv,CAN_CSV0000000000027103.csv
CAN_CSV0000000000006810.csv,CAN_CSV0000000000005297.csv
CAN_CSV0000000000006810.csv,CAN_CSV0000000000005322.csv
CAN_CSV0000000000006810.csv,CAN_CSV0000000000000678.csv
CAN_CSV0000000000006810.csv,CAN_CSV0000000000005307.csv
CAN_CSV0000000000006810.csv,CAN_CSV0000000000005348.csv
CAN_CSV0000000000006810.csv,CAN_CSV0000000000005300.csv
CAN_CSV0000000000006810.csv,CAN_CSV0000000000000698.csv
CAN_CSV0000000000006810.csv,CAN_CSV0000000000000644.csv
CAN_CSV0000000000006811.csv,CAN_CSV0000000000005320.csv
CAN_CSV0000000000006811.csv,CAN_CSV0000000000000687.csv
CAN_CSV0000000000006811.csv,CAN_CSV0000000000000685.csv
CAN_CSV0000000000006811.csv,CAN_CSV0000000000027103.csv
CAN_CSV0000000000006811.csv,CAN_CSV0000000000005297.csv
CAN_CSV0000000000006811.csv,CAN_CSV0000000000005322.csv
CAN_CSV0000000000006811.csv,CAN_CSV0000000000000678.csv
CAN_CSV0000000000006811.csv,CAN_CSV0000000000005307.csv
CAN_CSV0000000000006811.csv,CAN_CSV0000000000005348.csv
CAN_CSV0000000000006811.csv,CAN_CSV0000000000005300.csv
CAN_CSV0000000000006811.csv,CAN_CSV0000000000000698.csv
CAN_CSV0000000000006811.csv,CAN_CSV0000000000000644.csv
CAN_CSV0000000000006812.csv,CAN_CSV0000000000005320.csv
CAN_CSV0000000000006812.csv,CAN_CSV0000000000000687.csv
CAN_CSV0000000000006812.csv,CAN_CSV0000000000000685.csv
CAN_CSV0000000000006812.csv,CAN_CSV0000000000027103.csv
CAN_CSV0000000000006812.csv,CAN_CSV0000000000005297.csv
CAN_CSV0000000000006812.csv,CAN_CSV0000000000005322.csv
CAN_CSV0000000000006812.csv,CAN_CSV0000000000000678.csv
CAN_CSV0000000000006812.csv,CAN_CSV0000000000005307.csv
CAN_CSV0000000000006812.csv,CAN_CSV0000000000005348.csv
CAN_CSV0000000000006812.csv,CAN_CSV0000000000005300.csv
CAN_CSV0000000000006812.csv,CAN_CSV0000000000000698.csv
CAN_CSV0000000000006812.csv,CAN_CSV0000000000000644.csv
CAN_CSV0000000000006813.csv,CAN_CSV0000000000005320.csv
CAN_CSV0000000000006813.csv,CAN_CSV0000000000000687.csv
CAN_CSV0000000000006813.csv,CAN_CSV0000000000000685.csv
CAN_CSV0000000000006813.csv,CAN_CSV0000000000027103.csv
CAN_CSV0000000000006813.csv,CAN_CSV0000000000005297.csv
CAN_CSV0000000000006813.csv,CAN_CSV0000000000005322.csv
CAN_CSV0000000000006813.csv,CAN_CSV0000000000000678.csv
CAN_CSV0000000000006813.csv,CAN_CSV0000000000005307.csv
CAN_CSV0000000000006813.csv,CAN_CSV0000000000005348.csv
CAN_CSV0000000000006813.csv,CAN_CSV0000000000005300.csv
CAN_CSV0000000000006813.csv,CAN_CSV0000000000000698.csv
CAN_CSV0000000000006813.csv,CAN_CSV0000000000000644.csv
CAN_CSV0000000000006814.csv,CAN_CSV0000000000005320.csv
CAN_CSV0000000000006814.csv,CAN_CSV0000000000000687.csv
CAN_CSV0000000000006814.csv,CAN_CSV0000000000000685.csv
CAN_CSV0000000000006814.csv,CAN_CSV0000000000027103.csv
CAN_CSV0000000000006814.csv,CAN_CSV0000000000005297.csv
CAN_CSV0000000000006814.csv,CAN_CSV0000000000005322.csv
CAN_CSV0000000000006814.csv,CAN_CSV0000000000000678.csv
CAN_CSV0000000000006814.csv,CAN_CSV0000000000005307.csv
CAN_CSV0000000000006814.csv,CAN_CSV0000000000005348.csv
CAN_CSV0000000000006814.csv,CAN_CSV0000000000005300.csv
CAN_CSV0000000000006814.csv,CAN_CSV0000000000000698.csv
CAN_CSV0000000000006814.csv,CAN_CSV0000000000000644.csv
CAN_CSV0000000000006817.csv,CAN_CSV0000000000005320.csv
CAN_CSV0000000000006817.csv,CAN_CSV0000000000000687.csv
CAN_CSV0000000000006817.csv,CAN_CSV0000000000000685.csv
CAN_CSV0000000000006817.csv,CAN_CSV0000000000027103.csv
CAN_CSV0000000000006817.csv,CAN_CSV0000000000005297.csv
CAN_CSV0000000000006817.csv,CAN_CSV0000000000005322.csv
CAN_CSV0000000000006817.csv,CAN_CSV0000000000000678.csv
CAN_CSV0000000000006817.csv,CAN_CSV0000000000005307.csv
CAN_CSV0000000000006817.csv,CAN_CSV0000000000005348.csv
CAN_CSV0000000000006817.csv,CAN_CSV0000000000005300.csv
CAN_CSV0000000000006817.csv,CAN_CSV0000000000000698.csv
CAN_CSV0000000000006817.csv,CAN_CSV0000000000000644.csv
CAN_CSV0000000000006818.csv,CAN_CSV0000000000005320.csv
CAN_CSV0000000000006818.csv,CAN_CSV0000000000000687.csv
CAN_CSV0000000000006818.csv,CAN_CSV0000000000000685.csv
CAN_CSV0000000000006818.csv,CAN_CSV0000000000027103.csv
CAN_CSV0000000000006818.csv,CAN_CSV0000000000005297.csv
CAN_CSV0000000000006818.csv,CAN_CSV0000000000005322.csv
CAN_CSV0000000000006818.csv,CAN_CSV0000000000000678.csv
CAN_CSV0000000000006818.csv,CAN_CSV0000000000005307.csv
CAN_CSV0000000000006818.csv,CAN_CSV0000000000005348.csv
CAN_CSV0000000000006818.csv,CAN_CSV0000000000005300.csv
CAN_CSV0000000000006818.csv,CAN_CSV0000000000000698.csv
CAN_CSV0000000000006818.csv,CAN_CSV0000000000000644.csv
CAN_CSV0000000000006819.csv,CAN_CSV0000000000005320.csv
CAN_CSV0000000000006819.csv,CAN_CSV0000000000000687.csv
CAN_CSV0000000000006819.csv,CAN_CSV0000000000000685.csv
CAN_CSV0000000000006819.csv,CAN_CSV0000000000027103.csv
CAN_CSV0000000000006819.csv,CAN_CSV0000000000005297.csv
CAN_CSV0000000000006819.csv,CAN_CSV0000000000005322.csv
CAN_CSV0000000000006819.csv,CAN_CSV0000000000000678.csv
CAN_CSV0000000000006819.csv,CAN_CSV0000000000005307.csv
CAN_CSV0000000000006819.csv,CAN_CSV0000000000005348.csv
CAN_CSV0000000000006819.csv,CAN_CSV0000000000005300.csv
CAN_CSV0000000000006819.csv,CAN_CSV0000000000000698.csv
CAN_CSV0000000000006819.csv,CAN_CSV0000000000000644.csv
CAN_CSV0000000000006820.csv,CAN_CSV0000000000005320.csv
CAN_CSV0000000000006820.csv,CAN_CSV0000000000000687.csv
CAN_CSV0000000000006820.csv,CAN_CSV0000000000000685.csv
CAN_CSV0000000000006820.csv,CAN_CSV0000000000027103.csv
CAN_CSV0000000000006820.csv,CAN_CSV0000000000005297.csv
CAN_CSV0000000000006820.csv,CAN_CSV0000000000005322.csv
CAN_CSV0000000000006820.csv,CAN_CSV0000000000000678.csv
CAN_CSV0000000000006820.csv,CAN_CSV0000000000005307.csv
CAN_CSV0000000000006820.csv,CAN_CSV0000000000005348.csv
CAN_CSV0000000000006820.csv,CAN_CSV0000000000005300.csv
CAN_CSV0000000000006820.csv,CAN_CSV0000000000000698.csv
CAN_CSV0000000000006820.csv,CAN_CSV0000000000000644.csv
CAN_CSV0000000000006821.csv,CAN_CSV0000000000005320.csv
CAN_CSV0000000000006821.csv,CAN_CSV0000000000000687.csv
CAN_CSV0000000000006821.csv,CAN_CSV0000000000000685.csv
CAN_CSV0000000000006821.csv,CAN_CSV0000000000027103.csv
CAN_CSV0000000000006821.csv,CAN_CSV0000000000005297.csv
CAN_CSV0000000000006821.csv,CAN_CSV0000000000005322.csv
CAN_CSV0000000000006821.csv,CAN_CSV0000000000000678.csv
CAN_CSV0000000000006821.csv,CAN_CSV0000000000005307.csv
CAN_CSV0000000000006821.csv,CAN_CSV0000000000005348.csv
CAN_CSV0000000000006821.csv,CAN_CSV0000000000005300.csv
CAN_CSV0000000000006821.csv,CAN_CSV0000000000000698.csv
CAN_CSV0000000000006821.csv,CAN_CSV0000000000000644.csv
CAN_CSV0000000000006822.csv,CAN_CSV0000000000005320.csv
CAN_CSV0000000000006822.csv,CAN_CSV0000000000000687.csv
CAN_CSV0000000000006822.csv,CAN_CSV0000000000000685.csv
CAN_CSV0000000000006822.csv,CAN_CSV0000000000027103.csv
CAN_CSV0000000000006822.csv,CAN_CSV0000000000005297.csv
CAN_CSV0000000000006822.csv,CAN_CSV0000000000005322.csv
CAN_CSV0000000000006822.csv,CAN_CSV0000000000000678.csv
CAN_CSV0000000000006822.csv,CAN_CSV0000000000005307.csv
CAN_CSV0000000000006822.csv,CAN_CSV0000000000005348.csv
CAN_CSV0000000000006822.csv,CAN_CSV0000000000005300.csv
CAN_CSV0000000000006822.csv,CAN_CSV0000000000000698.csv
CAN_CSV0000000000006822.csv,CAN_CSV0000000000000644.csv
CAN_CSV0000000000006823.csv,CAN_CSV0000000000005320.csv
CAN_CSV0000000000006823.csv,CAN_CSV0000000000000687.csv
CAN_CSV0000000000006823.csv,CAN_CSV0000000000000685.csv
CAN_CSV0000000000006823.csv,CAN_CSV0000000000027103.csv
CAN_CSV0000000000006823.csv,CAN_CSV0000000000005297.csv
CAN_CSV0000000000006823.csv,CAN_CSV0000000000005322.csv
CAN_CSV0000000000006823.csv,CAN_CSV0000000000000678.csv
CAN_CSV0000000000006823.csv,CAN_CSV0000000000005307.csv
CAN_CSV0000000000006823.csv,CAN_CSV0000000000005348.csv
CAN_CSV0000000000006823.csv,CAN_CSV0000000000005300.csv
CAN_CSV0000000000006823.csv,CAN_CSV0000000000000698.csv
CAN_CSV0000000000006823.csv,CAN_CSV0000000000000644.csv
CAN_CSV0000000000006826.csv,CAN_CSV0000000000005320.csv
CAN_CSV0000000000006826.csv,CAN_CSV0000000000000687.csv
CAN_CSV0000000000006826.csv,CAN_CSV0000000000000685.csv
CAN_CSV0000000000006826.csv,CAN_CSV0000000000027103.csv
CAN_CSV0000000000006826.csv,CAN_CSV0000000000005297.csv
CAN_CSV0000000000006826.csv,CAN_CSV0000000000005322.csv
CAN_CSV0000000000006826.csv,CAN_CSV0000000000000678.csv
CAN_CSV0000000000006826.csv,CAN_CSV0000000000005307.csv
CAN_CSV0000000000006826.csv,CAN_CSV0000000000005348.csv
CAN_CSV0000000000006826.csv,CAN_CSV0000000000005300.csv
CAN_CSV0000000000006826.csv,CAN_CSV0000000000000698.csv
CAN_CSV0000000000006826.csv,CAN_CSV0000000000000644.csv
CAN_CSV0000000000006834.csv,CAN_CSV0000000000005320.csv
CAN_CSV0000000000006834.csv,CAN_CSV0000000000000687.csv
CAN_CSV0000000000006834.csv,CAN_CSV0000000000000685.csv
CAN_CSV0000000000006834.csv,CAN_CSV0000000000027103.csv
CAN_CSV0000000000006834.csv,CAN_CSV0000000000005297.csv
CAN_CSV0000000000006834.csv,CAN_CSV0000000000005322.csv
CAN_CSV0000000000006834.csv,CAN_CSV0000000000000678.csv
CAN_CSV0000000000006834.csv,CAN_CSV0000000000005307.csv
CAN_CSV0000000000006834.csv,CAN_CSV0000000000005348.csv
CAN_CSV0000000000006834.csv,CAN_CSV0000000000005300.csv
CAN_CSV0000000000006834.csv,CAN_CSV0000000000000698.csv
CAN_CSV0000000000006834.csv,CAN_CSV0000000000000644.csv
CAN_CSV0000000000006836.csv,CAN_CSV0000000000005320.csv
CAN_CSV0000000000006836.csv,CAN_CSV0000000000000687.csv
CAN_CSV0000000000006836.csv,CAN_CSV0000000000000685.csv
CAN_CSV0000000000006836.csv,CAN_CSV0000000000027103.csv
CAN_CSV0000000000006836.csv,CAN_CSV0000000000005297.csv
CAN_CSV0000000000006836.csv,CAN_CSV0000000000005322.csv
CAN_CSV0000000000006836.csv,CAN_CSV0000000000000678.csv
CAN_CSV0000000000006836.csv,CAN_CSV0000000000005307.csv
CAN_CSV0000000000006836.csv,CAN_CSV0000000000005348.csv
CAN_CSV0000000000006836.csv,CAN_CSV0000000000005300.csv
CAN_CSV0000000000006836.csv,CAN_CSV0000000000000698.csv
CAN_CSV0000000000006836.csv,CAN_CSV0000000000000644.csv
CAN_CSV0000000000006839.csv,CAN_CSV0000000000005320.csv
CAN_CSV0000000000006839.csv,CAN_CSV0000000000000687.csv
CAN_CSV0000000000006839.csv,CAN_CSV0000000000000685.csv
CAN_CSV0000000000006839.csv,CAN_CSV0000000000027103.csv
CAN_CSV0000000000006839.csv,CAN_CSV0000000000005297.csv
CAN_CSV0000000000006839.csv,CAN_CSV0000000000005322.csv
CAN_CSV0000000000006839.csv,CAN_CSV0000000000000678.csv
CAN_CSV0000000000006839.csv,CAN_CSV0000000000005307.csv
CAN_CSV0000000000006839.csv,CAN_CSV0000000000005348.csv
CAN_CSV0000000000006839.csv,CAN_CSV0000000000005300.csv
CAN_CSV0000000000006839.csv,CAN_CSV0000000000000698.csv
CAN_CSV0000000000006839.csv,CAN_CSV0000000000000644.csv
CAN_CSV0000000000006840.csv,CAN_CSV0000000000005320.csv
CAN_CSV0000000000006840.csv,CAN_CSV0000000000000687.csv
CAN_CSV0000000000006840.csv,CAN_CSV0000000000000685.csv
CAN_CSV0000000000006840.csv,CAN_CSV0000000000027103.csv
CAN_CSV0000000000006840.csv,CAN_CSV0000000000005297.csv
CAN_CSV0000000000006840.csv,CAN_CSV0000000000005322.csv
CAN_CSV0000000000006840.csv,CAN_CSV0000000000000678.csv
CAN_CSV0000000000006840.csv,CAN_CSV0000000000005307.csv
CAN_CSV0000000000006840.csv,CAN_CSV0000000000005348.csv
CAN_CSV0000000000006840.csv,CAN_CSV0000000000005300.csv
CAN_CSV0000000000006840.csv,CAN_CSV0000000000000698.csv
CAN_CSV0000000000006840.csv,CAN_CSV0000000000000644.csv
CAN_CSV0000000000006861.csv,CAN_CSV0000000000005320.csv
CAN_CSV0000000000006861.csv,CAN_CSV0000000000000687.csv
CAN_CSV0000000000006861.csv,CAN_CSV0000000000000685.csv
CAN_CSV0000000000006861.csv,CAN_CSV0000000000027103.csv
CAN_CSV0000000000006861.csv,CAN_CSV0000000000005297.csv
CAN_CSV0000000000006861.csv,CAN_CSV0000000000005322.csv
CAN_CSV0000000000006861.csv,CAN_CSV0000000000000678.csv
CAN_CSV0000000000006861.csv,CAN_CSV0000000000005307.csv
CAN_CSV0000000000006861.csv,CAN_CSV0000000000005348.csv
CAN_CSV0000000000006861.csv,CAN_CSV0000000000005300.csv
CAN_CSV0000000000006861.csv,CAN_CSV0000000000000698.csv
CAN_CSV0000000000006861.csv,CAN_CSV0000000000000644.csv
CAN_CSV0000000000006869.csv,CAN_CSV0000000000013001.csv
CAN_CSV0000000000006869.csv,CAN_CSV0000000000000901.csv
CAN_CSV0000000000006869.csv,CAN_CSV0000000000002292.csv
CAN_CSV0000000000006869.csv,CAN_CSV0000000000027218.csv
CAN_CSV0000000000006869.csv,CAN_CSV0000000000005832.csv
CAN_CSV0000000000006869.csv,CAN_CSV0000000000006872.csv
CAN_CSV0000000000006869.csv,CAN_CSV0000000000005391.csv
CAN_CSV0000000000006869.csv,CAN_CSV0000000000012952.csv
CAN_CSV0000000000006869.csv,CAN_CSV0000000000027217.csv
CAN_CSV0000000000006869.csv,CAN_CSV0000000000005264.csv
CAN_CSV0000000000006869.csv,CAN_CSV0000000000013199.csv
CAN_CSV0000000000006869.csv,CAN_CSV0000000000013514.csv
CAN_CSV0000000000006869.csv,CAN_CSV0000000000013702.csv
CAN_CSV0000000000006869.csv,CAN_CSV0000000000006790.csv
CAN_CSV0000000000006869.csv,CAN_CSV0000000000006870.csv
CAN_CSV0000000000006869.csv,CAN_CSV0000000000004766.csv
CAN_CSV0000000000006869.csv,CAN_CSV0000000000000719.csv
CAN_CSV0000000000006869.csv,CAN_CSV0000000000013518.csv
CAN_CSV0000000000006869.csv,CAN_CSV0000000000002181.csv
CAN_CSV0000000000006869.csv,CAN_CSV0000000000005205.csv
CAN_CSV0000000000006869.csv,CAN_CSV0000000000005227.csv
CAN_CSV0000000000006869.csv,CAN_CSV0000000000000735.csv
CAN_CSV0000000000006869.csv,CAN_CSV0000000000013513.csv
CAN_CSV0000000000006869.csv,CAN_CSV0000000000006844.csv
CAN_CSV0000000000006869.csv,CAN_CSV0000000000027219.csv
CAN_CSV0000000000006869.csv,CAN_CSV0000000000000608.csv
CAN_CSV0000000000006869.csv,CAN_CSV0000000000013603.csv
CAN_CSV0000000000006869.csv,CAN_CSV0000000000013782.csv
CAN_CSV0000000000006869.csv,CAN_CSV0000000000015560.csv
CAN_CSV0000000000006869.csv,CAN_CSV0000000000006867.csv
CAN_CSV0000000000006869.csv,CAN_CSV0000000000005265.csv
CAN_CSV0000000000006869.csv,CAN_CSV0000000000000610.csv
CAN_CSV0000000000006869.csv,CAN_CSV0000000000006800.csv
CAN_CSV0000000000006869.csv,CAN_CSV0000000000001116.csv
CAN_CSV0000000000006869.csv,CAN_CSV0000000000004703.csv
CAN_CSV0000000000006869.csv,CAN_CSV0000000000015551.csv
CAN_CSV0000000000006869.csv,CAN_CSV0000000000015570.csv
CAN_CSV0000000000006869.csv,CAN_CSV0000000000001226.csv
CAN_CSV0000000000006869.csv,CAN_CSV0000000000013602.csv
CAN_CSV0000000000006869.csv,CAN_CSV0000000000005128.csv
CAN_CSV0000000000006869.csv,CAN_CSV0000000000006838.csv
CAN_CSV0000000000006869.csv,CAN_CSV0000000000001114.csv
CAN_CSV0000000000006869.csv,CAN_CSV0000000000006845.csv
CAN_CSV0000000000006869.csv,CAN_CSV0000000000012980.csv
CAN_CSV0000000000006869.csv,CAN_CSV0000000000005009.csv
CAN_CSV0000000000006869.csv,CAN_CSV0000000000013701.csv
CAN_CSV0000000000006869.csv,CAN_CSV0000000000006863.csv
CAN_CSV0000000000006869.csv,CAN_CSV0000000000012845.csv
CAN_CSV0000000000006869.csv,CAN_CSV0000000000013484.csv
CAN_CSV0000000000006869.csv,CAN_CSV0000000000006868.csv
CAN_CSV0000000000006869.csv,CAN_CSV0000000000013497.csv
CAN_CSV0000000000006869.csv,CAN_CSV0000000000006778.csv
CAN_CSV0000000000006869.csv,CAN_CSV0000000000014315.csv
CAN_CSV0000000000006869.csv,CAN_CSV0000000000013510.csv
CAN_CSV0000000000006869.csv,CAN_CSV0000000000006908.csv
CAN_CSV0000000000006869.csv,CAN_CSV0000000000013036.csv
CAN_CSV0000000000006869.csv,CAN_CSV0000000000005103.csv
CAN_CSV0000000000006869.csv,CAN_CSV0000000000013489.csv
CAN_CSV0000000000006869.csv,CAN_CSV0000000000027228.csv
CAN_CSV0000000000006869.csv,CAN_CSV0000000000007018.csv
CAN_CSV0000000000006869.csv,CAN_CSV0000000000005379.csv
CAN_CSV0000000000006872.csv,CAN_CSV0000000000013001.csv
CAN_CSV0000000000006872.csv,CAN_CSV0000000000006923.csv
CAN_CSV0000000000006872.csv,CAN_CSV0000000000000901.csv
CAN_CSV0000000000006872.csv,CAN_CSV0000000000002292.csv
CAN_CSV0000000000006872.csv,CAN_CSV0000000000027218.csv
CAN_CSV0000000000006872.csv,CAN_CSV0000000000005832.csv
CAN_CSV0000000000006872.csv,CAN_CSV0000000000005391.csv
CAN_CSV0000000000006872.csv,CAN_CSV0000000000012952.csv
CAN_CSV0000000000006872.csv,CAN_CSV0000000000027217.csv
CAN_CSV0000000000006872.csv,CAN_CSV0000000000005264.csv
CAN_CSV0000000000006872.csv,CAN_CSV0000000000013199.csv
CAN_CSV0000000000006872.csv,CAN_CSV0000000000013514.csv
CAN_CSV0000000000006872.csv,CAN_CSV0000000000013702.csv
CAN_CSV0000000000006872.csv,CAN_CSV0000000000006930.csv
CAN_CSV0000000000006872.csv,CAN_CSV0000000000006870.csv
CAN_CSV0000000000006872.csv,CAN_CSV0000000000004766.csv
CAN_CSV0000000000006872.csv,CAN_CSV0000000000000719.csv
CAN_CSV0000000000006872.csv,CAN_CSV0000000000013518.csv
CAN_CSV0000000000006872.csv,CAN_CSV0000000000002181.csv
CAN_CSV0000000000006872.csv,CAN_CSV0000000000005205.csv
CAN_CSV0000000000006872.csv,CAN_CSV0000000000005227.csv
CAN_CSV0000000000006872.csv,CAN_CSV0000000000000735.csv
CAN_CSV0000000000006872.csv,CAN_CSV0000000000013513.csv
CAN_CSV0000000000006872.csv,CAN_CSV0000000000006844.csv
CAN_CSV0000000000006872.csv,CAN_CSV0000000000027219.csv
CAN_CSV0000000000006872.csv,CAN_CSV0000000000006917.csv
CAN_CSV0000000000006872.csv,CAN_CSV0000000000013603.csv
CAN_CSV0000000000006872.csv,CAN_CSV0000000000000608.csv
CAN_CSV0000000000006872.csv,CAN_CSV0000000000013782.csv
CAN_CSV0000000000006872.csv,CAN_CSV0000000000015560.csv
CAN_CSV0000000000006872.csv,CAN_CSV0000000000006867.csv
CAN_CSV0000000000006872.csv,CAN_CSV0000000000005265.csv
CAN_CSV0000000000006872.csv,CAN_CSV0000000000000610.csv
CAN_CSV0000000000006872.csv,CAN_CSV0000000000001116.csv
CAN_CSV0000000000006872.csv,CAN_CSV0000000000004703.csv
CAN_CSV0000000000006872.csv,CAN_CSV0000000000015551.csv
CAN_CSV0000000000006872.csv,CAN_CSV0000000000015570.csv
CAN_CSV0000000000006872.csv,CAN_CSV0000000000001226.csv
CAN_CSV0000000000006872.csv,CAN_CSV0000000000013602.csv
CAN_CSV0000000000006872.csv,CAN_CSV0000000000005128.csv
CAN_CSV0000000000006872.csv,CAN_CSV0000000000006845.csv
CAN_CSV0000000000006872.csv,CAN_CSV0000000000000999.csv
CAN_CSV0000000000006872.csv,CAN_CSV0000000000001114.csv
CAN_CSV0000000000006872.csv,CAN_CSV0000000000012980.csv
CAN_CSV0000000000006872.csv,CAN_CSV0000000000005009.csv
CAN_CSV0000000000006872.csv,CAN_CSV0000000000006920.csv
CAN_CSV0000000000006872.csv,CAN_CSV0000000000013701.csv
CAN_CSV0000000000006872.csv,CAN_CSV0000000000006863.csv
CAN_CSV0000000000006872.csv,CAN_CSV0000000000006891.csv
CAN_CSV0000000000006872.csv,CAN_CSV0000000000012845.csv
CAN_CSV0000000000006872.csv,CAN_CSV0000000000013484.csv
CAN_CSV0000000000006872.csv,CAN_CSV0000000000013497.csv
CAN_CSV0000000000006872.csv,CAN_CSV0000000000005103.csv
CAN_CSV0000000000006872.csv,CAN_CSV0000000000014315.csv
CAN_CSV0000000000006872.csv,CAN_CSV0000000000013510.csv
CAN_CSV0000000000006872.csv,CAN_CSV0000000000013036.csv
CAN_CSV0000000000006872.csv,CAN_CSV0000000000013489.csv
CAN_CSV0000000000006872.csv,CAN_CSV0000000000027228.csv
CAN_CSV0000000000006872.csv,CAN_CSV0000000000005379.csv
CAN_CSV0000000000006872.csv,CAN_CSV0000000000006889.csv
CAN_CSV0000000000006879.csv,CAN_CSV0000000000005320.csv
CAN_CSV0000000000006879.csv,CAN_CSV0000000000000687.csv
CAN_CSV0000000000006879.csv,CAN_CSV0000000000000685.csv
CAN_CSV0000000000006879.csv,CAN_CSV0000000000027103.csv
CAN_CSV0000000000006879.csv,CAN_CSV0000000000005297.csv
CAN_CSV0000000000006879.csv,CAN_CSV0000000000005322.csv
CAN_CSV0000000000006879.csv,CAN_CSV0000000000000678.csv
CAN_CSV0000000000006879.csv,CAN_CSV0000000000005307.csv
CAN_CSV0000000000006879.csv,CAN_CSV0000000000005348.csv
CAN_CSV0000000000006879.csv,CAN_CSV0000000000005300.csv
CAN_CSV0000000000006879.csv,CAN_CSV0000000000000698.csv
CAN_CSV0000000000006879.csv,CAN_CSV0000000000000644.csv
CAN_CSV0000000000006880.csv,CAN_CSV0000000000005320.csv
CAN_CSV0000000000006880.csv,CAN_CSV0000000000000687.csv
CAN_CSV0000000000006880.csv,CAN_CSV0000000000000685.csv
CAN_CSV0000000000006880.csv,CAN_CSV0000000000027103.csv
CAN_CSV0000000000006880.csv,CAN_CSV0000000000005297.csv
CAN_CSV0000000000006880.csv,CAN_CSV0000000000005322.csv
CAN_CSV0000000000006880.csv,CAN_CSV0000000000000678.csv
CAN_CSV0000000000006880.csv,CAN_CSV0000000000005307.csv
CAN_CSV0000000000006880.csv,CAN_CSV0000000000005348.csv
CAN_CSV0000000000006880.csv,CAN_CSV0000000000005300.csv
CAN_CSV0000000000006880.csv,CAN_CSV0000000000000698.csv
CAN_CSV0000000000006880.csv,CAN_CSV0000000000000644.csv
CAN_CSV0000000000006881.csv,CAN_CSV0000000000005320.csv
CAN_CSV0000000000006881.csv,CAN_CSV0000000000000687.csv
CAN_CSV0000000000006881.csv,CAN_CSV0000000000000685.csv
CAN_CSV0000000000006881.csv,CAN_CSV0000000000027103.csv
CAN_CSV0000000000006881.csv,CAN_CSV0000000000005297.csv
CAN_CSV0000000000006881.csv,CAN_CSV0000000000005322.csv
CAN_CSV0000000000006881.csv,CAN_CSV0000000000000678.csv
CAN_CSV0000000000006881.csv,CAN_CSV0000000000005307.csv
CAN_CSV0000000000006881.csv,CAN_CSV0000000000005348.csv
CAN_CSV0000000000006881.csv,CAN_CSV0000000000005300.csv
CAN_CSV0000000000006881.csv,CAN_CSV0000000000000698.csv
CAN_CSV0000000000006881.csv,CAN_CSV0000000000000644.csv
CAN_CSV0000000000006882.csv,CAN_CSV0000000000012889.csv
CAN_CSV0000000000006882.csv,CAN_CSV0000000000006913.csv
CAN_CSV0000000000006882.csv,CAN_CSV0000000000013001.csv
CAN_CSV0000000000006882.csv,CAN_CSV0000000000002292.csv
CAN_CSV0000000000006882.csv,CAN_CSV0000000000027218.csv
CAN_CSV0000000000006882.csv,CAN_CSV0000000000005832.csv
CAN_CSV0000000000006882.csv,CAN_CSV0000000000005391.csv
CAN_CSV0000000000006882.csv,CAN_CSV0000000000012952.csv
CAN_CSV0000000000006882.csv,CAN_CSV0000000000027217.csv
CAN_CSV0000000000006882.csv,CAN_CSV0000000000005264.csv
CAN_CSV0000000000006882.csv,CAN_CSV0000000000013199.csv
CAN_CSV0000000000006882.csv,CAN_CSV0000000000013514.csv
CAN_CSV0000000000006882.csv,CAN_CSV0000000000006914.csv
CAN_CSV0000000000006882.csv,CAN_CSV0000000000013702.csv
CAN_CSV0000000000006882.csv,CAN_CSV0000000000006934.csv
CAN_CSV0000000000006882.csv,CAN_CSV0000000000004766.csv
CAN_CSV0000000000006882.csv,CAN_CSV0000000000000719.csv
CAN_CSV0000000000006882.csv,CAN_CSV0000000000013518.csv
CAN_CSV0000000000006882.csv,CAN_CSV0000000000002181.csv
CAN_CSV0000000000006882.csv,CAN_CSV0000000000005205.csv
CAN_CSV0000000000006882.csv,CAN_CSV0000000000005227.csv
CAN_CSV0000000000006882.csv,CAN_CSV0000000000006880.csv
CAN_CSV0000000000006882.csv,CAN_CSV0000000000006881.csv
CAN_CSV0000000000006882.csv,CAN_CSV0000000000006883.csv
CAN_CSV0000000000006882.csv,CAN_CSV0000000000013513.csv
CAN_CSV0000000000006882.csv,CAN_CSV0000000000000735.csv
CAN_CSV0000000000006882.csv,CAN_CSV0000000000027219.csv
CAN_CSV0000000000006882.csv,CAN_CSV0000000000000905.csv
CAN_CSV0000000000006882.csv,CAN_CSV0000000000000903.csv
CAN_CSV0000000000006882.csv,CAN_CSV0000000000000608.csv
CAN_CSV0000000000006882.csv,CAN_CSV0000000000013603.csv
CAN_CSV0000000000006882.csv,CAN_CSV0000000000013782.csv
CAN_CSV0000000000006882.csv,CAN_CSV0000000000015560.csv
CAN_CSV0000000000006882.csv,CAN_CSV0000000000012833.csv
CAN_CSV0000000000006882.csv,CAN_CSV0000000000005265.csv
CAN_CSV0000000000006882.csv,CAN_CSV0000000000012766.csv
CAN_CSV0000000000006882.csv,CAN_CSV0000000000000610.csv
CAN_CSV0000000000006882.csv,CAN_CSV0000000000001116.csv
CAN_CSV0000000000006882.csv,CAN_CSV0000000000004703.csv
CAN_CSV0000000000006882.csv,CAN_CSV0000000000015551.csv
CAN_CSV0000000000006882.csv,CAN_CSV0000000000015570.csv
CAN_CSV0000000000006882.csv,CAN_CSV0000000000001226.csv
CAN_CSV0000000000006882.csv,CAN_CSV0000000000013602.csv
CAN_CSV0000000000006882.csv,CAN_CSV0000000000005128.csv
CAN_CSV0000000000006882.csv,CAN_CSV0000000000001114.csv
CAN_CSV0000000000006882.csv,CAN_CSV0000000000012980.csv
CAN_CSV0000000000006882.csv,CAN_CSV0000000000006884.csv
CAN_CSV0000000000006882.csv,CAN_CSV0000000000005009.csv
CAN_CSV0000000000006882.csv,CAN_CSV0000000000013701.csv
CAN_CSV0000000000006882.csv,CAN_CSV0000000000006891.csv
CAN_CSV0000000000006882.csv,CAN_CSV0000000000012845.csv
CAN_CSV0000000000006882.csv,CAN_CSV0000000000013484.csv
CAN_CSV0000000000006882.csv,CAN_CSV0000000000013497.csv
CAN_CSV0000000000006882.csv,CAN_CSV0000000000005103.csv
CAN_CSV0000000000006882.csv,CAN_CSV0000000000014315.csv
CAN_CSV0000000000006882.csv,CAN_CSV0000000000013510.csv
CAN_CSV0000000000006882.csv,CAN_CSV0000000000000904.csv
CAN_CSV0000000000006882.csv,CAN_CSV0000000000013036.csv
CAN_CSV0000000000006882.csv,CAN_CSV0000000000012862.csv
CAN_CSV0000000000006882.csv,CAN_CSV0000000000013489.csv
CAN_CSV0000000000006882.csv,CAN_CSV0000000000027228.csv
CAN_CSV0000000000006882.csv,CAN_CSV0000000000005379.csv
CAN_CSV0000000000006882.csv,CAN_CSV0000000000006889.csv
CAN_CSV0000000000006883.csv,CAN_CSV0000000000005320.csv
CAN_CSV0000000000006883.csv,CAN_CSV0000000000000687.csv
CAN_CSV0000000000006883.csv,CAN_CSV0000000000000685.csv
CAN_CSV0000000000006883.csv,CAN_CSV0000000000027103.csv
CAN_CSV0000000000006883.csv,CAN_CSV0000000000005297.csv
CAN_CSV0000000000006883.csv,CAN_CSV0000000000005322.csv
CAN_CSV0000000000006883.csv,CAN_CSV0000000000000678.csv
CAN_CSV0000000000006883.csv,CAN_CSV0000000000005307.csv
CAN_CSV0000000000006883.csv,CAN_CSV0000000000005348.csv
CAN_CSV0000000000006883.csv,CAN_CSV0000000000005300.csv
CAN_CSV0000000000006883.csv,CAN_CSV0000000000000698.csv
CAN_CSV0000000000006883.csv,CAN_CSV0000000000000644.csv
CAN_CSV0000000000006884.csv,CAN_CSV0000000000005320.csv
CAN_CSV0000000000006884.csv,CAN_CSV0000000000000687.csv
CAN_CSV0000000000006884.csv,CAN_CSV0000000000000685.csv
CAN_CSV0000000000006884.csv,CAN_CSV0000000000027103.csv
CAN_CSV0000000000006884.csv,CAN_CSV0000000000005297.csv
CAN_CSV0000000000006884.csv,CAN_CSV0000000000005322.csv
CAN_CSV0000000000006884.csv,CAN_CSV0000000000000678.csv
CAN_CSV0000000000006884.csv,CAN_CSV0000000000005307.csv
CAN_CSV0000000000006884.csv,CAN_CSV0000000000005348.csv
CAN_CSV0000000000006884.csv,CAN_CSV0000000000005300.csv
CAN_CSV0000000000006884.csv,CAN_CSV0000000000000698.csv
CAN_CSV0000000000006884.csv,CAN_CSV0000000000000644.csv
CAN_CSV0000000000006885.csv,CAN_CSV0000000000005320.csv
CAN_CSV0000000000006885.csv,CAN_CSV0000000000000687.csv
CAN_CSV0000000000006885.csv,CAN_CSV0000000000000685.csv
CAN_CSV0000000000006885.csv,CAN_CSV0000000000027103.csv
CAN_CSV0000000000006885.csv,CAN_CSV0000000000005297.csv
CAN_CSV0000000000006885.csv,CAN_CSV0000000000005322.csv
CAN_CSV0000000000006885.csv,CAN_CSV0000000000000678.csv
CAN_CSV0000000000006885.csv,CAN_CSV0000000000005307.csv
CAN_CSV0000000000006885.csv,CAN_CSV0000000000005348.csv
CAN_CSV0000000000006885.csv,CAN_CSV0000000000005300.csv
CAN_CSV0000000000006885.csv,CAN_CSV0000000000000698.csv
CAN_CSV0000000000006885.csv,CAN_CSV0000000000000644.csv
CAN_CSV0000000000006886.csv,CAN_CSV0000000000005320.csv
CAN_CSV0000000000006886.csv,CAN_CSV0000000000000687.csv
CAN_CSV0000000000006886.csv,CAN_CSV0000000000000685.csv
CAN_CSV0000000000006886.csv,CAN_CSV0000000000027103.csv
CAN_CSV0000000000006886.csv,CAN_CSV0000000000005297.csv
CAN_CSV0000000000006886.csv,CAN_CSV0000000000005322.csv
CAN_CSV0000000000006886.csv,CAN_CSV0000000000000678.csv
CAN_CSV0000000000006886.csv,CAN_CSV0000000000005307.csv
CAN_CSV0000000000006886.csv,CAN_CSV0000000000005348.csv
CAN_CSV0000000000006886.csv,CAN_CSV0000000000005300.csv
CAN_CSV0000000000006886.csv,CAN_CSV0000000000000698.csv
CAN_CSV0000000000006886.csv,CAN_CSV0000000000000644.csv
CAN_CSV0000000000006889.csv,CAN_CSV0000000000005320.csv
CAN_CSV0000000000006889.csv,CAN_CSV0000000000000687.csv
CAN_CSV0000000000006889.csv,CAN_CSV0000000000000685.csv
CAN_CSV0000000000006889.csv,CAN_CSV0000000000027103.csv
CAN_CSV0000000000006889.csv,CAN_CSV0000000000005297.csv
CAN_CSV0000000000006889.csv,CAN_CSV0000000000005322.csv
CAN_CSV0000000000006889.csv,CAN_CSV0000000000000678.csv
CAN_CSV0000000000006889.csv,CAN_CSV0000000000005307.csv
CAN_CSV0000000000006889.csv,CAN_CSV0000000000005348.csv
CAN_CSV0000000000006889.csv,CAN_CSV0000000000005300.csv
CAN_CSV0000000000006889.csv,CAN_CSV0000000000000698.csv
CAN_CSV0000000000006889.csv,CAN_CSV0000000000000644.csv
CAN_CSV0000000000006891.csv,CAN_CSV0000000000005320.csv
CAN_CSV0000000000006891.csv,CAN_CSV0000000000000687.csv
CAN_CSV0000000000006891.csv,CAN_CSV0000000000000685.csv
CAN_CSV0000000000006891.csv,CAN_CSV0000000000027103.csv
CAN_CSV0000000000006891.csv,CAN_CSV0000000000005297.csv
CAN_CSV0000000000006891.csv,CAN_CSV0000000000005322.csv
CAN_CSV0000000000006891.csv,CAN_CSV0000000000000678.csv
CAN_CSV0000000000006891.csv,CAN_CSV0000000000005307.csv
CAN_CSV0000000000006891.csv,CAN_CSV0000000000005348.csv
CAN_CSV0000000000006891.csv,CAN_CSV0000000000005300.csv
CAN_CSV0000000000006891.csv,CAN_CSV0000000000000698.csv
CAN_CSV0000000000006891.csv,CAN_CSV0000000000000644.csv
CAN_CSV0000000000006892.csv,CAN_CSV0000000000005320.csv
CAN_CSV0000000000006892.csv,CAN_CSV0000000000000687.csv
CAN_CSV0000000000006892.csv,CAN_CSV0000000000000685.csv
CAN_CSV0000000000006892.csv,CAN_CSV0000000000027103.csv
CAN_CSV0000000000006892.csv,CAN_CSV0000000000005297.csv
CAN_CSV0000000000006892.csv,CAN_CSV0000000000005322.csv
CAN_CSV0000000000006892.csv,CAN_CSV0000000000000678.csv
CAN_CSV0000000000006892.csv,CAN_CSV0000000000005307.csv
CAN_CSV0000000000006892.csv,CAN_CSV0000000000005348.csv
CAN_CSV0000000000006892.csv,CAN_CSV0000000000005300.csv
CAN_CSV0000000000006892.csv,CAN_CSV0000000000000698.csv
CAN_CSV0000000000006892.csv,CAN_CSV0000000000000644.csv
CAN_CSV0000000000006894.csv,CAN_CSV0000000000005320.csv
CAN_CSV0000000000006894.csv,CAN_CSV0000000000000687.csv
CAN_CSV0000000000006894.csv,CAN_CSV0000000000000685.csv
CAN_CSV0000000000006894.csv,CAN_CSV0000000000027103.csv
CAN_CSV0000000000006894.csv,CAN_CSV0000000000005297.csv
CAN_CSV0000000000006894.csv,CAN_CSV0000000000005322.csv
CAN_CSV0000000000006894.csv,CAN_CSV0000000000000678.csv
CAN_CSV0000000000006894.csv,CAN_CSV0000000000005307.csv
CAN_CSV0000000000006894.csv,CAN_CSV0000000000005348.csv
CAN_CSV0000000000006894.csv,CAN_CSV0000000000005300.csv
CAN_CSV0000000000006894.csv,CAN_CSV0000000000000698.csv
CAN_CSV0000000000006894.csv,CAN_CSV0000000000000644.csv
CAN_CSV0000000000006897.csv,CAN_CSV0000000000005320.csv
CAN_CSV0000000000006897.csv,CAN_CSV0000000000000687.csv
CAN_CSV0000000000006897.csv,CAN_CSV0000000000000685.csv
CAN_CSV0000000000006897.csv,CAN_CSV0000000000027103.csv
CAN_CSV0000000000006897.csv,CAN_CSV0000000000005297.csv
CAN_CSV0000000000006897.csv,CAN_CSV0000000000005322.csv
CAN_CSV0000000000006897.csv,CAN_CSV0000000000000678.csv
CAN_CSV0000000000006897.csv,CAN_CSV0000000000005307.csv
CAN_CSV0000000000006897.csv,CAN_CSV0000000000005348.csv
CAN_CSV0000000000006897.csv,CAN_CSV0000000000005300.csv
CAN_CSV0000000000006897.csv,CAN_CSV0000000000000698.csv
CAN_CSV0000000000006897.csv,CAN_CSV0000000000000644.csv
CAN_CSV0000000000006905.csv,CAN_CSV0000000000005320.csv
CAN_CSV0000000000006905.csv,CAN_CSV0000000000000687.csv
CAN_CSV0000000000006905.csv,CAN_CSV0000000000000685.csv
CAN_CSV0000000000006905.csv,CAN_CSV0000000000027103.csv
CAN_CSV0000000000006905.csv,CAN_CSV0000000000005297.csv
CAN_CSV0000000000006905.csv,CAN_CSV0000000000005322.csv
CAN_CSV0000000000006905.csv,CAN_CSV0000000000000678.csv
CAN_CSV0000000000006905.csv,CAN_CSV0000000000005307.csv
CAN_CSV0000000000006905.csv,CAN_CSV0000000000005348.csv
CAN_CSV0000000000006905.csv,CAN_CSV0000000000005300.csv
CAN_CSV0000000000006905.csv,CAN_CSV0000000000000698.csv
CAN_CSV0000000000006905.csv,CAN_CSV0000000000000644.csv
CAN_CSV0000000000006907.csv,CAN_CSV0000000000005320.csv
CAN_CSV0000000000006907.csv,CAN_CSV0000000000000687.csv
CAN_CSV0000000000006907.csv,CAN_CSV0000000000000685.csv
CAN_CSV0000000000006907.csv,CAN_CSV0000000000027103.csv
CAN_CSV0000000000006907.csv,CAN_CSV0000000000005297.csv
CAN_CSV0000000000006907.csv,CAN_CSV0000000000005322.csv
CAN_CSV0000000000006907.csv,CAN_CSV0000000000000678.csv
CAN_CSV0000000000006907.csv,CAN_CSV0000000000005307.csv
CAN_CSV0000000000006907.csv,CAN_CSV0000000000005348.csv
CAN_CSV0000000000006907.csv,CAN_CSV0000000000005300.csv
CAN_CSV0000000000006907.csv,CAN_CSV0000000000000698.csv
CAN_CSV0000000000006907.csv,CAN_CSV0000000000000644.csv
CAN_CSV0000000000006909.csv,CAN_CSV0000000000005320.csv
CAN_CSV0000000000006909.csv,CAN_CSV0000000000000687.csv
CAN_CSV0000000000006909.csv,CAN_CSV0000000000000685.csv
CAN_CSV0000000000006909.csv,CAN_CSV0000000000027103.csv
CAN_CSV0000000000006909.csv,CAN_CSV0000000000005297.csv
CAN_CSV0000000000006909.csv,CAN_CSV0000000000005322.csv
CAN_CSV0000000000006909.csv,CAN_CSV0000000000000678.csv
CAN_CSV0000000000006909.csv,CAN_CSV0000000000005307.csv
CAN_CSV0000000000006909.csv,CAN_CSV0000000000005348.csv
CAN_CSV0000000000006909.csv,CAN_CSV0000000000005300.csv
CAN_CSV0000000000006909.csv,CAN_CSV0000000000000698.csv
CAN_CSV0000000000006909.csv,CAN_CSV0000000000000644.csv
CAN_CSV0000000000006910.csv,CAN_CSV0000000000005320.csv
CAN_CSV0000000000006910.csv,CAN_CSV0000000000000687.csv
CAN_CSV0000000000006910.csv,CAN_CSV0000000000000685.csv
CAN_CSV0000000000006910.csv,CAN_CSV0000000000027103.csv
CAN_CSV0000000000006910.csv,CAN_CSV0000000000005297.csv
CAN_CSV0000000000006910.csv,CAN_CSV0000000000005322.csv
CAN_CSV0000000000006910.csv,CAN_CSV0000000000000678.csv
CAN_CSV0000000000006910.csv,CAN_CSV0000000000005307.csv
CAN_CSV0000000000006910.csv,CAN_CSV0000000000005348.csv
CAN_CSV0000000000006910.csv,CAN_CSV0000000000005300.csv
CAN_CSV0000000000006910.csv,CAN_CSV0000000000000698.csv
CAN_CSV0000000000006910.csv,CAN_CSV0000000000000644.csv
CAN_CSV0000000000006911.csv,CAN_CSV0000000000005320.csv
CAN_CSV0000000000006911.csv,CAN_CSV0000000000000687.csv
CAN_CSV0000000000006911.csv,CAN_CSV0000000000000685.csv
CAN_CSV0000000000006911.csv,CAN_CSV0000000000027103.csv
CAN_CSV0000000000006911.csv,CAN_CSV0000000000005297.csv
CAN_CSV0000000000006911.csv,CAN_CSV0000000000005322.csv
CAN_CSV0000000000006911.csv,CAN_CSV0000000000000678.csv
CAN_CSV0000000000006911.csv,CAN_CSV0000000000005307.csv
CAN_CSV0000000000006911.csv,CAN_CSV0000000000005348.csv
CAN_CSV0000000000006911.csv,CAN_CSV0000000000005300.csv
CAN_CSV0000000000006911.csv,CAN_CSV0000000000000698.csv
CAN_CSV0000000000006911.csv,CAN_CSV0000000000000644.csv
CAN_CSV0000000000006912.csv,CAN_CSV0000000000005320.csv
CAN_CSV0000000000006912.csv,CAN_CSV0000000000000687.csv
CAN_CSV0000000000006912.csv,CAN_CSV0000000000000685.csv
CAN_CSV0000000000006912.csv,CAN_CSV0000000000027103.csv
CAN_CSV0000000000006912.csv,CAN_CSV0000000000005297.csv
CAN_CSV0000000000006912.csv,CAN_CSV0000000000005322.csv
CAN_CSV0000000000006912.csv,CAN_CSV0000000000000678.csv
CAN_CSV0000000000006912.csv,CAN_CSV0000000000005307.csv
CAN_CSV0000000000006912.csv,CAN_CSV0000000000005348.csv
CAN_CSV0000000000006912.csv,CAN_CSV0000000000005300.csv
CAN_CSV0000000000006912.csv,CAN_CSV0000000000000698.csv
CAN_CSV0000000000006912.csv,CAN_CSV0000000000000644.csv
CAN_CSV0000000000006913.csv,CAN_CSV0000000000005320.csv
CAN_CSV0000000000006913.csv,CAN_CSV0000000000000687.csv
CAN_CSV0000000000006913.csv,CAN_CSV0000000000000685.csv
CAN_CSV0000000000006913.csv,CAN_CSV0000000000027103.csv
CAN_CSV0000000000006913.csv,CAN_CSV0000000000005297.csv
CAN_CSV0000000000006913.csv,CAN_CSV0000000000005322.csv
CAN_CSV0000000000006913.csv,CAN_CSV0000000000000678.csv
CAN_CSV0000000000006913.csv,CAN_CSV0000000000005307.csv
CAN_CSV0000000000006913.csv,CAN_CSV0000000000005348.csv
CAN_CSV0000000000006913.csv,CAN_CSV0000000000005300.csv
CAN_CSV0000000000006913.csv,CAN_CSV0000000000000698.csv
CAN_CSV0000000000006913.csv,CAN_CSV0000000000000644.csv
CAN_CSV0000000000006914.csv,CAN_CSV0000000000005320.csv
CAN_CSV0000000000006914.csv,CAN_CSV0000000000000687.csv
CAN_CSV0000000000006914.csv,CAN_CSV0000000000000685.csv
CAN_CSV0000000000006914.csv,CAN_CSV0000000000027103.csv
CAN_CSV0000000000006914.csv,CAN_CSV0000000000005297.csv
CAN_CSV0000000000006914.csv,CAN_CSV0000000000005322.csv
CAN_CSV0000000000006914.csv,CAN_CSV0000000000000678.csv
CAN_CSV0000000000006914.csv,CAN_CSV0000000000005307.csv
CAN_CSV0000000000006914.csv,CAN_CSV0000000000005348.csv
CAN_CSV0000000000006914.csv,CAN_CSV0000000000005300.csv
CAN_CSV0000000000006914.csv,CAN_CSV0000000000000698.csv
CAN_CSV0000000000006914.csv,CAN_CSV0000000000000644.csv
CAN_CSV0000000000006919.csv,CAN_CSV0000000000005320.csv
CAN_CSV0000000000006919.csv,CAN_CSV0000000000000687.csv
CAN_CSV0000000000006919.csv,CAN_CSV0000000000000685.csv
CAN_CSV0000000000006919.csv,CAN_CSV0000000000027103.csv
CAN_CSV0000000000006919.csv,CAN_CSV0000000000005297.csv
CAN_CSV0000000000006919.csv,CAN_CSV0000000000005322.csv
CAN_CSV0000000000006919.csv,CAN_CSV0000000000000678.csv
CAN_CSV0000000000006919.csv,CAN_CSV0000000000005307.csv
CAN_CSV0000000000006919.csv,CAN_CSV0000000000005348.csv
CAN_CSV0000000000006919.csv,CAN_CSV0000000000005300.csv
CAN_CSV0000000000006919.csv,CAN_CSV0000000000000698.csv
CAN_CSV0000000000006919.csv,CAN_CSV0000000000000644.csv
CAN_CSV0000000000006927.csv,CAN_CSV0000000000005320.csv
CAN_CSV0000000000006927.csv,CAN_CSV0000000000000687.csv
CAN_CSV0000000000006927.csv,CAN_CSV0000000000000685.csv
CAN_CSV0000000000006927.csv,CAN_CSV0000000000027103.csv
CAN_CSV0000000000006927.csv,CAN_CSV0000000000005297.csv
CAN_CSV0000000000006927.csv,CAN_CSV0000000000005322.csv
CAN_CSV0000000000006927.csv,CAN_CSV0000000000000678.csv
CAN_CSV0000000000006927.csv,CAN_CSV0000000000005307.csv
CAN_CSV0000000000006927.csv,CAN_CSV0000000000005348.csv
CAN_CSV0000000000006927.csv,CAN_CSV0000000000005300.csv
CAN_CSV0000000000006927.csv,CAN_CSV0000000000000698.csv
CAN_CSV0000000000006927.csv,CAN_CSV0000000000000644.csv
CAN_CSV0000000000006928.csv,CAN_CSV0000000000005320.csv
CAN_CSV0000000000006928.csv,CAN_CSV0000000000000687.csv
CAN_CSV0000000000006928.csv,CAN_CSV0000000000000685.csv
CAN_CSV0000000000006928.csv,CAN_CSV0000000000027103.csv
CAN_CSV0000000000006928.csv,CAN_CSV0000000000005297.csv
CAN_CSV0000000000006928.csv,CAN_CSV0000000000005322.csv
CAN_CSV0000000000006928.csv,CAN_CSV0000000000000678.csv
CAN_CSV0000000000006928.csv,CAN_CSV0000000000005307.csv
CAN_CSV0000000000006928.csv,CAN_CSV0000000000005348.csv
CAN_CSV0000000000006928.csv,CAN_CSV0000000000005300.csv
CAN_CSV0000000000006928.csv,CAN_CSV0000000000000698.csv
CAN_CSV0000000000006928.csv,CAN_CSV0000000000000644.csv
CAN_CSV0000000000006930.csv,CAN_CSV0000000000005320.csv
CAN_CSV0000000000006930.csv,CAN_CSV0000000000000687.csv
CAN_CSV0000000000006930.csv,CAN_CSV0000000000000685.csv
CAN_CSV0000000000006930.csv,CAN_CSV0000000000027103.csv
CAN_CSV0000000000006930.csv,CAN_CSV0000000000005297.csv
CAN_CSV0000000000006930.csv,CAN_CSV0000000000005322.csv
CAN_CSV0000000000006930.csv,CAN_CSV0000000000000678.csv
CAN_CSV0000000000006930.csv,CAN_CSV0000000000005307.csv
CAN_CSV0000000000006930.csv,CAN_CSV0000000000005348.csv
CAN_CSV0000000000006930.csv,CAN_CSV0000000000005300.csv
CAN_CSV0000000000006930.csv,CAN_CSV0000000000000698.csv
CAN_CSV0000000000006930.csv,CAN_CSV0000000000000644.csv
CAN_CSV0000000000006934.csv,CAN_CSV0000000000005320.csv
CAN_CSV0000000000006934.csv,CAN_CSV0000000000000687.csv
CAN_CSV0000000000006934.csv,CAN_CSV0000000000000685.csv
CAN_CSV0000000000006934.csv,CAN_CSV0000000000027103.csv
CAN_CSV0000000000006934.csv,CAN_CSV0000000000005297.csv
CAN_CSV0000000000006934.csv,CAN_CSV0000000000005322.csv
CAN_CSV0000000000006934.csv,CAN_CSV0000000000000678.csv
CAN_CSV0000000000006934.csv,CAN_CSV0000000000005307.csv
CAN_CSV0000000000006934.csv,CAN_CSV0000000000005348.csv
CAN_CSV0000000000006934.csv,CAN_CSV0000000000005300.csv
CAN_CSV0000000000006934.csv,CAN_CSV0000000000000698.csv
CAN_CSV0000000000006934.csv,CAN_CSV0000000000000644.csv
CAN_CSV0000000000006939.csv,CAN_CSV0000000000005320.csv
CAN_CSV0000000000006939.csv,CAN_CSV0000000000000687.csv
CAN_CSV0000000000006939.csv,CAN_CSV0000000000000685.csv
CAN_CSV0000000000006939.csv,CAN_CSV0000000000027103.csv
CAN_CSV0000000000006939.csv,CAN_CSV0000000000005297.csv
CAN_CSV0000000000006939.csv,CAN_CSV0000000000005322.csv
CAN_CSV0000000000006939.csv,CAN_CSV0000000000000678.csv
CAN_CSV0000000000006939.csv,CAN_CSV0000000000005307.csv
CAN_CSV0000000000006939.csv,CAN_CSV0000000000005348.csv
CAN_CSV0000000000006939.csv,CAN_CSV0000000000005300.csv
CAN_CSV0000000000006939.csv,CAN_CSV0000000000000698.csv
CAN_CSV0000000000006939.csv,CAN_CSV0000000000000644.csv
CAN_CSV0000000000006942.csv,CAN_CSV0000000000005320.csv
CAN_CSV0000000000006942.csv,CAN_CSV0000000000000687.csv
CAN_CSV0000000000006942.csv,CAN_CSV0000000000000685.csv
CAN_CSV0000000000006942.csv,CAN_CSV0000000000027103.csv
CAN_CSV0000000000006942.csv,CAN_CSV0000000000005297.csv
CAN_CSV0000000000006942.csv,CAN_CSV0000000000005322.csv
CAN_CSV0000000000006942.csv,CAN_CSV0000000000000678.csv
CAN_CSV0000000000006942.csv,CAN_CSV0000000000005307.csv
CAN_CSV0000000000006942.csv,CAN_CSV0000000000005348.csv
CAN_CSV0000000000006942.csv,CAN_CSV0000000000005300.csv
CAN_CSV0000000000006942.csv,CAN_CSV0000000000000698.csv
CAN_CSV0000000000006942.csv,CAN_CSV0000000000000644.csv
CAN_CSV0000000000006945.csv,CAN_CSV0000000000005320.csv
CAN_CSV0000000000006945.csv,CAN_CSV0000000000000687.csv
CAN_CSV0000000000006945.csv,CAN_CSV0000000000000685.csv
CAN_CSV0000000000006945.csv,CAN_CSV0000000000027103.csv
CAN_CSV0000000000006945.csv,CAN_CSV0000000000005297.csv
CAN_CSV0000000000006945.csv,CAN_CSV0000000000005322.csv
CAN_CSV0000000000006945.csv,CAN_CSV0000000000000678.csv
CAN_CSV0000000000006945.csv,CAN_CSV0000000000005307.csv
CAN_CSV0000000000006945.csv,CAN_CSV0000000000005348.csv
CAN_CSV0000000000006945.csv,CAN_CSV0000000000005300.csv
CAN_CSV0000000000006945.csv,CAN_CSV0000000000000698.csv
CAN_CSV0000000000006945.csv,CAN_CSV0000000000000644.csv
CAN_CSV0000000000006950.csv,CAN_CSV0000000000005320.csv
CAN_CSV0000000000006950.csv,CAN_CSV0000000000000687.csv
CAN_CSV0000000000006950.csv,CAN_CSV0000000000000685.csv
CAN_CSV0000000000006950.csv,CAN_CSV0000000000027103.csv
CAN_CSV0000000000006950.csv,CAN_CSV0000000000005297.csv
CAN_CSV0000000000006950.csv,CAN_CSV0000000000005322.csv
CAN_CSV0000000000006950.csv,CAN_CSV0000000000000678.csv
CAN_CSV0000000000006950.csv,CAN_CSV0000000000005307.csv
CAN_CSV0000000000006950.csv,CAN_CSV0000000000005348.csv
CAN_CSV0000000000006950.csv,CAN_CSV0000000000005300.csv
CAN_CSV0000000000006950.csv,CAN_CSV0000000000000698.csv
CAN_CSV0000000000006950.csv,CAN_CSV0000000000000644.csv
CAN_CSV0000000000006951.csv,CAN_CSV0000000000005320.csv
CAN_CSV0000000000006951.csv,CAN_CSV0000000000000687.csv
CAN_CSV0000000000006951.csv,CAN_CSV0000000000000685.csv
CAN_CSV0000000000006951.csv,CAN_CSV0000000000027103.csv
CAN_CSV0000000000006951.csv,CAN_CSV0000000000005297.csv
CAN_CSV0000000000006951.csv,CAN_CSV0000000000005322.csv
CAN_CSV0000000000006951.csv,CAN_CSV0000000000000678.csv
CAN_CSV0000000000006951.csv,CAN_CSV0000000000005307.csv
CAN_CSV0000000000006951.csv,CAN_CSV0000000000005348.csv
CAN_CSV0000000000006951.csv,CAN_CSV0000000000005300.csv
CAN_CSV0000000000006951.csv,CAN_CSV0000000000000698.csv
CAN_CSV0000000000006951.csv,CAN_CSV0000000000000644.csv
CAN_CSV0000000000006956.csv,CAN_CSV0000000000005320.csv
CAN_CSV0000000000006956.csv,CAN_CSV0000000000000687.csv
CAN_CSV0000000000006956.csv,CAN_CSV0000000000000685.csv
CAN_CSV0000000000006956.csv,CAN_CSV0000000000027103.csv
CAN_CSV0000000000006956.csv,CAN_CSV0000000000005297.csv
CAN_CSV0000000000006956.csv,CAN_CSV0000000000005322.csv
CAN_CSV0000000000006956.csv,CAN_CSV0000000000000678.csv
CAN_CSV0000000000006956.csv,CAN_CSV0000000000005307.csv
CAN_CSV0000000000006956.csv,CAN_CSV0000000000005348.csv
CAN_CSV0000000000006956.csv,CAN_CSV0000000000005300.csv
CAN_CSV0000000000006956.csv,CAN_CSV0000000000000698.csv
CAN_CSV0000000000006956.csv,CAN_CSV0000000000000644.csv
CAN_CSV0000000000006962.csv,CAN_CSV0000000000005320.csv
CAN_CSV0000000000006962.csv,CAN_CSV0000000000000687.csv
CAN_CSV0000000000006962.csv,CAN_CSV0000000000000685.csv
CAN_CSV0000000000006962.csv,CAN_CSV0000000000027103.csv
CAN_CSV0000000000006962.csv,CAN_CSV0000000000005297.csv
CAN_CSV0000000000006962.csv,CAN_CSV0000000000005322.csv
CAN_CSV0000000000006962.csv,CAN_CSV0000000000000678.csv
CAN_CSV0000000000006962.csv,CAN_CSV0000000000005307.csv
CAN_CSV0000000000006962.csv,CAN_CSV0000000000005348.csv
CAN_CSV0000000000006962.csv,CAN_CSV0000000000005300.csv
CAN_CSV0000000000006962.csv,CAN_CSV0000000000000698.csv
CAN_CSV0000000000006962.csv,CAN_CSV0000000000000644.csv
CAN_CSV0000000000006965.csv,CAN_CSV0000000000005320.csv
CAN_CSV0000000000006965.csv,CAN_CSV0000000000000687.csv
CAN_CSV0000000000006965.csv,CAN_CSV0000000000000685.csv
CAN_CSV0000000000006965.csv,CAN_CSV0000000000027103.csv
CAN_CSV0000000000006965.csv,CAN_CSV0000000000005297.csv
CAN_CSV0000000000006965.csv,CAN_CSV0000000000005322.csv
CAN_CSV0000000000006965.csv,CAN_CSV0000000000000678.csv
CAN_CSV0000000000006965.csv,CAN_CSV0000000000005307.csv
CAN_CSV0000000000006965.csv,CAN_CSV0000000000005348.csv
CAN_CSV0000000000006965.csv,CAN_CSV0000000000005300.csv
CAN_CSV0000000000006965.csv,CAN_CSV0000000000000698.csv
CAN_CSV0000000000006965.csv,CAN_CSV0000000000000644.csv
CAN_CSV0000000000006966.csv,CAN_CSV0000000000005320.csv
CAN_CSV0000000000006966.csv,CAN_CSV0000000000000687.csv
CAN_CSV0000000000006966.csv,CAN_CSV0000000000000685.csv
CAN_CSV0000000000006966.csv,CAN_CSV0000000000027103.csv
CAN_CSV0000000000006966.csv,CAN_CSV0000000000005297.csv
CAN_CSV0000000000006966.csv,CAN_CSV0000000000005322.csv
CAN_CSV0000000000006966.csv,CAN_CSV0000000000000678.csv
CAN_CSV0000000000006966.csv,CAN_CSV0000000000005307.csv
CAN_CSV0000000000006966.csv,CAN_CSV0000000000005348.csv
CAN_CSV0000000000006966.csv,CAN_CSV0000000000005300.csv
CAN_CSV0000000000006966.csv,CAN_CSV0000000000000698.csv
CAN_CSV0000000000006966.csv,CAN_CSV0000000000000644.csv
CAN_CSV0000000000006967.csv,CAN_CSV0000000000005320.csv
CAN_CSV0000000000006967.csv,CAN_CSV0000000000000687.csv
CAN_CSV0000000000006967.csv,CAN_CSV0000000000000685.csv
CAN_CSV0000000000006967.csv,CAN_CSV0000000000027103.csv
CAN_CSV0000000000006967.csv,CAN_CSV0000000000005297.csv
CAN_CSV0000000000006967.csv,CAN_CSV0000000000005322.csv
CAN_CSV0000000000006967.csv,CAN_CSV0000000000000678.csv
CAN_CSV0000000000006967.csv,CAN_CSV0000000000005307.csv
CAN_CSV0000000000006967.csv,CAN_CSV0000000000005348.csv
CAN_CSV0000000000006967.csv,CAN_CSV0000000000005300.csv
CAN_CSV0000000000006967.csv,CAN_CSV0000000000000698.csv
CAN_CSV0000000000006967.csv,CAN_CSV0000000000000644.csv
CAN_CSV0000000000006968.csv,CAN_CSV0000000000005320.csv
CAN_CSV0000000000006968.csv,CAN_CSV0000000000000687.csv
CAN_CSV0000000000006968.csv,CAN_CSV0000000000000685.csv
CAN_CSV0000000000006968.csv,CAN_CSV0000000000027103.csv
CAN_CSV0000000000006968.csv,CAN_CSV0000000000005297.csv
CAN_CSV0000000000006968.csv,CAN_CSV0000000000005322.csv
CAN_CSV0000000000006968.csv,CAN_CSV0000000000000678.csv
CAN_CSV0000000000006968.csv,CAN_CSV0000000000005307.csv
CAN_CSV0000000000006968.csv,CAN_CSV0000000000005348.csv
CAN_CSV0000000000006968.csv,CAN_CSV0000000000005300.csv
CAN_CSV0000000000006968.csv,CAN_CSV0000000000000698.csv
CAN_CSV0000000000006968.csv,CAN_CSV0000000000000644.csv
CAN_CSV0000000000006970.csv,CAN_CSV0000000000005320.csv
CAN_CSV0000000000006970.csv,CAN_CSV0000000000000687.csv
CAN_CSV0000000000006970.csv,CAN_CSV0000000000000685.csv
CAN_CSV0000000000006970.csv,CAN_CSV0000000000027103.csv
CAN_CSV0000000000006970.csv,CAN_CSV0000000000005297.csv
CAN_CSV0000000000006970.csv,CAN_CSV0000000000005322.csv
CAN_CSV0000000000006970.csv,CAN_CSV0000000000000678.csv
CAN_CSV0000000000006970.csv,CAN_CSV0000000000005307.csv
CAN_CSV0000000000006970.csv,CAN_CSV0000000000005348.csv
CAN_CSV0000000000006970.csv,CAN_CSV0000000000005300.csv
CAN_CSV0000000000006970.csv,CAN_CSV0000000000000698.csv
CAN_CSV0000000000006970.csv,CAN_CSV0000000000000644.csv
CAN_CSV0000000000006971.csv,CAN_CSV0000000000005320.csv
CAN_CSV0000000000006971.csv,CAN_CSV0000000000000687.csv
CAN_CSV0000000000006971.csv,CAN_CSV0000000000000685.csv
CAN_CSV0000000000006971.csv,CAN_CSV0000000000027103.csv
CAN_CSV0000000000006971.csv,CAN_CSV0000000000005297.csv
CAN_CSV0000000000006971.csv,CAN_CSV0000000000005322.csv
CAN_CSV0000000000006971.csv,CAN_CSV0000000000000678.csv
CAN_CSV0000000000006971.csv,CAN_CSV0000000000005307.csv
CAN_CSV0000000000006971.csv,CAN_CSV0000000000005348.csv
CAN_CSV0000000000006971.csv,CAN_CSV0000000000005300.csv
CAN_CSV0000000000006971.csv,CAN_CSV0000000000000698.csv
CAN_CSV0000000000006971.csv,CAN_CSV0000000000000644.csv
CAN_CSV0000000000006973.csv,CAN_CSV0000000000005320.csv
CAN_CSV0000000000006973.csv,CAN_CSV0000000000000687.csv
CAN_CSV0000000000006973.csv,CAN_CSV0000000000000685.csv
CAN_CSV0000000000006973.csv,CAN_CSV0000000000027103.csv
CAN_CSV0000000000006973.csv,CAN_CSV0000000000005297.csv
CAN_CSV0000000000006973.csv,CAN_CSV0000000000005322.csv
CAN_CSV0000000000006973.csv,CAN_CSV0000000000000678.csv
CAN_CSV0000000000006973.csv,CAN_CSV0000000000005307.csv
CAN_CSV0000000000006973.csv,CAN_CSV0000000000005348.csv
CAN_CSV0000000000006973.csv,CAN_CSV0000000000005300.csv
CAN_CSV0000000000006973.csv,CAN_CSV0000000000000698.csv
CAN_CSV0000000000006973.csv,CAN_CSV0000000000000644.csv
CAN_CSV0000000000006974.csv,CAN_CSV0000000000005320.csv
CAN_CSV0000000000006974.csv,CAN_CSV0000000000000687.csv
CAN_CSV0000000000006974.csv,CAN_CSV0000000000000685.csv
CAN_CSV0000000000006974.csv,CAN_CSV0000000000027103.csv
CAN_CSV0000000000006974.csv,CAN_CSV0000000000005297.csv
CAN_CSV0000000000006974.csv,CAN_CSV0000000000005322.csv
CAN_CSV0000000000006974.csv,CAN_CSV0000000000000678.csv
CAN_CSV0000000000006974.csv,CAN_CSV0000000000005307.csv
CAN_CSV0000000000006974.csv,CAN_CSV0000000000005348.csv
CAN_CSV0000000000006974.csv,CAN_CSV0000000000005300.csv
CAN_CSV0000000000006974.csv,CAN_CSV0000000000000698.csv
CAN_CSV0000000000006974.csv,CAN_CSV0000000000000644.csv
CAN_CSV0000000000006975.csv,CAN_CSV0000000000005320.csv
CAN_CSV0000000000006975.csv,CAN_CSV0000000000000687.csv
CAN_CSV0000000000006975.csv,CAN_CSV0000000000000685.csv
CAN_CSV0000000000006975.csv,CAN_CSV0000000000027103.csv
CAN_CSV0000000000006975.csv,CAN_CSV0000000000005297.csv
CAN_CSV0000000000006975.csv,CAN_CSV0000000000005322.csv
CAN_CSV0000000000006975.csv,CAN_CSV0000000000000678.csv
CAN_CSV0000000000006975.csv,CAN_CSV0000000000005307.csv
CAN_CSV0000000000006975.csv,CAN_CSV0000000000005348.csv
CAN_CSV0000000000006975.csv,CAN_CSV0000000000005300.csv
CAN_CSV0000000000006975.csv,CAN_CSV0000000000000698.csv
CAN_CSV0000000000006975.csv,CAN_CSV0000000000000644.csv
CAN_CSV0000000000006976.csv,CAN_CSV0000000000005320.csv
CAN_CSV0000000000006976.csv,CAN_CSV0000000000000687.csv
CAN_CSV0000000000006976.csv,CAN_CSV0000000000000685.csv
CAN_CSV0000000000006976.csv,CAN_CSV0000000000027103.csv
CAN_CSV0000000000006976.csv,CAN_CSV0000000000005297.csv
CAN_CSV0000000000006976.csv,CAN_CSV0000000000005322.csv
CAN_CSV0000000000006976.csv,CAN_CSV0000000000000678.csv
CAN_CSV0000000000006976.csv,CAN_CSV0000000000005307.csv
CAN_CSV0000000000006976.csv,CAN_CSV0000000000005348.csv
CAN_CSV0000000000006976.csv,CAN_CSV0000000000005300.csv
CAN_CSV0000000000006976.csv,CAN_CSV0000000000000698.csv
CAN_CSV0000000000006976.csv,CAN_CSV0000000000000644.csv
CAN_CSV0000000000006988.csv,CAN_CSV0000000000013001.csv
CAN_CSV0000000000006988.csv,CAN_CSV0000000000027051.csv
CAN_CSV0000000000006988.csv,CAN_CSV0000000000002292.csv
CAN_CSV0000000000006988.csv,CAN_CSV0000000000027218.csv
CAN_CSV0000000000006988.csv,CAN_CSV0000000000005832.csv
CAN_CSV0000000000006988.csv,CAN_CSV0000000000001153.csv
CAN_CSV0000000000006988.csv,CAN_CSV0000000000005391.csv
CAN_CSV0000000000006988.csv,CAN_CSV0000000000012952.csv
CAN_CSV0000000000006988.csv,CAN_CSV0000000000027217.csv
CAN_CSV0000000000006988.csv,CAN_CSV0000000000005264.csv
CAN_CSV0000000000006988.csv,CAN_CSV0000000000013199.csv
CAN_CSV0000000000006988.csv,CAN_CSV0000000000013514.csv
CAN_CSV0000000000006988.csv,CAN_CSV0000000000013702.csv
CAN_CSV0000000000006988.csv,CAN_CSV0000000000001148.csv
CAN_CSV0000000000006988.csv,CAN_CSV0000000000000917.csv
CAN_CSV0000000000006988.csv,CAN_CSV0000000000007000.csv
CAN_CSV0000000000006988.csv,CAN_CSV0000000000000719.csv
CAN_CSV0000000000006988.csv,CAN_CSV0000000000004766.csv
CAN_CSV0000000000006988.csv,CAN_CSV0000000000013518.csv
CAN_CSV0000000000006988.csv,CAN_CSV0000000000002181.csv
CAN_CSV0000000000006988.csv,CAN_CSV0000000000005205.csv
CAN_CSV0000000000006988.csv,CAN_CSV0000000000005227.csv
CAN_CSV0000000000006988.csv,CAN_CSV0000000000000735.csv
CAN_CSV0000000000006988.csv,CAN_CSV0000000000013513.csv
CAN_CSV0000000000006988.csv,CAN_CSV0000000000006996.csv
CAN_CSV0000000000006988.csv,CAN_CSV0000000000027219.csv
CAN_CSV0000000000006988.csv,CAN_CSV0000000000000608.csv
CAN_CSV0000000000006988.csv,CAN_CSV0000000000013603.csv
CAN_CSV0000000000006988.csv,CAN_CSV0000000000001149.csv
CAN_CSV0000000000006988.csv,CAN_CSV0000000000013782.csv
CAN_CSV0000000000006988.csv,CAN_CSV0000000000001028.csv
CAN_CSV0000000000006988.csv,CAN_CSV0000000000015560.csv
CAN_CSV0000000000006988.csv,CAN_CSV0000000000006992.csv
CAN_CSV0000000000006988.csv,CAN_CSV0000000000005265.csv
CAN_CSV0000000000006988.csv,CAN_CSV0000000000000610.csv
CAN_CSV0000000000006988.csv,CAN_CSV0000000000001116.csv
CAN_CSV0000000000006988.csv,CAN_CSV0000000000004703.csv
CAN_CSV0000000000006988.csv,CAN_CSV0000000000015551.csv
CAN_CSV0000000000006988.csv,CAN_CSV0000000000015570.csv
CAN_CSV0000000000006988.csv,CAN_CSV0000000000001226.csv
CAN_CSV0000000000006988.csv,CAN_CSV0000000000013602.csv
CAN_CSV0000000000006988.csv,CAN_CSV0000000000005128.csv
CAN_CSV0000000000006988.csv,CAN_CSV0000000000001147.csv
CAN_CSV0000000000006988.csv,CAN_CSV0000000000006997.csv
CAN_CSV0000000000006988.csv,CAN_CSV0000000000001114.csv
CAN_CSV0000000000006988.csv,CAN_CSV0000000000012980.csv
CAN_CSV0000000000006988.csv,CAN_CSV0000000000006691.csv
CAN_CSV0000000000006988.csv,CAN_CSV0000000000006714.csv
CAN_CSV0000000000006988.csv,CAN_CSV0000000000005009.csv
CAN_CSV0000000000006988.csv,CAN_CSV0000000000013701.csv
CAN_CSV0000000000006988.csv,CAN_CSV0000000000012845.csv
CAN_CSV0000000000006988.csv,CAN_CSV0000000000013484.csv
CAN_CSV0000000000006988.csv,CAN_CSV0000000000013497.csv
CAN_CSV0000000000006988.csv,CAN_CSV0000000000013405.csv
CAN_CSV0000000000006988.csv,CAN_CSV0000000000005103.csv
CAN_CSV0000000000006988.csv,CAN_CSV0000000000014315.csv
CAN_CSV0000000000006988.csv,CAN_CSV0000000000013510.csv
CAN_CSV0000000000006988.csv,CAN_CSV0000000000013036.csv
CAN_CSV0000000000006988.csv,CAN_CSV0000000000013489.csv
CAN_CSV0000000000006988.csv,CAN_CSV0000000000027228.csv
CAN_CSV0000000000006988.csv,CAN_CSV0000000000005379.csv
CAN_CSV0000000000006988.csv,CAN_CSV0000000000012583.csv
CAN_CSV0000000000006988.csv,CAN_CSV0000000000001025.csv
CAN_CSV0000000000006992.csv,CAN_CSV0000000000005320.csv
CAN_CSV0000000000006992.csv,CAN_CSV0000000000000687.csv
CAN_CSV0000000000006992.csv,CAN_CSV0000000000000685.csv
CAN_CSV0000000000006992.csv,CAN_CSV0000000000027103.csv
CAN_CSV0000000000006992.csv,CAN_CSV0000000000005297.csv
CAN_CSV0000000000006992.csv,CAN_CSV0000000000005322.csv
CAN_CSV0000000000006992.csv,CAN_CSV0000000000000678.csv
CAN_CSV0000000000006992.csv,CAN_CSV0000000000005307.csv
CAN_CSV0000000000006992.csv,CAN_CSV0000000000005348.csv
CAN_CSV0000000000006992.csv,CAN_CSV0000000000005300.csv
CAN_CSV0000000000006992.csv,CAN_CSV0000000000000698.csv
CAN_CSV0000000000006992.csv,CAN_CSV0000000000000644.csv
CAN_CSV0000000000006996.csv,CAN_CSV0000000000005320.csv
CAN_CSV0000000000006996.csv,CAN_CSV0000000000000687.csv
CAN_CSV0000000000006996.csv,CAN_CSV0000000000000685.csv
CAN_CSV0000000000006996.csv,CAN_CSV0000000000027103.csv
CAN_CSV0000000000006996.csv,CAN_CSV0000000000005297.csv
CAN_CSV0000000000006996.csv,CAN_CSV0000000000005322.csv
CAN_CSV0000000000006996.csv,CAN_CSV0000000000000678.csv
CAN_CSV0000000000006996.csv,CAN_CSV0000000000005307.csv
CAN_CSV0000000000006996.csv,CAN_CSV0000000000005348.csv
CAN_CSV0000000000006996.csv,CAN_CSV0000000000005300.csv
CAN_CSV0000000000006996.csv,CAN_CSV0000000000000698.csv
CAN_CSV0000000000006996.csv,CAN_CSV0000000000000644.csv
CAN_CSV0000000000006997.csv,CAN_CSV0000000000005320.csv
CAN_CSV0000000000006997.csv,CAN_CSV0000000000000687.csv
CAN_CSV0000000000006997.csv,CAN_CSV0000000000000685.csv
CAN_CSV0000000000006997.csv,CAN_CSV0000000000027103.csv
CAN_CSV0000000000006997.csv,CAN_CSV0000000000005297.csv
CAN_CSV0000000000006997.csv,CAN_CSV0000000000005322.csv
CAN_CSV0000000000006997.csv,CAN_CSV0000000000000678.csv
CAN_CSV0000000000006997.csv,CAN_CSV0000000000005307.csv
CAN_CSV0000000000006997.csv,CAN_CSV0000000000005348.csv
CAN_CSV0000000000006997.csv,CAN_CSV0000000000005300.csv
CAN_CSV0000000000006997.csv,CAN_CSV0000000000000698.csv
CAN_CSV0000000000006997.csv,CAN_CSV0000000000000644.csv
CAN_CSV0000000000007000.csv,CAN_CSV0000000000005320.csv
CAN_CSV0000000000007000.csv,CAN_CSV0000000000000687.csv
CAN_CSV0000000000007000.csv,CAN_CSV0000000000000685.csv
CAN_CSV0000000000007000.csv,CAN_CSV0000000000027103.csv
CAN_CSV0000000000007000.csv,CAN_CSV0000000000005297.csv
CAN_CSV0000000000007000.csv,CAN_CSV0000000000005322.csv
CAN_CSV0000000000007000.csv,CAN_CSV0000000000000678.csv
CAN_CSV0000000000007000.csv,CAN_CSV0000000000005307.csv
CAN_CSV0000000000007000.csv,CAN_CSV0000000000005348.csv
CAN_CSV0000000000007000.csv,CAN_CSV0000000000005300.csv
CAN_CSV0000000000007000.csv,CAN_CSV0000000000000698.csv
CAN_CSV0000000000007000.csv,CAN_CSV0000000000000644.csv
CAN_CSV0000000000007007.csv,CAN_CSV0000000000005320.csv
CAN_CSV0000000000007007.csv,CAN_CSV0000000000000687.csv
CAN_CSV0000000000007007.csv,CAN_CSV0000000000000685.csv
CAN_CSV0000000000007007.csv,CAN_CSV0000000000027103.csv
CAN_CSV0000000000007007.csv,CAN_CSV0000000000005297.csv
CAN_CSV0000000000007007.csv,CAN_CSV0000000000005322.csv
CAN_CSV0000000000007007.csv,CAN_CSV0000000000000678.csv
CAN_CSV0000000000007007.csv,CAN_CSV0000000000005307.csv
CAN_CSV0000000000007007.csv,CAN_CSV0000000000005348.csv
CAN_CSV0000000000007007.csv,CAN_CSV0000000000005300.csv
CAN_CSV0000000000007007.csv,CAN_CSV0000000000000698.csv
CAN_CSV0000000000007007.csv,CAN_CSV0000000000000644.csv
CAN_CSV0000000000007012.csv,CAN_CSV0000000000005320.csv
CAN_CSV0000000000007012.csv,CAN_CSV0000000000000687.csv
CAN_CSV0000000000007012.csv,CAN_CSV0000000000000685.csv
CAN_CSV0000000000007012.csv,CAN_CSV0000000000027103.csv
CAN_CSV0000000000007012.csv,CAN_CSV0000000000005297.csv
CAN_CSV0000000000007012.csv,CAN_CSV0000000000005322.csv
CAN_CSV0000000000007012.csv,CAN_CSV0000000000000678.csv
CAN_CSV0000000000007012.csv,CAN_CSV0000000000005307.csv
CAN_CSV0000000000007012.csv,CAN_CSV0000000000005348.csv
CAN_CSV0000000000007012.csv,CAN_CSV0000000000005300.csv
CAN_CSV0000000000007012.csv,CAN_CSV0000000000000698.csv
CAN_CSV0000000000007012.csv,CAN_CSV0000000000000644.csv
CAN_CSV0000000000007014.csv,CAN_CSV0000000000012577.csv
CAN_CSV0000000000007014.csv,CAN_CSV0000000000013001.csv
CAN_CSV0000000000007014.csv,CAN_CSV0000000000002292.csv
CAN_CSV0000000000007014.csv,CAN_CSV0000000000027218.csv
CAN_CSV0000000000007014.csv,CAN_CSV0000000000005832.csv
CAN_CSV0000000000007014.csv,CAN_CSV0000000000005391.csv
CAN_CSV0000000000007014.csv,CAN_CSV0000000000012952.csv
CAN_CSV0000000000007014.csv,CAN_CSV0000000000027217.csv
CAN_CSV0000000000007014.csv,CAN_CSV0000000000005264.csv
CAN_CSV0000000000007014.csv,CAN_CSV0000000000013199.csv
CAN_CSV0000000000007014.csv,CAN_CSV0000000000006820.csv
CAN_CSV0000000000007014.csv,CAN_CSV0000000000006826.csv
CAN_CSV0000000000007014.csv,CAN_CSV0000000000013514.csv
CAN_CSV0000000000007014.csv,CAN_CSV0000000000013702.csv
CAN_CSV0000000000007014.csv,CAN_CSV0000000000012556.csv
CAN_CSV0000000000007014.csv,CAN_CSV0000000000012650.csv
CAN_CSV0000000000007014.csv,CAN_CSV0000000000004766.csv
CAN_CSV0000000000007014.csv,CAN_CSV0000000000000719.csv
CAN_CSV0000000000007014.csv,CAN_CSV0000000000013518.csv
CAN_CSV0000000000007014.csv,CAN_CSV0000000000002181.csv
CAN_CSV0000000000007014.csv,CAN_CSV0000000000005205.csv
CAN_CSV0000000000007014.csv,CAN_CSV0000000000005227.csv
CAN_CSV0000000000007014.csv,CAN_CSV0000000000000735.csv
CAN_CSV0000000000007014.csv,CAN_CSV0000000000013513.csv
CAN_CSV0000000000007014.csv,CAN_CSV0000000000007007.csv
CAN_CSV0000000000007014.csv,CAN_CSV0000000000007012.csv
CAN_CSV0000000000007014.csv,CAN_CSV0000000000027219.csv
CAN_CSV0000000000007014.csv,CAN_CSV0000000000000608.csv
CAN_CSV0000000000007014.csv,CAN_CSV0000000000013603.csv
CAN_CSV0000000000007014.csv,CAN_CSV0000000000013782.csv
CAN_CSV0000000000007014.csv,CAN_CSV0000000000015560.csv
CAN_CSV0000000000007014.csv,CAN_CSV0000000000005265.csv
CAN_CSV0000000000007014.csv,CAN_CSV0000000000000976.csv
CAN_CSV0000000000007014.csv,CAN_CSV0000000000012581.csv
CAN_CSV0000000000007014.csv,CAN_CSV0000000000000610.csv
CAN_CSV0000000000007014.csv,CAN_CSV0000000000001116.csv
CAN_CSV0000000000007014.csv,CAN_CSV0000000000004703.csv
CAN_CSV0000000000007014.csv,CAN_CSV0000000000015551.csv
CAN_CSV0000000000007014.csv,CAN_CSV0000000000015570.csv
CAN_CSV0000000000007014.csv,CAN_CSV0000000000001226.csv
CAN_CSV0000000000007014.csv,CAN_CSV0000000000013602.csv
CAN_CSV0000000000007014.csv,CAN_CSV0000000000005128.csv
CAN_CSV0000000000007014.csv,CAN_CSV0000000000012580.csv
CAN_CSV0000000000007014.csv,CAN_CSV0000000000001114.csv
CAN_CSV0000000000007014.csv,CAN_CSV0000000000012677.csv
CAN_CSV0000000000007014.csv,CAN_CSV0000000000012980.csv
CAN_CSV0000000000007014.csv,CAN_CSV0000000000006740.csv
CAN_CSV0000000000007014.csv,CAN_CSV0000000000006861.csv
CAN_CSV0000000000007014.csv,CAN_CSV0000000000005009.csv
CAN_CSV0000000000007014.csv,CAN_CSV0000000000013701.csv
CAN_CSV0000000000007014.csv,CAN_CSV0000000000012845.csv
CAN_CSV0000000000007014.csv,CAN_CSV0000000000013484.csv
CAN_CSV0000000000007014.csv,CAN_CSV0000000000013497.csv
CAN_CSV0000000000007014.csv,CAN_CSV0000000000012557.csv
CAN_CSV0000000000007014.csv,CAN_CSV0000000000012560.csv
CAN_CSV0000000000007014.csv,CAN_CSV0000000000012570.csv
CAN_CSV0000000000007014.csv,CAN_CSV0000000000014315.csv
CAN_CSV0000000000007014.csv,CAN_CSV0000000000013510.csv
CAN_CSV0000000000007014.csv,CAN_CSV0000000000013036.csv
CAN_CSV0000000000007014.csv,CAN_CSV0000000000005103.csv
CAN_CSV0000000000007014.csv,CAN_CSV0000000000013489.csv
CAN_CSV0000000000007014.csv,CAN_CSV0000000000027228.csv
CAN_CSV0000000000007014.csv,CAN_CSV0000000000005379.csv
CAN_CSV0000000000007014.csv,CAN_CSV0000000000006814.csv
CAN_CSV0000000000007016.csv,CAN_CSV0000000000005320.csv
CAN_CSV0000000000007016.csv,CAN_CSV0000000000000687.csv
CAN_CSV0000000000007016.csv,CAN_CSV0000000000000685.csv
CAN_CSV0000000000007016.csv,CAN_CSV0000000000027103.csv
CAN_CSV0000000000007016.csv,CAN_CSV0000000000005297.csv
CAN_CSV0000000000007016.csv,CAN_CSV0000000000005322.csv
CAN_CSV0000000000007016.csv,CAN_CSV0000000000000678.csv
CAN_CSV0000000000007016.csv,CAN_CSV0000000000005307.csv
CAN_CSV0000000000007016.csv,CAN_CSV0000000000005348.csv
CAN_CSV0000000000007016.csv,CAN_CSV0000000000005300.csv
CAN_CSV0000000000007016.csv,CAN_CSV0000000000000698.csv
CAN_CSV0000000000007016.csv,CAN_CSV0000000000000644.csv
CAN_CSV0000000000007017.csv,CAN_CSV0000000000005320.csv
CAN_CSV0000000000007017.csv,CAN_CSV0000000000000687.csv
CAN_CSV0000000000007017.csv,CAN_CSV0000000000000685.csv
CAN_CSV0000000000007017.csv,CAN_CSV0000000000027103.csv
CAN_CSV0000000000007017.csv,CAN_CSV0000000000005297.csv
CAN_CSV0000000000007017.csv,CAN_CSV0000000000005322.csv
CAN_CSV0000000000007017.csv,CAN_CSV0000000000000678.csv
CAN_CSV0000000000007017.csv,CAN_CSV0000000000005307.csv
CAN_CSV0000000000007017.csv,CAN_CSV0000000000005348.csv
CAN_CSV0000000000007017.csv,CAN_CSV0000000000005300.csv
CAN_CSV0000000000007017.csv,CAN_CSV0000000000000698.csv
CAN_CSV0000000000007017.csv,CAN_CSV0000000000000644.csv
CAN_CSV0000000000007018.csv,CAN_CSV0000000000006753.csv
CAN_CSV0000000000007018.csv,CAN_CSV0000000000013001.csv
CAN_CSV0000000000007018.csv,CAN_CSV0000000000012569.csv
CAN_CSV0000000000007018.csv,CAN_CSV0000000000002292.csv
CAN_CSV0000000000007018.csv,CAN_CSV0000000000027218.csv
CAN_CSV0000000000007018.csv,CAN_CSV0000000000005832.csv
CAN_CSV0000000000007018.csv,CAN_CSV0000000000005391.csv
CAN_CSV0000000000007018.csv,CAN_CSV0000000000012952.csv
CAN_CSV0000000000007018.csv,CAN_CSV0000000000027217.csv
CAN_CSV0000000000007018.csv,CAN_CSV0000000000005264.csv
CAN_CSV0000000000007018.csv,CAN_CSV0000000000013199.csv
CAN_CSV0000000000007018.csv,CAN_CSV0000000000007014.csv
CAN_CSV0000000000007018.csv,CAN_CSV0000000000013514.csv
CAN_CSV0000000000007018.csv,CAN_CSV0000000000013702.csv
CAN_CSV0000000000007018.csv,CAN_CSV0000000000004766.csv
CAN_CSV0000000000007018.csv,CAN_CSV0000000000007016.csv
CAN_CSV0000000000007018.csv,CAN_CSV0000000000000719.csv
CAN_CSV0000000000007018.csv,CAN_CSV0000000000013518.csv
CAN_CSV0000000000007018.csv,CAN_CSV0000000000002181.csv
CAN_CSV0000000000007018.csv,CAN_CSV0000000000005205.csv
CAN_CSV0000000000007018.csv,CAN_CSV0000000000005227.csv
CAN_CSV0000000000007018.csv,CAN_CSV0000000000000735.csv
CAN_CSV0000000000007018.csv,CAN_CSV0000000000013513.csv
CAN_CSV0000000000007018.csv,CAN_CSV0000000000007007.csv
CAN_CSV0000000000007018.csv,CAN_CSV0000000000027219.csv
CAN_CSV0000000000007018.csv,CAN_CSV0000000000000608.csv
CAN_CSV0000000000007018.csv,CAN_CSV0000000000013603.csv
CAN_CSV0000000000007018.csv,CAN_CSV0000000000013782.csv
CAN_CSV0000000000007018.csv,CAN_CSV0000000000006752.csv
CAN_CSV0000000000007018.csv,CAN_CSV0000000000012576.csv
CAN_CSV0000000000007018.csv,CAN_CSV0000000000015560.csv
CAN_CSV0000000000007018.csv,CAN_CSV0000000000006808.csv
CAN_CSV0000000000007018.csv,CAN_CSV0000000000005265.csv
CAN_CSV0000000000007018.csv,CAN_CSV0000000000000976.csv
CAN_CSV0000000000007018.csv,CAN_CSV0000000000000610.csv
CAN_CSV0000000000007018.csv,CAN_CSV0000000000001116.csv
CAN_CSV0000000000007018.csv,CAN_CSV0000000000004703.csv
CAN_CSV0000000000007018.csv,CAN_CSV0000000000015551.csv
CAN_CSV0000000000007018.csv,CAN_CSV0000000000015570.csv
CAN_CSV0000000000007018.csv,CAN_CSV0000000000001226.csv
CAN_CSV0000000000007018.csv,CAN_CSV0000000000013602.csv
CAN_CSV0000000000007018.csv,CAN_CSV0000000000005128.csv
CAN_CSV0000000000007018.csv,CAN_CSV0000000000012677.csv
CAN_CSV0000000000007018.csv,CAN_CSV0000000000001114.csv
CAN_CSV0000000000007018.csv,CAN_CSV0000000000000999.csv
CAN_CSV0000000000007018.csv,CAN_CSV0000000000006770.csv
CAN_CSV0000000000007018.csv,CAN_CSV0000000000012980.csv
CAN_CSV0000000000007018.csv,CAN_CSV0000000000007017.csv
CAN_CSV0000000000007018.csv,CAN_CSV0000000000005009.csv
CAN_CSV0000000000007018.csv,CAN_CSV0000000000013701.csv
CAN_CSV0000000000007018.csv,CAN_CSV0000000000012845.csv
CAN_CSV0000000000007018.csv,CAN_CSV0000000000013484.csv
CAN_CSV0000000000007018.csv,CAN_CSV0000000000013497.csv
CAN_CSV0000000000007018.csv,CAN_CSV0000000000006748.csv
CAN_CSV0000000000007018.csv,CAN_CSV0000000000012570.csv
CAN_CSV0000000000007018.csv,CAN_CSV0000000000014315.csv
CAN_CSV0000000000007018.csv,CAN_CSV0000000000000982.csv
CAN_CSV0000000000007018.csv,CAN_CSV0000000000013510.csv
CAN_CSV0000000000007018.csv,CAN_CSV0000000000013036.csv
CAN_CSV0000000000007018.csv,CAN_CSV0000000000005103.csv
CAN_CSV0000000000007018.csv,CAN_CSV0000000000013489.csv
CAN_CSV0000000000007018.csv,CAN_CSV0000000000027228.csv
CAN_CSV0000000000007018.csv,CAN_CSV0000000000005379.csv
CAN_CSV0000000000007184.csv,CAN_CSV0000000000006913.csv
CAN_CSV0000000000007184.csv,CAN_CSV0000000000012577.csv
CAN_CSV0000000000007184.csv,CAN_CSV0000000000012569.csv
CAN_CSV0000000000007184.csv,CAN_CSV0000000000006192.csv
CAN_CSV0000000000007184.csv,CAN_CSV0000000000012922.csv
CAN_CSV0000000000007184.csv,CAN_CSV0000000000006102.csv
CAN_CSV0000000000007184.csv,CAN_CSV0000000000027218.csv
CAN_CSV0000000000007184.csv,CAN_CSV0000000000005832.csv
CAN_CSV0000000000007184.csv,CAN_CSV0000000000006939.csv
CAN_CSV0000000000007184.csv,CAN_CSV0000000000006806.csv
CAN_CSV0000000000007184.csv,CAN_CSV0000000000012460.csv
CAN_CSV0000000000007184.csv,CAN_CSV0000000000000886.csv
CAN_CSV0000000000007184.csv,CAN_CSV0000000000000708.csv
CAN_CSV0000000000007184.csv,CAN_CSV0000000000013199.csv
CAN_CSV0000000000007184.csv,CAN_CSV0000000000013518.csv
CAN_CSV0000000000007184.csv,CAN_CSV0000000000002181.csv
CAN_CSV0000000000007184.csv,CAN_CSV0000000000000985.csv
CAN_CSV0000000000007184.csv,CAN_CSV0000000000000988.csv
CAN_CSV0000000000007184.csv,CAN_CSV0000000000001028.csv
CAN_CSV0000000000007184.csv,CAN_CSV0000000000005265.csv
CAN_CSV0000000000007184.csv,CAN_CSV0000000000015570.csv
CAN_CSV0000000000007184.csv,CAN_CSV0000000000005486.csv
CAN_CSV0000000000007184.csv,CAN_CSV0000000000000999.csv
CAN_CSV0000000000007184.csv,CAN_CSV0000000000012980.csv
CAN_CSV0000000000007184.csv,CAN_CSV0000000000012455.csv
CAN_CSV0000000000007184.csv,CAN_CSV0000000000013510.csv
CAN_CSV0000000000007184.csv,CAN_CSV0000000000013036.csv
CAN_CSV0000000000007184.csv,CAN_CSV0000000000027228.csv
CAN_CSV0000000000007184.csv,CAN_CSV0000000000005379.csv
CAN_CSV0000000000007184.csv,CAN_CSV0000000000027051.csv
CAN_CSV0000000000007184.csv,CAN_CSV0000000000027217.csv
CAN_CSV0000000000007184.csv,CAN_CSV0000000000001033.csv
CAN_CSV0000000000007184.csv,CAN_CSV0000000000013514.csv
CAN_CSV0000000000007184.csv,CAN_CSV0000000000013702.csv
CAN_CSV0000000000007184.csv,CAN_CSV0000000000005264.csv
CAN_CSV0000000000007184.csv,CAN_CSV0000000000004766.csv
CAN_CSV0000000000007184.csv,CAN_CSV0000000000027219.csv
CAN_CSV0000000000007184.csv,CAN_CSV0000000000000608.csv
CAN_CSV0000000000007184.csv,CAN_CSV0000000000015696.csv
CAN_CSV0000000000007184.csv,CAN_CSV0000000000015551.csv
CAN_CSV0000000000007184.csv,CAN_CSV0000000000001226.csv
CAN_CSV0000000000007184.csv,CAN_CSV0000000000001114.csv
CAN_CSV0000000000007184.csv,CAN_CSV0000000000027102.csv
CAN_CSV0000000000007184.csv,CAN_CSV0000000000013489.csv
CAN_CSV0000000000007184.csv,CAN_CSV0000000000001025.csv
CAN_CSV0000000000007184.csv,CAN_CSV0000000000005391.csv
CAN_CSV0000000000007184.csv,CAN_CSV0000000000000989.csv
CAN_CSV0000000000007184.csv,CAN_CSV0000000000005227.csv
CAN_CSV0000000000007184.csv,CAN_CSV0000000000005205.csv
CAN_CSV0000000000007184.csv,CAN_CSV0000000000000735.csv
CAN_CSV0000000000007184.csv,CAN_CSV0000000000015560.csv
CAN_CSV0000000000007184.csv,CAN_CSV0000000000004703.csv
CAN_CSV0000000000007184.csv,CAN_CSV0000000000000986.csv
CAN_CSV0000000000007184.csv,CAN_CSV0000000000013602.csv
CAN_CSV0000000000007184.csv,CAN_CSV0000000000001029.csv
CAN_CSV0000000000007184.csv,CAN_CSV0000000000000984.csv
CAN_CSV0000000000007184.csv,CAN_CSV0000000000005009.csv
CAN_CSV0000000000007184.csv,CAN_CSV0000000000000983.csv
CAN_CSV0000000000007184.csv,CAN_CSV0000000000005103.csv
CAN_CSV0000000000007184.csv,CAN_CSV0000000000014315.csv
CAN_CSV0000000000007184.csv,CAN_CSV0000000000005128.csv
CAN_CSV0000000000007184.csv,CAN_CSV0000000000013001.csv
CAN_CSV0000000000007184.csv,CAN_CSV0000000000002292.csv
CAN_CSV0000000000007184.csv,CAN_CSV0000000000012952.csv
CAN_CSV0000000000007184.csv,CAN_CSV0000000000000719.csv
CAN_CSV0000000000007184.csv,CAN_CSV0000000000027101.csv
CAN_CSV0000000000007184.csv,CAN_CSV0000000000013513.csv
CAN_CSV0000000000007184.csv,CAN_CSV0000000000013603.csv
CAN_CSV0000000000007184.csv,CAN_CSV0000000000013782.csv
CAN_CSV0000000000007184.csv,CAN_CSV0000000000000991.csv
CAN_CSV0000000000007184.csv,CAN_CSV0000000000000610.csv
CAN_CSV0000000000007184.csv,CAN_CSV0000000000001116.csv
CAN_CSV0000000000007184.csv,CAN_CSV0000000000012601.csv
CAN_CSV0000000000007184.csv,CAN_CSV0000000000013701.csv
CAN_CSV0000000000007184.csv,CAN_CSV0000000000012845.csv
CAN_CSV0000000000007184.csv,CAN_CSV0000000000013484.csv
CAN_CSV0000000000007184.csv,CAN_CSV0000000000013497.csv
CAN_CSV0000000000007184.csv,CAN_CSV0000000000001024.csv
CAN_CSV0000000000007604.csv,CAN_CSV0000000000026153.csv
CAN_CSV0000000000007604.csv,CAN_CSV0000000000011164.csv
CAN_CSV0000000000007604.csv,CAN_CSV0000000000020140.csv
CAN_CSV0000000000007604.csv,CAN_CSV0000000000024255.csv
CAN_CSV0000000000007604.csv,CAN_CSV0000000000020162.csv
CAN_CSV0000000000007604.csv,CAN_CSV0000000000008817.csv
CAN_CSV0000000000007604.csv,CAN_CSV0000000000017519.csv
CAN_CSV0000000000007676.csv,CAN_CSV0000000000007674.csv
CAN_CSV0000000000007676.csv,CAN_CSV0000000000007670.csv
CAN_CSV0000000000007676.csv,CAN_CSV0000000000007669.csv
CAN_CSV0000000000007676.csv,CAN_CSV0000000000007681.csv
CAN_CSV0000000000007676.csv,CAN_CSV0000000000007671.csv
CAN_CSV0000000000007676.csv,CAN_CSV0000000000007677.csv
CAN_CSV0000000000007676.csv,CAN_CSV0000000000007682.csv
CAN_CSV0000000000007676.csv,CAN_CSV0000000000007673.csv
CAN_CSV0000000000007676.csv,CAN_CSV0000000000007672.csv
CAN_CSV0000000000007676.csv,CAN_CSV0000000000007686.csv
CAN_CSV0000000000007676.csv,CAN_CSV0000000000007684.csv
CAN_CSV0000000000007676.csv,CAN_CSV0000000000007679.csv
CAN_CSV0000000000007676.csv,CAN_CSV0000000000007680.csv
CAN_CSV0000000000007676.csv,CAN_CSV0000000000007678.csv
CAN_CSV0000000000007676.csv,CAN_CSV0000000000007675.csv
CAN_CSV0000000000007677.csv,CAN_CSV0000000000007674.csv
CAN_CSV0000000000007677.csv,CAN_CSV0000000000007670.csv
CAN_CSV0000000000007677.csv,CAN_CSV0000000000007669.csv
CAN_CSV0000000000007677.csv,CAN_CSV0000000000007681.csv
CAN_CSV0000000000007677.csv,CAN_CSV0000000000007671.csv
CAN_CSV0000000000007677.csv,CAN_CSV0000000000007682.csv
CAN_CSV0000000000007677.csv,CAN_CSV0000000000007673.csv
CAN_CSV0000000000007677.csv,CAN_CSV0000000000007676.csv
CAN_CSV0000000000007677.csv,CAN_CSV0000000000007672.csv
CAN_CSV0000000000007677.csv,CAN_CSV0000000000007686.csv
CAN_CSV0000000000007677.csv,CAN_CSV0000000000007684.csv
CAN_CSV0000000000007677.csv,CAN_CSV0000000000007679.csv
CAN_CSV0000000000007677.csv,CAN_CSV0000000000007680.csv
CAN_CSV0000000000007677.csv,CAN_CSV0000000000007678.csv
CAN_CSV0000000000007677.csv,CAN_CSV0000000000007675.csv
CAN_CSV0000000000007748.csv,CAN_CSV0000000000010966.csv
CAN_CSV0000000000007748.csv,CAN_CSV0000000000012104.csv
CAN_CSV0000000000007748.csv,CAN_CSV0000000000026877.csv
CAN_CSV0000000000007748.csv,CAN_CSV0000000000023512.csv
CAN_CSV0000000000007832.csv,CAN_CSV0000000000023301.csv
CAN_CSV0000000000007832.csv,CAN_CSV0000000000009365.csv
CAN_CSV0000000000007832.csv,CAN_CSV0000000000020825.csv
CAN_CSV0000000000007832.csv,CAN_CSV0000000000027007.csv
CAN_CSV0000000000007832.csv,CAN_CSV0000000000018581.csv
CAN_CSV0000000000007832.csv,CAN_CSV0000000000026751.csv
CAN_CSV0000000000007832.csv,CAN_CSV0000000000024660.csv
CAN_CSV0000000000007832.csv,CAN_CSV0000000000017968.csv
CAN_CSV0000000000007832.csv,CAN_CSV0000000000008214.csv
CAN_CSV0000000000007832.csv,CAN_CSV0000000000020052.csv
CAN_CSV0000000000007832.csv,CAN_CSV0000000000003365.csv
CAN_CSV0000000000007832.csv,CAN_CSV0000000000024067.csv
CAN_CSV0000000000007832.csv,CAN_CSV0000000000025903.csv
CAN_CSV0000000000007832.csv,CAN_CSV0000000000004586.csv
CAN_CSV0000000000007832.csv,CAN_CSV0000000000003892.csv
CAN_CSV0000000000007832.csv,CAN_CSV0000000000019867.csv
CAN_CSV0000000000007832.csv,CAN_CSV0000000000003088.csv
CAN_CSV0000000000007832.csv,CAN_CSV0000000000017400.csv
CAN_CSV0000000000007832.csv,CAN_CSV0000000000018831.csv
CAN_CSV0000000000007832.csv,CAN_CSV0000000000017187.csv
CAN_CSV0000000000007832.csv,CAN_CSV0000000000002762.csv
CAN_CSV0000000000007832.csv,CAN_CSV0000000000003766.csv
CAN_CSV0000000000007832.csv,CAN_CSV0000000000009039.csv
CAN_CSV0000000000007832.csv,CAN_CSV0000000000011356.csv
CAN_CSV0000000000007832.csv,CAN_CSV0000000000022992.csv
CAN_CSV0000000000007832.csv,CAN_CSV0000000000010103.csv
CAN_CSV0000000000007832.csv,CAN_CSV0000000000009702.csv
CAN_CSV0000000000008029.csv,CAN_CSV0000000000001792.csv
CAN_CSV0000000000008029.csv,CAN_CSV0000000000004005.csv
CAN_CSV0000000000008029.csv,CAN_CSV0000000000001802.csv
CAN_CSV0000000000008029.csv,CAN_CSV0000000000001803.csv
CAN_CSV0000000000008029.csv,CAN_CSV0000000000023177.csv
CAN_CSV0000000000008029.csv,CAN_CSV0000000000001722.csv
CAN_CSV0000000000008029.csv,CAN_CSV0000000000002061.csv
CAN_CSV0000000000008029.csv,CAN_CSV0000000000010708.csv
CAN_CSV0000000000008029.csv,CAN_CSV0000000000023713.csv
CAN_CSV0000000000008029.csv,CAN_CSV0000000000023075.csv
CAN_CSV0000000000008029.csv,CAN_CSV0000000000011363.csv
CAN_CSV0000000000008029.csv,CAN_CSV0000000000022964.csv
CAN_CSV0000000000008029.csv,CAN_CSV0000000000011182.csv
CAN_CSV0000000000008029.csv,CAN_CSV0000000000021027.csv
CAN_CSV0000000000008029.csv,CAN_CSV0000000000010821.csv
CAN_CSV0000000000008029.csv,CAN_CSV0000000000022491.csv
CAN_CSV0000000000008029.csv,CAN_CSV0000000000020002.csv
CAN_CSV0000000000008029.csv,CAN_CSV0000000000001801.csv
CAN_CSV0000000000008029.csv,CAN_CSV0000000000003334.csv
CAN_CSV0000000000008029.csv,CAN_CSV0000000000011060.csv
CAN_CSV0000000000008029.csv,CAN_CSV0000000000001787.csv
CAN_CSV0000000000008029.csv,CAN_CSV0000000000024854.csv
CAN_CSV0000000000008029.csv,CAN_CSV0000000000018035.csv
CAN_CSV0000000000008029.csv,CAN_CSV0000000000010069.csv
CAN_CSV0000000000008029.csv,CAN_CSV0000000000019754.csv
CAN_CSV0000000000008029.csv,CAN_CSV0000000000019175.csv
CAN_CSV0000000000008029.csv,CAN_CSV0000000000001726.csv
CAN_CSV0000000000008029.csv,CAN_CSV0000000000002099.csv
CAN_CSV0000000000008029.csv,CAN_CSV0000000000011419.csv
CAN_CSV0000000000008029.csv,CAN_CSV0000000000021560.csv
CAN_CSV0000000000008029.csv,CAN_CSV0000000000009951.csv
CAN_CSV0000000000008029.csv,CAN_CSV0000000000026355.csv
CAN_CSV0000000000008029.csv,CAN_CSV0000000000010468.csv
CAN_CSV0000000000008029.csv,CAN_CSV0000000000001723.csv
CAN_CSV0000000000008029.csv,CAN_CSV0000000000015050.csv
CAN_CSV0000000000008029.csv,CAN_CSV0000000000017912.csv
CAN_CSV0000000000008029.csv,CAN_CSV0000000000024654.csv
CAN_CSV0000000000008029.csv,CAN_CSV0000000000024279.csv
CAN_CSV0000000000008029.csv,CAN_CSV0000000000023239.csv
CAN_CSV0000000000008029.csv,CAN_CSV0000000000002123.csv
CAN_CSV0000000000008029.csv,CAN_CSV0000000000008727.csv
CAN_CSV0000000000008029.csv,CAN_CSV0000000000016233.csv
CAN_CSV0000000000008029.csv,CAN_CSV0000000000001721.csv
CAN_CSV0000000000008029.csv,CAN_CSV0000000000020791.csv
CAN_CSV0000000000008056.csv,CAN_CSV0000000000017172.csv
CAN_CSV0000000000008056.csv,CAN_CSV0000000000019197.csv
CAN_CSV0000000000008056.csv,CAN_CSV0000000000004007.csv
CAN_CSV0000000000008056.csv,CAN_CSV0000000000026244.csv
CAN_CSV0000000000008056.csv,CAN_CSV0000000000008519.csv
CAN_CSV0000000000008056.csv,CAN_CSV0000000000016797.csv
CAN_CSV0000000000008056.csv,CAN_CSV0000000000009991.csv
CAN_CSV0000000000008056.csv,CAN_CSV0000000000011318.csv
CAN_CSV0000000000008164.csv,CAN_CSV0000000000001316.csv
CAN_CSV0000000000008164.csv,CAN_CSV0000000000001461.csv
CAN_CSV0000000000008164.csv,CAN_CSV0000000000022577.csv
CAN_CSV0000000000008164.csv,CAN_CSV0000000000024914.csv
CAN_CSV0000000000008164.csv,CAN_CSV0000000000008276.csv
CAN_CSV0000000000008164.csv,CAN_CSV0000000000024921.csv
CAN_CSV0000000000008164.csv,CAN_CSV0000000000018410.csv
CAN_CSV0000000000008164.csv,CAN_CSV0000000000008284.csv
CAN_CSV0000000000008164.csv,CAN_CSV0000000000024910.csv
CAN_CSV0000000000008164.csv,CAN_CSV0000000000024922.csv
CAN_CSV0000000000008164.csv,CAN_CSV0000000000014837.csv
CAN_CSV0000000000008164.csv,CAN_CSV0000000000022579.csv
CAN_CSV0000000000008164.csv,CAN_CSV0000000000008120.csv
CAN_CSV0000000000008164.csv,CAN_CSV0000000000022563.csv
CAN_CSV0000000000008164.csv,CAN_CSV0000000000018425.csv
CAN_CSV0000000000008164.csv,CAN_CSV0000000000008271.csv
CAN_CSV0000000000008164.csv,CAN_CSV0000000000018307.csv
CAN_CSV0000000000008164.csv,CAN_CSV0000000000019441.csv
CAN_CSV0000000000008164.csv,CAN_CSV0000000000019095.csv
CAN_CSV0000000000008164.csv,CAN_CSV0000000000019440.csv
CAN_CSV0000000000008164.csv,CAN_CSV0000000000008157.csv
CAN_CSV0000000000008164.csv,CAN_CSV0000000000018438.csv
CAN_CSV0000000000008164.csv,CAN_CSV0000000000019445.csv
CAN_CSV0000000000008164.csv,CAN_CSV0000000000027465.csv
CAN_CSV0000000000008164.csv,CAN_CSV0000000000008115.csv
CAN_CSV0000000000008164.csv,CAN_CSV0000000000018431.csv
CAN_CSV0000000000008164.csv,CAN_CSV0000000000008159.csv
CAN_CSV0000000000008164.csv,CAN_CSV0000000000008160.csv
CAN_CSV0000000000008164.csv,CAN_CSV0000000000008117.csv
CAN_CSV0000000000008164.csv,CAN_CSV0000000000001323.csv
CAN_CSV0000000000008164.csv,CAN_CSV0000000000008290.csv
CAN_CSV0000000000008164.csv,CAN_CSV0000000000022571.csv
CAN_CSV0000000000008164.csv,CAN_CSV0000000000008154.csv
CAN_CSV0000000000008164.csv,CAN_CSV0000000000008165.csv
CAN_CSV0000000000008164.csv,CAN_CSV0000000000001314.csv
CAN_CSV0000000000008164.csv,CAN_CSV0000000000008255.csv
CAN_CSV0000000000008165.csv,CAN_CSV0000000000008269.csv
CAN_CSV0000000000008165.csv,CAN_CSV0000000000001316.csv
CAN_CSV0000000000008165.csv,CAN_CSV0000000000022577.csv
CAN_CSV0000000000008165.csv,CAN_CSV0000000000001461.csv
CAN_CSV0000000000008165.csv,CAN_CSV0000000000024914.csv
CAN_CSV0000000000008165.csv,CAN_CSV0000000000008276.csv
CAN_CSV0000000000008165.csv,CAN_CSV0000000000024921.csv
CAN_CSV0000000000008165.csv,CAN_CSV0000000000018410.csv
CAN_CSV0000000000008165.csv,CAN_CSV0000000000003182.csv
CAN_CSV0000000000008165.csv,CAN_CSV0000000000025508.csv
CAN_CSV0000000000008165.csv,CAN_CSV0000000000008284.csv
CAN_CSV0000000000008165.csv,CAN_CSV0000000000024922.csv
CAN_CSV0000000000008165.csv,CAN_CSV0000000000014837.csv
CAN_CSV0000000000008165.csv,CAN_CSV0000000000022579.csv
CAN_CSV0000000000008165.csv,CAN_CSV0000000000025504.csv
CAN_CSV0000000000008165.csv,CAN_CSV0000000000022563.csv
CAN_CSV0000000000008165.csv,CAN_CSV0000000000001404.csv
CAN_CSV0000000000008165.csv,CAN_CSV0000000000008271.csv
CAN_CSV0000000000008165.csv,CAN_CSV0000000000018307.csv
CAN_CSV0000000000008165.csv,CAN_CSV0000000000019441.csv
CAN_CSV0000000000008165.csv,CAN_CSV0000000000019095.csv
CAN_CSV0000000000008165.csv,CAN_CSV0000000000008157.csv
CAN_CSV0000000000008165.csv,CAN_CSV0000000000018438.csv
CAN_CSV0000000000008165.csv,CAN_CSV0000000000027465.csv
CAN_CSV0000000000008165.csv,CAN_CSV0000000000018431.csv
CAN_CSV0000000000008165.csv,CAN_CSV0000000000008159.csv
CAN_CSV0000000000008165.csv,CAN_CSV0000000000008290.csv
CAN_CSV0000000000008165.csv,CAN_CSV0000000000022574.csv
CAN_CSV0000000000008165.csv,CAN_CSV0000000000022571.csv
CAN_CSV0000000000008165.csv,CAN_CSV0000000000008154.csv
CAN_CSV0000000000008165.csv,CAN_CSV0000000000024911.csv
CAN_CSV0000000000008165.csv,CAN_CSV0000000000008291.csv
CAN_CSV0000000000008165.csv,CAN_CSV0000000000001314.csv
CAN_CSV0000000000008165.csv,CAN_CSV0000000000008166.csv
CAN_CSV0000000000008165.csv,CAN_CSV0000000000022568.csv
CAN_CSV0000000000008165.csv,CAN_CSV0000000000008164.csv
CAN_CSV0000000000008201.csv,CAN_CSV0000000000001487.csv
CAN_CSV0000000000008201.csv,CAN_CSV0000000000027346.csv
CAN_CSV0000000000008519.csv,CAN_CSV0000000000017172.csv
CAN_CSV0000000000008519.csv,CAN_CSV0000000000019197.csv
CAN_CSV0000000000008519.csv,CAN_CSV0000000000004007.csv
CAN_CSV0000000000008519.csv,CAN_CSV0000000000026244.csv
CAN_CSV0000000000008519.csv,CAN_CSV0000000000008056.csv
CAN_CSV0000000000008519.csv,CAN_CSV0000000000016797.csv
CAN_CSV0000000000008519.csv,CAN_CSV0000000000009991.csv
CAN_CSV0000000000008519.csv,CAN_CSV0000000000011318.csv
CAN_CSV0000000000008743.csv,CAN_CSV0000000000025975.csv
CAN_CSV0000000000008743.csv,CAN_CSV0000000000024632.csv
CAN_CSV0000000000008743.csv,CAN_CSV0000000000022009.csv
CAN_CSV0000000000008743.csv,CAN_CSV0000000000024347.csv
CAN_CSV0000000000008743.csv,CAN_CSV0000000000011494.csv
CAN_CSV0000000000008933.csv,CAN_CSV0000000000009988.csv
CAN_CSV0000000000008933.csv,CAN_CSV0000000000017014.csv
CAN_CSV0000000000008933.csv,CAN_CSV0000000000019497.csv
CAN_CSV0000000000008933.csv,CAN_CSV0000000000020828.csv
CAN_CSV0000000000008933.csv,CAN_CSV0000000000026958.csv
CAN_CSV0000000000008933.csv,CAN_CSV0000000000019312.csv
CAN_CSV0000000000008933.csv,CAN_CSV0000000000022938.csv
CAN_CSV0000000000008933.csv,CAN_CSV0000000000020154.csv
CAN_CSV0000000000008933.csv,CAN_CSV0000000000009181.csv
CAN_CSV0000000000008933.csv,CAN_CSV0000000000025498.csv
CAN_CSV0000000000008933.csv,CAN_CSV0000000000015209.csv
CAN_CSV0000000000008933.csv,CAN_CSV0000000000020767.csv
CAN_CSV0000000000008933.csv,CAN_CSV0000000000016708.csv
CAN_CSV0000000000008933.csv,CAN_CSV0000000000012000.csv
CAN_CSV0000000000009158.csv,CAN_CSV0000000000002066.csv
CAN_CSV0000000000009158.csv,CAN_CSV0000000000012054.csv
CAN_CSV0000000000009158.csv,CAN_CSV0000000000003541.csv
CAN_CSV0000000000009158.csv,CAN_CSV0000000000020186.csv
CAN_CSV0000000000009256.csv,CAN_CSV0000000000021072.csv
CAN_CSV0000000000009256.csv,CAN_CSV0000000000017825.csv
CAN_CSV0000000000009256.csv,CAN_CSV0000000000001955.csv
CAN_CSV0000000000009256.csv,CAN_CSV0000000000001867.csv
CAN_CSV0000000000009256.csv,CAN_CSV0000000000022617.csv
CAN_CSV0000000000009256.csv,CAN_CSV0000000000027386.csv
CAN_CSV0000000000009256.csv,CAN_CSV0000000000011627.csv
CAN_CSV0000000000009256.csv,CAN_CSV0000000000025600.csv
CAN_CSV0000000000009256.csv,CAN_CSV0000000000021470.csv
CAN_CSV0000000000009256.csv,CAN_CSV0000000000001861.csv
CAN_CSV0000000000009256.csv,CAN_CSV0000000000018788.csv
CAN_CSV0000000000009256.csv,CAN_CSV0000000000022416.csv
CAN_CSV0000000000009256.csv,CAN_CSV0000000000002140.csv
CAN_CSV0000000000009256.csv,CAN_CSV0000000000027411.csv
CAN_CSV0000000000009256.csv,CAN_CSV0000000000001963.csv
CAN_CSV0000000000009256.csv,CAN_CSV0000000000001914.csv
CAN_CSV0000000000009256.csv,CAN_CSV0000000000008205.csv
CAN_CSV0000000000009256.csv,CAN_CSV0000000000023789.csv
CAN_CSV0000000000009256.csv,CAN_CSV0000000000016775.csv
CAN_CSV0000000000009256.csv,CAN_CSV0000000000021537.csv
CAN_CSV0000000000009256.csv,CAN_CSV0000000000020510.csv
CAN_CSV0000000000009303.csv,CAN_CSV0000000000004630.csv
CAN_CSV0000000000009303.csv,CAN_CSV0000000000004674.csv
CAN_CSV0000000000009365.csv,CAN_CSV0000000000023301.csv
CAN_CSV0000000000009365.csv,CAN_CSV0000000000020825.csv
CAN_CSV0000000000009365.csv,CAN_CSV0000000000027007.csv
CAN_CSV0000000000009365.csv,CAN_CSV0000000000018581.csv
CAN_CSV0000000000009365.csv,CAN_CSV0000000000026751.csv
CAN_CSV0000000000009365.csv,CAN_CSV0000000000017968.csv
CAN_CSV0000000000009365.csv,CAN_CSV0000000000024660.csv
CAN_CSV0000000000009365.csv,CAN_CSV0000000000008214.csv
CAN_CSV0000000000009365.csv,CAN_CSV0000000000020052.csv
CAN_CSV0000000000009365.csv,CAN_CSV0000000000003365.csv
CAN_CSV0000000000009365.csv,CAN_CSV0000000000024067.csv
CAN_CSV0000000000009365.csv,CAN_CSV0000000000015161.csv
CAN_CSV0000000000009365.csv,CAN_CSV0000000000025903.csv
CAN_CSV0000000000009365.csv,CAN_CSV0000000000024884.csv
CAN_CSV0000000000009365.csv,CAN_CSV0000000000004586.csv
CAN_CSV0000000000009365.csv,CAN_CSV0000000000003892.csv
CAN_CSV0000000000009365.csv,CAN_CSV0000000000019867.csv
CAN_CSV0000000000009365.csv,CAN_CSV0000000000003088.csv
CAN_CSV0000000000009365.csv,CAN_CSV0000000000017400.csv
CAN_CSV0000000000009365.csv,CAN_CSV0000000000018831.csv
CAN_CSV0000000000009365.csv,CAN_CSV0000000000017187.csv
CAN_CSV0000000000009365.csv,CAN_CSV0000000000002762.csv
CAN_CSV0000000000009365.csv,CAN_CSV0000000000003766.csv
CAN_CSV0000000000009365.csv,CAN_CSV0000000000009039.csv
CAN_CSV0000000000009365.csv,CAN_CSV0000000000011356.csv
CAN_CSV0000000000009365.csv,CAN_CSV0000000000007832.csv
CAN_CSV0000000000009365.csv,CAN_CSV0000000000022992.csv
CAN_CSV0000000000009365.csv,CAN_CSV0000000000010103.csv
CAN_CSV0000000000009365.csv,CAN_CSV0000000000009702.csv
CAN_CSV0000000000009424.csv,CAN_CSV0000000000009854.csv
CAN_CSV0000000000009470.csv,CAN_CSV0000000000018668.csv
CAN_CSV0000000000009470.csv,CAN_CSV0000000000017417.csv
CAN_CSV0000000000009470.csv,CAN_CSV0000000000025606.csv
CAN_CSV0000000000009470.csv,CAN_CSV0000000000008603.csv
CAN_CSV0000000000009470.csv,CAN_CSV0000000000017572.csv
CAN_CSV0000000000009470.csv,CAN_CSV0000000000026925.csv
CAN_CSV0000000000009470.csv,CAN_CSV0000000000024354.csv
CAN_CSV0000000000009470.csv,CAN_CSV0000000000025790.csv
CAN_CSV0000000000009470.csv,CAN_CSV0000000000020310.csv
CAN_CSV0000000000009470.csv,CAN_CSV0000000000015163.csv
CAN_CSV0000000000009470.csv,CAN_CSV0000000000016082.csv
CAN_CSV0000000000009470.csv,CAN_CSV0000000000022431.csv
CAN_CSV0000000000009470.csv,CAN_CSV0000000000019300.csv
CAN_CSV0000000000009470.csv,CAN_CSV0000000000011643.csv
CAN_CSV0000000000009470.csv,CAN_CSV0000000000023229.csv
CAN_CSV0000000000009470.csv,CAN_CSV0000000000008071.csv
CAN_CSV0000000000009470.csv,CAN_CSV0000000000020848.csv
CAN_CSV0000000000009470.csv,CAN_CSV0000000000022990.csv
CAN_CSV0000000000009470.csv,CAN_CSV0000000000023751.csv
CAN_CSV0000000000009470.csv,CAN_CSV0000000000008615.csv
CAN_CSV0000000000009470.csv,CAN_CSV0000000000022846.csv
CAN_CSV0000000000009470.csv,CAN_CSV0000000000026372.csv
CAN_CSV0000000000009470.csv,CAN_CSV0000000000021735.csv
CAN_CSV0000000000009470.csv,CAN_CSV0000000000023496.csv
CAN_CSV0000000000009470.csv,CAN_CSV0000000000007881.csv
CAN_CSV0000000000009470.csv,CAN_CSV0000000000012299.csv
CAN_CSV0000000000009470.csv,CAN_CSV0000000000017552.csv
CAN_CSV0000000000009470.csv,CAN_CSV0000000000015330.csv
CAN_CSV0000000000009470.csv,CAN_CSV0000000000023562.csv
CAN_CSV0000000000009470.csv,CAN_CSV0000000000009663.csv
CAN_CSV0000000000009470.csv,CAN_CSV0000000000010497.csv
CAN_CSV0000000000009470.csv,CAN_CSV0000000000010124.csv
CAN_CSV0000000000009470.csv,CAN_CSV0000000000009986.csv
CAN_CSV0000000000009470.csv,CAN_CSV0000000000009119.csv
CAN_CSV0000000000009470.csv,CAN_CSV0000000000011432.csv
CAN_CSV0000000000009470.csv,CAN_CSV0000000000015002.csv
CAN_CSV0000000000009470.csv,CAN_CSV0000000000011705.csv
CAN_CSV0000000000009470.csv,CAN_CSV0000000000023718.csv
CAN_CSV0000000000009470.csv,CAN_CSV0000000000026045.csv
CAN_CSV0000000000009546.csv,CAN_CSV0000000000026240.csv
CAN_CSV0000000000009546.csv,CAN_CSV0000000000026004.csv
CAN_CSV0000000000009546.csv,CAN_CSV0000000000015108.csv
CAN_CSV0000000000009546.csv,CAN_CSV0000000000015112.csv
CAN_CSV0000000000009546.csv,CAN_CSV0000000000015073.csv
CAN_CSV0000000000009546.csv,CAN_CSV0000000000001954.csv
CAN_CSV0000000000009577.csv,CAN_CSV0000000000022001.csv
CAN_CSV0000000000009577.csv,CAN_CSV0000000000010619.csv
CAN_CSV0000000000009606.csv,CAN_CSV0000000000019167.csv
CAN_CSV0000000000009606.csv,CAN_CSV0000000000001455.csv
CAN_CSV0000000000009606.csv,CAN_CSV0000000000008359.csv
CAN_CSV0000000000009606.csv,CAN_CSV0000000000012197.csv
CAN_CSV0000000000009606.csv,CAN_CSV0000000000021195.csv
CAN_CSV0000000000009606.csv,CAN_CSV0000000000017236.csv
CAN_CSV0000000000009606.csv,CAN_CSV0000000000011295.csv
CAN_CSV0000000000009606.csv,CAN_CSV0000000000022917.csv
CAN_CSV0000000000009606.csv,CAN_CSV0000000000007431.csv
CAN_CSV0000000000009606.csv,CAN_CSV0000000000022699.csv
CAN_CSV0000000000009606.csv,CAN_CSV0000000000001454.csv
CAN_CSV0000000000009606.csv,CAN_CSV0000000000002062.csv
CAN_CSV0000000000009606.csv,CAN_CSV0000000000002121.csv
CAN_CSV0000000000009606.csv,CAN_CSV0000000000001317.csv
CAN_CSV0000000000009606.csv,CAN_CSV0000000000008751.csv
CAN_CSV0000000000009606.csv,CAN_CSV0000000000001890.csv
CAN_CSV0000000000009606.csv,CAN_CSV0000000000018607.csv
CAN_CSV0000000000009606.csv,CAN_CSV0000000000012087.csv
CAN_CSV0000000000009606.csv,CAN_CSV0000000000002109.csv
CAN_CSV0000000000009619.csv,CAN_CSV0000000000003929.csv
CAN_CSV0000000000009619.csv,CAN_CSV0000000000008410.csv
CAN_CSV0000000000009619.csv,CAN_CSV0000000000009716.csv
CAN_CSV0000000000009619.csv,CAN_CSV0000000000026426.csv
CAN_CSV0000000000009619.csv,CAN_CSV0000000000010929.csv
CAN_CSV0000000000009619.csv,CAN_CSV0000000000009621.csv
CAN_CSV0000000000009619.csv,CAN_CSV0000000000009100.csv
CAN_CSV0000000000009619.csv,CAN_CSV0000000000023929.csv
CAN_CSV0000000000009619.csv,CAN_CSV0000000000009708.csv
CAN_CSV0000000000009619.csv,CAN_CSV0000000000017005.csv
CAN_CSV0000000000009619.csv,CAN_CSV0000000000003935.csv
CAN_CSV0000000000009619.csv,CAN_CSV0000000000008398.csv
CAN_CSV0000000000009619.csv,CAN_CSV0000000000008405.csv
CAN_CSV0000000000009619.csv,CAN_CSV0000000000010507.csv
CAN_CSV0000000000009619.csv,CAN_CSV0000000000008404.csv
CAN_CSV0000000000009619.csv,CAN_CSV0000000000011300.csv
CAN_CSV0000000000009619.csv,CAN_CSV0000000000017483.csv
CAN_CSV0000000000009619.csv,CAN_CSV0000000000008151.csv
CAN_CSV0000000000009619.csv,CAN_CSV0000000000008402.csv
CAN_CSV0000000000009619.csv,CAN_CSV0000000000025872.csv
CAN_CSV0000000000009619.csv,CAN_CSV0000000000009721.csv
CAN_CSV0000000000009619.csv,CAN_CSV0000000000010317.csv
CAN_CSV0000000000009663.csv,CAN_CSV0000000000018668.csv
CAN_CSV0000000000009663.csv,CAN_CSV0000000000017417.csv
CAN_CSV0000000000009663.csv,CAN_CSV0000000000025606.csv
CAN_CSV0000000000009663.csv,CAN_CSV0000000000008603.csv
CAN_CSV0000000000009663.csv,CAN_CSV0000000000017572.csv
CAN_CSV0000000000009663.csv,CAN_CSV0000000000026925.csv
CAN_CSV0000000000009663.csv,CAN_CSV0000000000024354.csv
CAN_CSV0000000000009663.csv,CAN_CSV0000000000009470.csv
CAN_CSV0000000000009663.csv,CAN_CSV0000000000025790.csv
CAN_CSV0000000000009663.csv,CAN_CSV0000000000020310.csv
CAN_CSV0000000000009663.csv,CAN_CSV0000000000015163.csv
CAN_CSV0000000000009663.csv,CAN_CSV0000000000016082.csv
CAN_CSV0000000000009663.csv,CAN_CSV0000000000022431.csv
CAN_CSV0000000000009663.csv,CAN_CSV0000000000019300.csv
CAN_CSV0000000000009663.csv,CAN_CSV0000000000023229.csv
CAN_CSV0000000000009663.csv,CAN_CSV0000000000011643.csv
CAN_CSV0000000000009663.csv,CAN_CSV0000000000008071.csv
CAN_CSV0000000000009663.csv,CAN_CSV0000000000020848.csv
CAN_CSV0000000000009663.csv,CAN_CSV0000000000022990.csv
CAN_CSV0000000000009663.csv,CAN_CSV0000000000023751.csv
CAN_CSV0000000000009663.csv,CAN_CSV0000000000008615.csv
CAN_CSV0000000000009663.csv,CAN_CSV0000000000026372.csv
CAN_CSV0000000000009663.csv,CAN_CSV0000000000021735.csv
CAN_CSV0000000000009663.csv,CAN_CSV0000000000023496.csv
CAN_CSV0000000000009663.csv,CAN_CSV0000000000017552.csv
CAN_CSV0000000000009663.csv,CAN_CSV0000000000023562.csv
CAN_CSV0000000000009663.csv,CAN_CSV0000000000015330.csv
CAN_CSV0000000000009663.csv,CAN_CSV0000000000010497.csv
CAN_CSV0000000000009663.csv,CAN_CSV0000000000010124.csv
CAN_CSV0000000000009663.csv,CAN_CSV0000000000009986.csv
CAN_CSV0000000000009663.csv,CAN_CSV0000000000017148.csv
CAN_CSV0000000000009663.csv,CAN_CSV0000000000020031.csv
CAN_CSV0000000000009663.csv,CAN_CSV0000000000007607.csv
CAN_CSV0000000000009663.csv,CAN_CSV0000000000010078.csv
CAN_CSV0000000000009663.csv,CAN_CSV0000000000009375.csv
CAN_CSV0000000000009663.csv,CAN_CSV0000000000016529.csv
CAN_CSV0000000000009951.csv,CAN_CSV0000000000004005.csv
CAN_CSV0000000000009951.csv,CAN_CSV0000000000023177.csv
CAN_CSV0000000000009951.csv,CAN_CSV0000000000010708.csv
CAN_CSV0000000000009951.csv,CAN_CSV0000000000023713.csv
CAN_CSV0000000000009951.csv,CAN_CSV0000000000023075.csv
CAN_CSV0000000000009951.csv,CAN_CSV0000000000011363.csv
CAN_CSV0000000000009951.csv,CAN_CSV0000000000022964.csv
CAN_CSV0000000000009951.csv,CAN_CSV0000000000011182.csv
CAN_CSV0000000000009951.csv,CAN_CSV0000000000021027.csv
CAN_CSV0000000000009951.csv,CAN_CSV0000000000008029.csv
CAN_CSV0000000000009951.csv,CAN_CSV0000000000010821.csv
CAN_CSV0000000000009951.csv,CAN_CSV0000000000022491.csv
CAN_CSV0000000000009951.csv,CAN_CSV0000000000020002.csv
CAN_CSV0000000000009951.csv,CAN_CSV0000000000003334.csv
CAN_CSV0000000000009951.csv,CAN_CSV0000000000011060.csv
CAN_CSV0000000000009951.csv,CAN_CSV0000000000024854.csv
CAN_CSV0000000000009951.csv,CAN_CSV0000000000018035.csv
CAN_CSV0000000000009951.csv,CAN_CSV0000000000010069.csv
CAN_CSV0000000000009951.csv,CAN_CSV0000000000019754.csv
CAN_CSV0000000000009951.csv,CAN_CSV0000000000011419.csv
CAN_CSV0000000000009951.csv,CAN_CSV0000000000021560.csv
CAN_CSV0000000000009951.csv,CAN_CSV0000000000026355.csv
CAN_CSV0000000000009951.csv,CAN_CSV0000000000010468.csv
CAN_CSV0000000000009951.csv,CAN_CSV0000000000015050.csv
CAN_CSV0000000000009951.csv,CAN_CSV0000000000017912.csv
CAN_CSV0000000000009951.csv,CAN_CSV0000000000024654.csv
CAN_CSV0000000000009951.csv,CAN_CSV0000000000024279.csv
CAN_CSV0000000000009951.csv,CAN_CSV0000000000023239.csv
CAN_CSV0000000000009951.csv,CAN_CSV0000000000008727.csv
CAN_CSV0000000000009951.csv,CAN_CSV0000000000016233.csv
CAN_CSV0000000000009951.csv,CAN_CSV0000000000020791.csv
CAN_CSV0000000000009988.csv,CAN_CSV0000000000017014.csv
CAN_CSV0000000000009988.csv,CAN_CSV0000000000009195.csv
CAN_CSV0000000000009988.csv,CAN_CSV0000000000019497.csv
CAN_CSV0000000000009988.csv,CAN_CSV0000000000020828.csv
CAN_CSV0000000000009988.csv,CAN_CSV0000000000026958.csv
CAN_CSV0000000000009988.csv,CAN_CSV0000000000019312.csv
CAN_CSV0000000000009988.csv,CAN_CSV0000000000008933.csv
CAN_CSV0000000000009988.csv,CAN_CSV0000000000022938.csv
CAN_CSV0000000000009988.csv,CAN_CSV0000000000020154.csv
CAN_CSV0000000000009988.csv,CAN_CSV0000000000009181.csv
CAN_CSV0000000000009988.csv,CAN_CSV0000000000025498.csv
CAN_CSV0000000000009988.csv,CAN_CSV0000000000020767.csv
CAN_CSV0000000000009988.csv,CAN_CSV0000000000015209.csv
CAN_CSV0000000000009988.csv,CAN_CSV0000000000016708.csv
CAN_CSV0000000000009988.csv,CAN_CSV0000000000012000.csv
CAN_CSV0000000000009988.csv,CAN_CSV0000000000010829.csv
CAN_CSV0000000000009988.csv,CAN_CSV0000000000023039.csv
CAN_CSV0000000000009991.csv,CAN_CSV0000000000019197.csv
CAN_CSV0000000000009991.csv,CAN_CSV0000000000004007.csv
CAN_CSV0000000000009991.csv,CAN_CSV0000000000017172.csv
CAN_CSV0000000000009991.csv,CAN_CSV0000000000026144.csv
CAN_CSV0000000000009991.csv,CAN_CSV0000000000026244.csv
CAN_CSV0000000000009991.csv,CAN_CSV0000000000008519.csv
CAN_CSV0000000000009991.csv,CAN_CSV0000000000008056.csv
CAN_CSV0000000000009991.csv,CAN_CSV0000000000023098.csv
CAN_CSV0000000000009991.csv,CAN_CSV0000000000002128.csv
CAN_CSV0000000000009991.csv,CAN_CSV0000000000021161.csv
CAN_CSV0000000000009991.csv,CAN_CSV0000000000002832.csv
CAN_CSV0000000000009991.csv,CAN_CSV0000000000016797.csv
CAN_CSV0000000000009991.csv,CAN_CSV0000000000011318.csv
CAN_CSV0000000000009991.csv,CAN_CSV0000000000020548.csv
CAN_CSV0000000000010053.csv,CAN_CSV0000000000024802.csv
CAN_CSV0000000000010053.csv,CAN_CSV0000000000024791.csv
CAN_CSV0000000000010053.csv,CAN_CSV0000000000024799.csv
CAN_CSV0000000000010053.csv,CAN_CSV0000000000016611.csv
CAN_CSV0000000000010053.csv,CAN_CSV0000000000008555.csv
CAN_CSV0000000000010053.csv,CAN_CSV0000000000024789.csv
CAN_CSV0000000000010053.csv,CAN_CSV0000000000024800.csv
CAN_CSV0000000000010053.csv,CAN_CSV0000000000024803.csv
CAN_CSV0000000000010053.csv,CAN_CSV0000000000024224.csv
CAN_CSV0000000000010053.csv,CAN_CSV0000000000021313.csv
CAN_CSV0000000000010053.csv,CAN_CSV0000000000009604.csv
CAN_CSV0000000000010053.csv,CAN_CSV0000000000024797.csv
CAN_CSV0000000000010053.csv,CAN_CSV0000000000011949.csv
CAN_CSV0000000000010053.csv,CAN_CSV0000000000024796.csv
CAN_CSV0000000000010053.csv,CAN_CSV0000000000024792.csv
CAN_CSV0000000000010053.csv,CAN_CSV0000000000024790.csv
CAN_CSV0000000000010053.csv,CAN_CSV0000000000024795.csv
CAN_CSV0000000000010053.csv,CAN_CSV0000000000024798.csv
CAN_CSV0000000000010053.csv,CAN_CSV0000000000024784.csv
CAN_CSV0000000000010053.csv,CAN_CSV0000000000007769.csv
CAN_CSV0000000000010053.csv,CAN_CSV0000000000024794.csv
CAN_CSV0000000000010103.csv,CAN_CSV0000000000020825.csv
CAN_CSV0000000000010103.csv,CAN_CSV0000000000027007.csv
CAN_CSV0000000000010103.csv,CAN_CSV0000000000026751.csv
CAN_CSV0000000000010103.csv,CAN_CSV0000000000024660.csv
CAN_CSV0000000000010103.csv,CAN_CSV0000000000008214.csv
CAN_CSV0000000000010103.csv,CAN_CSV0000000000020052.csv
CAN_CSV0000000000010103.csv,CAN_CSV0000000000003365.csv
CAN_CSV0000000000010103.csv,CAN_CSV0000000000023471.csv
CAN_CSV0000000000010103.csv,CAN_CSV0000000000024067.csv
CAN_CSV0000000000010103.csv,CAN_CSV0000000000015161.csv
CAN_CSV0000000000010103.csv,CAN_CSV0000000000025903.csv
CAN_CSV0000000000010103.csv,CAN_CSV0000000000009036.csv
CAN_CSV0000000000010103.csv,CAN_CSV0000000000024884.csv
CAN_CSV0000000000010103.csv,CAN_CSV0000000000011752.csv
CAN_CSV0000000000010103.csv,CAN_CSV0000000000004586.csv
CAN_CSV0000000000010103.csv,CAN_CSV0000000000019867.csv
CAN_CSV0000000000010103.csv,CAN_CSV0000000000003088.csv
CAN_CSV0000000000010103.csv,CAN_CSV0000000000017400.csv
CAN_CSV0000000000010103.csv,CAN_CSV0000000000018831.csv
CAN_CSV0000000000010103.csv,CAN_CSV0000000000002762.csv
CAN_CSV0000000000010103.csv,CAN_CSV0000000000016835.csv
CAN_CSV0000000000010103.csv,CAN_CSV0000000000003766.csv
CAN_CSV0000000000010103.csv,CAN_CSV0000000000011356.csv
CAN_CSV0000000000010103.csv,CAN_CSV0000000000022992.csv
CAN_CSV0000000000010103.csv,CAN_CSV0000000000009702.csv
CAN_CSV0000000000010317.csv,CAN_CSV0000000000003929.csv
CAN_CSV0000000000010317.csv,CAN_CSV0000000000008410.csv
CAN_CSV0000000000010317.csv,CAN_CSV0000000000009716.csv
CAN_CSV0000000000010317.csv,CAN_CSV0000000000026426.csv
CAN_CSV0000000000010317.csv,CAN_CSV0000000000010929.csv
CAN_CSV0000000000010317.csv,CAN_CSV0000000000009621.csv
CAN_CSV0000000000010317.csv,CAN_CSV0000000000009100.csv
CAN_CSV0000000000010317.csv,CAN_CSV0000000000023929.csv
CAN_CSV0000000000010317.csv,CAN_CSV0000000000009708.csv
CAN_CSV0000000000010317.csv,CAN_CSV0000000000017005.csv
CAN_CSV0000000000010317.csv,CAN_CSV0000000000003935.csv
CAN_CSV0000000000010317.csv,CAN_CSV0000000000008398.csv
CAN_CSV0000000000010317.csv,CAN_CSV0000000000008405.csv
CAN_CSV0000000000010317.csv,CAN_CSV0000000000010507.csv
CAN_CSV0000000000010317.csv,CAN_CSV0000000000008404.csv
CAN_CSV0000000000010317.csv,CAN_CSV0000000000011300.csv
CAN_CSV0000000000010317.csv,CAN_CSV0000000000017483.csv
CAN_CSV0000000000010317.csv,CAN_CSV0000000000008151.csv
CAN_CSV0000000000010317.csv,CAN_CSV0000000000008402.csv
CAN_CSV0000000000010317.csv,CAN_CSV0000000000025872.csv
CAN_CSV0000000000010317.csv,CAN_CSV0000000000009619.csv
CAN_CSV0000000000010317.csv,CAN_CSV0000000000009721.csv
CAN_CSV0000000000010529.csv,CAN_CSV0000000000020098.csv
CAN_CSV0000000000010564.csv,CAN_CSV0000000000023461.csv
CAN_CSV0000000000010564.csv,CAN_CSV0000000000007906.csv
CAN_CSV0000000000010564.csv,CAN_CSV0000000000003463.csv
CAN_CSV0000000000010564.csv,CAN_CSV0000000000021930.csv
CAN_CSV0000000000010564.csv,CAN_CSV0000000000003410.csv
CAN_CSV0000000000010564.csv,CAN_CSV0000000000024221.csv
CAN_CSV0000000000010564.csv,CAN_CSV0000000000017078.csv
CAN_CSV0000000000010564.csv,CAN_CSV0000000000021111.csv
CAN_CSV0000000000010564.csv,CAN_CSV0000000000016713.csv
CAN_CSV0000000000010564.csv,CAN_CSV0000000000022435.csv
CAN_CSV0000000000010598.csv,CAN_CSV0000000000002111.csv
CAN_CSV0000000000010598.csv,CAN_CSV0000000000017453.csv
CAN_CSV0000000000010598.csv,CAN_CSV0000000000022149.csv
CAN_CSV0000000000010598.csv,CAN_CSV0000000000026782.csv
CAN_CSV0000000000010598.csv,CAN_CSV0000000000021405.csv
CAN_CSV0000000000010598.csv,CAN_CSV0000000000017304.csv
CAN_CSV0000000000010598.csv,CAN_CSV0000000000022208.csv
CAN_CSV0000000000010598.csv,CAN_CSV0000000000009401.csv
CAN_CSV0000000000010598.csv,CAN_CSV0000000000011333.csv
CAN_CSV0000000000010598.csv,CAN_CSV0000000000001453.csv
CAN_CSV0000000000010598.csv,CAN_CSV0000000000004404.csv
CAN_CSV0000000000010598.csv,CAN_CSV0000000000015908.csv
CAN_CSV0000000000010598.csv,CAN_CSV0000000000018895.csv
CAN_CSV0000000000010598.csv,CAN_CSV0000000000016186.csv
CAN_CSV0000000000010598.csv,CAN_CSV0000000000027397.csv
CAN_CSV0000000000010598.csv,CAN_CSV0000000000024578.csv
CAN_CSV0000000000010598.csv,CAN_CSV0000000000015850.csv
CAN_CSV0000000000010598.csv,CAN_CSV0000000000025864.csv
CAN_CSV0000000000010598.csv,CAN_CSV0000000000027417.csv
CAN_CSV0000000000010598.csv,CAN_CSV0000000000001686.csv
CAN_CSV0000000000010598.csv,CAN_CSV0000000000020165.csv
CAN_CSV0000000000010598.csv,CAN_CSV0000000000026036.csv
CAN_CSV0000000000010598.csv,CAN_CSV0000000000008133.csv
CAN_CSV0000000000010598.csv,CAN_CSV0000000000021962.csv
CAN_CSV0000000000010598.csv,CAN_CSV0000000000020974.csv
CAN_CSV0000000000010598.csv,CAN_CSV0000000000002075.csv
CAN_CSV0000000000010598.csv,CAN_CSV0000000000008462.csv
CAN_CSV0000000000010598.csv,CAN_CSV0000000000023859.csv
CAN_CSV0000000000010598.csv,CAN_CSV0000000000001442.csv
CAN_CSV0000000000010598.csv,CAN_CSV0000000000017299.csv
CAN_CSV0000000000010598.csv,CAN_CSV0000000000009285.csv
CAN_CSV0000000000010598.csv,CAN_CSV0000000000002046.csv
CAN_CSV0000000000010598.csv,CAN_CSV0000000000009444.csv
CAN_CSV0000000000010598.csv,CAN_CSV0000000000017939.csv
CAN_CSV0000000000010598.csv,CAN_CSV0000000000017242.csv
CAN_CSV0000000000010598.csv,CAN_CSV0000000000023436.csv
CAN_CSV0000000000010611.csv,CAN_CSV0000000000021070.csv
CAN_CSV0000000000010611.csv,CAN_CSV0000000000015295.csv
CAN_CSV0000000000010611.csv,CAN_CSV0000000000024866.csv
CAN_CSV0000000000010611.csv,CAN_CSV0000000000009265.csv
CAN_CSV0000000000010611.csv,CAN_CSV0000000000021102.csv
CAN_CSV0000000000010611.csv,CAN_CSV0000000000024770.csv
CAN_CSV0000000000010611.csv,CAN_CSV0000000000026380.csv
CAN_CSV0000000000010611.csv,CAN_CSV0000000000003595.csv
CAN_CSV0000000000010611.csv,CAN_CSV0000000000026997.csv
CAN_CSV0000000000010611.csv,CAN_CSV0000000000009120.csv
CAN_CSV0000000000010611.csv,CAN_CSV0000000000009726.csv
CAN_CSV0000000000010611.csv,CAN_CSV0000000000010608.csv
CAN_CSV0000000000010611.csv,CAN_CSV0000000000021131.csv
CAN_CSV0000000000010611.csv,CAN_CSV0000000000016992.csv
CAN_CSV0000000000010611.csv,CAN_CSV0000000000004648.csv
CAN_CSV0000000000010611.csv,CAN_CSV0000000000017606.csv
CAN_CSV0000000000011091.csv,CAN_CSV0000000000016979.csv
CAN_CSV0000000000011123.csv,CAN_CSV0000000000008695.csv
CAN_CSV0000000000011123.csv,CAN_CSV0000000000002648.csv
CAN_CSV0000000000011123.csv,CAN_CSV0000000000017292.csv
CAN_CSV0000000000011123.csv,CAN_CSV0000000000024969.csv
CAN_CSV0000000000011123.csv,CAN_CSV0000000000021049.csv
CAN_CSV0000000000011123.csv,CAN_CSV0000000000023921.csv
CAN_CSV0000000000011123.csv,CAN_CSV0000000000019253.csv
CAN_CSV0000000000011123.csv,CAN_CSV0000000000011243.csv
CAN_CSV0000000000011164.csv,CAN_CSV0000000000026153.csv
CAN_CSV0000000000011164.csv,CAN_CSV0000000000020140.csv
CAN_CSV0000000000011164.csv,CAN_CSV0000000000024255.csv
CAN_CSV0000000000011164.csv,CAN_CSV0000000000020162.csv
CAN_CSV0000000000011164.csv,CAN_CSV0000000000008817.csv
CAN_CSV0000000000011164.csv,CAN_CSV0000000000007604.csv
CAN_CSV0000000000011164.csv,CAN_CSV0000000000017519.csv
CAN_CSV0000000000011318.csv,CAN_CSV0000000000017172.csv
CAN_CSV0000000000011318.csv,CAN_CSV0000000000019197.csv
CAN_CSV0000000000011318.csv,CAN_CSV0000000000004007.csv
CAN_CSV0000000000011318.csv,CAN_CSV0000000000026244.csv
CAN_CSV0000000000011318.csv,CAN_CSV0000000000008519.csv
CAN_CSV0000000000011318.csv,CAN_CSV0000000000008056.csv
CAN_CSV0000000000011318.csv,CAN_CSV0000000000016797.csv
CAN_CSV0000000000011318.csv,CAN_CSV0000000000009991.csv
CAN_CSV0000000000011356.csv,CAN_CSV0000000000020825.csv
CAN_CSV0000000000011356.csv,CAN_CSV0000000000027007.csv
CAN_CSV0000000000011356.csv,CAN_CSV0000000000026751.csv
CAN_CSV0000000000011356.csv,CAN_CSV0000000000024660.csv
CAN_CSV0000000000011356.csv,CAN_CSV0000000000008214.csv
CAN_CSV0000000000011356.csv,CAN_CSV0000000000020052.csv
CAN_CSV0000000000011356.csv,CAN_CSV0000000000003365.csv
CAN_CSV0000000000011356.csv,CAN_CSV0000000000023471.csv
CAN_CSV0000000000011356.csv,CAN_CSV0000000000024067.csv
CAN_CSV0000000000011356.csv,CAN_CSV0000000000015161.csv
CAN_CSV0000000000011356.csv,CAN_CSV0000000000025903.csv
CAN_CSV0000000000011356.csv,CAN_CSV0000000000009036.csv
CAN_CSV0000000000011356.csv,CAN_CSV0000000000024884.csv
CAN_CSV0000000000011356.csv,CAN_CSV0000000000011752.csv
CAN_CSV0000000000011356.csv,CAN_CSV0000000000004586.csv
CAN_CSV0000000000011356.csv,CAN_CSV0000000000019867.csv
CAN_CSV0000000000011356.csv,CAN_CSV0000000000003088.csv
CAN_CSV0000000000011356.csv,CAN_CSV0000000000017400.csv
CAN_CSV0000000000011356.csv,CAN_CSV0000000000018831.csv
CAN_CSV0000000000011356.csv,CAN_CSV0000000000002762.csv
CAN_CSV0000000000011356.csv,CAN_CSV0000000000016835.csv
CAN_CSV0000000000011356.csv,CAN_CSV0000000000003766.csv
CAN_CSV0000000000011356.csv,CAN_CSV0000000000022992.csv
CAN_CSV0000000000011356.csv,CAN_CSV0000000000010103.csv
CAN_CSV0000000000011356.csv,CAN_CSV0000000000009702.csv
CAN_CSV0000000000011357.csv,CAN_CSV0000000000003929.csv
CAN_CSV0000000000011357.csv,CAN_CSV0000000000017962.csv
CAN_CSV0000000000011357.csv,CAN_CSV0000000000008410.csv
CAN_CSV0000000000011357.csv,CAN_CSV0000000000009716.csv
CAN_CSV0000000000011357.csv,CAN_CSV0000000000026426.csv
CAN_CSV0000000000011357.csv,CAN_CSV0000000000010929.csv
CAN_CSV0000000000011357.csv,CAN_CSV0000000000009100.csv
CAN_CSV0000000000011357.csv,CAN_CSV0000000000023929.csv
CAN_CSV0000000000011357.csv,CAN_CSV0000000000009708.csv
CAN_CSV0000000000011357.csv,CAN_CSV0000000000003935.csv
CAN_CSV0000000000011357.csv,CAN_CSV0000000000008398.csv
CAN_CSV0000000000011357.csv,CAN_CSV0000000000008405.csv
CAN_CSV0000000000011357.csv,CAN_CSV0000000000010507.csv
CAN_CSV0000000000011357.csv,CAN_CSV0000000000019952.csv
CAN_CSV0000000000011357.csv,CAN_CSV0000000000009713.csv
CAN_CSV0000000000011357.csv,CAN_CSV0000000000009704.csv
CAN_CSV0000000000011357.csv,CAN_CSV0000000000008404.csv
CAN_CSV0000000000011357.csv,CAN_CSV0000000000017483.csv
CAN_CSV0000000000011357.csv,CAN_CSV0000000000009705.csv
CAN_CSV0000000000011357.csv,CAN_CSV0000000000024703.csv
CAN_CSV0000000000011357.csv,CAN_CSV0000000000024709.csv
CAN_CSV0000000000011439.csv,CAN_CSV0000000000001853.csv
CAN_CSV0000000000011439.csv,CAN_CSV0000000000001717.csv
CAN_CSV0000000000011439.csv,CAN_CSV0000000000001730.csv
CAN_CSV0000000000011451.csv,CAN_CSV0000000000018668.csv
CAN_CSV0000000000011451.csv,CAN_CSV0000000000017417.csv
CAN_CSV0000000000011451.csv,CAN_CSV0000000000025606.csv
CAN_CSV0000000000011451.csv,CAN_CSV0000000000008603.csv
CAN_CSV0000000000011451.csv,CAN_CSV0000000000017572.csv
CAN_CSV0000000000011451.csv,CAN_CSV0000000000026925.csv
CAN_CSV0000000000011451.csv,CAN_CSV0000000000003071.csv
CAN_CSV0000000000011451.csv,CAN_CSV0000000000024354.csv
CAN_CSV0000000000011451.csv,CAN_CSV0000000000009470.csv
CAN_CSV0000000000011451.csv,CAN_CSV0000000000025790.csv
CAN_CSV0000000000011451.csv,CAN_CSV0000000000020310.csv
CAN_CSV0000000000011451.csv,CAN_CSV0000000000015163.csv
CAN_CSV0000000000011451.csv,CAN_CSV0000000000022431.csv
CAN_CSV0000000000011451.csv,CAN_CSV0000000000016082.csv
CAN_CSV0000000000011451.csv,CAN_CSV0000000000019300.csv
CAN_CSV0000000000011451.csv,CAN_CSV0000000000011643.csv
CAN_CSV0000000000011451.csv,CAN_CSV0000000000023229.csv
CAN_CSV0000000000011451.csv,CAN_CSV0000000000008071.csv
CAN_CSV0000000000011451.csv,CAN_CSV0000000000020848.csv
CAN_CSV0000000000011451.csv,CAN_CSV0000000000022990.csv
CAN_CSV0000000000011451.csv,CAN_CSV0000000000023751.csv
CAN_CSV0000000000011451.csv,CAN_CSV0000000000022479.csv
CAN_CSV0000000000011451.csv,CAN_CSV0000000000008615.csv
CAN_CSV0000000000011451.csv,CAN_CSV0000000000026372.csv
CAN_CSV0000000000011451.csv,CAN_CSV0000000000021735.csv
CAN_CSV0000000000011451.csv,CAN_CSV0000000000023496.csv
CAN_CSV0000000000011451.csv,CAN_CSV0000000000012299.csv
CAN_CSV0000000000011451.csv,CAN_CSV0000000000017552.csv
CAN_CSV0000000000011451.csv,CAN_CSV0000000000015330.csv
CAN_CSV0000000000011451.csv,CAN_CSV0000000000023562.csv
CAN_CSV0000000000011451.csv,CAN_CSV0000000000009663.csv
CAN_CSV0000000000011451.csv,CAN_CSV0000000000010497.csv
CAN_CSV0000000000011451.csv,CAN_CSV0000000000010124.csv
CAN_CSV0000000000011451.csv,CAN_CSV0000000000009986.csv
CAN_CSV0000000000011451.csv,CAN_CSV0000000000016526.csv
CAN_CSV0000000000012002.csv,CAN_CSV0000000000018617.csv
CAN_CSV0000000000012002.csv,CAN_CSV0000000000004355.csv
CAN_CSV0000000000012002.csv,CAN_CSV0000000000023940.csv
CAN_CSV0000000000012002.csv,CAN_CSV0000000000018393.csv
CAN_CSV0000000000012002.csv,CAN_CSV0000000000018044.csv
CAN_CSV0000000000012002.csv,CAN_CSV0000000000019373.csv
CAN_CSV0000000000012002.csv,CAN_CSV0000000000016880.csv
CAN_CSV0000000000012002.csv,CAN_CSV0000000000004353.csv
CAN_CSV0000000000012002.csv,CAN_CSV0000000000021239.csv
CAN_CSV0000000000012002.csv,CAN_CSV0000000000004356.csv
CAN_CSV0000000000012002.csv,CAN_CSV0000000000025303.csv
CAN_CSV0000000000012002.csv,CAN_CSV0000000000021273.csv
CAN_CSV0000000000012002.csv,CAN_CSV0000000000021277.csv
CAN_CSV0000000000012002.csv,CAN_CSV0000000000002739.csv
CAN_CSV0000000000012002.csv,CAN_CSV0000000000004354.csv
CAN_CSV0000000000012002.csv,CAN_CSV0000000000021246.csv
CAN_CSV0000000000012002.csv,CAN_CSV0000000000021269.csv
CAN_CSV0000000000012002.csv,CAN_CSV0000000000021247.csv
CAN_CSV0000000000012002.csv,CAN_CSV0000000000023380.csv
CAN_CSV0000000000012002.csv,CAN_CSV0000000000021238.csv
CAN_CSV0000000000012002.csv,CAN_CSV0000000000008837.csv
CAN_CSV0000000000012002.csv,CAN_CSV0000000000023312.csv
CAN_CSV0000000000012002.csv,CAN_CSV0000000000020732.csv
CAN_CSV0000000000012002.csv,CAN_CSV0000000000003760.csv
CAN_CSV0000000000012002.csv,CAN_CSV0000000000015880.csv
CAN_CSV0000000000012108.csv,CAN_CSV0000000000020036.csv
CAN_CSV0000000000012108.csv,CAN_CSV0000000000001895.csv
CAN_CSV0000000000012108.csv,CAN_CSV0000000000010499.csv
CAN_CSV0000000000012108.csv,CAN_CSV0000000000016296.csv
CAN_CSV0000000000012108.csv,CAN_CSV0000000000023602.csv
CAN_CSV0000000000012108.csv,CAN_CSV0000000000026441.csv
CAN_CSV0000000000012108.csv,CAN_CSV0000000000021927.csv
CAN_CSV0000000000012108.csv,CAN_CSV0000000000010464.csv
CAN_CSV0000000000012108.csv,CAN_CSV0000000000007299.csv
CAN_CSV0000000000012108.csv,CAN_CSV0000000000003100.csv
CAN_CSV0000000000012108.csv,CAN_CSV0000000000008699.csv
CAN_CSV0000000000012108.csv,CAN_CSV0000000000003356.csv
CAN_CSV0000000000012108.csv,CAN_CSV0000000000016370.csv
CAN_CSV0000000000012108.csv,CAN_CSV0000000000022798.csv
CAN_CSV0000000000012108.csv,CAN_CSV0000000000015899.csv
CAN_CSV0000000000012108.csv,CAN_CSV0000000000001900.csv
CAN_CSV0000000000012448.csv,CAN_CSV0000000000005320.csv
CAN_CSV0000000000012448.csv,CAN_CSV0000000000000687.csv
CAN_CSV0000000000012448.csv,CAN_CSV0000000000000685.csv
CAN_CSV0000000000012448.csv,CAN_CSV0000000000027103.csv
CAN_CSV0000000000012448.csv,CAN_CSV0000000000005297.csv
CAN_CSV0000000000012448.csv,CAN_CSV0000000000005322.csv
CAN_CSV0000000000012448.csv,CAN_CSV0000000000000678.csv
CAN_CSV0000000000012448.csv,CAN_CSV0000000000005307.csv
CAN_CSV0000000000012448.csv,CAN_CSV0000000000005348.csv
CAN_CSV0000000000012448.csv,CAN_CSV0000000000005300.csv
CAN_CSV0000000000012448.csv,CAN_CSV0000000000000698.csv
CAN_CSV0000000000012448.csv,CAN_CSV0000000000000644.csv
CAN_CSV0000000000012455.csv,CAN_CSV0000000000006913.csv
CAN_CSV0000000000012455.csv,CAN_CSV0000000000012577.csv
CAN_CSV0000000000012455.csv,CAN_CSV0000000000012569.csv
CAN_CSV0000000000012455.csv,CAN_CSV0000000000006192.csv
CAN_CSV0000000000012455.csv,CAN_CSV0000000000012922.csv
CAN_CSV0000000000012455.csv,CAN_CSV0000000000013001.csv
CAN_CSV0000000000012455.csv,CAN_CSV0000000000002292.csv
CAN_CSV0000000000012455.csv,CAN_CSV0000000000006102.csv
CAN_CSV0000000000012455.csv,CAN_CSV0000000000006939.csv
CAN_CSV0000000000012455.csv,CAN_CSV0000000000005832.csv
CAN_CSV0000000000012455.csv,CAN_CSV0000000000005391.csv
CAN_CSV0000000000012455.csv,CAN_CSV0000000000012680.csv
CAN_CSV0000000000012455.csv,CAN_CSV0000000000006806.csv
CAN_CSV0000000000012455.csv,CAN_CSV0000000000012460.csv
CAN_CSV0000000000012455.csv,CAN_CSV0000000000000886.csv
CAN_CSV0000000000012455.csv,CAN_CSV0000000000000708.csv
CAN_CSV0000000000012455.csv,CAN_CSV0000000000013199.csv
CAN_CSV0000000000012455.csv,CAN_CSV0000000000000710.csv
CAN_CSV0000000000012455.csv,CAN_CSV0000000000013514.csv
CAN_CSV0000000000012455.csv,CAN_CSV0000000000013702.csv
CAN_CSV0000000000012455.csv,CAN_CSV0000000000012952.csv
CAN_CSV0000000000012455.csv,CAN_CSV0000000000027217.csv
CAN_CSV0000000000012455.csv,CAN_CSV0000000000005264.csv
CAN_CSV0000000000012455.csv,CAN_CSV0000000000004766.csv
CAN_CSV0000000000012455.csv,CAN_CSV0000000000000719.csv
CAN_CSV0000000000012455.csv,CAN_CSV0000000000013518.csv
CAN_CSV0000000000012455.csv,CAN_CSV0000000000002181.csv
CAN_CSV0000000000012455.csv,CAN_CSV0000000000005205.csv
CAN_CSV0000000000012455.csv,CAN_CSV0000000000005227.csv
CAN_CSV0000000000012455.csv,CAN_CSV0000000000000735.csv
CAN_CSV0000000000012455.csv,CAN_CSV0000000000012606.csv
CAN_CSV0000000000012455.csv,CAN_CSV0000000000013513.csv
CAN_CSV0000000000012455.csv,CAN_CSV0000000000027219.csv
CAN_CSV0000000000012455.csv,CAN_CSV0000000000000608.csv
CAN_CSV0000000000012455.csv,CAN_CSV0000000000013603.csv
CAN_CSV0000000000012455.csv,CAN_CSV0000000000013782.csv
CAN_CSV0000000000012455.csv,CAN_CSV0000000000015560.csv
CAN_CSV0000000000012455.csv,CAN_CSV0000000000005265.csv
CAN_CSV0000000000012455.csv,CAN_CSV0000000000000610.csv
CAN_CSV0000000000012455.csv,CAN_CSV0000000000001116.csv
CAN_CSV0000000000012455.csv,CAN_CSV0000000000012854.csv
CAN_CSV0000000000012455.csv,CAN_CSV0000000000004703.csv
CAN_CSV0000000000012455.csv,CAN_CSV0000000000015551.csv
CAN_CSV0000000000012455.csv,CAN_CSV0000000000015570.csv
CAN_CSV0000000000012455.csv,CAN_CSV0000000000005379.csv
CAN_CSV0000000000012455.csv,CAN_CSV0000000000013602.csv
CAN_CSV0000000000012455.csv,CAN_CSV0000000000005128.csv
CAN_CSV0000000000012455.csv,CAN_CSV0000000000001226.csv
CAN_CSV0000000000012455.csv,CAN_CSV0000000000027228.csv
CAN_CSV0000000000012455.csv,CAN_CSV0000000000001114.csv
CAN_CSV0000000000012455.csv,CAN_CSV0000000000012980.csv
CAN_CSV0000000000012455.csv,CAN_CSV0000000000012496.csv
CAN_CSV0000000000012455.csv,CAN_CSV0000000000012497.csv
CAN_CSV0000000000012455.csv,CAN_CSV0000000000027218.csv
CAN_CSV0000000000012455.csv,CAN_CSV0000000000005009.csv
CAN_CSV0000000000012455.csv,CAN_CSV0000000000012515.csv
CAN_CSV0000000000012455.csv,CAN_CSV0000000000012763.csv
CAN_CSV0000000000012455.csv,CAN_CSV0000000000013701.csv
CAN_CSV0000000000012455.csv,CAN_CSV0000000000012845.csv
CAN_CSV0000000000012455.csv,CAN_CSV0000000000013484.csv
CAN_CSV0000000000012455.csv,CAN_CSV0000000000013497.csv
CAN_CSV0000000000012455.csv,CAN_CSV0000000000005103.csv
CAN_CSV0000000000012455.csv,CAN_CSV0000000000014315.csv
CAN_CSV0000000000012455.csv,CAN_CSV0000000000013510.csv
CAN_CSV0000000000012455.csv,CAN_CSV0000000000013036.csv
CAN_CSV0000000000012455.csv,CAN_CSV0000000000012599.csv
CAN_CSV0000000000012455.csv,CAN_CSV0000000000013489.csv
CAN_CSV0000000000012455.csv,CAN_CSV0000000000012458.csv
CAN_CSV0000000000012455.csv,CAN_CSV0000000000012459.csv
CAN_CSV0000000000012457.csv,CAN_CSV0000000000005320.csv
CAN_CSV0000000000012457.csv,CAN_CSV0000000000000687.csv
CAN_CSV0000000000012457.csv,CAN_CSV0000000000000685.csv
CAN_CSV0000000000012457.csv,CAN_CSV0000000000027103.csv
CAN_CSV0000000000012457.csv,CAN_CSV0000000000005297.csv
CAN_CSV0000000000012457.csv,CAN_CSV0000000000005322.csv
CAN_CSV0000000000012457.csv,CAN_CSV0000000000000678.csv
CAN_CSV0000000000012457.csv,CAN_CSV0000000000005307.csv
CAN_CSV0000000000012457.csv,CAN_CSV0000000000005348.csv
CAN_CSV0000000000012457.csv,CAN_CSV0000000000005300.csv
CAN_CSV0000000000012457.csv,CAN_CSV0000000000000698.csv
CAN_CSV0000000000012457.csv,CAN_CSV0000000000000644.csv
CAN_CSV0000000000012458.csv,CAN_CSV0000000000005320.csv
CAN_CSV0000000000012458.csv,CAN_CSV0000000000000687.csv
CAN_CSV0000000000012458.csv,CAN_CSV0000000000000685.csv
CAN_CSV0000000000012458.csv,CAN_CSV0000000000027103.csv
CAN_CSV0000000000012458.csv,CAN_CSV0000000000005297.csv
CAN_CSV0000000000012458.csv,CAN_CSV0000000000005322.csv
CAN_CSV0000000000012458.csv,CAN_CSV0000000000000678.csv
CAN_CSV0000000000012458.csv,CAN_CSV0000000000005307.csv
CAN_CSV0000000000012458.csv,CAN_CSV0000000000005348.csv
CAN_CSV0000000000012458.csv,CAN_CSV0000000000005300.csv
CAN_CSV0000000000012458.csv,CAN_CSV0000000000000698.csv
CAN_CSV0000000000012458.csv,CAN_CSV0000000000000644.csv
CAN_CSV0000000000012459.csv,CAN_CSV0000000000005320.csv
CAN_CSV0000000000012459.csv,CAN_CSV0000000000000687.csv
CAN_CSV0000000000012459.csv,CAN_CSV0000000000000685.csv
CAN_CSV0000000000012459.csv,CAN_CSV0000000000027103.csv
CAN_CSV0000000000012459.csv,CAN_CSV0000000000005297.csv
CAN_CSV0000000000012459.csv,CAN_CSV0000000000005322.csv
CAN_CSV0000000000012459.csv,CAN_CSV0000000000000678.csv
CAN_CSV0000000000012459.csv,CAN_CSV0000000000005307.csv
CAN_CSV0000000000012459.csv,CAN_CSV0000000000005348.csv
CAN_CSV0000000000012459.csv,CAN_CSV0000000000005300.csv
CAN_CSV0000000000012459.csv,CAN_CSV0000000000000698.csv
CAN_CSV0000000000012459.csv,CAN_CSV0000000000000644.csv
CAN_CSV0000000000012460.csv,CAN_CSV0000000000005320.csv
CAN_CSV0000000000012460.csv,CAN_CSV0000000000000687.csv
CAN_CSV0000000000012460.csv,CAN_CSV0000000000000685.csv
CAN_CSV0000000000012460.csv,CAN_CSV0000000000027103.csv
CAN_CSV0000000000012460.csv,CAN_CSV0000000000005297.csv
CAN_CSV0000000000012460.csv,CAN_CSV0000000000005322.csv
CAN_CSV0000000000012460.csv,CAN_CSV0000000000000678.csv
CAN_CSV0000000000012460.csv,CAN_CSV0000000000005307.csv
CAN_CSV0000000000012460.csv,CAN_CSV0000000000005348.csv
CAN_CSV0000000000012460.csv,CAN_CSV0000000000005300.csv
CAN_CSV0000000000012460.csv,CAN_CSV0000000000000698.csv
CAN_CSV0000000000012460.csv,CAN_CSV0000000000000644.csv
CAN_CSV0000000000012496.csv,CAN_CSV0000000000005320.csv
CAN_CSV0000000000012496.csv,CAN_CSV0000000000000687.csv
CAN_CSV0000000000012496.csv,CAN_CSV0000000000000685.csv
CAN_CSV0000000000012496.csv,CAN_CSV0000000000027103.csv
CAN_CSV0000000000012496.csv,CAN_CSV0000000000005297.csv
CAN_CSV0000000000012496.csv,CAN_CSV0000000000005322.csv
CAN_CSV0000000000012496.csv,CAN_CSV0000000000000678.csv
CAN_CSV0000000000012496.csv,CAN_CSV0000000000005307.csv
CAN_CSV0000000000012496.csv,CAN_CSV0000000000005348.csv
CAN_CSV0000000000012496.csv,CAN_CSV0000000000005300.csv
CAN_CSV0000000000012496.csv,CAN_CSV0000000000000698.csv
CAN_CSV0000000000012496.csv,CAN_CSV0000000000000644.csv
CAN_CSV0000000000012497.csv,CAN_CSV0000000000005320.csv
CAN_CSV0000000000012497.csv,CAN_CSV0000000000000687.csv
CAN_CSV0000000000012497.csv,CAN_CSV0000000000000685.csv
CAN_CSV0000000000012497.csv,CAN_CSV0000000000027103.csv
CAN_CSV0000000000012497.csv,CAN_CSV0000000000005297.csv
CAN_CSV0000000000012497.csv,CAN_CSV0000000000005322.csv
CAN_CSV0000000000012497.csv,CAN_CSV0000000000000678.csv
CAN_CSV0000000000012497.csv,CAN_CSV0000000000005307.csv
CAN_CSV0000000000012497.csv,CAN_CSV0000000000005348.csv
CAN_CSV0000000000012497.csv,CAN_CSV0000000000005300.csv
CAN_CSV0000000000012497.csv,CAN_CSV0000000000000698.csv
CAN_CSV0000000000012497.csv,CAN_CSV0000000000000644.csv
CAN_CSV0000000000012498.csv,CAN_CSV0000000000005320.csv
CAN_CSV0000000000012498.csv,CAN_CSV0000000000000687.csv
CAN_CSV0000000000012498.csv,CAN_CSV0000000000000685.csv
CAN_CSV0000000000012498.csv,CAN_CSV0000000000027103.csv
CAN_CSV0000000000012498.csv,CAN_CSV0000000000005297.csv
CAN_CSV0000000000012498.csv,CAN_CSV0000000000005322.csv
CAN_CSV0000000000012498.csv,CAN_CSV0000000000000678.csv
CAN_CSV0000000000012498.csv,CAN_CSV0000000000005307.csv
CAN_CSV0000000000012498.csv,CAN_CSV0000000000005348.csv
CAN_CSV0000000000012498.csv,CAN_CSV0000000000005300.csv
CAN_CSV0000000000012498.csv,CAN_CSV0000000000000698.csv
CAN_CSV0000000000012498.csv,CAN_CSV0000000000000644.csv
CAN_CSV0000000000012499.csv,CAN_CSV0000000000005320.csv
CAN_CSV0000000000012499.csv,CAN_CSV0000000000000687.csv
CAN_CSV0000000000012499.csv,CAN_CSV0000000000000685.csv
CAN_CSV0000000000012499.csv,CAN_CSV0000000000027103.csv
CAN_CSV0000000000012499.csv,CAN_CSV0000000000005297.csv
CAN_CSV0000000000012499.csv,CAN_CSV0000000000005322.csv
CAN_CSV0000000000012499.csv,CAN_CSV0000000000000678.csv
CAN_CSV0000000000012499.csv,CAN_CSV0000000000005307.csv
CAN_CSV0000000000012499.csv,CAN_CSV0000000000005348.csv
CAN_CSV0000000000012499.csv,CAN_CSV0000000000005300.csv
CAN_CSV0000000000012499.csv,CAN_CSV0000000000000698.csv
CAN_CSV0000000000012499.csv,CAN_CSV0000000000000644.csv
CAN_CSV0000000000012501.csv,CAN_CSV0000000000005320.csv
CAN_CSV0000000000012501.csv,CAN_CSV0000000000000687.csv
CAN_CSV0000000000012501.csv,CAN_CSV0000000000000685.csv
CAN_CSV0000000000012501.csv,CAN_CSV0000000000027103.csv
CAN_CSV0000000000012501.csv,CAN_CSV0000000000005297.csv
CAN_CSV0000000000012501.csv,CAN_CSV0000000000005322.csv
CAN_CSV0000000000012501.csv,CAN_CSV0000000000000678.csv
CAN_CSV0000000000012501.csv,CAN_CSV0000000000005307.csv
CAN_CSV0000000000012501.csv,CAN_CSV0000000000005348.csv
CAN_CSV0000000000012501.csv,CAN_CSV0000000000005300.csv
CAN_CSV0000000000012501.csv,CAN_CSV0000000000000698.csv
CAN_CSV0000000000012501.csv,CAN_CSV0000000000000644.csv
CAN_CSV0000000000012503.csv,CAN_CSV0000000000005320.csv
CAN_CSV0000000000012503.csv,CAN_CSV0000000000000687.csv
CAN_CSV0000000000012503.csv,CAN_CSV0000000000000685.csv
CAN_CSV0000000000012503.csv,CAN_CSV0000000000027103.csv
CAN_CSV0000000000012503.csv,CAN_CSV0000000000005297.csv
CAN_CSV0000000000012503.csv,CAN_CSV0000000000005322.csv
CAN_CSV0000000000012503.csv,CAN_CSV0000000000000678.csv
CAN_CSV0000000000012503.csv,CAN_CSV0000000000005307.csv
CAN_CSV0000000000012503.csv,CAN_CSV0000000000005348.csv
CAN_CSV0000000000012503.csv,CAN_CSV0000000000005300.csv
CAN_CSV0000000000012503.csv,CAN_CSV0000000000000698.csv
CAN_CSV0000000000012503.csv,CAN_CSV0000000000000644.csv
CAN_CSV0000000000012515.csv,CAN_CSV0000000000005320.csv
CAN_CSV0000000000012515.csv,CAN_CSV0000000000000687.csv
CAN_CSV0000000000012515.csv,CAN_CSV0000000000000685.csv
CAN_CSV0000000000012515.csv,CAN_CSV0000000000027103.csv
CAN_CSV0000000000012515.csv,CAN_CSV0000000000005297.csv
CAN_CSV0000000000012515.csv,CAN_CSV0000000000005322.csv
CAN_CSV0000000000012515.csv,CAN_CSV0000000000000678.csv
CAN_CSV0000000000012515.csv,CAN_CSV0000000000005307.csv
CAN_CSV0000000000012515.csv,CAN_CSV0000000000005348.csv
CAN_CSV0000000000012515.csv,CAN_CSV0000000000005300.csv
CAN_CSV0000000000012515.csv,CAN_CSV0000000000000698.csv
CAN_CSV0000000000012515.csv,CAN_CSV0000000000000644.csv
CAN_CSV0000000000012516.csv,CAN_CSV0000000000005320.csv
CAN_CSV0000000000012516.csv,CAN_CSV0000000000000687.csv
CAN_CSV0000000000012516.csv,CAN_CSV0000000000000685.csv
CAN_CSV0000000000012516.csv,CAN_CSV0000000000027103.csv
CAN_CSV0000000000012516.csv,CAN_CSV0000000000005297.csv
CAN_CSV0000000000012516.csv,CAN_CSV0000000000005322.csv
CAN_CSV0000000000012516.csv,CAN_CSV0000000000000678.csv
CAN_CSV0000000000012516.csv,CAN_CSV0000000000005307.csv
CAN_CSV0000000000012516.csv,CAN_CSV0000000000005348.csv
CAN_CSV0000000000012516.csv,CAN_CSV0000000000005300.csv
CAN_CSV0000000000012516.csv,CAN_CSV0000000000000698.csv
CAN_CSV0000000000012516.csv,CAN_CSV0000000000000644.csv
CAN_CSV0000000000012522.csv,CAN_CSV0000000000013001.csv
CAN_CSV0000000000012522.csv,CAN_CSV0000000000000863.csv
CAN_CSV0000000000012522.csv,CAN_CSV0000000000002292.csv
CAN_CSV0000000000012522.csv,CAN_CSV0000000000027218.csv
CAN_CSV0000000000012522.csv,CAN_CSV0000000000012938.csv
CAN_CSV0000000000012522.csv,CAN_CSV0000000000005832.csv
CAN_CSV0000000000012522.csv,CAN_CSV0000000000012526.csv
CAN_CSV0000000000012522.csv,CAN_CSV0000000000005391.csv
CAN_CSV0000000000012522.csv,CAN_CSV0000000000005725.csv
CAN_CSV0000000000012522.csv,CAN_CSV0000000000012952.csv
CAN_CSV0000000000012522.csv,CAN_CSV0000000000027217.csv
CAN_CSV0000000000012522.csv,CAN_CSV0000000000005264.csv
CAN_CSV0000000000012522.csv,CAN_CSV0000000000013199.csv
CAN_CSV0000000000012522.csv,CAN_CSV0000000000005857.csv
CAN_CSV0000000000012522.csv,CAN_CSV0000000000013514.csv
CAN_CSV0000000000012522.csv,CAN_CSV0000000000013702.csv
CAN_CSV0000000000012522.csv,CAN_CSV0000000000000857.csv
CAN_CSV0000000000012522.csv,CAN_CSV0000000000004766.csv
CAN_CSV0000000000012522.csv,CAN_CSV0000000000000719.csv
CAN_CSV0000000000012522.csv,CAN_CSV0000000000005703.csv
CAN_CSV0000000000012522.csv,CAN_CSV0000000000005683.csv
CAN_CSV0000000000012522.csv,CAN_CSV0000000000012994.csv
CAN_CSV0000000000012522.csv,CAN_CSV0000000000007125.csv
CAN_CSV0000000000012522.csv,CAN_CSV0000000000013518.csv
CAN_CSV0000000000012522.csv,CAN_CSV0000000000002181.csv
CAN_CSV0000000000012522.csv,CAN_CSV0000000000005205.csv
CAN_CSV0000000000012522.csv,CAN_CSV0000000000000735.csv
CAN_CSV0000000000012522.csv,CAN_CSV0000000000013513.csv
CAN_CSV0000000000012522.csv,CAN_CSV0000000000005227.csv
CAN_CSV0000000000012522.csv,CAN_CSV0000000000012978.csv
CAN_CSV0000000000012522.csv,CAN_CSV0000000000027219.csv
CAN_CSV0000000000012522.csv,CAN_CSV0000000000000918.csv
CAN_CSV0000000000012522.csv,CAN_CSV0000000000000608.csv
CAN_CSV0000000000012522.csv,CAN_CSV0000000000013603.csv
CAN_CSV0000000000012522.csv,CAN_CSV0000000000006777.csv
CAN_CSV0000000000012522.csv,CAN_CSV0000000000012667.csv
CAN_CSV0000000000012522.csv,CAN_CSV0000000000013782.csv
CAN_CSV0000000000012522.csv,CAN_CSV0000000000015560.csv
CAN_CSV0000000000012522.csv,CAN_CSV0000000000006345.csv
CAN_CSV0000000000012522.csv,CAN_CSV0000000000005265.csv
CAN_CSV0000000000012522.csv,CAN_CSV0000000000000610.csv
CAN_CSV0000000000012522.csv,CAN_CSV0000000000012523.csv
CAN_CSV0000000000012522.csv,CAN_CSV0000000000001116.csv
CAN_CSV0000000000012522.csv,CAN_CSV0000000000004703.csv
CAN_CSV0000000000012522.csv,CAN_CSV0000000000000859.csv
CAN_CSV0000000000012522.csv,CAN_CSV0000000000015551.csv
CAN_CSV0000000000012522.csv,CAN_CSV0000000000015570.csv
CAN_CSV0000000000012522.csv,CAN_CSV0000000000005379.csv
CAN_CSV0000000000012522.csv,CAN_CSV0000000000013602.csv
CAN_CSV0000000000012522.csv,CAN_CSV0000000000001226.csv
CAN_CSV0000000000012522.csv,CAN_CSV0000000000005128.csv
CAN_CSV0000000000012522.csv,CAN_CSV0000000000012677.csv
CAN_CSV0000000000012522.csv,CAN_CSV0000000000001114.csv
CAN_CSV0000000000012522.csv,CAN_CSV0000000000006575.csv
CAN_CSV0000000000012522.csv,CAN_CSV0000000000012980.csv
CAN_CSV0000000000012522.csv,CAN_CSV0000000000005009.csv
CAN_CSV0000000000012522.csv,CAN_CSV0000000000012528.csv
CAN_CSV0000000000012522.csv,CAN_CSV0000000000006822.csv
CAN_CSV0000000000012522.csv,CAN_CSV0000000000013701.csv
CAN_CSV0000000000012522.csv,CAN_CSV0000000000012845.csv
CAN_CSV0000000000012522.csv,CAN_CSV0000000000013484.csv
CAN_CSV0000000000012522.csv,CAN_CSV0000000000013497.csv
CAN_CSV0000000000012522.csv,CAN_CSV0000000000012904.csv
CAN_CSV0000000000012522.csv,CAN_CSV0000000000012968.csv
CAN_CSV0000000000012522.csv,CAN_CSV0000000000005706.csv
CAN_CSV0000000000012522.csv,CAN_CSV0000000000014315.csv
CAN_CSV0000000000012522.csv,CAN_CSV0000000000000854.csv
CAN_CSV0000000000012522.csv,CAN_CSV0000000000013510.csv
CAN_CSV0000000000012522.csv,CAN_CSV0000000000013036.csv
CAN_CSV0000000000012522.csv,CAN_CSV0000000000005103.csv
CAN_CSV0000000000012522.csv,CAN_CSV0000000000013489.csv
CAN_CSV0000000000012522.csv,CAN_CSV0000000000012697.csv
CAN_CSV0000000000012522.csv,CAN_CSV0000000000027228.csv
CAN_CSV0000000000012522.csv,CAN_CSV0000000000006810.csv
CAN_CSV0000000000012522.csv,CAN_CSV0000000000006910.csv
CAN_CSV0000000000012528.csv,CAN_CSV0000000000005320.csv
CAN_CSV0000000000012528.csv,CAN_CSV0000000000000687.csv
CAN_CSV0000000000012528.csv,CAN_CSV0000000000000685.csv
CAN_CSV0000000000012528.csv,CAN_CSV0000000000027103.csv
CAN_CSV0000000000012528.csv,CAN_CSV0000000000005297.csv
CAN_CSV0000000000012528.csv,CAN_CSV0000000000005322.csv
CAN_CSV0000000000012528.csv,CAN_CSV0000000000000678.csv
CAN_CSV0000000000012528.csv,CAN_CSV0000000000005307.csv
CAN_CSV0000000000012528.csv,CAN_CSV0000000000005348.csv
CAN_CSV0000000000012528.csv,CAN_CSV0000000000005300.csv
CAN_CSV0000000000012528.csv,CAN_CSV0000000000000698.csv
CAN_CSV0000000000012528.csv,CAN_CSV0000000000000644.csv
CAN_CSV0000000000012536.csv,CAN_CSV0000000000005320.csv
CAN_CSV0000000000012536.csv,CAN_CSV0000000000000687.csv
CAN_CSV0000000000012536.csv,CAN_CSV0000000000000685.csv
CAN_CSV0000000000012536.csv,CAN_CSV0000000000027103.csv
CAN_CSV0000000000012536.csv,CAN_CSV0000000000005297.csv
CAN_CSV0000000000012536.csv,CAN_CSV0000000000005322.csv
CAN_CSV0000000000012536.csv,CAN_CSV0000000000000678.csv
CAN_CSV0000000000012536.csv,CAN_CSV0000000000005307.csv
CAN_CSV0000000000012536.csv,CAN_CSV0000000000005348.csv
CAN_CSV0000000000012536.csv,CAN_CSV0000000000005300.csv
CAN_CSV0000000000012536.csv,CAN_CSV0000000000000698.csv
CAN_CSV0000000000012536.csv,CAN_CSV0000000000000644.csv
CAN_CSV0000000000012556.csv,CAN_CSV0000000000005320.csv
CAN_CSV0000000000012556.csv,CAN_CSV0000000000000687.csv
CAN_CSV0000000000012556.csv,CAN_CSV0000000000000685.csv
CAN_CSV0000000000012556.csv,CAN_CSV0000000000027103.csv
CAN_CSV0000000000012556.csv,CAN_CSV0000000000005297.csv
CAN_CSV0000000000012556.csv,CAN_CSV0000000000005322.csv
CAN_CSV0000000000012556.csv,CAN_CSV0000000000000678.csv
CAN_CSV0000000000012556.csv,CAN_CSV0000000000005307.csv
CAN_CSV0000000000012556.csv,CAN_CSV0000000000005348.csv
CAN_CSV0000000000012556.csv,CAN_CSV0000000000005300.csv
CAN_CSV0000000000012556.csv,CAN_CSV0000000000000698.csv
CAN_CSV0000000000012556.csv,CAN_CSV0000000000000644.csv
CAN_CSV0000000000012557.csv,CAN_CSV0000000000005320.csv
CAN_CSV0000000000012557.csv,CAN_CSV0000000000000687.csv
CAN_CSV0000000000012557.csv,CAN_CSV0000000000000685.csv
CAN_CSV0000000000012557.csv,CAN_CSV0000000000027103.csv
CAN_CSV0000000000012557.csv,CAN_CSV0000000000005297.csv
CAN_CSV0000000000012557.csv,CAN_CSV0000000000005322.csv
CAN_CSV0000000000012557.csv,CAN_CSV0000000000000678.csv
CAN_CSV0000000000012557.csv,CAN_CSV0000000000005307.csv
CAN_CSV0000000000012557.csv,CAN_CSV0000000000005348.csv
CAN_CSV0000000000012557.csv,CAN_CSV0000000000005300.csv
CAN_CSV0000000000012557.csv,CAN_CSV0000000000000698.csv
CAN_CSV0000000000012557.csv,CAN_CSV0000000000000644.csv
CAN_CSV0000000000012558.csv,CAN_CSV0000000000005320.csv
CAN_CSV0000000000012558.csv,CAN_CSV0000000000000687.csv
CAN_CSV0000000000012558.csv,CAN_CSV0000000000000685.csv
CAN_CSV0000000000012558.csv,CAN_CSV0000000000027103.csv
CAN_CSV0000000000012558.csv,CAN_CSV0000000000005297.csv
CAN_CSV0000000000012558.csv,CAN_CSV0000000000005322.csv
CAN_CSV0000000000012558.csv,CAN_CSV0000000000000678.csv
CAN_CSV0000000000012558.csv,CAN_CSV0000000000005307.csv
CAN_CSV0000000000012558.csv,CAN_CSV0000000000005348.csv
CAN_CSV0000000000012558.csv,CAN_CSV0000000000005300.csv
CAN_CSV0000000000012558.csv,CAN_CSV0000000000000698.csv
CAN_CSV0000000000012558.csv,CAN_CSV0000000000000644.csv
CAN_CSV0000000000012560.csv,CAN_CSV0000000000005320.csv
CAN_CSV0000000000012560.csv,CAN_CSV0000000000000687.csv
CAN_CSV0000000000012560.csv,CAN_CSV0000000000000685.csv
CAN_CSV0000000000012560.csv,CAN_CSV0000000000027103.csv
CAN_CSV0000000000012560.csv,CAN_CSV0000000000005297.csv
CAN_CSV0000000000012560.csv,CAN_CSV0000000000005322.csv
CAN_CSV0000000000012560.csv,CAN_CSV0000000000000678.csv
CAN_CSV0000000000012560.csv,CAN_CSV0000000000005307.csv
CAN_CSV0000000000012560.csv,CAN_CSV0000000000005348.csv
CAN_CSV0000000000012560.csv,CAN_CSV0000000000005300.csv
CAN_CSV0000000000012560.csv,CAN_CSV0000000000000698.csv
CAN_CSV0000000000012560.csv,CAN_CSV0000000000000644.csv
CAN_CSV0000000000012568.csv,CAN_CSV0000000000005320.csv
CAN_CSV0000000000012568.csv,CAN_CSV0000000000000687.csv
CAN_CSV0000000000012568.csv,CAN_CSV0000000000000685.csv
CAN_CSV0000000000012568.csv,CAN_CSV0000000000027103.csv
CAN_CSV0000000000012568.csv,CAN_CSV0000000000005297.csv
CAN_CSV0000000000012568.csv,CAN_CSV0000000000005322.csv
CAN_CSV0000000000012568.csv,CAN_CSV0000000000000678.csv
CAN_CSV0000000000012568.csv,CAN_CSV0000000000005307.csv
CAN_CSV0000000000012568.csv,CAN_CSV0000000000005348.csv
CAN_CSV0000000000012568.csv,CAN_CSV0000000000005300.csv
CAN_CSV0000000000012568.csv,CAN_CSV0000000000000698.csv
CAN_CSV0000000000012568.csv,CAN_CSV0000000000000644.csv
CAN_CSV0000000000012569.csv,CAN_CSV0000000000005320.csv
CAN_CSV0000000000012569.csv,CAN_CSV0000000000000687.csv
CAN_CSV0000000000012569.csv,CAN_CSV0000000000000685.csv
CAN_CSV0000000000012569.csv,CAN_CSV0000000000027103.csv
CAN_CSV0000000000012569.csv,CAN_CSV0000000000005297.csv
CAN_CSV0000000000012569.csv,CAN_CSV0000000000005322.csv
CAN_CSV0000000000012569.csv,CAN_CSV0000000000000678.csv
CAN_CSV0000000000012569.csv,CAN_CSV0000000000005307.csv
CAN_CSV0000000000012569.csv,CAN_CSV0000000000005348.csv
CAN_CSV0000000000012569.csv,CAN_CSV0000000000005300.csv
CAN_CSV0000000000012569.csv,CAN_CSV0000000000000698.csv
CAN_CSV0000000000012569.csv,CAN_CSV0000000000000644.csv
CAN_CSV0000000000012570.csv,CAN_CSV0000000000005320.csv
CAN_CSV0000000000012570.csv,CAN_CSV0000000000000687.csv
CAN_CSV0000000000012570.csv,CAN_CSV0000000000000685.csv
CAN_CSV0000000000012570.csv,CAN_CSV0000000000027103.csv
CAN_CSV0000000000012570.csv,CAN_CSV0000000000005297.csv
CAN_CSV0000000000012570.csv,CAN_CSV0000000000005322.csv
CAN_CSV0000000000012570.csv,CAN_CSV0000000000000678.csv
CAN_CSV0000000000012570.csv,CAN_CSV0000000000005307.csv
CAN_CSV0000000000012570.csv,CAN_CSV0000000000005348.csv
CAN_CSV0000000000012570.csv,CAN_CSV0000000000005300.csv
CAN_CSV0000000000012570.csv,CAN_CSV0000000000000698.csv
CAN_CSV0000000000012570.csv,CAN_CSV0000000000000644.csv
CAN_CSV0000000000012576.csv,CAN_CSV0000000000005320.csv
CAN_CSV0000000000012576.csv,CAN_CSV0000000000000687.csv
CAN_CSV0000000000012576.csv,CAN_CSV0000000000000685.csv
CAN_CSV0000000000012576.csv,CAN_CSV0000000000027103.csv
CAN_CSV0000000000012576.csv,CAN_CSV0000000000005297.csv
CAN_CSV0000000000012576.csv,CAN_CSV0000000000005322.csv
CAN_CSV0000000000012576.csv,CAN_CSV0000000000000678.csv
CAN_CSV0000000000012576.csv,CAN_CSV0000000000005307.csv
CAN_CSV0000000000012576.csv,CAN_CSV0000000000005348.csv
CAN_CSV0000000000012576.csv,CAN_CSV0000000000005300.csv
CAN_CSV0000000000012576.csv,CAN_CSV0000000000000698.csv
CAN_CSV0000000000012576.csv,CAN_CSV0000000000000644.csv
CAN_CSV0000000000012577.csv,CAN_CSV0000000000005320.csv
CAN_CSV0000000000012577.csv,CAN_CSV0000000000000687.csv
CAN_CSV0000000000012577.csv,CAN_CSV0000000000000685.csv
CAN_CSV0000000000012577.csv,CAN_CSV0000000000027103.csv
CAN_CSV0000000000012577.csv,CAN_CSV0000000000005297.csv
CAN_CSV0000000000012577.csv,CAN_CSV0000000000005322.csv
CAN_CSV0000000000012577.csv,CAN_CSV0000000000000678.csv
CAN_CSV0000000000012577.csv,CAN_CSV0000000000005307.csv
CAN_CSV0000000000012577.csv,CAN_CSV0000000000005348.csv
CAN_CSV0000000000012577.csv,CAN_CSV0000000000005300.csv
CAN_CSV0000000000012577.csv,CAN_CSV0000000000000698.csv
CAN_CSV0000000000012577.csv,CAN_CSV0000000000000644.csv
CAN_CSV0000000000012580.csv,CAN_CSV0000000000005320.csv
CAN_CSV0000000000012580.csv,CAN_CSV0000000000000687.csv
CAN_CSV0000000000012580.csv,CAN_CSV0000000000000685.csv
CAN_CSV0000000000012580.csv,CAN_CSV0000000000027103.csv
CAN_CSV0000000000012580.csv,CAN_CSV0000000000005297.csv
CAN_CSV0000000000012580.csv,CAN_CSV0000000000005322.csv
CAN_CSV0000000000012580.csv,CAN_CSV0000000000000678.csv
CAN_CSV0000000000012580.csv,CAN_CSV0000000000005307.csv
CAN_CSV0000000000012580.csv,CAN_CSV0000000000005348.csv
CAN_CSV0000000000012580.csv,CAN_CSV0000000000005300.csv
CAN_CSV0000000000012580.csv,CAN_CSV0000000000000698.csv
CAN_CSV0000000000012580.csv,CAN_CSV0000000000000644.csv
CAN_CSV0000000000012581.csv,CAN_CSV0000000000005320.csv
CAN_CSV0000000000012581.csv,CAN_CSV0000000000000687.csv
CAN_CSV0000000000012581.csv,CAN_CSV0000000000000685.csv
CAN_CSV0000000000012581.csv,CAN_CSV0000000000027103.csv
CAN_CSV0000000000012581.csv,CAN_CSV0000000000005297.csv
CAN_CSV0000000000012581.csv,CAN_CSV0000000000005322.csv
CAN_CSV0000000000012581.csv,CAN_CSV0000000000000678.csv
CAN_CSV0000000000012581.csv,CAN_CSV0000000000005307.csv
CAN_CSV0000000000012581.csv,CAN_CSV0000000000005348.csv
CAN_CSV0000000000012581.csv,CAN_CSV0000000000005300.csv
CAN_CSV0000000000012581.csv,CAN_CSV0000000000000698.csv
CAN_CSV0000000000012581.csv,CAN_CSV0000000000000644.csv
CAN_CSV0000000000012583.csv,CAN_CSV0000000000005320.csv
CAN_CSV0000000000012583.csv,CAN_CSV0000000000000687.csv
CAN_CSV0000000000012583.csv,CAN_CSV0000000000000685.csv
CAN_CSV0000000000012583.csv,CAN_CSV0000000000027103.csv
CAN_CSV0000000000012583.csv,CAN_CSV0000000000005297.csv
CAN_CSV0000000000012583.csv,CAN_CSV0000000000005322.csv
CAN_CSV0000000000012583.csv,CAN_CSV0000000000000678.csv
CAN_CSV0000000000012583.csv,CAN_CSV0000000000005307.csv
CAN_CSV0000000000012583.csv,CAN_CSV0000000000005348.csv
CAN_CSV0000000000012583.csv,CAN_CSV0000000000005300.csv
CAN_CSV0000000000012583.csv,CAN_CSV0000000000000698.csv
CAN_CSV0000000000012583.csv,CAN_CSV0000000000000644.csv
CAN_CSV0000000000012590.csv,CAN_CSV0000000000005320.csv
CAN_CSV0000000000012590.csv,CAN_CSV0000000000000687.csv
CAN_CSV0000000000012590.csv,CAN_CSV0000000000000685.csv
CAN_CSV0000000000012590.csv,CAN_CSV0000000000027103.csv
CAN_CSV0000000000012590.csv,CAN_CSV0000000000005297.csv
CAN_CSV0000000000012590.csv,CAN_CSV0000000000005322.csv
CAN_CSV0000000000012590.csv,CAN_CSV0000000000000678.csv
CAN_CSV0000000000012590.csv,CAN_CSV0000000000005307.csv
CAN_CSV0000000000012590.csv,CAN_CSV0000000000005348.csv
CAN_CSV0000000000012590.csv,CAN_CSV0000000000005300.csv
CAN_CSV0000000000012590.csv,CAN_CSV0000000000000698.csv
CAN_CSV0000000000012590.csv,CAN_CSV0000000000000644.csv
CAN_CSV0000000000012599.csv,CAN_CSV0000000000005320.csv
CAN_CSV0000000000012599.csv,CAN_CSV0000000000000687.csv
CAN_CSV0000000000012599.csv,CAN_CSV0000000000000685.csv
CAN_CSV0000000000012599.csv,CAN_CSV0000000000027103.csv
CAN_CSV0000000000012599.csv,CAN_CSV0000000000005297.csv
CAN_CSV0000000000012599.csv,CAN_CSV0000000000005322.csv
CAN_CSV0000000000012599.csv,CAN_CSV0000000000000678.csv
CAN_CSV0000000000012599.csv,CAN_CSV0000000000005307.csv
CAN_CSV0000000000012599.csv,CAN_CSV0000000000005348.csv
CAN_CSV0000000000012599.csv,CAN_CSV0000000000005300.csv
CAN_CSV0000000000012599.csv,CAN_CSV0000000000000698.csv
CAN_CSV0000000000012599.csv,CAN_CSV0000000000000644.csv
CAN_CSV0000000000012601.csv,CAN_CSV0000000000005320.csv
CAN_CSV0000000000012601.csv,CAN_CSV0000000000000687.csv
CAN_CSV0000000000012601.csv,CAN_CSV0000000000000685.csv
CAN_CSV0000000000012601.csv,CAN_CSV0000000000027103.csv
CAN_CSV0000000000012601.csv,CAN_CSV0000000000005297.csv
CAN_CSV0000000000012601.csv,CAN_CSV0000000000005322.csv
CAN_CSV0000000000012601.csv,CAN_CSV0000000000000678.csv
CAN_CSV0000000000012601.csv,CAN_CSV0000000000005307.csv
CAN_CSV0000000000012601.csv,CAN_CSV0000000000005348.csv
CAN_CSV0000000000012601.csv,CAN_CSV0000000000005300.csv
CAN_CSV0000000000012601.csv,CAN_CSV0000000000000698.csv
CAN_CSV0000000000012601.csv,CAN_CSV0000000000000644.csv
CAN_CSV0000000000012606.csv,CAN_CSV0000000000005320.csv
CAN_CSV0000000000012606.csv,CAN_CSV0000000000000687.csv
CAN_CSV0000000000012606.csv,CAN_CSV0000000000000685.csv
CAN_CSV0000000000012606.csv,CAN_CSV0000000000027103.csv
CAN_CSV0000000000012606.csv,CAN_CSV0000000000005297.csv
CAN_CSV0000000000012606.csv,CAN_CSV0000000000005322.csv
CAN_CSV0000000000012606.csv,CAN_CSV0000000000000678.csv
CAN_CSV0000000000012606.csv,CAN_CSV0000000000005307.csv
CAN_CSV0000000000012606.csv,CAN_CSV0000000000005348.csv
CAN_CSV0000000000012606.csv,CAN_CSV0000000000005300.csv
CAN_CSV0000000000012606.csv,CAN_CSV0000000000000698.csv
CAN_CSV0000000000012606.csv,CAN_CSV0000000000000644.csv
CAN_CSV0000000000012650.csv,CAN_CSV0000000000005320.csv
CAN_CSV0000000000012650.csv,CAN_CSV0000000000000687.csv
CAN_CSV0000000000012650.csv,CAN_CSV0000000000000685.csv
CAN_CSV0000000000012650.csv,CAN_CSV0000000000027103.csv
CAN_CSV0000000000012650.csv,CAN_CSV0000000000005297.csv
CAN_CSV0000000000012650.csv,CAN_CSV0000000000005322.csv
CAN_CSV0000000000012650.csv,CAN_CSV0000000000000678.csv
CAN_CSV0000000000012650.csv,CAN_CSV0000000000005307.csv
CAN_CSV0000000000012650.csv,CAN_CSV0000000000005348.csv
CAN_CSV0000000000012650.csv,CAN_CSV0000000000005300.csv
CAN_CSV0000000000012650.csv,CAN_CSV0000000000000698.csv
CAN_CSV0000000000012650.csv,CAN_CSV0000000000000644.csv
CAN_CSV0000000000012659.csv,CAN_CSV0000000000012842.csv
CAN_CSV0000000000012659.csv,CAN_CSV0000000000027218.csv
CAN_CSV0000000000012659.csv,CAN_CSV0000000000005832.csv
CAN_CSV0000000000012659.csv,CAN_CSV0000000000013199.csv
CAN_CSV0000000000012659.csv,CAN_CSV0000000000012974.csv
CAN_CSV0000000000012659.csv,CAN_CSV0000000000012932.csv
CAN_CSV0000000000012659.csv,CAN_CSV0000000000013518.csv
CAN_CSV0000000000012659.csv,CAN_CSV0000000000002181.csv
CAN_CSV0000000000012659.csv,CAN_CSV0000000000012788.csv
CAN_CSV0000000000012659.csv,CAN_CSV0000000000012691.csv
CAN_CSV0000000000012659.csv,CAN_CSV0000000000005265.csv
CAN_CSV0000000000012659.csv,CAN_CSV0000000000012693.csv
CAN_CSV0000000000012659.csv,CAN_CSV0000000000015570.csv
CAN_CSV0000000000012659.csv,CAN_CSV0000000000012943.csv
CAN_CSV0000000000012659.csv,CAN_CSV0000000000012980.csv
CAN_CSV0000000000012659.csv,CAN_CSV0000000000012851.csv
CAN_CSV0000000000012659.csv,CAN_CSV0000000000013510.csv
CAN_CSV0000000000012659.csv,CAN_CSV0000000000013036.csv
CAN_CSV0000000000012659.csv,CAN_CSV0000000000027228.csv
CAN_CSV0000000000012659.csv,CAN_CSV0000000000005379.csv
CAN_CSV0000000000012659.csv,CAN_CSV0000000000012732.csv
CAN_CSV0000000000012659.csv,CAN_CSV0000000000027217.csv
CAN_CSV0000000000012659.csv,CAN_CSV0000000000005264.csv
CAN_CSV0000000000012659.csv,CAN_CSV0000000000013514.csv
CAN_CSV0000000000012659.csv,CAN_CSV0000000000013702.csv
CAN_CSV0000000000012659.csv,CAN_CSV0000000000004766.csv
CAN_CSV0000000000012659.csv,CAN_CSV0000000000012682.csv
CAN_CSV0000000000012659.csv,CAN_CSV0000000000012967.csv
CAN_CSV0000000000012659.csv,CAN_CSV0000000000027219.csv
CAN_CSV0000000000012659.csv,CAN_CSV0000000000000608.csv
CAN_CSV0000000000012659.csv,CAN_CSV0000000000012833.csv
CAN_CSV0000000000012659.csv,CAN_CSV0000000000012658.csv
CAN_CSV0000000000012659.csv,CAN_CSV0000000000015551.csv
CAN_CSV0000000000012659.csv,CAN_CSV0000000000001226.csv
CAN_CSV0000000000012659.csv,CAN_CSV0000000000012709.csv
CAN_CSV0000000000012659.csv,CAN_CSV0000000000001114.csv
CAN_CSV0000000000012659.csv,CAN_CSV0000000000012689.csv
CAN_CSV0000000000012659.csv,CAN_CSV0000000000013489.csv
CAN_CSV0000000000012659.csv,CAN_CSV0000000000012908.csv
CAN_CSV0000000000012659.csv,CAN_CSV0000000000012866.csv
CAN_CSV0000000000012659.csv,CAN_CSV0000000000012765.csv
CAN_CSV0000000000012659.csv,CAN_CSV0000000000012937.csv
CAN_CSV0000000000012659.csv,CAN_CSV0000000000005391.csv
CAN_CSV0000000000012659.csv,CAN_CSV0000000000012651.csv
CAN_CSV0000000000012659.csv,CAN_CSV0000000000005227.csv
CAN_CSV0000000000012659.csv,CAN_CSV0000000000005205.csv
CAN_CSV0000000000012659.csv,CAN_CSV0000000000000735.csv
CAN_CSV0000000000012659.csv,CAN_CSV0000000000012911.csv
CAN_CSV0000000000012659.csv,CAN_CSV0000000000012838.csv
CAN_CSV0000000000012659.csv,CAN_CSV0000000000015560.csv
CAN_CSV0000000000012659.csv,CAN_CSV0000000000004703.csv
CAN_CSV0000000000012659.csv,CAN_CSV0000000000013602.csv
CAN_CSV0000000000012659.csv,CAN_CSV0000000000012987.csv
CAN_CSV0000000000012659.csv,CAN_CSV0000000000005009.csv
CAN_CSV0000000000012659.csv,CAN_CSV0000000000005103.csv
CAN_CSV0000000000012659.csv,CAN_CSV0000000000014315.csv
CAN_CSV0000000000012659.csv,CAN_CSV0000000000012887.csv
CAN_CSV0000000000012659.csv,CAN_CSV0000000000012759.csv
CAN_CSV0000000000012659.csv,CAN_CSV0000000000005128.csv
CAN_CSV0000000000012659.csv,CAN_CSV0000000000013001.csv
CAN_CSV0000000000012659.csv,CAN_CSV0000000000002292.csv
CAN_CSV0000000000012659.csv,CAN_CSV0000000000012952.csv
CAN_CSV0000000000012659.csv,CAN_CSV0000000000012662.csv
CAN_CSV0000000000012659.csv,CAN_CSV0000000000000719.csv
CAN_CSV0000000000012659.csv,CAN_CSV0000000000012892.csv
CAN_CSV0000000000012659.csv,CAN_CSV0000000000013513.csv
CAN_CSV0000000000012659.csv,CAN_CSV0000000000012961.csv
CAN_CSV0000000000012659.csv,CAN_CSV0000000000013603.csv
CAN_CSV0000000000012659.csv,CAN_CSV0000000000013782.csv
CAN_CSV0000000000012659.csv,CAN_CSV0000000000012766.csv
CAN_CSV0000000000012659.csv,CAN_CSV0000000000000610.csv
CAN_CSV0000000000012659.csv,CAN_CSV0000000000001116.csv
CAN_CSV0000000000012659.csv,CAN_CSV0000000000012652.csv
CAN_CSV0000000000012659.csv,CAN_CSV0000000000012859.csv
CAN_CSV0000000000012659.csv,CAN_CSV0000000000013701.csv
CAN_CSV0000000000012659.csv,CAN_CSV0000000000012845.csv
CAN_CSV0000000000012659.csv,CAN_CSV0000000000013484.csv
CAN_CSV0000000000012659.csv,CAN_CSV0000000000013497.csv
CAN_CSV0000000000012659.csv,CAN_CSV0000000000012747.csv
CAN_CSV0000000000012676.csv,CAN_CSV0000000000005320.csv
CAN_CSV0000000000012676.csv,CAN_CSV0000000000000687.csv
CAN_CSV0000000000012676.csv,CAN_CSV0000000000000685.csv
CAN_CSV0000000000012676.csv,CAN_CSV0000000000027103.csv
CAN_CSV0000000000012676.csv,CAN_CSV0000000000005297.csv
CAN_CSV0000000000012676.csv,CAN_CSV0000000000005322.csv
CAN_CSV0000000000012676.csv,CAN_CSV0000000000000678.csv
CAN_CSV0000000000012676.csv,CAN_CSV0000000000005307.csv
CAN_CSV0000000000012676.csv,CAN_CSV0000000000005348.csv
CAN_CSV0000000000012676.csv,CAN_CSV0000000000005300.csv
CAN_CSV0000000000012676.csv,CAN_CSV0000000000000698.csv
CAN_CSV0000000000012676.csv,CAN_CSV0000000000000644.csv
CAN_CSV0000000000012677.csv,CAN_CSV0000000000005320.csv
CAN_CSV0000000000012677.csv,CAN_CSV0000000000000687.csv
CAN_CSV0000000000012677.csv,CAN_CSV0000000000000685.csv
CAN_CSV0000000000012677.csv,CAN_CSV0000000000027103.csv
CAN_CSV0000000000012677.csv,CAN_CSV0000000000005297.csv
CAN_CSV0000000000012677.csv,CAN_CSV0000000000005322.csv
CAN_CSV0000000000012677.csv,CAN_CSV0000000000000678.csv
CAN_CSV0000000000012677.csv,CAN_CSV0000000000005307.csv
CAN_CSV0000000000012677.csv,CAN_CSV0000000000005348.csv
CAN_CSV0000000000012677.csv,CAN_CSV0000000000005300.csv
CAN_CSV0000000000012677.csv,CAN_CSV0000000000000698.csv
CAN_CSV0000000000012677.csv,CAN_CSV0000000000000644.csv
CAN_CSV0000000000012678.csv,CAN_CSV0000000000005320.csv
CAN_CSV0000000000012678.csv,CAN_CSV0000000000000687.csv
CAN_CSV0000000000012678.csv,CAN_CSV0000000000000685.csv
CAN_CSV0000000000012678.csv,CAN_CSV0000000000027103.csv
CAN_CSV0000000000012678.csv,CAN_CSV0000000000005297.csv
CAN_CSV0000000000012678.csv,CAN_CSV0000000000005322.csv
CAN_CSV0000000000012678.csv,CAN_CSV0000000000000678.csv
CAN_CSV0000000000012678.csv,CAN_CSV0000000000005307.csv
CAN_CSV0000000000012678.csv,CAN_CSV0000000000005348.csv
CAN_CSV0000000000012678.csv,CAN_CSV0000000000005300.csv
CAN_CSV0000000000012678.csv,CAN_CSV0000000000000698.csv
CAN_CSV0000000000012678.csv,CAN_CSV0000000000000644.csv
CAN_CSV0000000000012679.csv,CAN_CSV0000000000012676.csv
CAN_CSV0000000000012679.csv,CAN_CSV0000000000013001.csv
CAN_CSV0000000000012679.csv,CAN_CSV0000000000012569.csv
CAN_CSV0000000000012679.csv,CAN_CSV0000000000012516.csv
CAN_CSV0000000000012679.csv,CAN_CSV0000000000002292.csv
CAN_CSV0000000000012679.csv,CAN_CSV0000000000027218.csv
CAN_CSV0000000000012679.csv,CAN_CSV0000000000005832.csv
CAN_CSV0000000000012679.csv,CAN_CSV0000000000005391.csv
CAN_CSV0000000000012679.csv,CAN_CSV0000000000012952.csv
CAN_CSV0000000000012679.csv,CAN_CSV0000000000027217.csv
CAN_CSV0000000000012679.csv,CAN_CSV0000000000005264.csv
CAN_CSV0000000000012679.csv,CAN_CSV0000000000013199.csv
CAN_CSV0000000000012679.csv,CAN_CSV0000000000013514.csv
CAN_CSV0000000000012679.csv,CAN_CSV0000000000013702.csv
CAN_CSV0000000000012679.csv,CAN_CSV0000000000004766.csv
CAN_CSV0000000000012679.csv,CAN_CSV0000000000007016.csv
CAN_CSV0000000000012679.csv,CAN_CSV0000000000000719.csv
CAN_CSV0000000000012679.csv,CAN_CSV0000000000013518.csv
CAN_CSV0000000000012679.csv,CAN_CSV0000000000002181.csv
CAN_CSV0000000000012679.csv,CAN_CSV0000000000005205.csv
CAN_CSV0000000000012679.csv,CAN_CSV0000000000005227.csv
CAN_CSV0000000000012679.csv,CAN_CSV0000000000000735.csv
CAN_CSV0000000000012679.csv,CAN_CSV0000000000013513.csv
CAN_CSV0000000000012679.csv,CAN_CSV0000000000027219.csv
CAN_CSV0000000000012679.csv,CAN_CSV0000000000000918.csv
CAN_CSV0000000000012679.csv,CAN_CSV0000000000000608.csv
CAN_CSV0000000000012679.csv,CAN_CSV0000000000006823.csv
CAN_CSV0000000000012679.csv,CAN_CSV0000000000013603.csv
CAN_CSV0000000000012679.csv,CAN_CSV0000000000006777.csv
CAN_CSV0000000000012679.csv,CAN_CSV0000000000013782.csv
CAN_CSV0000000000012679.csv,CAN_CSV0000000000015560.csv
CAN_CSV0000000000012679.csv,CAN_CSV0000000000005265.csv
CAN_CSV0000000000012679.csv,CAN_CSV0000000000000976.csv
CAN_CSV0000000000012679.csv,CAN_CSV0000000000000610.csv
CAN_CSV0000000000012679.csv,CAN_CSV0000000000001116.csv
CAN_CSV0000000000012679.csv,CAN_CSV0000000000012678.csv
CAN_CSV0000000000012679.csv,CAN_CSV0000000000004703.csv
CAN_CSV0000000000012679.csv,CAN_CSV0000000000015551.csv
CAN_CSV0000000000012679.csv,CAN_CSV0000000000015570.csv
CAN_CSV0000000000012679.csv,CAN_CSV0000000000001226.csv
CAN_CSV0000000000012679.csv,CAN_CSV0000000000013602.csv
CAN_CSV0000000000012679.csv,CAN_CSV0000000000005128.csv
CAN_CSV0000000000012679.csv,CAN_CSV0000000000012558.csv
CAN_CSV0000000000012679.csv,CAN_CSV0000000000001114.csv
CAN_CSV0000000000012679.csv,CAN_CSV0000000000000999.csv
CAN_CSV0000000000012679.csv,CAN_CSV0000000000012677.csv
CAN_CSV0000000000012679.csv,CAN_CSV0000000000012980.csv
CAN_CSV0000000000012679.csv,CAN_CSV0000000000007017.csv
CAN_CSV0000000000012679.csv,CAN_CSV0000000000005009.csv
CAN_CSV0000000000012679.csv,CAN_CSV0000000000006781.csv
CAN_CSV0000000000012679.csv,CAN_CSV0000000000013701.csv
CAN_CSV0000000000012679.csv,CAN_CSV0000000000012845.csv
CAN_CSV0000000000012679.csv,CAN_CSV0000000000013484.csv
CAN_CSV0000000000012679.csv,CAN_CSV0000000000013497.csv
CAN_CSV0000000000012679.csv,CAN_CSV0000000000006780.csv
CAN_CSV0000000000012679.csv,CAN_CSV0000000000012570.csv
CAN_CSV0000000000012679.csv,CAN_CSV0000000000014315.csv
CAN_CSV0000000000012679.csv,CAN_CSV0000000000013510.csv
CAN_CSV0000000000012679.csv,CAN_CSV0000000000013036.csv
CAN_CSV0000000000012679.csv,CAN_CSV0000000000005103.csv
CAN_CSV0000000000012679.csv,CAN_CSV0000000000013489.csv
CAN_CSV0000000000012679.csv,CAN_CSV0000000000027228.csv
CAN_CSV0000000000012679.csv,CAN_CSV0000000000007018.csv
CAN_CSV0000000000012679.csv,CAN_CSV0000000000005379.csv
CAN_CSV0000000000012680.csv,CAN_CSV0000000000005320.csv
CAN_CSV0000000000012680.csv,CAN_CSV0000000000000687.csv
CAN_CSV0000000000012680.csv,CAN_CSV0000000000000685.csv
CAN_CSV0000000000012680.csv,CAN_CSV0000000000027103.csv
CAN_CSV0000000000012680.csv,CAN_CSV0000000000005297.csv
CAN_CSV0000000000012680.csv,CAN_CSV0000000000005322.csv
CAN_CSV0000000000012680.csv,CAN_CSV0000000000000678.csv
CAN_CSV0000000000012680.csv,CAN_CSV0000000000005307.csv
CAN_CSV0000000000012680.csv,CAN_CSV0000000000005348.csv
CAN_CSV0000000000012680.csv,CAN_CSV0000000000005300.csv
CAN_CSV0000000000012680.csv,CAN_CSV0000000000000698.csv
CAN_CSV0000000000012680.csv,CAN_CSV0000000000000644.csv
CAN_CSV0000000000012763.csv,CAN_CSV0000000000005320.csv
CAN_CSV0000000000012763.csv,CAN_CSV0000000000000687.csv
CAN_CSV0000000000012763.csv,CAN_CSV0000000000000685.csv
CAN_CSV0000000000012763.csv,CAN_CSV0000000000027103.csv
CAN_CSV0000000000012763.csv,CAN_CSV0000000000005297.csv
CAN_CSV0000000000012763.csv,CAN_CSV0000000000005322.csv
CAN_CSV0000000000012763.csv,CAN_CSV0000000000000678.csv
CAN_CSV0000000000012763.csv,CAN_CSV0000000000005307.csv
CAN_CSV0000000000012763.csv,CAN_CSV0000000000005348.csv
CAN_CSV0000000000012763.csv,CAN_CSV0000000000005300.csv
CAN_CSV0000000000012763.csv,CAN_CSV0000000000000698.csv
CAN_CSV0000000000012763.csv,CAN_CSV0000000000000644.csv
CAN_CSV0000000000012837.csv,CAN_CSV0000000000027218.csv
CAN_CSV0000000000012837.csv,CAN_CSV0000000000005832.csv
CAN_CSV0000000000012837.csv,CAN_CSV0000000000013199.csv
CAN_CSV0000000000012837.csv,CAN_CSV0000000000012932.csv
CAN_CSV0000000000012837.csv,CAN_CSV0000000000013518.csv
CAN_CSV0000000000012837.csv,CAN_CSV0000000000002181.csv
CAN_CSV0000000000012837.csv,CAN_CSV0000000000012989.csv
CAN_CSV0000000000012837.csv,CAN_CSV0000000000005265.csv
CAN_CSV0000000000012837.csv,CAN_CSV0000000000012785.csv
CAN_CSV0000000000012837.csv,CAN_CSV0000000000015570.csv
CAN_CSV0000000000012837.csv,CAN_CSV0000000000012980.csv
CAN_CSV0000000000012837.csv,CAN_CSV0000000000012890.csv
CAN_CSV0000000000012837.csv,CAN_CSV0000000000012991.csv
CAN_CSV0000000000012837.csv,CAN_CSV0000000000012968.csv
CAN_CSV0000000000012837.csv,CAN_CSV0000000000013004.csv
CAN_CSV0000000000012837.csv,CAN_CSV0000000000013510.csv
CAN_CSV0000000000012837.csv,CAN_CSV0000000000013036.csv
CAN_CSV0000000000012837.csv,CAN_CSV0000000000027228.csv
CAN_CSV0000000000012837.csv,CAN_CSV0000000000005379.csv
CAN_CSV0000000000012837.csv,CAN_CSV0000000000012732.csv
CAN_CSV0000000000012837.csv,CAN_CSV0000000000027217.csv
CAN_CSV0000000000012837.csv,CAN_CSV0000000000005264.csv
CAN_CSV0000000000012837.csv,CAN_CSV0000000000013514.csv
CAN_CSV0000000000012837.csv,CAN_CSV0000000000013702.csv
CAN_CSV0000000000012837.csv,CAN_CSV0000000000004766.csv
CAN_CSV0000000000012837.csv,CAN_CSV0000000000012682.csv
CAN_CSV0000000000012837.csv,CAN_CSV0000000000027219.csv
CAN_CSV0000000000012837.csv,CAN_CSV0000000000000608.csv
CAN_CSV0000000000012837.csv,CAN_CSV0000000000012833.csv
CAN_CSV0000000000012837.csv,CAN_CSV0000000000015551.csv
CAN_CSV0000000000012837.csv,CAN_CSV0000000000001226.csv
CAN_CSV0000000000012837.csv,CAN_CSV0000000000012709.csv
CAN_CSV0000000000012837.csv,CAN_CSV0000000000001114.csv
CAN_CSV0000000000012837.csv,CAN_CSV0000000000012754.csv
CAN_CSV0000000000012837.csv,CAN_CSV0000000000013489.csv
CAN_CSV0000000000012837.csv,CAN_CSV0000000000012713.csv
CAN_CSV0000000000012837.csv,CAN_CSV0000000000012765.csv
CAN_CSV0000000000012837.csv,CAN_CSV0000000000005391.csv
CAN_CSV0000000000012837.csv,CAN_CSV0000000000012651.csv
CAN_CSV0000000000012837.csv,CAN_CSV0000000000012965.csv
CAN_CSV0000000000012837.csv,CAN_CSV0000000000005227.csv
CAN_CSV0000000000012837.csv,CAN_CSV0000000000005205.csv
CAN_CSV0000000000012837.csv,CAN_CSV0000000000000735.csv
CAN_CSV0000000000012837.csv,CAN_CSV0000000000012860.csv
CAN_CSV0000000000012837.csv,CAN_CSV0000000000001002.csv
CAN_CSV0000000000012837.csv,CAN_CSV0000000000015560.csv
CAN_CSV0000000000012837.csv,CAN_CSV0000000000004703.csv
CAN_CSV0000000000012837.csv,CAN_CSV0000000000013602.csv
CAN_CSV0000000000012837.csv,CAN_CSV0000000000012935.csv
CAN_CSV0000000000012837.csv,CAN_CSV0000000000012987.csv
CAN_CSV0000000000012837.csv,CAN_CSV0000000000005009.csv
CAN_CSV0000000000012837.csv,CAN_CSV0000000000012954.csv
CAN_CSV0000000000012837.csv,CAN_CSV0000000000012895.csv
CAN_CSV0000000000012837.csv,CAN_CSV0000000000005103.csv
CAN_CSV0000000000012837.csv,CAN_CSV0000000000014315.csv
CAN_CSV0000000000012837.csv,CAN_CSV0000000000012887.csv
CAN_CSV0000000000012837.csv,CAN_CSV0000000000005128.csv
CAN_CSV0000000000012837.csv,CAN_CSV0000000000013001.csv
CAN_CSV0000000000012837.csv,CAN_CSV0000000000002292.csv
CAN_CSV0000000000012837.csv,CAN_CSV0000000000012938.csv
CAN_CSV0000000000012837.csv,CAN_CSV0000000000012952.csv
CAN_CSV0000000000012837.csv,CAN_CSV0000000000000719.csv
CAN_CSV0000000000012837.csv,CAN_CSV0000000000012970.csv
CAN_CSV0000000000012837.csv,CAN_CSV0000000000012994.csv
CAN_CSV0000000000012837.csv,CAN_CSV0000000000013513.csv
CAN_CSV0000000000012837.csv,CAN_CSV0000000000012961.csv
CAN_CSV0000000000012837.csv,CAN_CSV0000000000013603.csv
CAN_CSV0000000000012837.csv,CAN_CSV0000000000013782.csv
CAN_CSV0000000000012837.csv,CAN_CSV0000000000012868.csv
CAN_CSV0000000000012837.csv,CAN_CSV0000000000012766.csv
CAN_CSV0000000000012837.csv,CAN_CSV0000000000000610.csv
CAN_CSV0000000000012837.csv,CAN_CSV0000000000001116.csv
CAN_CSV0000000000012837.csv,CAN_CSV0000000000012725.csv
CAN_CSV0000000000012837.csv,CAN_CSV0000000000012844.csv
CAN_CSV0000000000012837.csv,CAN_CSV0000000000012715.csv
CAN_CSV0000000000012837.csv,CAN_CSV0000000000012995.csv
CAN_CSV0000000000012837.csv,CAN_CSV0000000000012792.csv
CAN_CSV0000000000012837.csv,CAN_CSV0000000000012859.csv
CAN_CSV0000000000012837.csv,CAN_CSV0000000000013701.csv
CAN_CSV0000000000012837.csv,CAN_CSV0000000000012845.csv
CAN_CSV0000000000012837.csv,CAN_CSV0000000000013484.csv
CAN_CSV0000000000012837.csv,CAN_CSV0000000000013497.csv
CAN_CSV0000000000012837.csv,CAN_CSV0000000000012839.csv
CAN_CSV0000000000012854.csv,CAN_CSV0000000000005320.csv
CAN_CSV0000000000012854.csv,CAN_CSV0000000000000687.csv
CAN_CSV0000000000012854.csv,CAN_CSV0000000000000685.csv
CAN_CSV0000000000012854.csv,CAN_CSV0000000000027103.csv
CAN_CSV0000000000012854.csv,CAN_CSV0000000000005297.csv
CAN_CSV0000000000012854.csv,CAN_CSV0000000000005322.csv
CAN_CSV0000000000012854.csv,CAN_CSV0000000000000678.csv
CAN_CSV0000000000012854.csv,CAN_CSV0000000000005307.csv
CAN_CSV0000000000012854.csv,CAN_CSV0000000000005348.csv
CAN_CSV0000000000012854.csv,CAN_CSV0000000000005300.csv
CAN_CSV0000000000012854.csv,CAN_CSV0000000000000698.csv
CAN_CSV0000000000012854.csv,CAN_CSV0000000000000644.csv
CAN_CSV0000000000012857.csv,CAN_CSV0000000000005320.csv
CAN_CSV0000000000012857.csv,CAN_CSV0000000000000687.csv
CAN_CSV0000000000012857.csv,CAN_CSV0000000000000685.csv
CAN_CSV0000000000012857.csv,CAN_CSV0000000000027103.csv
CAN_CSV0000000000012857.csv,CAN_CSV0000000000005297.csv
CAN_CSV0000000000012857.csv,CAN_CSV0000000000005322.csv
CAN_CSV0000000000012857.csv,CAN_CSV0000000000000678.csv
CAN_CSV0000000000012857.csv,CAN_CSV0000000000005307.csv
CAN_CSV0000000000012857.csv,CAN_CSV0000000000005348.csv
CAN_CSV0000000000012857.csv,CAN_CSV0000000000005300.csv
CAN_CSV0000000000012857.csv,CAN_CSV0000000000000698.csv
CAN_CSV0000000000012857.csv,CAN_CSV0000000000000644.csv
CAN_CSV0000000000012859.csv,CAN_CSV0000000000012842.csv
CAN_CSV0000000000012859.csv,CAN_CSV0000000000027218.csv
CAN_CSV0000000000012859.csv,CAN_CSV0000000000005832.csv
CAN_CSV0000000000012859.csv,CAN_CSV0000000000013199.csv
CAN_CSV0000000000012859.csv,CAN_CSV0000000000012974.csv
CAN_CSV0000000000012859.csv,CAN_CSV0000000000012932.csv
CAN_CSV0000000000012859.csv,CAN_CSV0000000000013518.csv
CAN_CSV0000000000012859.csv,CAN_CSV0000000000002181.csv
CAN_CSV0000000000012859.csv,CAN_CSV0000000000005265.csv
CAN_CSV0000000000012859.csv,CAN_CSV0000000000015570.csv
CAN_CSV0000000000012859.csv,CAN_CSV0000000000012943.csv
CAN_CSV0000000000012859.csv,CAN_CSV0000000000012980.csv
CAN_CSV0000000000012859.csv,CAN_CSV0000000000013510.csv
CAN_CSV0000000000012859.csv,CAN_CSV0000000000013036.csv
CAN_CSV0000000000012859.csv,CAN_CSV0000000000027228.csv
CAN_CSV0000000000012859.csv,CAN_CSV0000000000005379.csv
CAN_CSV0000000000012859.csv,CAN_CSV0000000000012732.csv
CAN_CSV0000000000012859.csv,CAN_CSV0000000000027217.csv
CAN_CSV0000000000012859.csv,CAN_CSV0000000000005264.csv
CAN_CSV0000000000012859.csv,CAN_CSV0000000000013514.csv
CAN_CSV0000000000012859.csv,CAN_CSV0000000000013702.csv
CAN_CSV0000000000012859.csv,CAN_CSV0000000000004766.csv
CAN_CSV0000000000012859.csv,CAN_CSV0000000000012988.csv
CAN_CSV0000000000012859.csv,CAN_CSV0000000000012682.csv
CAN_CSV0000000000012859.csv,CAN_CSV0000000000012967.csv
CAN_CSV0000000000012859.csv,CAN_CSV0000000000027219.csv
CAN_CSV0000000000012859.csv,CAN_CSV0000000000000608.csv
CAN_CSV0000000000012859.csv,CAN_CSV0000000000012833.csv
CAN_CSV0000000000012859.csv,CAN_CSV0000000000015551.csv
CAN_CSV0000000000012859.csv,CAN_CSV0000000000001226.csv
CAN_CSV0000000000012859.csv,CAN_CSV0000000000012709.csv
CAN_CSV0000000000012859.csv,CAN_CSV0000000000001114.csv
CAN_CSV0000000000012859.csv,CAN_CSV0000000000013489.csv
CAN_CSV0000000000012859.csv,CAN_CSV0000000000012866.csv
CAN_CSV0000000000012859.csv,CAN_CSV0000000000012765.csv
CAN_CSV0000000000012859.csv,CAN_CSV0000000000012937.csv
CAN_CSV0000000000012859.csv,CAN_CSV0000000000005391.csv
CAN_CSV0000000000012859.csv,CAN_CSV0000000000012651.csv
CAN_CSV0000000000012859.csv,CAN_CSV0000000000005227.csv
CAN_CSV0000000000012859.csv,CAN_CSV0000000000005205.csv
CAN_CSV0000000000012859.csv,CAN_CSV0000000000000735.csv
CAN_CSV0000000000012859.csv,CAN_CSV0000000000012911.csv
CAN_CSV0000000000012859.csv,CAN_CSV0000000000012838.csv
CAN_CSV0000000000012859.csv,CAN_CSV0000000000015560.csv
CAN_CSV0000000000012859.csv,CAN_CSV0000000000012688.csv
CAN_CSV0000000000012859.csv,CAN_CSV0000000000004703.csv
CAN_CSV0000000000012859.csv,CAN_CSV0000000000013602.csv
CAN_CSV0000000000012859.csv,CAN_CSV0000000000012987.csv
CAN_CSV0000000000012859.csv,CAN_CSV0000000000005009.csv
CAN_CSV0000000000012859.csv,CAN_CSV0000000000012895.csv
CAN_CSV0000000000012859.csv,CAN_CSV0000000000005103.csv
CAN_CSV0000000000012859.csv,CAN_CSV0000000000014315.csv
CAN_CSV0000000000012859.csv,CAN_CSV0000000000012887.csv
CAN_CSV0000000000012859.csv,CAN_CSV0000000000012901.csv
CAN_CSV0000000000012859.csv,CAN_CSV0000000000005128.csv
CAN_CSV0000000000012859.csv,CAN_CSV0000000000013001.csv
CAN_CSV0000000000012859.csv,CAN_CSV0000000000002292.csv
CAN_CSV0000000000012859.csv,CAN_CSV0000000000012952.csv
CAN_CSV0000000000012859.csv,CAN_CSV0000000000000719.csv
CAN_CSV0000000000012859.csv,CAN_CSV0000000000012970.csv
CAN_CSV0000000000012859.csv,CAN_CSV0000000000012892.csv
CAN_CSV0000000000012859.csv,CAN_CSV0000000000013513.csv
CAN_CSV0000000000012859.csv,CAN_CSV0000000000012961.csv
CAN_CSV0000000000012859.csv,CAN_CSV0000000000013603.csv
CAN_CSV0000000000012859.csv,CAN_CSV0000000000013782.csv
CAN_CSV0000000000012859.csv,CAN_CSV0000000000012868.csv
CAN_CSV0000000000012859.csv,CAN_CSV0000000000012766.csv
CAN_CSV0000000000012859.csv,CAN_CSV0000000000000610.csv
CAN_CSV0000000000012859.csv,CAN_CSV0000000000001116.csv
CAN_CSV0000000000012859.csv,CAN_CSV0000000000012995.csv
CAN_CSV0000000000012859.csv,CAN_CSV0000000000013701.csv
CAN_CSV0000000000012859.csv,CAN_CSV0000000000012845.csv
CAN_CSV0000000000012859.csv,CAN_CSV0000000000013484.csv
CAN_CSV0000000000012859.csv,CAN_CSV0000000000013497.csv
CAN_CSV0000000000012859.csv,CAN_CSV0000000000012839.csv
CAN_CSV0000000000012859.csv,CAN_CSV0000000000012747.csv
CAN_CSV0000000000012895.csv,CAN_CSV0000000000027218.csv
CAN_CSV0000000000012895.csv,CAN_CSV0000000000005832.csv
CAN_CSV0000000000012895.csv,CAN_CSV0000000000013199.csv
CAN_CSV0000000000012895.csv,CAN_CSV0000000000012932.csv
CAN_CSV0000000000012895.csv,CAN_CSV0000000000013518.csv
CAN_CSV0000000000012895.csv,CAN_CSV0000000000002181.csv
CAN_CSV0000000000012895.csv,CAN_CSV0000000000005265.csv
CAN_CSV0000000000012895.csv,CAN_CSV0000000000012785.csv
CAN_CSV0000000000012895.csv,CAN_CSV0000000000015570.csv
CAN_CSV0000000000012895.csv,CAN_CSV0000000000012980.csv
CAN_CSV0000000000012895.csv,CAN_CSV0000000000012904.csv
CAN_CSV0000000000012895.csv,CAN_CSV0000000000013510.csv
CAN_CSV0000000000012895.csv,CAN_CSV0000000000013036.csv
CAN_CSV0000000000012895.csv,CAN_CSV0000000000013004.csv
CAN_CSV0000000000012895.csv,CAN_CSV0000000000027228.csv
CAN_CSV0000000000012895.csv,CAN_CSV0000000000005379.csv
CAN_CSV0000000000012895.csv,CAN_CSV0000000000012875.csv
CAN_CSV0000000000012895.csv,CAN_CSV0000000000012732.csv
CAN_CSV0000000000012895.csv,CAN_CSV0000000000012897.csv
CAN_CSV0000000000012895.csv,CAN_CSV0000000000027217.csv
CAN_CSV0000000000012895.csv,CAN_CSV0000000000005264.csv
CAN_CSV0000000000012895.csv,CAN_CSV0000000000013514.csv
CAN_CSV0000000000012895.csv,CAN_CSV0000000000013702.csv
CAN_CSV0000000000012895.csv,CAN_CSV0000000000004766.csv
CAN_CSV0000000000012895.csv,CAN_CSV0000000000012682.csv
CAN_CSV0000000000012895.csv,CAN_CSV0000000000012967.csv
CAN_CSV0000000000012895.csv,CAN_CSV0000000000027219.csv
CAN_CSV0000000000012895.csv,CAN_CSV0000000000000608.csv
CAN_CSV0000000000012895.csv,CAN_CSV0000000000012833.csv
CAN_CSV0000000000012895.csv,CAN_CSV0000000000015551.csv
CAN_CSV0000000000012895.csv,CAN_CSV0000000000001226.csv
CAN_CSV0000000000012895.csv,CAN_CSV0000000000012709.csv
CAN_CSV0000000000012895.csv,CAN_CSV0000000000001114.csv
CAN_CSV0000000000012895.csv,CAN_CSV0000000000012754.csv
CAN_CSV0000000000012895.csv,CAN_CSV0000000000013489.csv
CAN_CSV0000000000012895.csv,CAN_CSV0000000000012866.csv
CAN_CSV0000000000012895.csv,CAN_CSV0000000000012937.csv
CAN_CSV0000000000012895.csv,CAN_CSV0000000000012765.csv
CAN_CSV0000000000012895.csv,CAN_CSV0000000000012951.csv
CAN_CSV0000000000012895.csv,CAN_CSV0000000000005391.csv
CAN_CSV0000000000012895.csv,CAN_CSV0000000000012651.csv
CAN_CSV0000000000012895.csv,CAN_CSV0000000000012753.csv
CAN_CSV0000000000012895.csv,CAN_CSV0000000000005227.csv
CAN_CSV0000000000012895.csv,CAN_CSV0000000000005205.csv
CAN_CSV0000000000012895.csv,CAN_CSV0000000000000735.csv
CAN_CSV0000000000012895.csv,CAN_CSV0000000000012865.csv
CAN_CSV0000000000012895.csv,CAN_CSV0000000000012838.csv
CAN_CSV0000000000012895.csv,CAN_CSV0000000000015560.csv
CAN_CSV0000000000012895.csv,CAN_CSV0000000000004703.csv
CAN_CSV0000000000012895.csv,CAN_CSV0000000000013602.csv
CAN_CSV0000000000012895.csv,CAN_CSV0000000000012987.csv
CAN_CSV0000000000012895.csv,CAN_CSV0000000000005009.csv
CAN_CSV0000000000012895.csv,CAN_CSV0000000000012954.csv
CAN_CSV0000000000012895.csv,CAN_CSV0000000000005103.csv
CAN_CSV0000000000012895.csv,CAN_CSV0000000000014315.csv
CAN_CSV0000000000012895.csv,CAN_CSV0000000000012767.csv
CAN_CSV0000000000012895.csv,CAN_CSV0000000000012887.csv
CAN_CSV0000000000012895.csv,CAN_CSV0000000000012901.csv
CAN_CSV0000000000012895.csv,CAN_CSV0000000000005128.csv
CAN_CSV0000000000012895.csv,CAN_CSV0000000000013001.csv
CAN_CSV0000000000012895.csv,CAN_CSV0000000000002292.csv
CAN_CSV0000000000012895.csv,CAN_CSV0000000000012952.csv
CAN_CSV0000000000012895.csv,CAN_CSV0000000000000719.csv
CAN_CSV0000000000012895.csv,CAN_CSV0000000000012970.csv
CAN_CSV0000000000012895.csv,CAN_CSV0000000000012892.csv
CAN_CSV0000000000012895.csv,CAN_CSV0000000000013513.csv
CAN_CSV0000000000012895.csv,CAN_CSV0000000000012900.csv
CAN_CSV0000000000012895.csv,CAN_CSV0000000000012961.csv
CAN_CSV0000000000012895.csv,CAN_CSV0000000000013603.csv
CAN_CSV0000000000012895.csv,CAN_CSV0000000000013782.csv
CAN_CSV0000000000012895.csv,CAN_CSV0000000000012868.csv
CAN_CSV0000000000012895.csv,CAN_CSV0000000000012766.csv
CAN_CSV0000000000012895.csv,CAN_CSV0000000000000610.csv
CAN_CSV0000000000012895.csv,CAN_CSV0000000000001116.csv
CAN_CSV0000000000012895.csv,CAN_CSV0000000000012725.csv
CAN_CSV0000000000012895.csv,CAN_CSV0000000000012995.csv
CAN_CSV0000000000012895.csv,CAN_CSV0000000000012859.csv
CAN_CSV0000000000012895.csv,CAN_CSV0000000000013701.csv
CAN_CSV0000000000012895.csv,CAN_CSV0000000000012845.csv
CAN_CSV0000000000012895.csv,CAN_CSV0000000000013484.csv
CAN_CSV0000000000012895.csv,CAN_CSV0000000000013497.csv
CAN_CSV0000000000012895.csv,CAN_CSV0000000000012839.csv
CAN_CSV0000000000012903.csv,CAN_CSV0000000000005320.csv
CAN_CSV0000000000012903.csv,CAN_CSV0000000000000687.csv
CAN_CSV0000000000012903.csv,CAN_CSV0000000000000685.csv
CAN_CSV0000000000012903.csv,CAN_CSV0000000000027103.csv
CAN_CSV0000000000012903.csv,CAN_CSV0000000000005297.csv
CAN_CSV0000000000012903.csv,CAN_CSV0000000000005322.csv
CAN_CSV0000000000012903.csv,CAN_CSV0000000000000678.csv
CAN_CSV0000000000012903.csv,CAN_CSV0000000000005307.csv
CAN_CSV0000000000012903.csv,CAN_CSV0000000000005348.csv
CAN_CSV0000000000012903.csv,CAN_CSV0000000000005300.csv
CAN_CSV0000000000012903.csv,CAN_CSV0000000000000698.csv
CAN_CSV0000000000012903.csv,CAN_CSV0000000000000644.csv
CAN_CSV0000000000012919.csv,CAN_CSV0000000000005320.csv
CAN_CSV0000000000012919.csv,CAN_CSV0000000000000687.csv
CAN_CSV0000000000012919.csv,CAN_CSV0000000000000685.csv
CAN_CSV0000000000012919.csv,CAN_CSV0000000000027103.csv
CAN_CSV0000000000012919.csv,CAN_CSV0000000000005297.csv
CAN_CSV0000000000012919.csv,CAN_CSV0000000000005322.csv
CAN_CSV0000000000012919.csv,CAN_CSV0000000000000678.csv
CAN_CSV0000000000012919.csv,CAN_CSV0000000000005307.csv
CAN_CSV0000000000012919.csv,CAN_CSV0000000000005348.csv
CAN_CSV0000000000012919.csv,CAN_CSV0000000000005300.csv
CAN_CSV0000000000012919.csv,CAN_CSV0000000000000698.csv
CAN_CSV0000000000012919.csv,CAN_CSV0000000000000644.csv
CAN_CSV0000000000012921.csv,CAN_CSV0000000000005320.csv
CAN_CSV0000000000012921.csv,CAN_CSV0000000000000687.csv
CAN_CSV0000000000012921.csv,CAN_CSV0000000000000685.csv
CAN_CSV0000000000012921.csv,CAN_CSV0000000000027103.csv
CAN_CSV0000000000012921.csv,CAN_CSV0000000000005297.csv
CAN_CSV0000000000012921.csv,CAN_CSV0000000000005322.csv
CAN_CSV0000000000012921.csv,CAN_CSV0000000000000678.csv
CAN_CSV0000000000012921.csv,CAN_CSV0000000000005307.csv
CAN_CSV0000000000012921.csv,CAN_CSV0000000000005348.csv
CAN_CSV0000000000012921.csv,CAN_CSV0000000000005300.csv
CAN_CSV0000000000012921.csv,CAN_CSV0000000000000698.csv
CAN_CSV0000000000012921.csv,CAN_CSV0000000000000644.csv
CAN_CSV0000000000012922.csv,CAN_CSV0000000000005320.csv
CAN_CSV0000000000012922.csv,CAN_CSV0000000000000687.csv
CAN_CSV0000000000012922.csv,CAN_CSV0000000000000685.csv
CAN_CSV0000000000012922.csv,CAN_CSV0000000000027103.csv
CAN_CSV0000000000012922.csv,CAN_CSV0000000000005297.csv
CAN_CSV0000000000012922.csv,CAN_CSV0000000000005322.csv
CAN_CSV0000000000012922.csv,CAN_CSV0000000000000678.csv
CAN_CSV0000000000012922.csv,CAN_CSV0000000000005307.csv
CAN_CSV0000000000012922.csv,CAN_CSV0000000000005348.csv
CAN_CSV0000000000012922.csv,CAN_CSV0000000000005300.csv
CAN_CSV0000000000012922.csv,CAN_CSV0000000000000698.csv
CAN_CSV0000000000012922.csv,CAN_CSV0000000000000644.csv
CAN_CSV0000000000012923.csv,CAN_CSV0000000000005320.csv
CAN_CSV0000000000012923.csv,CAN_CSV0000000000000687.csv
CAN_CSV0000000000012923.csv,CAN_CSV0000000000000685.csv
CAN_CSV0000000000012923.csv,CAN_CSV0000000000027103.csv
CAN_CSV0000000000012923.csv,CAN_CSV0000000000005297.csv
CAN_CSV0000000000012923.csv,CAN_CSV0000000000005322.csv
CAN_CSV0000000000012923.csv,CAN_CSV0000000000000678.csv
CAN_CSV0000000000012923.csv,CAN_CSV0000000000005307.csv
CAN_CSV0000000000012923.csv,CAN_CSV0000000000005348.csv
CAN_CSV0000000000012923.csv,CAN_CSV0000000000005300.csv
CAN_CSV0000000000012923.csv,CAN_CSV0000000000000698.csv
CAN_CSV0000000000012923.csv,CAN_CSV0000000000000644.csv
CAN_CSV0000000000012924.csv,CAN_CSV0000000000005320.csv
CAN_CSV0000000000012924.csv,CAN_CSV0000000000000687.csv
CAN_CSV0000000000012924.csv,CAN_CSV0000000000000685.csv
CAN_CSV0000000000012924.csv,CAN_CSV0000000000027103.csv
CAN_CSV0000000000012924.csv,CAN_CSV0000000000005297.csv
CAN_CSV0000000000012924.csv,CAN_CSV0000000000005322.csv
CAN_CSV0000000000012924.csv,CAN_CSV0000000000000678.csv
CAN_CSV0000000000012924.csv,CAN_CSV0000000000005307.csv
CAN_CSV0000000000012924.csv,CAN_CSV0000000000005348.csv
CAN_CSV0000000000012924.csv,CAN_CSV0000000000005300.csv
CAN_CSV0000000000012924.csv,CAN_CSV0000000000000698.csv
CAN_CSV0000000000012924.csv,CAN_CSV0000000000000644.csv
CAN_CSV0000000000012925.csv,CAN_CSV0000000000005320.csv
CAN_CSV0000000000012925.csv,CAN_CSV0000000000000687.csv
CAN_CSV0000000000012925.csv,CAN_CSV0000000000000685.csv
CAN_CSV0000000000012925.csv,CAN_CSV0000000000027103.csv
CAN_CSV0000000000012925.csv,CAN_CSV0000000000005297.csv
CAN_CSV0000000000012925.csv,CAN_CSV0000000000005322.csv
CAN_CSV0000000000012925.csv,CAN_CSV0000000000000678.csv
CAN_CSV0000000000012925.csv,CAN_CSV0000000000005307.csv
CAN_CSV0000000000012925.csv,CAN_CSV0000000000005348.csv
CAN_CSV0000000000012925.csv,CAN_CSV0000000000005300.csv
CAN_CSV0000000000012925.csv,CAN_CSV0000000000000698.csv
CAN_CSV0000000000012925.csv,CAN_CSV0000000000000644.csv
CAN_CSV0000000000012926.csv,CAN_CSV0000000000005320.csv
CAN_CSV0000000000012926.csv,CAN_CSV0000000000000687.csv
CAN_CSV0000000000012926.csv,CAN_CSV0000000000000685.csv
CAN_CSV0000000000012926.csv,CAN_CSV0000000000027103.csv
CAN_CSV0000000000012926.csv,CAN_CSV0000000000005297.csv
CAN_CSV0000000000012926.csv,CAN_CSV0000000000005322.csv
CAN_CSV0000000000012926.csv,CAN_CSV0000000000000678.csv
CAN_CSV0000000000012926.csv,CAN_CSV0000000000005307.csv
CAN_CSV0000000000012926.csv,CAN_CSV0000000000005348.csv
CAN_CSV0000000000012926.csv,CAN_CSV0000000000005300.csv
CAN_CSV0000000000012926.csv,CAN_CSV0000000000000698.csv
CAN_CSV0000000000012926.csv,CAN_CSV0000000000000644.csv
CAN_CSV0000000000012927.csv,CAN_CSV0000000000005320.csv
CAN_CSV0000000000012927.csv,CAN_CSV0000000000000687.csv
CAN_CSV0000000000012927.csv,CAN_CSV0000000000000685.csv
CAN_CSV0000000000012927.csv,CAN_CSV0000000000027103.csv
CAN_CSV0000000000012927.csv,CAN_CSV0000000000005297.csv
CAN_CSV0000000000012927.csv,CAN_CSV0000000000005322.csv
CAN_CSV0000000000012927.csv,CAN_CSV0000000000000678.csv
CAN_CSV0000000000012927.csv,CAN_CSV0000000000005307.csv
CAN_CSV0000000000012927.csv,CAN_CSV0000000000005348.csv
CAN_CSV0000000000012927.csv,CAN_CSV0000000000005300.csv
CAN_CSV0000000000012927.csv,CAN_CSV0000000000000698.csv
CAN_CSV0000000000012927.csv,CAN_CSV0000000000000644.csv
CAN_CSV0000000000012928.csv,CAN_CSV0000000000005320.csv
CAN_CSV0000000000012928.csv,CAN_CSV0000000000000687.csv
CAN_CSV0000000000012928.csv,CAN_CSV0000000000000685.csv
CAN_CSV0000000000012928.csv,CAN_CSV0000000000027103.csv
CAN_CSV0000000000012928.csv,CAN_CSV0000000000005297.csv
CAN_CSV0000000000012928.csv,CAN_CSV0000000000005322.csv
CAN_CSV0000000000012928.csv,CAN_CSV0000000000000678.csv
CAN_CSV0000000000012928.csv,CAN_CSV0000000000005307.csv
CAN_CSV0000000000012928.csv,CAN_CSV0000000000005348.csv
CAN_CSV0000000000012928.csv,CAN_CSV0000000000005300.csv
CAN_CSV0000000000012928.csv,CAN_CSV0000000000000698.csv
CAN_CSV0000000000012928.csv,CAN_CSV0000000000000644.csv
CAN_CSV0000000000012929.csv,CAN_CSV0000000000005320.csv
CAN_CSV0000000000012929.csv,CAN_CSV0000000000000687.csv
CAN_CSV0000000000012929.csv,CAN_CSV0000000000000685.csv
CAN_CSV0000000000012929.csv,CAN_CSV0000000000027103.csv
CAN_CSV0000000000012929.csv,CAN_CSV0000000000005297.csv
CAN_CSV0000000000012929.csv,CAN_CSV0000000000005322.csv
CAN_CSV0000000000012929.csv,CAN_CSV0000000000000678.csv
CAN_CSV0000000000012929.csv,CAN_CSV0000000000005307.csv
CAN_CSV0000000000012929.csv,CAN_CSV0000000000005348.csv
CAN_CSV0000000000012929.csv,CAN_CSV0000000000005300.csv
CAN_CSV0000000000012929.csv,CAN_CSV0000000000000698.csv
CAN_CSV0000000000012929.csv,CAN_CSV0000000000000644.csv
CAN_CSV0000000000012930.csv,CAN_CSV0000000000005320.csv
CAN_CSV0000000000012930.csv,CAN_CSV0000000000000687.csv
CAN_CSV0000000000012930.csv,CAN_CSV0000000000000685.csv
CAN_CSV0000000000012930.csv,CAN_CSV0000000000027103.csv
CAN_CSV0000000000012930.csv,CAN_CSV0000000000005297.csv
CAN_CSV0000000000012930.csv,CAN_CSV0000000000005322.csv
CAN_CSV0000000000012930.csv,CAN_CSV0000000000000678.csv
CAN_CSV0000000000012930.csv,CAN_CSV0000000000005307.csv
CAN_CSV0000000000012930.csv,CAN_CSV0000000000005348.csv
CAN_CSV0000000000012930.csv,CAN_CSV0000000000005300.csv
CAN_CSV0000000000012930.csv,CAN_CSV0000000000000698.csv
CAN_CSV0000000000012930.csv,CAN_CSV0000000000000644.csv
CAN_CSV0000000000012985.csv,CAN_CSV0000000000005320.csv
CAN_CSV0000000000012985.csv,CAN_CSV0000000000000687.csv
CAN_CSV0000000000012985.csv,CAN_CSV0000000000000685.csv
CAN_CSV0000000000012985.csv,CAN_CSV0000000000027103.csv
CAN_CSV0000000000012985.csv,CAN_CSV0000000000005297.csv
CAN_CSV0000000000012985.csv,CAN_CSV0000000000005322.csv
CAN_CSV0000000000012985.csv,CAN_CSV0000000000000678.csv
CAN_CSV0000000000012985.csv,CAN_CSV0000000000005307.csv
CAN_CSV0000000000012985.csv,CAN_CSV0000000000005348.csv
CAN_CSV0000000000012985.csv,CAN_CSV0000000000005300.csv
CAN_CSV0000000000012985.csv,CAN_CSV0000000000000698.csv
CAN_CSV0000000000012985.csv,CAN_CSV0000000000000644.csv
CAN_CSV0000000000013008.csv,CAN_CSV0000000000013001.csv
CAN_CSV0000000000013008.csv,CAN_CSV0000000000002292.csv
CAN_CSV0000000000013008.csv,CAN_CSV0000000000027218.csv
CAN_CSV0000000000013008.csv,CAN_CSV0000000000005899.csv
CAN_CSV0000000000013008.csv,CAN_CSV0000000000005832.csv
CAN_CSV0000000000013008.csv,CAN_CSV0000000000005391.csv
CAN_CSV0000000000013008.csv,CAN_CSV0000000000012952.csv
CAN_CSV0000000000013008.csv,CAN_CSV0000000000027217.csv
CAN_CSV0000000000013008.csv,CAN_CSV0000000000005264.csv
CAN_CSV0000000000013008.csv,CAN_CSV0000000000013199.csv
CAN_CSV0000000000013008.csv,CAN_CSV0000000000001048.csv
CAN_CSV0000000000013008.csv,CAN_CSV0000000000013514.csv
CAN_CSV0000000000013008.csv,CAN_CSV0000000000005904.csv
CAN_CSV0000000000013008.csv,CAN_CSV0000000000013702.csv
CAN_CSV0000000000013008.csv,CAN_CSV0000000000004766.csv
CAN_CSV0000000000013008.csv,CAN_CSV0000000000000719.csv
CAN_CSV0000000000013008.csv,CAN_CSV0000000000013518.csv
CAN_CSV0000000000013008.csv,CAN_CSV0000000000001115.csv
CAN_CSV0000000000013008.csv,CAN_CSV0000000000002181.csv
CAN_CSV0000000000013008.csv,CAN_CSV0000000000013492.csv
CAN_CSV0000000000013008.csv,CAN_CSV0000000000005205.csv
CAN_CSV0000000000013008.csv,CAN_CSV0000000000000735.csv
CAN_CSV0000000000013008.csv,CAN_CSV0000000000013513.csv
CAN_CSV0000000000013008.csv,CAN_CSV0000000000013508.csv
CAN_CSV0000000000013008.csv,CAN_CSV0000000000005227.csv
CAN_CSV0000000000013008.csv,CAN_CSV0000000000001161.csv
CAN_CSV0000000000013008.csv,CAN_CSV0000000000005898.csv
CAN_CSV0000000000013008.csv,CAN_CSV0000000000027219.csv
CAN_CSV0000000000013008.csv,CAN_CSV0000000000000608.csv
CAN_CSV0000000000013008.csv,CAN_CSV0000000000013603.csv
CAN_CSV0000000000013008.csv,CAN_CSV0000000000013782.csv
CAN_CSV0000000000013008.csv,CAN_CSV0000000000013109.csv
CAN_CSV0000000000013008.csv,CAN_CSV0000000000015560.csv
CAN_CSV0000000000013008.csv,CAN_CSV0000000000005265.csv
CAN_CSV0000000000013008.csv,CAN_CSV0000000000005883.csv
CAN_CSV0000000000013008.csv,CAN_CSV0000000000000610.csv
CAN_CSV0000000000013008.csv,CAN_CSV0000000000001116.csv
CAN_CSV0000000000013008.csv,CAN_CSV0000000000013488.csv
CAN_CSV0000000000013008.csv,CAN_CSV0000000000004703.csv
CAN_CSV0000000000013008.csv,CAN_CSV0000000000001173.csv
CAN_CSV0000000000013008.csv,CAN_CSV0000000000015551.csv
CAN_CSV0000000000013008.csv,CAN_CSV0000000000015570.csv
CAN_CSV0000000000013008.csv,CAN_CSV0000000000005379.csv
CAN_CSV0000000000013008.csv,CAN_CSV0000000000013602.csv
CAN_CSV0000000000013008.csv,CAN_CSV0000000000001226.csv
CAN_CSV0000000000013008.csv,CAN_CSV0000000000005128.csv
CAN_CSV0000000000013008.csv,CAN_CSV0000000000001114.csv
CAN_CSV0000000000013008.csv,CAN_CSV0000000000012980.csv
CAN_CSV0000000000013008.csv,CAN_CSV0000000000013755.csv
CAN_CSV0000000000013008.csv,CAN_CSV0000000000005891.csv
CAN_CSV0000000000013008.csv,CAN_CSV0000000000000840.csv
CAN_CSV0000000000013008.csv,CAN_CSV0000000000005009.csv
CAN_CSV0000000000013008.csv,CAN_CSV0000000000013701.csv
CAN_CSV0000000000013008.csv,CAN_CSV0000000000012845.csv
CAN_CSV0000000000013008.csv,CAN_CSV0000000000013484.csv
CAN_CSV0000000000013008.csv,CAN_CSV0000000000013497.csv
CAN_CSV0000000000013008.csv,CAN_CSV0000000000006035.csv
CAN_CSV0000000000013008.csv,CAN_CSV0000000000005103.csv
CAN_CSV0000000000013008.csv,CAN_CSV0000000000014315.csv
CAN_CSV0000000000013008.csv,CAN_CSV0000000000013510.csv
CAN_CSV0000000000013008.csv,CAN_CSV0000000000013036.csv
CAN_CSV0000000000013008.csv,CAN_CSV0000000000013489.csv
CAN_CSV0000000000013008.csv,CAN_CSV0000000000027228.csv
CAN_CSV0000000000013029.csv,CAN_CSV0000000000005320.csv
CAN_CSV0000000000013029.csv,CAN_CSV0000000000000687.csv
CAN_CSV0000000000013029.csv,CAN_CSV0000000000000685.csv
CAN_CSV0000000000013029.csv,CAN_CSV0000000000027103.csv
CAN_CSV0000000000013029.csv,CAN_CSV0000000000005297.csv
CAN_CSV0000000000013029.csv,CAN_CSV0000000000005322.csv
CAN_CSV0000000000013029.csv,CAN_CSV0000000000000678.csv
CAN_CSV0000000000013029.csv,CAN_CSV0000000000005307.csv
CAN_CSV0000000000013029.csv,CAN_CSV0000000000005348.csv
CAN_CSV0000000000013029.csv,CAN_CSV0000000000005300.csv
CAN_CSV0000000000013029.csv,CAN_CSV0000000000000698.csv
CAN_CSV0000000000013029.csv,CAN_CSV0000000000000644.csv
CAN_CSV0000000000013036.csv,CAN_CSV0000000000027139.csv
CAN_CSV0000000000013036.csv,CAN_CSV0000000000027218.csv
CAN_CSV0000000000013036.csv,CAN_CSV0000000000005832.csv
CAN_CSV0000000000013036.csv,CAN_CSV0000000000027135.csv
CAN_CSV0000000000013036.csv,CAN_CSV0000000000005725.csv
CAN_CSV0000000000013036.csv,CAN_CSV0000000000013199.csv
CAN_CSV0000000000013036.csv,CAN_CSV0000000000005741.csv
CAN_CSV0000000000013036.csv,CAN_CSV0000000000005757.csv
CAN_CSV0000000000013036.csv,CAN_CSV0000000000005798.csv
CAN_CSV0000000000013036.csv,CAN_CSV0000000000005683.csv
CAN_CSV0000000000013036.csv,CAN_CSV0000000000013518.csv
CAN_CSV0000000000013036.csv,CAN_CSV0000000000005743.csv
CAN_CSV0000000000013036.csv,CAN_CSV0000000000002181.csv
CAN_CSV0000000000013036.csv,CAN_CSV0000000000000822.csv
CAN_CSV0000000000013036.csv,CAN_CSV0000000000000828.csv
CAN_CSV0000000000013036.csv,CAN_CSV0000000000005265.csv
CAN_CSV0000000000013036.csv,CAN_CSV0000000000015570.csv
CAN_CSV0000000000013036.csv,CAN_CSV0000000000012980.csv
CAN_CSV0000000000013036.csv,CAN_CSV0000000000005789.csv
CAN_CSV0000000000013036.csv,CAN_CSV0000000000013510.csv
CAN_CSV0000000000013036.csv,CAN_CSV0000000000027228.csv
CAN_CSV0000000000013036.csv,CAN_CSV0000000000005379.csv
CAN_CSV0000000000013036.csv,CAN_CSV0000000000005833.csv
CAN_CSV0000000000013036.csv,CAN_CSV0000000000005705.csv
CAN_CSV0000000000013036.csv,CAN_CSV0000000000000825.csv
CAN_CSV0000000000013036.csv,CAN_CSV0000000000005731.csv
CAN_CSV0000000000013036.csv,CAN_CSV0000000000027217.csv
CAN_CSV0000000000013036.csv,CAN_CSV0000000000005264.csv
CAN_CSV0000000000013036.csv,CAN_CSV0000000000013514.csv
CAN_CSV0000000000013036.csv,CAN_CSV0000000000013702.csv
CAN_CSV0000000000013036.csv,CAN_CSV0000000000005857.csv
CAN_CSV0000000000013036.csv,CAN_CSV0000000000000811.csv
CAN_CSV0000000000013036.csv,CAN_CSV0000000000005768.csv
CAN_CSV0000000000013036.csv,CAN_CSV0000000000004766.csv
CAN_CSV0000000000013036.csv,CAN_CSV0000000000005744.csv
CAN_CSV0000000000013036.csv,CAN_CSV0000000000027219.csv
CAN_CSV0000000000013036.csv,CAN_CSV0000000000000608.csv
CAN_CSV0000000000013036.csv,CAN_CSV0000000000015551.csv
CAN_CSV0000000000013036.csv,CAN_CSV0000000000001226.csv
CAN_CSV0000000000013036.csv,CAN_CSV0000000000001114.csv
CAN_CSV0000000000013036.csv,CAN_CSV0000000000005706.csv
CAN_CSV0000000000013036.csv,CAN_CSV0000000000013489.csv
CAN_CSV0000000000013036.csv,CAN_CSV0000000000000839.csv
CAN_CSV0000000000013036.csv,CAN_CSV0000000000005391.csv
CAN_CSV0000000000013036.csv,CAN_CSV0000000000005816.csv
CAN_CSV0000000000013036.csv,CAN_CSV0000000000005227.csv
CAN_CSV0000000000013036.csv,CAN_CSV0000000000005205.csv
CAN_CSV0000000000013036.csv,CAN_CSV0000000000000735.csv
CAN_CSV0000000000013036.csv,CAN_CSV0000000000015560.csv
CAN_CSV0000000000013036.csv,CAN_CSV0000000000004703.csv
CAN_CSV0000000000013036.csv,CAN_CSV0000000000013602.csv
CAN_CSV0000000000013036.csv,CAN_CSV0000000000005009.csv
CAN_CSV0000000000013036.csv,CAN_CSV0000000000005103.csv
CAN_CSV0000000000013036.csv,CAN_CSV0000000000014315.csv
CAN_CSV0000000000013036.csv,CAN_CSV0000000000005728.csv
CAN_CSV0000000000013036.csv,CAN_CSV0000000000005128.csv
CAN_CSV0000000000013036.csv,CAN_CSV0000000000027140.csv
CAN_CSV0000000000013036.csv,CAN_CSV0000000000013001.csv
CAN_CSV0000000000013036.csv,CAN_CSV0000000000002292.csv
CAN_CSV0000000000013036.csv,CAN_CSV0000000000012952.csv
CAN_CSV0000000000013036.csv,CAN_CSV0000000000007060.csv
CAN_CSV0000000000013036.csv,CAN_CSV0000000000000719.csv
CAN_CSV0000000000013036.csv,CAN_CSV0000000000005714.csv
CAN_CSV0000000000013036.csv,CAN_CSV0000000000013513.csv
CAN_CSV0000000000013036.csv,CAN_CSV0000000000013603.csv
CAN_CSV0000000000013036.csv,CAN_CSV0000000000013782.csv
CAN_CSV0000000000013036.csv,CAN_CSV0000000000000610.csv
CAN_CSV0000000000013036.csv,CAN_CSV0000000000005788.csv
CAN_CSV0000000000013036.csv,CAN_CSV0000000000001116.csv
CAN_CSV0000000000013036.csv,CAN_CSV0000000000005729.csv
CAN_CSV0000000000013036.csv,CAN_CSV0000000000013701.csv
CAN_CSV0000000000013036.csv,CAN_CSV0000000000012845.csv
CAN_CSV0000000000013036.csv,CAN_CSV0000000000027136.csv
CAN_CSV0000000000013036.csv,CAN_CSV0000000000013484.csv
CAN_CSV0000000000013036.csv,CAN_CSV0000000000013497.csv
CAN_CSV0000000000013036.csv,CAN_CSV0000000000005703.csv
CAN_CSV0000000000013056.csv,CAN_CSV0000000000005320.csv
CAN_CSV0000000000013056.csv,CAN_CSV0000000000000687.csv
CAN_CSV0000000000013056.csv,CAN_CSV0000000000000685.csv
CAN_CSV0000000000013056.csv,CAN_CSV0000000000027103.csv
CAN_CSV0000000000013056.csv,CAN_CSV0000000000005297.csv
CAN_CSV0000000000013056.csv,CAN_CSV0000000000005322.csv
CAN_CSV0000000000013056.csv,CAN_CSV0000000000000678.csv
CAN_CSV0000000000013056.csv,CAN_CSV0000000000005307.csv
CAN_CSV0000000000013056.csv,CAN_CSV0000000000005348.csv
CAN_CSV0000000000013056.csv,CAN_CSV0000000000005300.csv
CAN_CSV0000000000013056.csv,CAN_CSV0000000000000698.csv
CAN_CSV0000000000013056.csv,CAN_CSV0000000000000644.csv
CAN_CSV0000000000013124.csv,CAN_CSV0000000000001058.csv
CAN_CSV0000000000013124.csv,CAN_CSV0000000000013123.csv
CAN_CSV0000000000013124.csv,CAN_CSV0000000000013001.csv
CAN_CSV0000000000013124.csv,CAN_CSV0000000000007112.csv
CAN_CSV0000000000013124.csv,CAN_CSV0000000000002292.csv
CAN_CSV0000000000013124.csv,CAN_CSV0000000000027218.csv
CAN_CSV0000000000013124.csv,CAN_CSV0000000000005832.csv
CAN_CSV0000000000013124.csv,CAN_CSV0000000000013122.csv
CAN_CSV0000000000013124.csv,CAN_CSV0000000000007110.csv
CAN_CSV0000000000013124.csv,CAN_CSV0000000000005391.csv
CAN_CSV0000000000013124.csv,CAN_CSV0000000000012952.csv
CAN_CSV0000000000013124.csv,CAN_CSV0000000000027217.csv
CAN_CSV0000000000013124.csv,CAN_CSV0000000000005264.csv
CAN_CSV0000000000013124.csv,CAN_CSV0000000000013199.csv
CAN_CSV0000000000013124.csv,CAN_CSV0000000000013514.csv
CAN_CSV0000000000013124.csv,CAN_CSV0000000000013702.csv
CAN_CSV0000000000013124.csv,CAN_CSV0000000000004766.csv
CAN_CSV0000000000013124.csv,CAN_CSV0000000000013133.csv
CAN_CSV0000000000013124.csv,CAN_CSV0000000000000719.csv
CAN_CSV0000000000013124.csv,CAN_CSV0000000000006432.csv
CAN_CSV0000000000013124.csv,CAN_CSV0000000000013518.csv
CAN_CSV0000000000013124.csv,CAN_CSV0000000000002181.csv
CAN_CSV0000000000013124.csv,CAN_CSV0000000000005205.csv
CAN_CSV0000000000013124.csv,CAN_CSV0000000000005227.csv
CAN_CSV0000000000013124.csv,CAN_CSV0000000000000735.csv
CAN_CSV0000000000013124.csv,CAN_CSV0000000000013513.csv
CAN_CSV0000000000013124.csv,CAN_CSV0000000000027219.csv
CAN_CSV0000000000013124.csv,CAN_CSV0000000000013489.csv
CAN_CSV0000000000013124.csv,CAN_CSV0000000000000608.csv
CAN_CSV0000000000013124.csv,CAN_CSV0000000000013603.csv
CAN_CSV0000000000013124.csv,CAN_CSV0000000000013782.csv
CAN_CSV0000000000013124.csv,CAN_CSV0000000000015560.csv
CAN_CSV0000000000013124.csv,CAN_CSV0000000000007124.csv
CAN_CSV0000000000013124.csv,CAN_CSV0000000000005265.csv
CAN_CSV0000000000013124.csv,CAN_CSV0000000000000610.csv
CAN_CSV0000000000013124.csv,CAN_CSV0000000000001116.csv
CAN_CSV0000000000013124.csv,CAN_CSV0000000000004703.csv
CAN_CSV0000000000013124.csv,CAN_CSV0000000000015551.csv
CAN_CSV0000000000013124.csv,CAN_CSV0000000000015570.csv
CAN_CSV0000000000013124.csv,CAN_CSV0000000000001226.csv
CAN_CSV0000000000013124.csv,CAN_CSV0000000000013602.csv
CAN_CSV0000000000013124.csv,CAN_CSV0000000000005128.csv
CAN_CSV0000000000013124.csv,CAN_CSV0000000000001114.csv
CAN_CSV0000000000013124.csv,CAN_CSV0000000000012980.csv
CAN_CSV0000000000013124.csv,CAN_CSV0000000000013121.csv
CAN_CSV0000000000013124.csv,CAN_CSV0000000000005009.csv
CAN_CSV0000000000013124.csv,CAN_CSV0000000000013701.csv
CAN_CSV0000000000013124.csv,CAN_CSV0000000000013131.csv
CAN_CSV0000000000013124.csv,CAN_CSV0000000000012845.csv
CAN_CSV0000000000013124.csv,CAN_CSV0000000000013484.csv
CAN_CSV0000000000013124.csv,CAN_CSV0000000000001054.csv
CAN_CSV0000000000013124.csv,CAN_CSV0000000000013497.csv
CAN_CSV0000000000013124.csv,CAN_CSV0000000000005103.csv
CAN_CSV0000000000013124.csv,CAN_CSV0000000000014315.csv
CAN_CSV0000000000013124.csv,CAN_CSV0000000000006434.csv
CAN_CSV0000000000013124.csv,CAN_CSV0000000000001056.csv
CAN_CSV0000000000013124.csv,CAN_CSV0000000000013510.csv
CAN_CSV0000000000013124.csv,CAN_CSV0000000000013036.csv
CAN_CSV0000000000013124.csv,CAN_CSV0000000000013113.csv
CAN_CSV0000000000013124.csv,CAN_CSV0000000000000870.csv
CAN_CSV0000000000013124.csv,CAN_CSV0000000000027228.csv
CAN_CSV0000000000013124.csv,CAN_CSV0000000000005379.csv
CAN_CSV0000000000013144.csv,CAN_CSV0000000000013001.csv
CAN_CSV0000000000013144.csv,CAN_CSV0000000000002292.csv
CAN_CSV0000000000013144.csv,CAN_CSV0000000000027218.csv
CAN_CSV0000000000013144.csv,CAN_CSV0000000000005832.csv
CAN_CSV0000000000013144.csv,CAN_CSV0000000000005391.csv
CAN_CSV0000000000013144.csv,CAN_CSV0000000000012952.csv
CAN_CSV0000000000013144.csv,CAN_CSV0000000000027217.csv
CAN_CSV0000000000013144.csv,CAN_CSV0000000000005264.csv
CAN_CSV0000000000013144.csv,CAN_CSV0000000000013199.csv
CAN_CSV0000000000013144.csv,CAN_CSV0000000000013514.csv
CAN_CSV0000000000013144.csv,CAN_CSV0000000000013702.csv
CAN_CSV0000000000013144.csv,CAN_CSV0000000000013188.csv
CAN_CSV0000000000013144.csv,CAN_CSV0000000000004766.csv
CAN_CSV0000000000013144.csv,CAN_CSV0000000000000719.csv
CAN_CSV0000000000013144.csv,CAN_CSV0000000000013142.csv
CAN_CSV0000000000013144.csv,CAN_CSV0000000000012769.csv
CAN_CSV0000000000013144.csv,CAN_CSV0000000000013518.csv
CAN_CSV0000000000013144.csv,CAN_CSV0000000000002181.csv
CAN_CSV0000000000013144.csv,CAN_CSV0000000000005205.csv
CAN_CSV0000000000013144.csv,CAN_CSV0000000000005227.csv
CAN_CSV0000000000013144.csv,CAN_CSV0000000000000735.csv
CAN_CSV0000000000013144.csv,CAN_CSV0000000000013513.csv
CAN_CSV0000000000013144.csv,CAN_CSV0000000000012731.csv
CAN_CSV0000000000013144.csv,CAN_CSV0000000000013063.csv
CAN_CSV0000000000013144.csv,CAN_CSV0000000000027219.csv
CAN_CSV0000000000013144.csv,CAN_CSV0000000000013168.csv
CAN_CSV0000000000013144.csv,CAN_CSV0000000000000608.csv
CAN_CSV0000000000013144.csv,CAN_CSV0000000000013603.csv
CAN_CSV0000000000013144.csv,CAN_CSV0000000000013782.csv
CAN_CSV0000000000013144.csv,CAN_CSV0000000000015560.csv
CAN_CSV0000000000013144.csv,CAN_CSV0000000000012762.csv
CAN_CSV0000000000013144.csv,CAN_CSV0000000000012833.csv
CAN_CSV0000000000013144.csv,CAN_CSV0000000000005265.csv
CAN_CSV0000000000013144.csv,CAN_CSV0000000000012766.csv
CAN_CSV0000000000013144.csv,CAN_CSV0000000000000610.csv
CAN_CSV0000000000013144.csv,CAN_CSV0000000000001066.csv
CAN_CSV0000000000013144.csv,CAN_CSV0000000000001116.csv
CAN_CSV0000000000013144.csv,CAN_CSV0000000000013213.csv
CAN_CSV0000000000013144.csv,CAN_CSV0000000000004703.csv
CAN_CSV0000000000013144.csv,CAN_CSV0000000000015551.csv
CAN_CSV0000000000013144.csv,CAN_CSV0000000000015570.csv
CAN_CSV0000000000013144.csv,CAN_CSV0000000000001226.csv
CAN_CSV0000000000013144.csv,CAN_CSV0000000000013602.csv
CAN_CSV0000000000013144.csv,CAN_CSV0000000000001065.csv
CAN_CSV0000000000013144.csv,CAN_CSV0000000000005128.csv
CAN_CSV0000000000013144.csv,CAN_CSV0000000000001114.csv
CAN_CSV0000000000013144.csv,CAN_CSV0000000000012980.csv
CAN_CSV0000000000013144.csv,CAN_CSV0000000000013186.csv
CAN_CSV0000000000013144.csv,CAN_CSV0000000000005009.csv
CAN_CSV0000000000013144.csv,CAN_CSV0000000000013701.csv
CAN_CSV0000000000013144.csv,CAN_CSV0000000000012845.csv
CAN_CSV0000000000013144.csv,CAN_CSV0000000000013484.csv
CAN_CSV0000000000013144.csv,CAN_CSV0000000000013497.csv
CAN_CSV0000000000013144.csv,CAN_CSV0000000000005103.csv
CAN_CSV0000000000013144.csv,CAN_CSV0000000000014315.csv
CAN_CSV0000000000013144.csv,CAN_CSV0000000000013510.csv
CAN_CSV0000000000013144.csv,CAN_CSV0000000000013036.csv
CAN_CSV0000000000013144.csv,CAN_CSV0000000000013153.csv
CAN_CSV0000000000013144.csv,CAN_CSV0000000000013489.csv
CAN_CSV0000000000013144.csv,CAN_CSV0000000000027228.csv
CAN_CSV0000000000013144.csv,CAN_CSV0000000000005379.csv
CAN_CSV0000000000013328.csv,CAN_CSV0000000000013001.csv
CAN_CSV0000000000013328.csv,CAN_CSV0000000000002292.csv
CAN_CSV0000000000013328.csv,CAN_CSV0000000000027218.csv
CAN_CSV0000000000013328.csv,CAN_CSV0000000000005832.csv
CAN_CSV0000000000013328.csv,CAN_CSV0000000000013122.csv
CAN_CSV0000000000013328.csv,CAN_CSV0000000000005391.csv
CAN_CSV0000000000013328.csv,CAN_CSV0000000000012952.csv
CAN_CSV0000000000013328.csv,CAN_CSV0000000000027217.csv
CAN_CSV0000000000013328.csv,CAN_CSV0000000000005264.csv
CAN_CSV0000000000013328.csv,CAN_CSV0000000000013199.csv
CAN_CSV0000000000013328.csv,CAN_CSV0000000000013514.csv
CAN_CSV0000000000013328.csv,CAN_CSV0000000000013702.csv
CAN_CSV0000000000013328.csv,CAN_CSV0000000000004766.csv
CAN_CSV0000000000013328.csv,CAN_CSV0000000000000719.csv
CAN_CSV0000000000013328.csv,CAN_CSV0000000000005882.csv
CAN_CSV0000000000013328.csv,CAN_CSV0000000000001090.csv
CAN_CSV0000000000013328.csv,CAN_CSV0000000000013518.csv
CAN_CSV0000000000013328.csv,CAN_CSV0000000000002181.csv
CAN_CSV0000000000013328.csv,CAN_CSV0000000000005205.csv
CAN_CSV0000000000013328.csv,CAN_CSV0000000000005227.csv
CAN_CSV0000000000013328.csv,CAN_CSV0000000000000735.csv
CAN_CSV0000000000013328.csv,CAN_CSV0000000000013513.csv
CAN_CSV0000000000013328.csv,CAN_CSV0000000000027206.csv
CAN_CSV0000000000013328.csv,CAN_CSV0000000000027219.csv
CAN_CSV0000000000013328.csv,CAN_CSV0000000000000608.csv
CAN_CSV0000000000013328.csv,CAN_CSV0000000000013603.csv
CAN_CSV0000000000013328.csv,CAN_CSV0000000000013782.csv
CAN_CSV0000000000013328.csv,CAN_CSV0000000000013326.csv
CAN_CSV0000000000013328.csv,CAN_CSV0000000000015560.csv
CAN_CSV0000000000013328.csv,CAN_CSV0000000000001089.csv
CAN_CSV0000000000013328.csv,CAN_CSV0000000000005265.csv
CAN_CSV0000000000013328.csv,CAN_CSV0000000000000610.csv
CAN_CSV0000000000013328.csv,CAN_CSV0000000000001116.csv
CAN_CSV0000000000013328.csv,CAN_CSV0000000000013327.csv
CAN_CSV0000000000013328.csv,CAN_CSV0000000000004703.csv
CAN_CSV0000000000013328.csv,CAN_CSV0000000000001101.csv
CAN_CSV0000000000013328.csv,CAN_CSV0000000000015551.csv
CAN_CSV0000000000013328.csv,CAN_CSV0000000000015570.csv
CAN_CSV0000000000013328.csv,CAN_CSV0000000000001226.csv
CAN_CSV0000000000013328.csv,CAN_CSV0000000000006699.csv
CAN_CSV0000000000013328.csv,CAN_CSV0000000000013602.csv
CAN_CSV0000000000013328.csv,CAN_CSV0000000000005128.csv
CAN_CSV0000000000013328.csv,CAN_CSV0000000000001114.csv
CAN_CSV0000000000013328.csv,CAN_CSV0000000000001091.csv
CAN_CSV0000000000013328.csv,CAN_CSV0000000000012980.csv
CAN_CSV0000000000013328.csv,CAN_CSV0000000000013317.csv
CAN_CSV0000000000013328.csv,CAN_CSV0000000000005009.csv
CAN_CSV0000000000013328.csv,CAN_CSV0000000000013269.csv
CAN_CSV0000000000013328.csv,CAN_CSV0000000000013701.csv
CAN_CSV0000000000013328.csv,CAN_CSV0000000000013319.csv
CAN_CSV0000000000013328.csv,CAN_CSV0000000000012845.csv
CAN_CSV0000000000013328.csv,CAN_CSV0000000000013484.csv
CAN_CSV0000000000013328.csv,CAN_CSV0000000000013497.csv
CAN_CSV0000000000013328.csv,CAN_CSV0000000000005103.csv
CAN_CSV0000000000013328.csv,CAN_CSV0000000000014315.csv
CAN_CSV0000000000013328.csv,CAN_CSV0000000000013510.csv
CAN_CSV0000000000013328.csv,CAN_CSV0000000000013036.csv
CAN_CSV0000000000013328.csv,CAN_CSV0000000000013489.csv
CAN_CSV0000000000013328.csv,CAN_CSV0000000000000629.csv
CAN_CSV0000000000013328.csv,CAN_CSV0000000000027228.csv
CAN_CSV0000000000013328.csv,CAN_CSV0000000000005379.csv
CAN_CSV0000000000013393.csv,CAN_CSV0000000000005320.csv
CAN_CSV0000000000013393.csv,CAN_CSV0000000000000687.csv
CAN_CSV0000000000013393.csv,CAN_CSV0000000000000685.csv
CAN_CSV0000000000013393.csv,CAN_CSV0000000000027103.csv
CAN_CSV0000000000013393.csv,CAN_CSV0000000000005297.csv
CAN_CSV0000000000013393.csv,CAN_CSV0000000000005322.csv
CAN_CSV0000000000013393.csv,CAN_CSV0000000000000678.csv
CAN_CSV0000000000013393.csv,CAN_CSV0000000000005307.csv
CAN_CSV0000000000013393.csv,CAN_CSV0000000000005348.csv
CAN_CSV0000000000013393.csv,CAN_CSV0000000000005300.csv
CAN_CSV0000000000013393.csv,CAN_CSV0000000000000698.csv
CAN_CSV0000000000013393.csv,CAN_CSV0000000000000644.csv
CAN_CSV0000000000013397.csv,CAN_CSV0000000000013001.csv
CAN_CSV0000000000013397.csv,CAN_CSV0000000000000714.csv
CAN_CSV0000000000013397.csv,CAN_CSV0000000000002292.csv
CAN_CSV0000000000013397.csv,CAN_CSV0000000000005832.csv
CAN_CSV0000000000013397.csv,CAN_CSV0000000000027218.csv
CAN_CSV0000000000013397.csv,CAN_CSV0000000000005391.csv
CAN_CSV0000000000013397.csv,CAN_CSV0000000000012952.csv
CAN_CSV0000000000013397.csv,CAN_CSV0000000000001119.csv
CAN_CSV0000000000013397.csv,CAN_CSV0000000000000710.csv
CAN_CSV0000000000013397.csv,CAN_CSV0000000000000708.csv
CAN_CSV0000000000013397.csv,CAN_CSV0000000000013199.csv
CAN_CSV0000000000013397.csv,CAN_CSV0000000000013514.csv
CAN_CSV0000000000013397.csv,CAN_CSV0000000000006975.csv
CAN_CSV0000000000013397.csv,CAN_CSV0000000000013702.csv
CAN_CSV0000000000013397.csv,CAN_CSV0000000000027217.csv
CAN_CSV0000000000013397.csv,CAN_CSV0000000000005264.csv
CAN_CSV0000000000013397.csv,CAN_CSV0000000000004766.csv
CAN_CSV0000000000013397.csv,CAN_CSV0000000000000719.csv
CAN_CSV0000000000013397.csv,CAN_CSV0000000000013518.csv
CAN_CSV0000000000013397.csv,CAN_CSV0000000000002181.csv
CAN_CSV0000000000013397.csv,CAN_CSV0000000000005205.csv
CAN_CSV0000000000013397.csv,CAN_CSV0000000000005227.csv
CAN_CSV0000000000013397.csv,CAN_CSV0000000000000735.csv
CAN_CSV0000000000013397.csv,CAN_CSV0000000000013513.csv
CAN_CSV0000000000013397.csv,CAN_CSV0000000000027219.csv
CAN_CSV0000000000013397.csv,CAN_CSV0000000000000608.csv
CAN_CSV0000000000013397.csv,CAN_CSV0000000000013603.csv
CAN_CSV0000000000013397.csv,CAN_CSV0000000000013782.csv
CAN_CSV0000000000013397.csv,CAN_CSV0000000000001123.csv
CAN_CSV0000000000013397.csv,CAN_CSV0000000000005448.csv
CAN_CSV0000000000013397.csv,CAN_CSV0000000000015560.csv
CAN_CSV0000000000013397.csv,CAN_CSV0000000000005265.csv
CAN_CSV0000000000013397.csv,CAN_CSV0000000000000910.csv
CAN_CSV0000000000013397.csv,CAN_CSV0000000000000610.csv
CAN_CSV0000000000013397.csv,CAN_CSV0000000000001116.csv
CAN_CSV0000000000013397.csv,CAN_CSV0000000000004703.csv
CAN_CSV0000000000013397.csv,CAN_CSV0000000000027299.csv
CAN_CSV0000000000013397.csv,CAN_CSV0000000000015551.csv
CAN_CSV0000000000013397.csv,CAN_CSV0000000000015570.csv
CAN_CSV0000000000013397.csv,CAN_CSV0000000000001226.csv
CAN_CSV0000000000013397.csv,CAN_CSV0000000000013602.csv
CAN_CSV0000000000013397.csv,CAN_CSV0000000000001065.csv
CAN_CSV0000000000013397.csv,CAN_CSV0000000000000709.csv
CAN_CSV0000000000013397.csv,CAN_CSV0000000000012457.csv
CAN_CSV0000000000013397.csv,CAN_CSV0000000000005128.csv
CAN_CSV0000000000013397.csv,CAN_CSV0000000000001114.csv
CAN_CSV0000000000013397.csv,CAN_CSV0000000000012980.csv
CAN_CSV0000000000013397.csv,CAN_CSV0000000000005392.csv
CAN_CSV0000000000013397.csv,CAN_CSV0000000000012498.csv
CAN_CSV0000000000013397.csv,CAN_CSV0000000000005009.csv
CAN_CSV0000000000013397.csv,CAN_CSV0000000000027096.csv
CAN_CSV0000000000013397.csv,CAN_CSV0000000000013701.csv
CAN_CSV0000000000013397.csv,CAN_CSV0000000000006940.csv
CAN_CSV0000000000013397.csv,CAN_CSV0000000000013576.csv
CAN_CSV0000000000013397.csv,CAN_CSV0000000000012845.csv
CAN_CSV0000000000013397.csv,CAN_CSV0000000000013484.csv
CAN_CSV0000000000013397.csv,CAN_CSV0000000000013497.csv
CAN_CSV0000000000013397.csv,CAN_CSV0000000000012557.csv
CAN_CSV0000000000013397.csv,CAN_CSV0000000000005103.csv
CAN_CSV0000000000013397.csv,CAN_CSV0000000000014315.csv
CAN_CSV0000000000013397.csv,CAN_CSV0000000000000982.csv
CAN_CSV0000000000013397.csv,CAN_CSV0000000000013510.csv
CAN_CSV0000000000013397.csv,CAN_CSV0000000000001193.csv
CAN_CSV0000000000013397.csv,CAN_CSV0000000000013036.csv
CAN_CSV0000000000013397.csv,CAN_CSV0000000000013489.csv
CAN_CSV0000000000013397.csv,CAN_CSV0000000000027228.csv
CAN_CSV0000000000013397.csv,CAN_CSV0000000000005379.csv
CAN_CSV0000000000013405.csv,CAN_CSV0000000000005320.csv
CAN_CSV0000000000013405.csv,CAN_CSV0000000000000687.csv
CAN_CSV0000000000013405.csv,CAN_CSV0000000000000685.csv
CAN_CSV0000000000013405.csv,CAN_CSV0000000000027103.csv
CAN_CSV0000000000013405.csv,CAN_CSV0000000000005297.csv
CAN_CSV0000000000013405.csv,CAN_CSV0000000000005322.csv
CAN_CSV0000000000013405.csv,CAN_CSV0000000000000678.csv
CAN_CSV0000000000013405.csv,CAN_CSV0000000000005307.csv
CAN_CSV0000000000013405.csv,CAN_CSV0000000000005348.csv
CAN_CSV0000000000013405.csv,CAN_CSV0000000000005300.csv
CAN_CSV0000000000013405.csv,CAN_CSV0000000000000698.csv
CAN_CSV0000000000013405.csv,CAN_CSV0000000000000644.csv
CAN_CSV0000000000013411.csv,CAN_CSV0000000000013001.csv
CAN_CSV0000000000013411.csv,CAN_CSV0000000000013427.csv
CAN_CSV0000000000013411.csv,CAN_CSV0000000000002292.csv
CAN_CSV0000000000013411.csv,CAN_CSV0000000000027218.csv
CAN_CSV0000000000013411.csv,CAN_CSV0000000000005832.csv
CAN_CSV0000000000013411.csv,CAN_CSV0000000000005899.csv
CAN_CSV0000000000013411.csv,CAN_CSV0000000000005391.csv
CAN_CSV0000000000013411.csv,CAN_CSV0000000000013449.csv
CAN_CSV0000000000013411.csv,CAN_CSV0000000000012952.csv
CAN_CSV0000000000013411.csv,CAN_CSV0000000000027217.csv
CAN_CSV0000000000013411.csv,CAN_CSV0000000000013199.csv
CAN_CSV0000000000013411.csv,CAN_CSV0000000000013514.csv
CAN_CSV0000000000013411.csv,CAN_CSV0000000000013702.csv
CAN_CSV0000000000013411.csv,CAN_CSV0000000000005264.csv
CAN_CSV0000000000013411.csv,CAN_CSV0000000000013401.csv
CAN_CSV0000000000013411.csv,CAN_CSV0000000000000719.csv
CAN_CSV0000000000013411.csv,CAN_CSV0000000000004766.csv
CAN_CSV0000000000013411.csv,CAN_CSV0000000000013788.csv
CAN_CSV0000000000013411.csv,CAN_CSV0000000000013413.csv
CAN_CSV0000000000013411.csv,CAN_CSV0000000000013518.csv
CAN_CSV0000000000013411.csv,CAN_CSV0000000000002181.csv
CAN_CSV0000000000013411.csv,CAN_CSV0000000000005205.csv
CAN_CSV0000000000013411.csv,CAN_CSV0000000000013414.csv
CAN_CSV0000000000013411.csv,CAN_CSV0000000000005227.csv
CAN_CSV0000000000013411.csv,CAN_CSV0000000000000735.csv
CAN_CSV0000000000013411.csv,CAN_CSV0000000000013513.csv
CAN_CSV0000000000013411.csv,CAN_CSV0000000000001115.csv
CAN_CSV0000000000013411.csv,CAN_CSV0000000000013492.csv
CAN_CSV0000000000013411.csv,CAN_CSV0000000000001151.csv
CAN_CSV0000000000013411.csv,CAN_CSV0000000000013508.csv
CAN_CSV0000000000013411.csv,CAN_CSV0000000000027219.csv
CAN_CSV0000000000013411.csv,CAN_CSV0000000000001161.csv
CAN_CSV0000000000013411.csv,CAN_CSV0000000000013392.csv
CAN_CSV0000000000013411.csv,CAN_CSV0000000000013787.csv
CAN_CSV0000000000013411.csv,CAN_CSV0000000000005898.csv
CAN_CSV0000000000013411.csv,CAN_CSV0000000000000608.csv
CAN_CSV0000000000013411.csv,CAN_CSV0000000000013603.csv
CAN_CSV0000000000013411.csv,CAN_CSV0000000000013782.csv
CAN_CSV0000000000013411.csv,CAN_CSV0000000000015560.csv
CAN_CSV0000000000013411.csv,CAN_CSV0000000000005265.csv
CAN_CSV0000000000013411.csv,CAN_CSV0000000000000610.csv
CAN_CSV0000000000013411.csv,CAN_CSV0000000000001152.csv
CAN_CSV0000000000013411.csv,CAN_CSV0000000000001116.csv
CAN_CSV0000000000013411.csv,CAN_CSV0000000000013488.csv
CAN_CSV0000000000013411.csv,CAN_CSV0000000000004703.csv
CAN_CSV0000000000013411.csv,CAN_CSV0000000000013426.csv
CAN_CSV0000000000013411.csv,CAN_CSV0000000000015551.csv
CAN_CSV0000000000013411.csv,CAN_CSV0000000000015570.csv
CAN_CSV0000000000013411.csv,CAN_CSV0000000000001226.csv
CAN_CSV0000000000013411.csv,CAN_CSV0000000000013602.csv
CAN_CSV0000000000013411.csv,CAN_CSV0000000000005128.csv
CAN_CSV0000000000013411.csv,CAN_CSV0000000000013447.csv
CAN_CSV0000000000013411.csv,CAN_CSV0000000000001114.csv
CAN_CSV0000000000013411.csv,CAN_CSV0000000000013763.csv
CAN_CSV0000000000013411.csv,CAN_CSV0000000000012980.csv
CAN_CSV0000000000013411.csv,CAN_CSV0000000000015582.csv
CAN_CSV0000000000013411.csv,CAN_CSV0000000000005009.csv
CAN_CSV0000000000013411.csv,CAN_CSV0000000000013701.csv
CAN_CSV0000000000013411.csv,CAN_CSV0000000000012845.csv
CAN_CSV0000000000013411.csv,CAN_CSV0000000000013484.csv
CAN_CSV0000000000013411.csv,CAN_CSV0000000000013497.csv
CAN_CSV0000000000013411.csv,CAN_CSV0000000000005103.csv
CAN_CSV0000000000013411.csv,CAN_CSV0000000000014315.csv
CAN_CSV0000000000013411.csv,CAN_CSV0000000000013510.csv
CAN_CSV0000000000013411.csv,CAN_CSV0000000000013625.csv
CAN_CSV0000000000013411.csv,CAN_CSV0000000000013036.csv
CAN_CSV0000000000013411.csv,CAN_CSV0000000000013489.csv
CAN_CSV0000000000013411.csv,CAN_CSV0000000000027228.csv
CAN_CSV0000000000013411.csv,CAN_CSV0000000000005379.csv
CAN_CSV0000000000013411.csv,CAN_CSV0000000000013425.csv
CAN_CSV0000000000013411.csv,CAN_CSV0000000000001109.csv
CAN_CSV0000000000013427.csv,CAN_CSV0000000000013001.csv
CAN_CSV0000000000013427.csv,CAN_CSV0000000000002292.csv
CAN_CSV0000000000013427.csv,CAN_CSV0000000000027218.csv
CAN_CSV0000000000013427.csv,CAN_CSV0000000000005899.csv
CAN_CSV0000000000013427.csv,CAN_CSV0000000000005832.csv
CAN_CSV0000000000013427.csv,CAN_CSV0000000000005391.csv
CAN_CSV0000000000013427.csv,CAN_CSV0000000000012952.csv
CAN_CSV0000000000013427.csv,CAN_CSV0000000000013596.csv
CAN_CSV0000000000013427.csv,CAN_CSV0000000000027217.csv
CAN_CSV0000000000013427.csv,CAN_CSV0000000000005264.csv
CAN_CSV0000000000013427.csv,CAN_CSV0000000000013199.csv
CAN_CSV0000000000013427.csv,CAN_CSV0000000000013514.csv
CAN_CSV0000000000013427.csv,CAN_CSV0000000000013702.csv
CAN_CSV0000000000013427.csv,CAN_CSV0000000000004700.csv
CAN_CSV0000000000013427.csv,CAN_CSV0000000000013401.csv
CAN_CSV0000000000013427.csv,CAN_CSV0000000000000719.csv
CAN_CSV0000000000013427.csv,CAN_CSV0000000000004766.csv
CAN_CSV0000000000013427.csv,CAN_CSV0000000000013518.csv
CAN_CSV0000000000013427.csv,CAN_CSV0000000000001115.csv
CAN_CSV0000000000013427.csv,CAN_CSV0000000000002181.csv
CAN_CSV0000000000013427.csv,CAN_CSV0000000000013492.csv
CAN_CSV0000000000013427.csv,CAN_CSV0000000000005205.csv
CAN_CSV0000000000013427.csv,CAN_CSV0000000000013508.csv
CAN_CSV0000000000013427.csv,CAN_CSV0000000000004713.csv
CAN_CSV0000000000013427.csv,CAN_CSV0000000000013513.csv
CAN_CSV0000000000013427.csv,CAN_CSV0000000000000735.csv
CAN_CSV0000000000013427.csv,CAN_CSV0000000000005227.csv
CAN_CSV0000000000013427.csv,CAN_CSV0000000000001161.csv
CAN_CSV0000000000013427.csv,CAN_CSV0000000000005898.csv
CAN_CSV0000000000013427.csv,CAN_CSV0000000000027124.csv
CAN_CSV0000000000013427.csv,CAN_CSV0000000000027219.csv
CAN_CSV0000000000013427.csv,CAN_CSV0000000000000608.csv
CAN_CSV0000000000013427.csv,CAN_CSV0000000000013603.csv
CAN_CSV0000000000013427.csv,CAN_CSV0000000000013782.csv
CAN_CSV0000000000013427.csv,CAN_CSV0000000000015560.csv
CAN_CSV0000000000013427.csv,CAN_CSV0000000000013595.csv
CAN_CSV0000000000013427.csv,CAN_CSV0000000000005265.csv
CAN_CSV0000000000013427.csv,CAN_CSV0000000000000610.csv
CAN_CSV0000000000013427.csv,CAN_CSV0000000000013597.csv
CAN_CSV0000000000013427.csv,CAN_CSV0000000000013488.csv
CAN_CSV0000000000013427.csv,CAN_CSV0000000000013487.csv
CAN_CSV0000000000013427.csv,CAN_CSV0000000000013496.csv
CAN_CSV0000000000013427.csv,CAN_CSV0000000000001116.csv
CAN_CSV0000000000013427.csv,CAN_CSV0000000000004703.csv
CAN_CSV0000000000013427.csv,CAN_CSV0000000000013426.csv
CAN_CSV0000000000013427.csv,CAN_CSV0000000000013624.csv
CAN_CSV0000000000013427.csv,CAN_CSV0000000000015570.csv
CAN_CSV0000000000013427.csv,CAN_CSV0000000000015551.csv
CAN_CSV0000000000013427.csv,CAN_CSV0000000000013602.csv
CAN_CSV0000000000013427.csv,CAN_CSV0000000000001226.csv
CAN_CSV0000000000013427.csv,CAN_CSV0000000000005128.csv
CAN_CSV0000000000013427.csv,CAN_CSV0000000000013926.csv
CAN_CSV0000000000013427.csv,CAN_CSV0000000000001114.csv
CAN_CSV0000000000013427.csv,CAN_CSV0000000000012980.csv
CAN_CSV0000000000013427.csv,CAN_CSV0000000000005009.csv
CAN_CSV0000000000013427.csv,CAN_CSV0000000000013494.csv
CAN_CSV0000000000013427.csv,CAN_CSV0000000000013701.csv
CAN_CSV0000000000013427.csv,CAN_CSV0000000000013406.csv
CAN_CSV0000000000013427.csv,CAN_CSV0000000000012845.csv
CAN_CSV0000000000013427.csv,CAN_CSV0000000000013484.csv
CAN_CSV0000000000013427.csv,CAN_CSV0000000000013497.csv
CAN_CSV0000000000013427.csv,CAN_CSV0000000000005103.csv
CAN_CSV0000000000013427.csv,CAN_CSV0000000000014315.csv
CAN_CSV0000000000013427.csv,CAN_CSV0000000000013925.csv
CAN_CSV0000000000013427.csv,CAN_CSV0000000000013625.csv
CAN_CSV0000000000013427.csv,CAN_CSV0000000000013510.csv
CAN_CSV0000000000013427.csv,CAN_CSV0000000000013036.csv
CAN_CSV0000000000013427.csv,CAN_CSV0000000000013489.csv
CAN_CSV0000000000013427.csv,CAN_CSV0000000000027228.csv
CAN_CSV0000000000013427.csv,CAN_CSV0000000000005379.csv
CAN_CSV0000000000013427.csv,CAN_CSV0000000000013425.csv
CAN_CSV0000000000013427.csv,CAN_CSV0000000000001109.csv
CAN_CSV0000000000013575.csv,CAN_CSV0000000000005320.csv
CAN_CSV0000000000013575.csv,CAN_CSV0000000000000687.csv
CAN_CSV0000000000013575.csv,CAN_CSV0000000000000685.csv
CAN_CSV0000000000013575.csv,CAN_CSV0000000000027103.csv
CAN_CSV0000000000013575.csv,CAN_CSV0000000000005297.csv
CAN_CSV0000000000013575.csv,CAN_CSV0000000000005322.csv
CAN_CSV0000000000013575.csv,CAN_CSV0000000000000678.csv
CAN_CSV0000000000013575.csv,CAN_CSV0000000000005307.csv
CAN_CSV0000000000013575.csv,CAN_CSV0000000000005348.csv
CAN_CSV0000000000013575.csv,CAN_CSV0000000000005300.csv
CAN_CSV0000000000013575.csv,CAN_CSV0000000000000698.csv
CAN_CSV0000000000013575.csv,CAN_CSV0000000000000644.csv
CAN_CSV0000000000013576.csv,CAN_CSV0000000000005320.csv
CAN_CSV0000000000013576.csv,CAN_CSV0000000000000687.csv
CAN_CSV0000000000013576.csv,CAN_CSV0000000000000685.csv
CAN_CSV0000000000013576.csv,CAN_CSV0000000000027103.csv
CAN_CSV0000000000013576.csv,CAN_CSV0000000000005297.csv
CAN_CSV0000000000013576.csv,CAN_CSV0000000000005322.csv
CAN_CSV0000000000013576.csv,CAN_CSV0000000000000678.csv
CAN_CSV0000000000013576.csv,CAN_CSV0000000000005307.csv
CAN_CSV0000000000013576.csv,CAN_CSV0000000000005348.csv
CAN_CSV0000000000013576.csv,CAN_CSV0000000000005300.csv
CAN_CSV0000000000013576.csv,CAN_CSV0000000000000698.csv
CAN_CSV0000000000013576.csv,CAN_CSV0000000000000644.csv
CAN_CSV0000000000013602.csv,CAN_CSV0000000000013001.csv
CAN_CSV0000000000013602.csv,CAN_CSV0000000000013599.csv
CAN_CSV0000000000013602.csv,CAN_CSV0000000000002292.csv
CAN_CSV0000000000013602.csv,CAN_CSV0000000000027218.csv
CAN_CSV0000000000013602.csv,CAN_CSV0000000000005832.csv
CAN_CSV0000000000013602.csv,CAN_CSV0000000000005391.csv
CAN_CSV0000000000013602.csv,CAN_CSV0000000000012952.csv
CAN_CSV0000000000013602.csv,CAN_CSV0000000000027217.csv
CAN_CSV0000000000013602.csv,CAN_CSV0000000000005264.csv
CAN_CSV0000000000013602.csv,CAN_CSV0000000000013199.csv
CAN_CSV0000000000013602.csv,CAN_CSV0000000000013514.csv
CAN_CSV0000000000013602.csv,CAN_CSV0000000000013702.csv
CAN_CSV0000000000013602.csv,CAN_CSV0000000000004766.csv
CAN_CSV0000000000013602.csv,CAN_CSV0000000000000719.csv
CAN_CSV0000000000013602.csv,CAN_CSV0000000000001159.csv
CAN_CSV0000000000013602.csv,CAN_CSV0000000000013518.csv
CAN_CSV0000000000013602.csv,CAN_CSV0000000000001115.csv
CAN_CSV0000000000013602.csv,CAN_CSV0000000000013601.csv
CAN_CSV0000000000013602.csv,CAN_CSV0000000000002181.csv
CAN_CSV0000000000013602.csv,CAN_CSV0000000000005205.csv
CAN_CSV0000000000013602.csv,CAN_CSV0000000000000735.csv
CAN_CSV0000000000013602.csv,CAN_CSV0000000000013513.csv
CAN_CSV0000000000013602.csv,CAN_CSV0000000000005227.csv
CAN_CSV0000000000013602.csv,CAN_CSV0000000000001140.csv
CAN_CSV0000000000013602.csv,CAN_CSV0000000000013506.csv
CAN_CSV0000000000013602.csv,CAN_CSV0000000000001161.csv
CAN_CSV0000000000013602.csv,CAN_CSV0000000000027219.csv
CAN_CSV0000000000013602.csv,CAN_CSV0000000000000608.csv
CAN_CSV0000000000013602.csv,CAN_CSV0000000000013603.csv
CAN_CSV0000000000013602.csv,CAN_CSV0000000000013782.csv
CAN_CSV0000000000013602.csv,CAN_CSV0000000000015560.csv
CAN_CSV0000000000013602.csv,CAN_CSV0000000000005265.csv
CAN_CSV0000000000013602.csv,CAN_CSV0000000000000610.csv
CAN_CSV0000000000013602.csv,CAN_CSV0000000000001116.csv
CAN_CSV0000000000013602.csv,CAN_CSV0000000000013621.csv
CAN_CSV0000000000013602.csv,CAN_CSV0000000000004703.csv
CAN_CSV0000000000013602.csv,CAN_CSV0000000000015551.csv
CAN_CSV0000000000013602.csv,CAN_CSV0000000000015570.csv
CAN_CSV0000000000013602.csv,CAN_CSV0000000000001226.csv
CAN_CSV0000000000013602.csv,CAN_CSV0000000000001157.csv
CAN_CSV0000000000013602.csv,CAN_CSV0000000000005128.csv
CAN_CSV0000000000013602.csv,CAN_CSV0000000000001114.csv
CAN_CSV0000000000013602.csv,CAN_CSV0000000000012980.csv
CAN_CSV0000000000013602.csv,CAN_CSV0000000000013593.csv
CAN_CSV0000000000013602.csv,CAN_CSV0000000000005009.csv
CAN_CSV0000000000013602.csv,CAN_CSV0000000000013701.csv
CAN_CSV0000000000013602.csv,CAN_CSV0000000000012845.csv
CAN_CSV0000000000013602.csv,CAN_CSV0000000000013484.csv
CAN_CSV0000000000013602.csv,CAN_CSV0000000000013497.csv
CAN_CSV0000000000013602.csv,CAN_CSV0000000000005103.csv
CAN_CSV0000000000013602.csv,CAN_CSV0000000000014315.csv
CAN_CSV0000000000013602.csv,CAN_CSV0000000000013510.csv
CAN_CSV0000000000013602.csv,CAN_CSV0000000000013036.csv
CAN_CSV0000000000013602.csv,CAN_CSV0000000000001142.csv
CAN_CSV0000000000013602.csv,CAN_CSV0000000000013489.csv
CAN_CSV0000000000013602.csv,CAN_CSV0000000000027228.csv
CAN_CSV0000000000013602.csv,CAN_CSV0000000000005379.csv
CAN_CSV0000000000013725.csv,CAN_CSV0000000000006913.csv
CAN_CSV0000000000013725.csv,CAN_CSV0000000000012577.csv
CAN_CSV0000000000013725.csv,CAN_CSV0000000000012569.csv
CAN_CSV0000000000013725.csv,CAN_CSV0000000000006192.csv
CAN_CSV0000000000013725.csv,CAN_CSV0000000000012922.csv
CAN_CSV0000000000013725.csv,CAN_CSV0000000000006102.csv
CAN_CSV0000000000013725.csv,CAN_CSV0000000000027218.csv
CAN_CSV0000000000013725.csv,CAN_CSV0000000000005832.csv
CAN_CSV0000000000013725.csv,CAN_CSV0000000000006939.csv
CAN_CSV0000000000013725.csv,CAN_CSV0000000000006806.csv
CAN_CSV0000000000013725.csv,CAN_CSV0000000000012460.csv
CAN_CSV0000000000013725.csv,CAN_CSV0000000000000886.csv
CAN_CSV0000000000013725.csv,CAN_CSV0000000000000708.csv
CAN_CSV0000000000013725.csv,CAN_CSV0000000000013199.csv
CAN_CSV0000000000013725.csv,CAN_CSV0000000000005741.csv
CAN_CSV0000000000013725.csv,CAN_CSV0000000000005757.csv
CAN_CSV0000000000013725.csv,CAN_CSV0000000000000973.csv
CAN_CSV0000000000013725.csv,CAN_CSV0000000000005798.csv
CAN_CSV0000000000013725.csv,CAN_CSV0000000000005683.csv
CAN_CSV0000000000013725.csv,CAN_CSV0000000000013518.csv
CAN_CSV0000000000013725.csv,CAN_CSV0000000000005743.csv
CAN_CSV0000000000013725.csv,CAN_CSV0000000000002181.csv
CAN_CSV0000000000013725.csv,CAN_CSV0000000000000822.csv
CAN_CSV0000000000013725.csv,CAN_CSV0000000000000828.csv
CAN_CSV0000000000013725.csv,CAN_CSV0000000000000831.csv
CAN_CSV0000000000013725.csv,CAN_CSV0000000000005265.csv
CAN_CSV0000000000013725.csv,CAN_CSV0000000000012523.csv
CAN_CSV0000000000013725.csv,CAN_CSV0000000000015570.csv
CAN_CSV0000000000013725.csv,CAN_CSV0000000000012980.csv
CAN_CSV0000000000013725.csv,CAN_CSV0000000000013516.csv
CAN_CSV0000000000013725.csv,CAN_CSV0000000000013510.csv
CAN_CSV0000000000013725.csv,CAN_CSV0000000000013036.csv
CAN_CSV0000000000013725.csv,CAN_CSV0000000000027228.csv
CAN_CSV0000000000013725.csv,CAN_CSV0000000000005379.csv
CAN_CSV0000000000013725.csv,CAN_CSV0000000000000825.csv
CAN_CSV0000000000013725.csv,CAN_CSV0000000000013596.csv
CAN_CSV0000000000013725.csv,CAN_CSV0000000000027217.csv
CAN_CSV0000000000013725.csv,CAN_CSV0000000000005264.csv
CAN_CSV0000000000013725.csv,CAN_CSV0000000000013514.csv
CAN_CSV0000000000013725.csv,CAN_CSV0000000000005857.csv
CAN_CSV0000000000013725.csv,CAN_CSV0000000000013702.csv
CAN_CSV0000000000013725.csv,CAN_CSV0000000000000811.csv
CAN_CSV0000000000013725.csv,CAN_CSV0000000000005768.csv
CAN_CSV0000000000013725.csv,CAN_CSV0000000000004766.csv
CAN_CSV0000000000013725.csv,CAN_CSV0000000000005744.csv
CAN_CSV0000000000013725.csv,CAN_CSV0000000000027219.csv
CAN_CSV0000000000013725.csv,CAN_CSV0000000000000608.csv
CAN_CSV0000000000013725.csv,CAN_CSV0000000000005665.csv
CAN_CSV0000000000013725.csv,CAN_CSV0000000000015551.csv
CAN_CSV0000000000013725.csv,CAN_CSV0000000000001226.csv
CAN_CSV0000000000013725.csv,CAN_CSV0000000000001114.csv
CAN_CSV0000000000013725.csv,CAN_CSV0000000000005775.csv
CAN_CSV0000000000013725.csv,CAN_CSV0000000000013489.csv
CAN_CSV0000000000013725.csv,CAN_CSV0000000000013581.csv
CAN_CSV0000000000013725.csv,CAN_CSV0000000000005391.csv
CAN_CSV0000000000013725.csv,CAN_CSV0000000000005816.csv
CAN_CSV0000000000013725.csv,CAN_CSV0000000000005227.csv
CAN_CSV0000000000013725.csv,CAN_CSV0000000000005205.csv
CAN_CSV0000000000013725.csv,CAN_CSV0000000000000735.csv
CAN_CSV0000000000013725.csv,CAN_CSV0000000000014274.csv
CAN_CSV0000000000013725.csv,CAN_CSV0000000000015560.csv
CAN_CSV0000000000013725.csv,CAN_CSV0000000000004703.csv
CAN_CSV0000000000013725.csv,CAN_CSV0000000000013602.csv
CAN_CSV0000000000013725.csv,CAN_CSV0000000000005009.csv
CAN_CSV0000000000013725.csv,CAN_CSV0000000000000974.csv
CAN_CSV0000000000013725.csv,CAN_CSV0000000000000819.csv
CAN_CSV0000000000013725.csv,CAN_CSV0000000000005103.csv
CAN_CSV0000000000013725.csv,CAN_CSV0000000000014315.csv
CAN_CSV0000000000013725.csv,CAN_CSV0000000000005128.csv
CAN_CSV0000000000013725.csv,CAN_CSV0000000000013001.csv
CAN_CSV0000000000013725.csv,CAN_CSV0000000000002292.csv
CAN_CSV0000000000013725.csv,CAN_CSV0000000000012952.csv
CAN_CSV0000000000013725.csv,CAN_CSV0000000000007060.csv
CAN_CSV0000000000013725.csv,CAN_CSV0000000000013483.csv
CAN_CSV0000000000013725.csv,CAN_CSV0000000000000719.csv
CAN_CSV0000000000013725.csv,CAN_CSV0000000000013513.csv
CAN_CSV0000000000013725.csv,CAN_CSV0000000000013603.csv
CAN_CSV0000000000013725.csv,CAN_CSV0000000000013782.csv
CAN_CSV0000000000013725.csv,CAN_CSV0000000000013595.csv
CAN_CSV0000000000013725.csv,CAN_CSV0000000000000610.csv
CAN_CSV0000000000013725.csv,CAN_CSV0000000000013597.csv
CAN_CSV0000000000013725.csv,CAN_CSV0000000000001116.csv
CAN_CSV0000000000013725.csv,CAN_CSV0000000000005760.csv
CAN_CSV0000000000013725.csv,CAN_CSV0000000000012528.csv
CAN_CSV0000000000013725.csv,CAN_CSV0000000000013701.csv
CAN_CSV0000000000013725.csv,CAN_CSV0000000000012845.csv
CAN_CSV0000000000013725.csv,CAN_CSV0000000000013484.csv
CAN_CSV0000000000013725.csv,CAN_CSV0000000000013497.csv
CAN_CSV0000000000013725.csv,CAN_CSV0000000000012570.csv
CAN_CSV0000000000013725.csv,CAN_CSV0000000000005682.csv
CAN_CSV0000000000013728.csv,CAN_CSV0000000000005320.csv
CAN_CSV0000000000013728.csv,CAN_CSV0000000000000687.csv
CAN_CSV0000000000013728.csv,CAN_CSV0000000000000685.csv
CAN_CSV0000000000013728.csv,CAN_CSV0000000000027103.csv
CAN_CSV0000000000013728.csv,CAN_CSV0000000000005297.csv
CAN_CSV0000000000013728.csv,CAN_CSV0000000000005322.csv
CAN_CSV0000000000013728.csv,CAN_CSV0000000000000678.csv
CAN_CSV0000000000013728.csv,CAN_CSV0000000000005307.csv
CAN_CSV0000000000013728.csv,CAN_CSV0000000000005348.csv
CAN_CSV0000000000013728.csv,CAN_CSV0000000000005300.csv
CAN_CSV0000000000013728.csv,CAN_CSV0000000000000698.csv
CAN_CSV0000000000013728.csv,CAN_CSV0000000000000644.csv
CAN_CSV0000000000013732.csv,CAN_CSV0000000000013001.csv
CAN_CSV0000000000013732.csv,CAN_CSV0000000000015482.csv
CAN_CSV0000000000013732.csv,CAN_CSV0000000000002292.csv
CAN_CSV0000000000013732.csv,CAN_CSV0000000000027218.csv
CAN_CSV0000000000013732.csv,CAN_CSV0000000000001153.csv
CAN_CSV0000000000013732.csv,CAN_CSV0000000000005832.csv
CAN_CSV0000000000013732.csv,CAN_CSV0000000000005391.csv
CAN_CSV0000000000013732.csv,CAN_CSV0000000000012952.csv
CAN_CSV0000000000013732.csv,CAN_CSV0000000000027217.csv
CAN_CSV0000000000013732.csv,CAN_CSV0000000000005264.csv
CAN_CSV0000000000013732.csv,CAN_CSV0000000000013199.csv
CAN_CSV0000000000013732.csv,CAN_CSV0000000000013514.csv
CAN_CSV0000000000013732.csv,CAN_CSV0000000000013702.csv
CAN_CSV0000000000013732.csv,CAN_CSV0000000000001148.csv
CAN_CSV0000000000013732.csv,CAN_CSV0000000000001158.csv
CAN_CSV0000000000013732.csv,CAN_CSV0000000000004766.csv
CAN_CSV0000000000013732.csv,CAN_CSV0000000000000719.csv
CAN_CSV0000000000013732.csv,CAN_CSV0000000000013518.csv
CAN_CSV0000000000013732.csv,CAN_CSV0000000000002181.csv
CAN_CSV0000000000013732.csv,CAN_CSV0000000000005205.csv
CAN_CSV0000000000013732.csv,CAN_CSV0000000000013750.csv
CAN_CSV0000000000013732.csv,CAN_CSV0000000000005227.csv
CAN_CSV0000000000013732.csv,CAN_CSV0000000000000735.csv
CAN_CSV0000000000013732.csv,CAN_CSV0000000000013513.csv
CAN_CSV0000000000013732.csv,CAN_CSV0000000000013744.csv
CAN_CSV0000000000013732.csv,CAN_CSV0000000000001151.csv
CAN_CSV0000000000013732.csv,CAN_CSV0000000000013913.csv
CAN_CSV0000000000013732.csv,CAN_CSV0000000000027219.csv
CAN_CSV0000000000013732.csv,CAN_CSV0000000000001165.csv
CAN_CSV0000000000013732.csv,CAN_CSV0000000000000608.csv
CAN_CSV0000000000013732.csv,CAN_CSV0000000000013603.csv
CAN_CSV0000000000013732.csv,CAN_CSV0000000000001149.csv
CAN_CSV0000000000013732.csv,CAN_CSV0000000000013782.csv
CAN_CSV0000000000013732.csv,CAN_CSV0000000000001135.csv
CAN_CSV0000000000013732.csv,CAN_CSV0000000000015560.csv
CAN_CSV0000000000013732.csv,CAN_CSV0000000000005265.csv
CAN_CSV0000000000013732.csv,CAN_CSV0000000000001144.csv
CAN_CSV0000000000013732.csv,CAN_CSV0000000000000610.csv
CAN_CSV0000000000013732.csv,CAN_CSV0000000000001152.csv
CAN_CSV0000000000013732.csv,CAN_CSV0000000000013751.csv
CAN_CSV0000000000013732.csv,CAN_CSV0000000000001116.csv
CAN_CSV0000000000013732.csv,CAN_CSV0000000000004703.csv
CAN_CSV0000000000013732.csv,CAN_CSV0000000000001136.csv
CAN_CSV0000000000013732.csv,CAN_CSV0000000000015551.csv
CAN_CSV0000000000013732.csv,CAN_CSV0000000000015570.csv
CAN_CSV0000000000013732.csv,CAN_CSV0000000000001226.csv
CAN_CSV0000000000013732.csv,CAN_CSV0000000000013602.csv
CAN_CSV0000000000013732.csv,CAN_CSV0000000000005128.csv
CAN_CSV0000000000013732.csv,CAN_CSV0000000000001147.csv
CAN_CSV0000000000013732.csv,CAN_CSV0000000000001145.csv
CAN_CSV0000000000013732.csv,CAN_CSV0000000000001114.csv
CAN_CSV0000000000013732.csv,CAN_CSV0000000000012980.csv
CAN_CSV0000000000013732.csv,CAN_CSV0000000000005009.csv
CAN_CSV0000000000013732.csv,CAN_CSV0000000000000972.csv
CAN_CSV0000000000013732.csv,CAN_CSV0000000000013701.csv
CAN_CSV0000000000013732.csv,CAN_CSV0000000000013745.csv
CAN_CSV0000000000013732.csv,CAN_CSV0000000000012845.csv
CAN_CSV0000000000013732.csv,CAN_CSV0000000000013912.csv
CAN_CSV0000000000013732.csv,CAN_CSV0000000000013484.csv
CAN_CSV0000000000013732.csv,CAN_CSV0000000000013738.csv
CAN_CSV0000000000013732.csv,CAN_CSV0000000000013735.csv
CAN_CSV0000000000013732.csv,CAN_CSV0000000000013497.csv
CAN_CSV0000000000013732.csv,CAN_CSV0000000000005103.csv
CAN_CSV0000000000013732.csv,CAN_CSV0000000000014315.csv
CAN_CSV0000000000013732.csv,CAN_CSV0000000000013510.csv
CAN_CSV0000000000013732.csv,CAN_CSV0000000000013036.csv
CAN_CSV0000000000013732.csv,CAN_CSV0000000000013489.csv
CAN_CSV0000000000013732.csv,CAN_CSV0000000000027228.csv
CAN_CSV0000000000013732.csv,CAN_CSV0000000000005379.csv
CAN_CSV0000000000013736.csv,CAN_CSV0000000000005320.csv
CAN_CSV0000000000013736.csv,CAN_CSV0000000000000687.csv
CAN_CSV0000000000013736.csv,CAN_CSV0000000000000685.csv
CAN_CSV0000000000013736.csv,CAN_CSV0000000000027103.csv
CAN_CSV0000000000013736.csv,CAN_CSV0000000000005297.csv
CAN_CSV0000000000013736.csv,CAN_CSV0000000000005322.csv
CAN_CSV0000000000013736.csv,CAN_CSV0000000000000678.csv
CAN_CSV0000000000013736.csv,CAN_CSV0000000000005307.csv
CAN_CSV0000000000013736.csv,CAN_CSV0000000000005348.csv
CAN_CSV0000000000013736.csv,CAN_CSV0000000000005300.csv
CAN_CSV0000000000013736.csv,CAN_CSV0000000000000698.csv
CAN_CSV0000000000013736.csv,CAN_CSV0000000000000644.csv
CAN_CSV0000000000013739.csv,CAN_CSV0000000000005320.csv
CAN_CSV0000000000013739.csv,CAN_CSV0000000000000687.csv
CAN_CSV0000000000013739.csv,CAN_CSV0000000000000685.csv
CAN_CSV0000000000013739.csv,CAN_CSV0000000000027103.csv
CAN_CSV0000000000013739.csv,CAN_CSV0000000000005297.csv
CAN_CSV0000000000013739.csv,CAN_CSV0000000000005322.csv
CAN_CSV0000000000013739.csv,CAN_CSV0000000000000678.csv
CAN_CSV0000000000013739.csv,CAN_CSV0000000000005307.csv
CAN_CSV0000000000013739.csv,CAN_CSV0000000000005348.csv
CAN_CSV0000000000013739.csv,CAN_CSV0000000000005300.csv
CAN_CSV0000000000013739.csv,CAN_CSV0000000000000698.csv
CAN_CSV0000000000013739.csv,CAN_CSV0000000000000644.csv
CAN_CSV0000000000013740.csv,CAN_CSV0000000000005320.csv
CAN_CSV0000000000013740.csv,CAN_CSV0000000000000687.csv
CAN_CSV0000000000013740.csv,CAN_CSV0000000000000685.csv
CAN_CSV0000000000013740.csv,CAN_CSV0000000000027103.csv
CAN_CSV0000000000013740.csv,CAN_CSV0000000000005297.csv
CAN_CSV0000000000013740.csv,CAN_CSV0000000000005322.csv
CAN_CSV0000000000013740.csv,CAN_CSV0000000000000678.csv
CAN_CSV0000000000013740.csv,CAN_CSV0000000000005307.csv
CAN_CSV0000000000013740.csv,CAN_CSV0000000000005348.csv
CAN_CSV0000000000013740.csv,CAN_CSV0000000000005300.csv
CAN_CSV0000000000013740.csv,CAN_CSV0000000000000698.csv
CAN_CSV0000000000013740.csv,CAN_CSV0000000000000644.csv
CAN_CSV0000000000013782.csv,CAN_CSV0000000000013001.csv
CAN_CSV0000000000013782.csv,CAN_CSV0000000000002292.csv
CAN_CSV0000000000013782.csv,CAN_CSV0000000000027218.csv
CAN_CSV0000000000013782.csv,CAN_CSV0000000000005832.csv
CAN_CSV0000000000013782.csv,CAN_CSV0000000000005899.csv
CAN_CSV0000000000013782.csv,CAN_CSV0000000000005391.csv
CAN_CSV0000000000013782.csv,CAN_CSV0000000000012952.csv
CAN_CSV0000000000013782.csv,CAN_CSV0000000000027217.csv
CAN_CSV0000000000013782.csv,CAN_CSV0000000000005264.csv
CAN_CSV0000000000013782.csv,CAN_CSV0000000000013199.csv
CAN_CSV0000000000013782.csv,CAN_CSV0000000000013702.csv
CAN_CSV0000000000013782.csv,CAN_CSV0000000000013514.csv
CAN_CSV0000000000013782.csv,CAN_CSV0000000000004700.csv
CAN_CSV0000000000013782.csv,CAN_CSV0000000000004766.csv
CAN_CSV0000000000013782.csv,CAN_CSV0000000000000719.csv
CAN_CSV0000000000013782.csv,CAN_CSV0000000000013518.csv
CAN_CSV0000000000013782.csv,CAN_CSV0000000000001115.csv
CAN_CSV0000000000013782.csv,CAN_CSV0000000000002181.csv
CAN_CSV0000000000013782.csv,CAN_CSV0000000000013492.csv
CAN_CSV0000000000013782.csv,CAN_CSV0000000000005205.csv
CAN_CSV0000000000013782.csv,CAN_CSV0000000000013508.csv
CAN_CSV0000000000013782.csv,CAN_CSV0000000000000735.csv
CAN_CSV0000000000013782.csv,CAN_CSV0000000000013513.csv
CAN_CSV0000000000013782.csv,CAN_CSV0000000000005227.csv
CAN_CSV0000000000013782.csv,CAN_CSV0000000000013506.csv
CAN_CSV0000000000013782.csv,CAN_CSV0000000000001161.csv
CAN_CSV0000000000013782.csv,CAN_CSV0000000000027124.csv
CAN_CSV0000000000013782.csv,CAN_CSV0000000000005898.csv
CAN_CSV0000000000013782.csv,CAN_CSV0000000000027219.csv
CAN_CSV0000000000013782.csv,CAN_CSV0000000000000608.csv
CAN_CSV0000000000013782.csv,CAN_CSV0000000000013603.csv
CAN_CSV0000000000013782.csv,CAN_CSV0000000000015560.csv
CAN_CSV0000000000013782.csv,CAN_CSV0000000000001135.csv
CAN_CSV0000000000013782.csv,CAN_CSV0000000000005265.csv
CAN_CSV0000000000013782.csv,CAN_CSV0000000000005831.csv
CAN_CSV0000000000013782.csv,CAN_CSV0000000000001053.csv
CAN_CSV0000000000013782.csv,CAN_CSV0000000000000610.csv
CAN_CSV0000000000013782.csv,CAN_CSV0000000000001116.csv
CAN_CSV0000000000013782.csv,CAN_CSV0000000000013488.csv
CAN_CSV0000000000013782.csv,CAN_CSV0000000000013487.csv
CAN_CSV0000000000013782.csv,CAN_CSV0000000000004703.csv
CAN_CSV0000000000013782.csv,CAN_CSV0000000000001136.csv
CAN_CSV0000000000013782.csv,CAN_CSV0000000000015551.csv
CAN_CSV0000000000013782.csv,CAN_CSV0000000000015570.csv
CAN_CSV0000000000013782.csv,CAN_CSV0000000000005833.csv
CAN_CSV0000000000013782.csv,CAN_CSV0000000000013602.csv
CAN_CSV0000000000013782.csv,CAN_CSV0000000000001226.csv
CAN_CSV0000000000013782.csv,CAN_CSV0000000000005128.csv
CAN_CSV0000000000013782.csv,CAN_CSV0000000000001114.csv
CAN_CSV0000000000013782.csv,CAN_CSV0000000000012980.csv
CAN_CSV0000000000013782.csv,CAN_CSV0000000000000777.csv
CAN_CSV0000000000013782.csv,CAN_CSV0000000000013082.csv
CAN_CSV0000000000013782.csv,CAN_CSV0000000000013593.csv
CAN_CSV0000000000013782.csv,CAN_CSV0000000000005009.csv
CAN_CSV0000000000013782.csv,CAN_CSV0000000000012520.csv
CAN_CSV0000000000013782.csv,CAN_CSV0000000000013701.csv
CAN_CSV0000000000013782.csv,CAN_CSV0000000000012845.csv
CAN_CSV0000000000013782.csv,CAN_CSV0000000000013516.csv
CAN_CSV0000000000013782.csv,CAN_CSV0000000000013484.csv
CAN_CSV0000000000013782.csv,CAN_CSV0000000000013497.csv
CAN_CSV0000000000013782.csv,CAN_CSV0000000000005103.csv
CAN_CSV0000000000013782.csv,CAN_CSV0000000000014315.csv
CAN_CSV0000000000013782.csv,CAN_CSV0000000000013510.csv
CAN_CSV0000000000013782.csv,CAN_CSV0000000000013036.csv
CAN_CSV0000000000013782.csv,CAN_CSV0000000000027057.csv
CAN_CSV0000000000013782.csv,CAN_CSV0000000000013489.csv
CAN_CSV0000000000013782.csv,CAN_CSV0000000000027228.csv
CAN_CSV0000000000013782.csv,CAN_CSV0000000000005379.csv
CAN_CSV0000000000013788.csv,CAN_CSV0000000000013001.csv
CAN_CSV0000000000013788.csv,CAN_CSV0000000000013427.csv
CAN_CSV0000000000013788.csv,CAN_CSV0000000000002292.csv
CAN_CSV0000000000013788.csv,CAN_CSV0000000000027218.csv
CAN_CSV0000000000013788.csv,CAN_CSV0000000000005832.csv
CAN_CSV0000000000013788.csv,CAN_CSV0000000000005391.csv
CAN_CSV0000000000013788.csv,CAN_CSV0000000000012952.csv
CAN_CSV0000000000013788.csv,CAN_CSV0000000000013411.csv
CAN_CSV0000000000013788.csv,CAN_CSV0000000000027217.csv
CAN_CSV0000000000013788.csv,CAN_CSV0000000000013199.csv
CAN_CSV0000000000013788.csv,CAN_CSV0000000000013514.csv
CAN_CSV0000000000013788.csv,CAN_CSV0000000000013702.csv
CAN_CSV0000000000013788.csv,CAN_CSV0000000000005264.csv
CAN_CSV0000000000013788.csv,CAN_CSV0000000000013401.csv
CAN_CSV0000000000013788.csv,CAN_CSV0000000000000719.csv
CAN_CSV0000000000013788.csv,CAN_CSV0000000000013796.csv
CAN_CSV0000000000013788.csv,CAN_CSV0000000000004766.csv
CAN_CSV0000000000013788.csv,CAN_CSV0000000000013518.csv
CAN_CSV0000000000013788.csv,CAN_CSV0000000000002181.csv
CAN_CSV0000000000013788.csv,CAN_CSV0000000000005205.csv
CAN_CSV0000000000013788.csv,CAN_CSV0000000000013414.csv
CAN_CSV0000000000013788.csv,CAN_CSV0000000000005227.csv
CAN_CSV0000000000013788.csv,CAN_CSV0000000000000735.csv
CAN_CSV0000000000013788.csv,CAN_CSV0000000000013790.csv
CAN_CSV0000000000013788.csv,CAN_CSV0000000000013513.csv
CAN_CSV0000000000013788.csv,CAN_CSV0000000000027219.csv
CAN_CSV0000000000013788.csv,CAN_CSV0000000000013787.csv
CAN_CSV0000000000013788.csv,CAN_CSV0000000000000608.csv
CAN_CSV0000000000013788.csv,CAN_CSV0000000000013603.csv
CAN_CSV0000000000013788.csv,CAN_CSV0000000000013782.csv
CAN_CSV0000000000013788.csv,CAN_CSV0000000000015560.csv
CAN_CSV0000000000013788.csv,CAN_CSV0000000000013398.csv
CAN_CSV0000000000013788.csv,CAN_CSV0000000000005265.csv
CAN_CSV0000000000013788.csv,CAN_CSV0000000000000610.csv
CAN_CSV0000000000013788.csv,CAN_CSV0000000000001116.csv
CAN_CSV0000000000013788.csv,CAN_CSV0000000000013453.csv
CAN_CSV0000000000013788.csv,CAN_CSV0000000000004703.csv
CAN_CSV0000000000013788.csv,CAN_CSV0000000000013426.csv
CAN_CSV0000000000013788.csv,CAN_CSV0000000000015551.csv
CAN_CSV0000000000013788.csv,CAN_CSV0000000000015570.csv
CAN_CSV0000000000013788.csv,CAN_CSV0000000000001226.csv
CAN_CSV0000000000013788.csv,CAN_CSV0000000000013602.csv
CAN_CSV0000000000013788.csv,CAN_CSV0000000000005128.csv
CAN_CSV0000000000013788.csv,CAN_CSV0000000000013447.csv
CAN_CSV0000000000013788.csv,CAN_CSV0000000000001114.csv
CAN_CSV0000000000013788.csv,CAN_CSV0000000000012980.csv
CAN_CSV0000000000013788.csv,CAN_CSV0000000000005009.csv
CAN_CSV0000000000013788.csv,CAN_CSV0000000000013469.csv
CAN_CSV0000000000013788.csv,CAN_CSV0000000000013701.csv
CAN_CSV0000000000013788.csv,CAN_CSV0000000000012845.csv
CAN_CSV0000000000013788.csv,CAN_CSV0000000000013484.csv
CAN_CSV0000000000013788.csv,CAN_CSV0000000000013497.csv
CAN_CSV0000000000013788.csv,CAN_CSV0000000000005103.csv
CAN_CSV0000000000013788.csv,CAN_CSV0000000000014315.csv
CAN_CSV0000000000013788.csv,CAN_CSV0000000000013510.csv
CAN_CSV0000000000013788.csv,CAN_CSV0000000000013036.csv
CAN_CSV0000000000013788.csv,CAN_CSV0000000000013489.csv
CAN_CSV0000000000013788.csv,CAN_CSV0000000000027228.csv
CAN_CSV0000000000013788.csv,CAN_CSV0000000000005379.csv
CAN_CSV0000000000013788.csv,CAN_CSV0000000000013425.csv
CAN_CSV0000000000013788.csv,CAN_CSV0000000000001109.csv
CAN_CSV0000000000013792.csv,CAN_CSV0000000000005320.csv
CAN_CSV0000000000013792.csv,CAN_CSV0000000000000687.csv
CAN_CSV0000000000013792.csv,CAN_CSV0000000000000685.csv
CAN_CSV0000000000013792.csv,CAN_CSV0000000000027103.csv
CAN_CSV0000000000013792.csv,CAN_CSV0000000000005297.csv
CAN_CSV0000000000013792.csv,CAN_CSV0000000000005322.csv
CAN_CSV0000000000013792.csv,CAN_CSV0000000000000678.csv
CAN_CSV0000000000013792.csv,CAN_CSV0000000000005307.csv
CAN_CSV0000000000013792.csv,CAN_CSV0000000000005348.csv
CAN_CSV0000000000013792.csv,CAN_CSV0000000000005300.csv
CAN_CSV0000000000013792.csv,CAN_CSV0000000000000698.csv
CAN_CSV0000000000013792.csv,CAN_CSV0000000000000644.csv
CAN_CSV0000000000013912.csv,CAN_CSV0000000000013001.csv
CAN_CSV0000000000013912.csv,CAN_CSV0000000000002292.csv
CAN_CSV0000000000013912.csv,CAN_CSV0000000000027218.csv
CAN_CSV0000000000013912.csv,CAN_CSV0000000000005832.csv
CAN_CSV0000000000013912.csv,CAN_CSV0000000000005391.csv
CAN_CSV0000000000013912.csv,CAN_CSV0000000000012952.csv
CAN_CSV0000000000013912.csv,CAN_CSV0000000000027217.csv
CAN_CSV0000000000013912.csv,CAN_CSV0000000000005264.csv
CAN_CSV0000000000013912.csv,CAN_CSV0000000000013199.csv
CAN_CSV0000000000013912.csv,CAN_CSV0000000000013514.csv
CAN_CSV0000000000013912.csv,CAN_CSV0000000000013702.csv
CAN_CSV0000000000013912.csv,CAN_CSV0000000000004766.csv
CAN_CSV0000000000013912.csv,CAN_CSV0000000000000719.csv
CAN_CSV0000000000013912.csv,CAN_CSV0000000000012448.csv
CAN_CSV0000000000013912.csv,CAN_CSV0000000000013518.csv
CAN_CSV0000000000013912.csv,CAN_CSV0000000000002181.csv
CAN_CSV0000000000013912.csv,CAN_CSV0000000000005205.csv
CAN_CSV0000000000013912.csv,CAN_CSV0000000000005227.csv
CAN_CSV0000000000013912.csv,CAN_CSV0000000000000735.csv
CAN_CSV0000000000013912.csv,CAN_CSV0000000000013513.csv
CAN_CSV0000000000013912.csv,CAN_CSV0000000000006996.csv
CAN_CSV0000000000013912.csv,CAN_CSV0000000000013913.csv
CAN_CSV0000000000013912.csv,CAN_CSV0000000000027219.csv
CAN_CSV0000000000013912.csv,CAN_CSV0000000000000608.csv
CAN_CSV0000000000013912.csv,CAN_CSV0000000000013603.csv
CAN_CSV0000000000013912.csv,CAN_CSV0000000000013782.csv
CAN_CSV0000000000013912.csv,CAN_CSV0000000000015560.csv
CAN_CSV0000000000013912.csv,CAN_CSV0000000000006988.csv
CAN_CSV0000000000013912.csv,CAN_CSV0000000000005265.csv
CAN_CSV0000000000013912.csv,CAN_CSV0000000000000610.csv
CAN_CSV0000000000013912.csv,CAN_CSV0000000000013597.csv
CAN_CSV0000000000013912.csv,CAN_CSV0000000000001116.csv
CAN_CSV0000000000013912.csv,CAN_CSV0000000000013621.csv
CAN_CSV0000000000013912.csv,CAN_CSV0000000000004703.csv
CAN_CSV0000000000013912.csv,CAN_CSV0000000000015551.csv
CAN_CSV0000000000013912.csv,CAN_CSV0000000000015570.csv
CAN_CSV0000000000013912.csv,CAN_CSV0000000000001226.csv
CAN_CSV0000000000013912.csv,CAN_CSV0000000000013602.csv
CAN_CSV0000000000013912.csv,CAN_CSV0000000000005128.csv
CAN_CSV0000000000013912.csv,CAN_CSV0000000000006997.csv
CAN_CSV0000000000013912.csv,CAN_CSV0000000000001114.csv
CAN_CSV0000000000013912.csv,CAN_CSV0000000000013763.csv
CAN_CSV0000000000013912.csv,CAN_CSV0000000000012980.csv
CAN_CSV0000000000013912.csv,CAN_CSV0000000000006701.csv
CAN_CSV0000000000013912.csv,CAN_CSV0000000000013393.csv
CAN_CSV0000000000013912.csv,CAN_CSV0000000000005009.csv
CAN_CSV0000000000013912.csv,CAN_CSV0000000000013936.csv
CAN_CSV0000000000013912.csv,CAN_CSV0000000000013701.csv
CAN_CSV0000000000013912.csv,CAN_CSV0000000000012845.csv
CAN_CSV0000000000013912.csv,CAN_CSV0000000000013484.csv
CAN_CSV0000000000013912.csv,CAN_CSV0000000000013497.csv
CAN_CSV0000000000013912.csv,CAN_CSV0000000000013405.csv
CAN_CSV0000000000013912.csv,CAN_CSV0000000000005103.csv
CAN_CSV0000000000013912.csv,CAN_CSV0000000000014315.csv
CAN_CSV0000000000013912.csv,CAN_CSV0000000000013510.csv
CAN_CSV0000000000013912.csv,CAN_CSV0000000000013036.csv
CAN_CSV0000000000013912.csv,CAN_CSV0000000000013489.csv
CAN_CSV0000000000013912.csv,CAN_CSV0000000000027228.csv
CAN_CSV0000000000013912.csv,CAN_CSV0000000000005379.csv
CAN_CSV0000000000013913.csv,CAN_CSV0000000000005320.csv
CAN_CSV0000000000013913.csv,CAN_CSV0000000000000687.csv
CAN_CSV0000000000013913.csv,CAN_CSV0000000000000685.csv
CAN_CSV0000000000013913.csv,CAN_CSV0000000000027103.csv
CAN_CSV0000000000013913.csv,CAN_CSV0000000000005297.csv
CAN_CSV0000000000013913.csv,CAN_CSV0000000000005322.csv
CAN_CSV0000000000013913.csv,CAN_CSV0000000000000678.csv
CAN_CSV0000000000013913.csv,CAN_CSV0000000000005307.csv
CAN_CSV0000000000013913.csv,CAN_CSV0000000000005348.csv
CAN_CSV0000000000013913.csv,CAN_CSV0000000000005300.csv
CAN_CSV0000000000013913.csv,CAN_CSV0000000000000698.csv
CAN_CSV0000000000013913.csv,CAN_CSV0000000000000644.csv
CAN_CSV0000000000013941.csv,CAN_CSV0000000000013001.csv
CAN_CSV0000000000013941.csv,CAN_CSV0000000000015657.csv
CAN_CSV0000000000013941.csv,CAN_CSV0000000000005048.csv
CAN_CSV0000000000013941.csv,CAN_CSV0000000000002292.csv
CAN_CSV0000000000013941.csv,CAN_CSV0000000000005832.csv
CAN_CSV0000000000013941.csv,CAN_CSV0000000000027218.csv
CAN_CSV0000000000013941.csv,CAN_CSV0000000000005391.csv
CAN_CSV0000000000013941.csv,CAN_CSV0000000000012952.csv
CAN_CSV0000000000013941.csv,CAN_CSV0000000000027217.csv
CAN_CSV0000000000013941.csv,CAN_CSV0000000000005264.csv
CAN_CSV0000000000013941.csv,CAN_CSV0000000000013199.csv
CAN_CSV0000000000013941.csv,CAN_CSV0000000000013514.csv
CAN_CSV0000000000013941.csv,CAN_CSV0000000000001181.csv
CAN_CSV0000000000013941.csv,CAN_CSV0000000000013702.csv
CAN_CSV0000000000013941.csv,CAN_CSV0000000000000973.csv
CAN_CSV0000000000013941.csv,CAN_CSV0000000000004766.csv
CAN_CSV0000000000013941.csv,CAN_CSV0000000000000719.csv
CAN_CSV0000000000013941.csv,CAN_CSV0000000000015707.csv
CAN_CSV0000000000013941.csv,CAN_CSV0000000000013518.csv
CAN_CSV0000000000013941.csv,CAN_CSV0000000000001115.csv
CAN_CSV0000000000013941.csv,CAN_CSV0000000000002181.csv
CAN_CSV0000000000013941.csv,CAN_CSV0000000000005205.csv
CAN_CSV0000000000013941.csv,CAN_CSV0000000000005227.csv
CAN_CSV0000000000013941.csv,CAN_CSV0000000000000735.csv
CAN_CSV0000000000013941.csv,CAN_CSV0000000000013513.csv
CAN_CSV0000000000013941.csv,CAN_CSV0000000000001161.csv
CAN_CSV0000000000013941.csv,CAN_CSV0000000000027219.csv
CAN_CSV0000000000013941.csv,CAN_CSV0000000000000608.csv
CAN_CSV0000000000013941.csv,CAN_CSV0000000000001180.csv
CAN_CSV0000000000013941.csv,CAN_CSV0000000000013603.csv
CAN_CSV0000000000013941.csv,CAN_CSV0000000000013782.csv
CAN_CSV0000000000013941.csv,CAN_CSV0000000000015560.csv
CAN_CSV0000000000013941.csv,CAN_CSV0000000000005265.csv
CAN_CSV0000000000013941.csv,CAN_CSV0000000000000610.csv
CAN_CSV0000000000013941.csv,CAN_CSV0000000000001116.csv
CAN_CSV0000000000013941.csv,CAN_CSV0000000000004703.csv
CAN_CSV0000000000013941.csv,CAN_CSV0000000000015551.csv
CAN_CSV0000000000013941.csv,CAN_CSV0000000000015570.csv
CAN_CSV0000000000013941.csv,CAN_CSV0000000000001226.csv
CAN_CSV0000000000013941.csv,CAN_CSV0000000000013602.csv
CAN_CSV0000000000013941.csv,CAN_CSV0000000000005128.csv
CAN_CSV0000000000013941.csv,CAN_CSV0000000000012457.csv
CAN_CSV0000000000013941.csv,CAN_CSV0000000000001114.csv
CAN_CSV0000000000013941.csv,CAN_CSV0000000000001167.csv
CAN_CSV0000000000013941.csv,CAN_CSV0000000000012980.csv
CAN_CSV0000000000013941.csv,CAN_CSV0000000000012498.csv
CAN_CSV0000000000013941.csv,CAN_CSV0000000000005009.csv
CAN_CSV0000000000013941.csv,CAN_CSV0000000000000974.csv
CAN_CSV0000000000013941.csv,CAN_CSV0000000000013701.csv
CAN_CSV0000000000013941.csv,CAN_CSV0000000000012845.csv
CAN_CSV0000000000013941.csv,CAN_CSV0000000000013940.csv
CAN_CSV0000000000013941.csv,CAN_CSV0000000000013484.csv
CAN_CSV0000000000013941.csv,CAN_CSV0000000000013497.csv
CAN_CSV0000000000013941.csv,CAN_CSV0000000000005103.csv
CAN_CSV0000000000013941.csv,CAN_CSV0000000000014315.csv
CAN_CSV0000000000013941.csv,CAN_CSV0000000000013510.csv
CAN_CSV0000000000013941.csv,CAN_CSV0000000000013036.csv
CAN_CSV0000000000013941.csv,CAN_CSV0000000000013890.csv
CAN_CSV0000000000013941.csv,CAN_CSV0000000000013489.csv
CAN_CSV0000000000013941.csv,CAN_CSV0000000000027228.csv
CAN_CSV0000000000013941.csv,CAN_CSV0000000000005379.csv
CAN_CSV0000000000013946.csv,CAN_CSV0000000000012569.csv
CAN_CSV0000000000013946.csv,CAN_CSV0000000000027218.csv
CAN_CSV0000000000013946.csv,CAN_CSV0000000000005832.csv
CAN_CSV0000000000013946.csv,CAN_CSV0000000000000886.csv
CAN_CSV0000000000013946.csv,CAN_CSV0000000000013199.csv
CAN_CSV0000000000013946.csv,CAN_CSV0000000000013518.csv
CAN_CSV0000000000013946.csv,CAN_CSV0000000000002181.csv
CAN_CSV0000000000013946.csv,CAN_CSV0000000000005265.csv
CAN_CSV0000000000013946.csv,CAN_CSV0000000000015570.csv
CAN_CSV0000000000013946.csv,CAN_CSV0000000000001076.csv
CAN_CSV0000000000013946.csv,CAN_CSV0000000000005927.csv
CAN_CSV0000000000013946.csv,CAN_CSV0000000000012980.csv
CAN_CSV0000000000013946.csv,CAN_CSV0000000000001080.csv
CAN_CSV0000000000013946.csv,CAN_CSV0000000000013510.csv
CAN_CSV0000000000013946.csv,CAN_CSV0000000000013036.csv
CAN_CSV0000000000013946.csv,CAN_CSV0000000000005437.csv
CAN_CSV0000000000013946.csv,CAN_CSV0000000000027228.csv
CAN_CSV0000000000013946.csv,CAN_CSV0000000000005379.csv
CAN_CSV0000000000013946.csv,CAN_CSV0000000000012676.csv
CAN_CSV0000000000013946.csv,CAN_CSV0000000000027217.csv
CAN_CSV0000000000013946.csv,CAN_CSV0000000000005264.csv
CAN_CSV0000000000013946.csv,CAN_CSV0000000000013514.csv
CAN_CSV0000000000013946.csv,CAN_CSV0000000000013702.csv
CAN_CSV0000000000013946.csv,CAN_CSV0000000000004766.csv
CAN_CSV0000000000013946.csv,CAN_CSV0000000000027219.csv
CAN_CSV0000000000013946.csv,CAN_CSV0000000000000608.csv
CAN_CSV0000000000013946.csv,CAN_CSV0000000000000843.csv
CAN_CSV0000000000013946.csv,CAN_CSV0000000000001173.csv
CAN_CSV0000000000013946.csv,CAN_CSV0000000000015551.csv
CAN_CSV0000000000013946.csv,CAN_CSV0000000000004692.csv
CAN_CSV0000000000013946.csv,CAN_CSV0000000000001226.csv
CAN_CSV0000000000013946.csv,CAN_CSV0000000000001183.csv
CAN_CSV0000000000013946.csv,CAN_CSV0000000000001114.csv
CAN_CSV0000000000013946.csv,CAN_CSV0000000000001078.csv
CAN_CSV0000000000013946.csv,CAN_CSV0000000000012884.csv
CAN_CSV0000000000013946.csv,CAN_CSV0000000000013489.csv
CAN_CSV0000000000013946.csv,CAN_CSV0000000000005391.csv
CAN_CSV0000000000013946.csv,CAN_CSV0000000000005227.csv
CAN_CSV0000000000013946.csv,CAN_CSV0000000000005205.csv
CAN_CSV0000000000013946.csv,CAN_CSV0000000000000735.csv
CAN_CSV0000000000013946.csv,CAN_CSV0000000000004706.csv
CAN_CSV0000000000013946.csv,CAN_CSV0000000000015560.csv
CAN_CSV0000000000013946.csv,CAN_CSV0000000000004703.csv
CAN_CSV0000000000013946.csv,CAN_CSV0000000000000759.csv
CAN_CSV0000000000013946.csv,CAN_CSV0000000000013602.csv
CAN_CSV0000000000013946.csv,CAN_CSV0000000000000848.csv
CAN_CSV0000000000013946.csv,CAN_CSV0000000000006691.csv
CAN_CSV0000000000013946.csv,CAN_CSV0000000000015794.csv
CAN_CSV0000000000013946.csv,CAN_CSV0000000000005009.csv
CAN_CSV0000000000013946.csv,CAN_CSV0000000000027151.csv
CAN_CSV0000000000013946.csv,CAN_CSV0000000000005103.csv
CAN_CSV0000000000013946.csv,CAN_CSV0000000000014315.csv
CAN_CSV0000000000013946.csv,CAN_CSV0000000000005128.csv
CAN_CSV0000000000013946.csv,CAN_CSV0000000000013001.csv
CAN_CSV0000000000013946.csv,CAN_CSV0000000000002292.csv
CAN_CSV0000000000013946.csv,CAN_CSV0000000000000847.csv
CAN_CSV0000000000013946.csv,CAN_CSV0000000000012952.csv
CAN_CSV0000000000013946.csv,CAN_CSV0000000000000719.csv
CAN_CSV0000000000013946.csv,CAN_CSV0000000000013513.csv
CAN_CSV0000000000013946.csv,CAN_CSV0000000000005303.csv
CAN_CSV0000000000013946.csv,CAN_CSV0000000000013603.csv
CAN_CSV0000000000013946.csv,CAN_CSV0000000000013965.csv
CAN_CSV0000000000013946.csv,CAN_CSV0000000000013782.csv
CAN_CSV0000000000013946.csv,CAN_CSV0000000000015797.csv
CAN_CSV0000000000013946.csv,CAN_CSV0000000000000610.csv
CAN_CSV0000000000013946.csv,CAN_CSV0000000000001116.csv
CAN_CSV0000000000013946.csv,CAN_CSV0000000000012601.csv
CAN_CSV0000000000013946.csv,CAN_CSV0000000000027287.csv
CAN_CSV0000000000013946.csv,CAN_CSV0000000000005446.csv
CAN_CSV0000000000013946.csv,CAN_CSV0000000000000915.csv
CAN_CSV0000000000013946.csv,CAN_CSV0000000000004707.csv
CAN_CSV0000000000013946.csv,CAN_CSV0000000000015479.csv
CAN_CSV0000000000013946.csv,CAN_CSV0000000000013701.csv
CAN_CSV0000000000013946.csv,CAN_CSV0000000000012845.csv
CAN_CSV0000000000013946.csv,CAN_CSV0000000000013484.csv
CAN_CSV0000000000013946.csv,CAN_CSV0000000000013497.csv
CAN_CSV0000000000013946.csv,CAN_CSV0000000000012570.csv
CAN_CSV0000000000013953.csv,CAN_CSV0000000000012922.csv
CAN_CSV0000000000013953.csv,CAN_CSV0000000000027218.csv
CAN_CSV0000000000013953.csv,CAN_CSV0000000000005832.csv
CAN_CSV0000000000013953.csv,CAN_CSV0000000000013199.csv
CAN_CSV0000000000013953.csv,CAN_CSV0000000000001181.csv
CAN_CSV0000000000013953.csv,CAN_CSV0000000000013518.csv
CAN_CSV0000000000013953.csv,CAN_CSV0000000000002181.csv
CAN_CSV0000000000013953.csv,CAN_CSV0000000000001115.csv
CAN_CSV0000000000013953.csv,CAN_CSV0000000000001028.csv
CAN_CSV0000000000013953.csv,CAN_CSV0000000000005265.csv
CAN_CSV0000000000013953.csv,CAN_CSV0000000000015570.csv
CAN_CSV0000000000013953.csv,CAN_CSV0000000000012921.csv
CAN_CSV0000000000013953.csv,CAN_CSV0000000000015682.csv
CAN_CSV0000000000013953.csv,CAN_CSV0000000000012980.csv
CAN_CSV0000000000013953.csv,CAN_CSV0000000000013486.csv
CAN_CSV0000000000013953.csv,CAN_CSV0000000000013510.csv
CAN_CSV0000000000013953.csv,CAN_CSV0000000000013036.csv
CAN_CSV0000000000013953.csv,CAN_CSV0000000000027228.csv
CAN_CSV0000000000013953.csv,CAN_CSV0000000000005379.csv
CAN_CSV0000000000013953.csv,CAN_CSV0000000000012924.csv
CAN_CSV0000000000013953.csv,CAN_CSV0000000000027217.csv
CAN_CSV0000000000013953.csv,CAN_CSV0000000000005264.csv
CAN_CSV0000000000013953.csv,CAN_CSV0000000000013514.csv
CAN_CSV0000000000013953.csv,CAN_CSV0000000000013702.csv
CAN_CSV0000000000013953.csv,CAN_CSV0000000000004766.csv
CAN_CSV0000000000013953.csv,CAN_CSV0000000000013492.csv
CAN_CSV0000000000013953.csv,CAN_CSV0000000000013508.csv
CAN_CSV0000000000013953.csv,CAN_CSV0000000000001161.csv
CAN_CSV0000000000013953.csv,CAN_CSV0000000000027219.csv
CAN_CSV0000000000013953.csv,CAN_CSV0000000000005898.csv
CAN_CSV0000000000013953.csv,CAN_CSV0000000000000608.csv
CAN_CSV0000000000013953.csv,CAN_CSV0000000000013917.csv
CAN_CSV0000000000013953.csv,CAN_CSV0000000000012930.csv
CAN_CSV0000000000013953.csv,CAN_CSV0000000000001032.csv
CAN_CSV0000000000013953.csv,CAN_CSV0000000000004759.csv
CAN_CSV0000000000013953.csv,CAN_CSV0000000000015551.csv
CAN_CSV0000000000013953.csv,CAN_CSV0000000000001226.csv
CAN_CSV0000000000013953.csv,CAN_CSV0000000000001114.csv
CAN_CSV0000000000013953.csv,CAN_CSV0000000000000587.csv
CAN_CSV0000000000013953.csv,CAN_CSV0000000000015673.csv
CAN_CSV0000000000013953.csv,CAN_CSV0000000000012925.csv
CAN_CSV0000000000013953.csv,CAN_CSV0000000000013489.csv
CAN_CSV0000000000013953.csv,CAN_CSV0000000000013581.csv
CAN_CSV0000000000013953.csv,CAN_CSV0000000000013955.csv
CAN_CSV0000000000013953.csv,CAN_CSV0000000000005083.csv
CAN_CSV0000000000013953.csv,CAN_CSV0000000000005899.csv
CAN_CSV0000000000013953.csv,CAN_CSV0000000000005391.csv
CAN_CSV0000000000013953.csv,CAN_CSV0000000000012928.csv
CAN_CSV0000000000013953.csv,CAN_CSV0000000000013954.csv
CAN_CSV0000000000013953.csv,CAN_CSV0000000000005227.csv
CAN_CSV0000000000013953.csv,CAN_CSV0000000000005205.csv
CAN_CSV0000000000013953.csv,CAN_CSV0000000000000735.csv
CAN_CSV0000000000013953.csv,CAN_CSV0000000000015560.csv
CAN_CSV0000000000013953.csv,CAN_CSV0000000000000952.csv
CAN_CSV0000000000013953.csv,CAN_CSV0000000000004703.csv
CAN_CSV0000000000013953.csv,CAN_CSV0000000000013602.csv
CAN_CSV0000000000013953.csv,CAN_CSV0000000000005009.csv
CAN_CSV0000000000013953.csv,CAN_CSV0000000000015687.csv
CAN_CSV0000000000013953.csv,CAN_CSV0000000000005103.csv
CAN_CSV0000000000013953.csv,CAN_CSV0000000000014315.csv
CAN_CSV0000000000013953.csv,CAN_CSV0000000000005128.csv
CAN_CSV0000000000013953.csv,CAN_CSV0000000000012903.csv
CAN_CSV0000000000013953.csv,CAN_CSV0000000000013001.csv
CAN_CSV0000000000013953.csv,CAN_CSV0000000000002292.csv
CAN_CSV0000000000013953.csv,CAN_CSV0000000000012952.csv
CAN_CSV0000000000013953.csv,CAN_CSV0000000000012926.csv
CAN_CSV0000000000013953.csv,CAN_CSV0000000000013483.csv
CAN_CSV0000000000013953.csv,CAN_CSV0000000000013919.csv
CAN_CSV0000000000013953.csv,CAN_CSV0000000000015686.csv
CAN_CSV0000000000013953.csv,CAN_CSV0000000000000719.csv
CAN_CSV0000000000013953.csv,CAN_CSV0000000000027101.csv
CAN_CSV0000000000013953.csv,CAN_CSV0000000000013513.csv
CAN_CSV0000000000013953.csv,CAN_CSV0000000000012927.csv
CAN_CSV0000000000013953.csv,CAN_CSV0000000000013603.csv
CAN_CSV0000000000013953.csv,CAN_CSV0000000000012929.csv
CAN_CSV0000000000013953.csv,CAN_CSV0000000000001180.csv
CAN_CSV0000000000013953.csv,CAN_CSV0000000000013782.csv
CAN_CSV0000000000013953.csv,CAN_CSV0000000000000610.csv
CAN_CSV0000000000013953.csv,CAN_CSV0000000000012923.csv
CAN_CSV0000000000013953.csv,CAN_CSV0000000000001124.csv
CAN_CSV0000000000013953.csv,CAN_CSV0000000000001116.csv
CAN_CSV0000000000013953.csv,CAN_CSV0000000000013488.csv
CAN_CSV0000000000013953.csv,CAN_CSV0000000000013701.csv
CAN_CSV0000000000013953.csv,CAN_CSV0000000000012845.csv
CAN_CSV0000000000013953.csv,CAN_CSV0000000000013484.csv
CAN_CSV0000000000013953.csv,CAN_CSV0000000000013497.csv
CAN_CSV0000000000013953.csv,CAN_CSV0000000000013890.csv
CAN_CSV0000000000014005.csv,CAN_CSV0000000000027171.csv
CAN_CSV0000000000014005.csv,CAN_CSV0000000000027260.csv
CAN_CSV0000000000014005.csv,CAN_CSV0000000000027203.csv
CAN_CSV0000000000014005.csv,CAN_CSV0000000000004972.csv
CAN_CSV0000000000014005.csv,CAN_CSV0000000000005040.csv
CAN_CSV0000000000014005.csv,CAN_CSV0000000000012391.csv
CAN_CSV0000000000014005.csv,CAN_CSV0000000000012922.csv
CAN_CSV0000000000014005.csv,CAN_CSV0000000000005415.csv
CAN_CSV0000000000014005.csv,CAN_CSV0000000000005832.csv
CAN_CSV0000000000014005.csv,CAN_CSV0000000000027218.csv
CAN_CSV0000000000014005.csv,CAN_CSV0000000000002218.csv
CAN_CSV0000000000014005.csv,CAN_CSV0000000000000553.csv
CAN_CSV0000000000014005.csv,CAN_CSV0000000000013199.csv
CAN_CSV0000000000014005.csv,CAN_CSV0000000000000676.csv
CAN_CSV0000000000014005.csv,CAN_CSV0000000000005207.csv
CAN_CSV0000000000014005.csv,CAN_CSV0000000000001215.csv
CAN_CSV0000000000014005.csv,CAN_CSV0000000000005615.csv
CAN_CSV0000000000014005.csv,CAN_CSV0000000000000793.csv
CAN_CSV0000000000014005.csv,CAN_CSV0000000000005214.csv
CAN_CSV0000000000014005.csv,CAN_CSV0000000000013518.csv
CAN_CSV0000000000014005.csv,CAN_CSV0000000000002181.csv
CAN_CSV0000000000014005.csv,CAN_CSV0000000000013750.csv
CAN_CSV0000000000014005.csv,CAN_CSV0000000000002215.csv
CAN_CSV0000000000014005.csv,CAN_CSV0000000000000556.csv
CAN_CSV0000000000014005.csv,CAN_CSV0000000000013744.csv
CAN_CSV0000000000014005.csv,CAN_CSV0000000000001028.csv
CAN_CSV0000000000014005.csv,CAN_CSV0000000000005265.csv
CAN_CSV0000000000014005.csv,CAN_CSV0000000000001152.csv
CAN_CSV0000000000014005.csv,CAN_CSV0000000000015570.csv
CAN_CSV0000000000014005.csv,CAN_CSV0000000000012921.csv
CAN_CSV0000000000014005.csv,CAN_CSV0000000000012980.csv
CAN_CSV0000000000014005.csv,CAN_CSV0000000000005218.csv
CAN_CSV0000000000014005.csv,CAN_CSV0000000000012524.csv
CAN_CSV0000000000014005.csv,CAN_CSV0000000000013510.csv
CAN_CSV0000000000014005.csv,CAN_CSV0000000000013036.csv
CAN_CSV0000000000014005.csv,CAN_CSV0000000000027228.csv
CAN_CSV0000000000014005.csv,CAN_CSV0000000000005379.csv
CAN_CSV0000000000014005.csv,CAN_CSV0000000000012924.csv
CAN_CSV0000000000014005.csv,CAN_CSV0000000000005408.csv
CAN_CSV0000000000014005.csv,CAN_CSV0000000000027217.csv
CAN_CSV0000000000014005.csv,CAN_CSV0000000000005264.csv
CAN_CSV0000000000014005.csv,CAN_CSV0000000000013514.csv
CAN_CSV0000000000014005.csv,CAN_CSV0000000000007057.csv
CAN_CSV0000000000014005.csv,CAN_CSV0000000000013702.csv
CAN_CSV0000000000014005.csv,CAN_CSV0000000000005412.csv
CAN_CSV0000000000014005.csv,CAN_CSV0000000000004766.csv
CAN_CSV0000000000014005.csv,CAN_CSV0000000000027219.csv
CAN_CSV0000000000014005.csv,CAN_CSV0000000000000608.csv
CAN_CSV0000000000014005.csv,CAN_CSV0000000000012930.csv
CAN_CSV0000000000014005.csv,CAN_CSV0000000000001032.csv
CAN_CSV0000000000014005.csv,CAN_CSV0000000000001144.csv
CAN_CSV0000000000014005.csv,CAN_CSV0000000000015551.csv
CAN_CSV0000000000014005.csv,CAN_CSV0000000000001226.csv
CAN_CSV0000000000014005.csv,CAN_CSV0000000000001114.csv
CAN_CSV0000000000014005.csv,CAN_CSV0000000000012925.csv
CAN_CSV0000000000014005.csv,CAN_CSV0000000000013489.csv
CAN_CSV0000000000014005.csv,CAN_CSV0000000000001153.csv
CAN_CSV0000000000014005.csv,CAN_CSV0000000000005391.csv
CAN_CSV0000000000014005.csv,CAN_CSV0000000000000927.csv
CAN_CSV0000000000014005.csv,CAN_CSV0000000000012928.csv
CAN_CSV0000000000014005.csv,CAN_CSV0000000000012893.csv
CAN_CSV0000000000014005.csv,CAN_CSV0000000000001148.csv
CAN_CSV0000000000014005.csv,CAN_CSV0000000000005227.csv
CAN_CSV0000000000014005.csv,CAN_CSV0000000000005205.csv
CAN_CSV0000000000014005.csv,CAN_CSV0000000000000735.csv
CAN_CSV0000000000014005.csv,CAN_CSV0000000000027063.csv
CAN_CSV0000000000014005.csv,CAN_CSV0000000000014523.csv
CAN_CSV0000000000014005.csv,CAN_CSV0000000000001149.csv
CAN_CSV0000000000014005.csv,CAN_CSV0000000000015560.csv
CAN_CSV0000000000014005.csv,CAN_CSV0000000000004703.csv
CAN_CSV0000000000014005.csv,CAN_CSV0000000000013602.csv
CAN_CSV0000000000014005.csv,CAN_CSV0000000000000666.csv
CAN_CSV0000000000014005.csv,CAN_CSV0000000000005009.csv
CAN_CSV0000000000014005.csv,CAN_CSV0000000000006822.csv
CAN_CSV0000000000014005.csv,CAN_CSV0000000000001255.csv
CAN_CSV0000000000014005.csv,CAN_CSV0000000000005103.csv
CAN_CSV0000000000014005.csv,CAN_CSV0000000000014315.csv
CAN_CSV0000000000014005.csv,CAN_CSV0000000000005128.csv
CAN_CSV0000000000014005.csv,CAN_CSV0000000000027253.csv
CAN_CSV0000000000014005.csv,CAN_CSV0000000000005633.csv
CAN_CSV0000000000014005.csv,CAN_CSV0000000000013001.csv
CAN_CSV0000000000014005.csv,CAN_CSV0000000000002292.csv
CAN_CSV0000000000014005.csv,CAN_CSV0000000000012952.csv
CAN_CSV0000000000014005.csv,CAN_CSV0000000000007109.csv
CAN_CSV0000000000014005.csv,CAN_CSV0000000000012926.csv
CAN_CSV0000000000014005.csv,CAN_CSV0000000000000719.csv
CAN_CSV0000000000014005.csv,CAN_CSV0000000000013513.csv
CAN_CSV0000000000014005.csv,CAN_CSV0000000000001151.csv
CAN_CSV0000000000014005.csv,CAN_CSV0000000000012927.csv
CAN_CSV0000000000014005.csv,CAN_CSV0000000000013603.csv
CAN_CSV0000000000014005.csv,CAN_CSV0000000000012929.csv
CAN_CSV0000000000014005.csv,CAN_CSV0000000000012522.csv
CAN_CSV0000000000014005.csv,CAN_CSV0000000000013782.csv
CAN_CSV0000000000014005.csv,CAN_CSV0000000000000610.csv
CAN_CSV0000000000014005.csv,CAN_CSV0000000000012923.csv
CAN_CSV0000000000014005.csv,CAN_CSV0000000000001116.csv
CAN_CSV0000000000014005.csv,CAN_CSV0000000000005604.csv
CAN_CSV0000000000014005.csv,CAN_CSV0000000000005130.csv
CAN_CSV0000000000014005.csv,CAN_CSV0000000000005008.csv
CAN_CSV0000000000014005.csv,CAN_CSV0000000000012528.csv
CAN_CSV0000000000014005.csv,CAN_CSV0000000000013701.csv
CAN_CSV0000000000014005.csv,CAN_CSV0000000000012845.csv
CAN_CSV0000000000014005.csv,CAN_CSV0000000000013484.csv
CAN_CSV0000000000014005.csv,CAN_CSV0000000000013497.csv
CAN_CSV0000000000014052.csv,CAN_CSV0000000000013001.csv
CAN_CSV0000000000014052.csv,CAN_CSV0000000000002292.csv
CAN_CSV0000000000014052.csv,CAN_CSV0000000000027218.csv
CAN_CSV0000000000014052.csv,CAN_CSV0000000000005832.csv
CAN_CSV0000000000014052.csv,CAN_CSV0000000000001104.csv
CAN_CSV0000000000014052.csv,CAN_CSV0000000000005391.csv
CAN_CSV0000000000014052.csv,CAN_CSV0000000000012952.csv
CAN_CSV0000000000014052.csv,CAN_CSV0000000000027217.csv
CAN_CSV0000000000014052.csv,CAN_CSV0000000000005264.csv
CAN_CSV0000000000014052.csv,CAN_CSV0000000000013199.csv
CAN_CSV0000000000014052.csv,CAN_CSV0000000000013514.csv
CAN_CSV0000000000014052.csv,CAN_CSV0000000000013702.csv
CAN_CSV0000000000014052.csv,CAN_CSV0000000000027215.csv
CAN_CSV0000000000014052.csv,CAN_CSV0000000000004766.csv
CAN_CSV0000000000014052.csv,CAN_CSV0000000000000719.csv
CAN_CSV0000000000014052.csv,CAN_CSV0000000000001195.csv
CAN_CSV0000000000014052.csv,CAN_CSV0000000000013518.csv
CAN_CSV0000000000014052.csv,CAN_CSV0000000000005227.csv
CAN_CSV0000000000014052.csv,CAN_CSV0000000000005205.csv
CAN_CSV0000000000014052.csv,CAN_CSV0000000000002181.csv
CAN_CSV0000000000014052.csv,CAN_CSV0000000000000735.csv
CAN_CSV0000000000014052.csv,CAN_CSV0000000000001072.csv
CAN_CSV0000000000014052.csv,CAN_CSV0000000000013513.csv
CAN_CSV0000000000014052.csv,CAN_CSV0000000000013964.csv
CAN_CSV0000000000014052.csv,CAN_CSV0000000000027219.csv
CAN_CSV0000000000014052.csv,CAN_CSV0000000000000608.csv
CAN_CSV0000000000014052.csv,CAN_CSV0000000000013603.csv
CAN_CSV0000000000014052.csv,CAN_CSV0000000000013782.csv
CAN_CSV0000000000014052.csv,CAN_CSV0000000000013326.csv
CAN_CSV0000000000014052.csv,CAN_CSV0000000000000624.csv
CAN_CSV0000000000014052.csv,CAN_CSV0000000000015560.csv
CAN_CSV0000000000014052.csv,CAN_CSV0000000000005265.csv
CAN_CSV0000000000014052.csv,CAN_CSV0000000000000610.csv
CAN_CSV0000000000014052.csv,CAN_CSV0000000000001116.csv
CAN_CSV0000000000014052.csv,CAN_CSV0000000000014051.csv
CAN_CSV0000000000014052.csv,CAN_CSV0000000000004703.csv
CAN_CSV0000000000014052.csv,CAN_CSV0000000000014066.csv
CAN_CSV0000000000014052.csv,CAN_CSV0000000000001071.csv
CAN_CSV0000000000014052.csv,CAN_CSV0000000000015570.csv
CAN_CSV0000000000014052.csv,CAN_CSV0000000000013602.csv
CAN_CSV0000000000014052.csv,CAN_CSV0000000000015551.csv
CAN_CSV0000000000014052.csv,CAN_CSV0000000000005379.csv
CAN_CSV0000000000014052.csv,CAN_CSV0000000000001076.csv
CAN_CSV0000000000014052.csv,CAN_CSV0000000000001226.csv
CAN_CSV0000000000014052.csv,CAN_CSV0000000000005128.csv
CAN_CSV0000000000014052.csv,CAN_CSV0000000000001114.csv
CAN_CSV0000000000014052.csv,CAN_CSV0000000000001091.csv
CAN_CSV0000000000014052.csv,CAN_CSV0000000000005130.csv
CAN_CSV0000000000014052.csv,CAN_CSV0000000000012980.csv
CAN_CSV0000000000014052.csv,CAN_CSV0000000000001078.csv
CAN_CSV0000000000014052.csv,CAN_CSV0000000000005218.csv
CAN_CSV0000000000014052.csv,CAN_CSV0000000000000615.csv
CAN_CSV0000000000014052.csv,CAN_CSV0000000000005009.csv
CAN_CSV0000000000014052.csv,CAN_CSV0000000000013269.csv
CAN_CSV0000000000014052.csv,CAN_CSV0000000000013701.csv
CAN_CSV0000000000014052.csv,CAN_CSV0000000000012845.csv
CAN_CSV0000000000014052.csv,CAN_CSV0000000000001080.csv
CAN_CSV0000000000014052.csv,CAN_CSV0000000000013484.csv
CAN_CSV0000000000014052.csv,CAN_CSV0000000000013497.csv
CAN_CSV0000000000014052.csv,CAN_CSV0000000000005103.csv
CAN_CSV0000000000014052.csv,CAN_CSV0000000000014315.csv
CAN_CSV0000000000014052.csv,CAN_CSV0000000000013510.csv
CAN_CSV0000000000014052.csv,CAN_CSV0000000000013036.csv
CAN_CSV0000000000014052.csv,CAN_CSV0000000000013489.csv
CAN_CSV0000000000014052.csv,CAN_CSV0000000000027228.csv
CAN_CSV0000000000014052.csv,CAN_CSV0000000000014067.csv
CAN_CSV0000000000014052.csv,CAN_CSV0000000000005217.csv
CAN_CSV0000000000014060.csv,CAN_CSV0000000000005320.csv
CAN_CSV0000000000014060.csv,CAN_CSV0000000000000687.csv
CAN_CSV0000000000014060.csv,CAN_CSV0000000000000685.csv
CAN_CSV0000000000014060.csv,CAN_CSV0000000000027103.csv
CAN_CSV0000000000014060.csv,CAN_CSV0000000000005297.csv
CAN_CSV0000000000014060.csv,CAN_CSV0000000000005322.csv
CAN_CSV0000000000014060.csv,CAN_CSV0000000000000678.csv
CAN_CSV0000000000014060.csv,CAN_CSV0000000000005307.csv
CAN_CSV0000000000014060.csv,CAN_CSV0000000000005348.csv
CAN_CSV0000000000014060.csv,CAN_CSV0000000000005300.csv
CAN_CSV0000000000014060.csv,CAN_CSV0000000000000698.csv
CAN_CSV0000000000014060.csv,CAN_CSV0000000000000644.csv
CAN_CSV0000000000014061.csv,CAN_CSV0000000000005320.csv
CAN_CSV0000000000014061.csv,CAN_CSV0000000000000687.csv
CAN_CSV0000000000014061.csv,CAN_CSV0000000000000685.csv
CAN_CSV0000000000014061.csv,CAN_CSV0000000000027103.csv
CAN_CSV0000000000014061.csv,CAN_CSV0000000000005297.csv
CAN_CSV0000000000014061.csv,CAN_CSV0000000000005322.csv
CAN_CSV0000000000014061.csv,CAN_CSV0000000000000678.csv
CAN_CSV0000000000014061.csv,CAN_CSV0000000000005307.csv
CAN_CSV0000000000014061.csv,CAN_CSV0000000000005348.csv
CAN_CSV0000000000014061.csv,CAN_CSV0000000000005300.csv
CAN_CSV0000000000014061.csv,CAN_CSV0000000000000698.csv
CAN_CSV0000000000014061.csv,CAN_CSV0000000000000644.csv
CAN_CSV0000000000014315.csv,CAN_CSV0000000000013001.csv
CAN_CSV0000000000014315.csv,CAN_CSV0000000000002292.csv
CAN_CSV0000000000014315.csv,CAN_CSV0000000000027218.csv
CAN_CSV0000000000014315.csv,CAN_CSV0000000000005832.csv
CAN_CSV0000000000014315.csv,CAN_CSV0000000000005391.csv
CAN_CSV0000000000014315.csv,CAN_CSV0000000000012952.csv
CAN_CSV0000000000014315.csv,CAN_CSV0000000000027217.csv
CAN_CSV0000000000014315.csv,CAN_CSV0000000000005264.csv
CAN_CSV0000000000014315.csv,CAN_CSV0000000000013199.csv
CAN_CSV0000000000014315.csv,CAN_CSV0000000000013514.csv
CAN_CSV0000000000014315.csv,CAN_CSV0000000000001215.csv
CAN_CSV0000000000014315.csv,CAN_CSV0000000000013702.csv
CAN_CSV0000000000014315.csv,CAN_CSV0000000000001230.csv
CAN_CSV0000000000014315.csv,CAN_CSV0000000000004766.csv
CAN_CSV0000000000014315.csv,CAN_CSV0000000000000719.csv
CAN_CSV0000000000014315.csv,CAN_CSV0000000000013518.csv
CAN_CSV0000000000014315.csv,CAN_CSV0000000000001229.csv
CAN_CSV0000000000014315.csv,CAN_CSV0000000000002181.csv
CAN_CSV0000000000014315.csv,CAN_CSV0000000000005205.csv
CAN_CSV0000000000014315.csv,CAN_CSV0000000000005227.csv
CAN_CSV0000000000014315.csv,CAN_CSV0000000000000735.csv
CAN_CSV0000000000014315.csv,CAN_CSV0000000000013513.csv
CAN_CSV0000000000014315.csv,CAN_CSV0000000000000591.csv
CAN_CSV0000000000014315.csv,CAN_CSV0000000000027219.csv
CAN_CSV0000000000014315.csv,CAN_CSV0000000000000608.csv
CAN_CSV0000000000014315.csv,CAN_CSV0000000000013603.csv
CAN_CSV0000000000014315.csv,CAN_CSV0000000000001219.csv
CAN_CSV0000000000014315.csv,CAN_CSV0000000000013782.csv
CAN_CSV0000000000014315.csv,CAN_CSV0000000000001222.csv
CAN_CSV0000000000014315.csv,CAN_CSV0000000000001236.csv
CAN_CSV0000000000014315.csv,CAN_CSV0000000000015560.csv
CAN_CSV0000000000014315.csv,CAN_CSV0000000000005265.csv
CAN_CSV0000000000014315.csv,CAN_CSV0000000000000610.csv
CAN_CSV0000000000014315.csv,CAN_CSV0000000000001116.csv
CAN_CSV0000000000014315.csv,CAN_CSV0000000000004703.csv
CAN_CSV0000000000014315.csv,CAN_CSV0000000000015551.csv
CAN_CSV0000000000014315.csv,CAN_CSV0000000000015570.csv
CAN_CSV0000000000014315.csv,CAN_CSV0000000000001226.csv
CAN_CSV0000000000014315.csv,CAN_CSV0000000000013602.csv
CAN_CSV0000000000014315.csv,CAN_CSV0000000000005128.csv
CAN_CSV0000000000014315.csv,CAN_CSV0000000000014316.csv
CAN_CSV0000000000014315.csv,CAN_CSV0000000000001114.csv
CAN_CSV0000000000014315.csv,CAN_CSV0000000000012980.csv
CAN_CSV0000000000014315.csv,CAN_CSV0000000000001227.csv
CAN_CSV0000000000014315.csv,CAN_CSV0000000000005009.csv
CAN_CSV0000000000014315.csv,CAN_CSV0000000000001209.csv
CAN_CSV0000000000014315.csv,CAN_CSV0000000000001221.csv
CAN_CSV0000000000014315.csv,CAN_CSV0000000000013701.csv
CAN_CSV0000000000014315.csv,CAN_CSV0000000000012845.csv
CAN_CSV0000000000014315.csv,CAN_CSV0000000000027178.csv
CAN_CSV0000000000014315.csv,CAN_CSV0000000000013484.csv
CAN_CSV0000000000014315.csv,CAN_CSV0000000000013497.csv
CAN_CSV0000000000014315.csv,CAN_CSV0000000000005103.csv
CAN_CSV0000000000014315.csv,CAN_CSV0000000000013510.csv
CAN_CSV0000000000014315.csv,CAN_CSV0000000000001217.csv
CAN_CSV0000000000014315.csv,CAN_CSV0000000000013036.csv
CAN_CSV0000000000014315.csv,CAN_CSV0000000000013489.csv
CAN_CSV0000000000014315.csv,CAN_CSV0000000000027228.csv
CAN_CSV0000000000014315.csv,CAN_CSV0000000000005379.csv
CAN_CSV0000000000014332.csv,CAN_CSV0000000000002297.csv
CAN_CSV0000000000014332.csv,CAN_CSV0000000000013001.csv
CAN_CSV0000000000014332.csv,CAN_CSV0000000000002292.csv
CAN_CSV0000000000014332.csv,CAN_CSV0000000000001213.csv
CAN_CSV0000000000014332.csv,CAN_CSV0000000000014313.csv
CAN_CSV0000000000014332.csv,CAN_CSV0000000000005832.csv
CAN_CSV0000000000014332.csv,CAN_CSV0000000000005391.csv
CAN_CSV0000000000014332.csv,CAN_CSV0000000000027218.csv
CAN_CSV0000000000014332.csv,CAN_CSV0000000000012952.csv
CAN_CSV0000000000014332.csv,CAN_CSV0000000000027217.csv
CAN_CSV0000000000014332.csv,CAN_CSV0000000000005264.csv
CAN_CSV0000000000014332.csv,CAN_CSV0000000000013199.csv
CAN_CSV0000000000014332.csv,CAN_CSV0000000000013514.csv
CAN_CSV0000000000014332.csv,CAN_CSV0000000000001215.csv
CAN_CSV0000000000014332.csv,CAN_CSV0000000000013368.csv
CAN_CSV0000000000014332.csv,CAN_CSV0000000000013702.csv
CAN_CSV0000000000014332.csv,CAN_CSV0000000000004766.csv
CAN_CSV0000000000014332.csv,CAN_CSV0000000000000719.csv
CAN_CSV0000000000014332.csv,CAN_CSV0000000000005133.csv
CAN_CSV0000000000014332.csv,CAN_CSV0000000000001195.csv
CAN_CSV0000000000014332.csv,CAN_CSV0000000000013518.csv
CAN_CSV0000000000014332.csv,CAN_CSV0000000000002181.csv
CAN_CSV0000000000014332.csv,CAN_CSV0000000000005205.csv
CAN_CSV0000000000014332.csv,CAN_CSV0000000000005227.csv
CAN_CSV0000000000014332.csv,CAN_CSV0000000000000735.csv
CAN_CSV0000000000014332.csv,CAN_CSV0000000000013513.csv
CAN_CSV0000000000014332.csv,CAN_CSV0000000000027219.csv
CAN_CSV0000000000014332.csv,CAN_CSV0000000000013489.csv
CAN_CSV0000000000014332.csv,CAN_CSV0000000000000608.csv
CAN_CSV0000000000014332.csv,CAN_CSV0000000000013603.csv
CAN_CSV0000000000014332.csv,CAN_CSV0000000000013782.csv
CAN_CSV0000000000014332.csv,CAN_CSV0000000000001222.csv
CAN_CSV0000000000014332.csv,CAN_CSV0000000000005041.csv
CAN_CSV0000000000014332.csv,CAN_CSV0000000000015560.csv
CAN_CSV0000000000014332.csv,CAN_CSV0000000000005265.csv
CAN_CSV0000000000014332.csv,CAN_CSV0000000000000610.csv
CAN_CSV0000000000014332.csv,CAN_CSV0000000000002294.csv
CAN_CSV0000000000014332.csv,CAN_CSV0000000000001116.csv
CAN_CSV0000000000014332.csv,CAN_CSV0000000000004703.csv
CAN_CSV0000000000014332.csv,CAN_CSV0000000000015551.csv
CAN_CSV0000000000014332.csv,CAN_CSV0000000000015570.csv
CAN_CSV0000000000014332.csv,CAN_CSV0000000000001226.csv
CAN_CSV0000000000014332.csv,CAN_CSV0000000000013602.csv
CAN_CSV0000000000014332.csv,CAN_CSV0000000000005128.csv
CAN_CSV0000000000014332.csv,CAN_CSV0000000000001114.csv
CAN_CSV0000000000014332.csv,CAN_CSV0000000000012980.csv
CAN_CSV0000000000014332.csv,CAN_CSV0000000000004971.csv
CAN_CSV0000000000014332.csv,CAN_CSV0000000000005009.csv
CAN_CSV0000000000014332.csv,CAN_CSV0000000000013701.csv
CAN_CSV0000000000014332.csv,CAN_CSV0000000000001221.csv
CAN_CSV0000000000014332.csv,CAN_CSV0000000000012845.csv
CAN_CSV0000000000014332.csv,CAN_CSV0000000000014329.csv
CAN_CSV0000000000014332.csv,CAN_CSV0000000000013484.csv
CAN_CSV0000000000014332.csv,CAN_CSV0000000000013497.csv
CAN_CSV0000000000014332.csv,CAN_CSV0000000000000736.csv
CAN_CSV0000000000014332.csv,CAN_CSV0000000000005103.csv
CAN_CSV0000000000014332.csv,CAN_CSV0000000000014315.csv
CAN_CSV0000000000014332.csv,CAN_CSV0000000000013510.csv
CAN_CSV0000000000014332.csv,CAN_CSV0000000000013036.csv
CAN_CSV0000000000014332.csv,CAN_CSV0000000000014327.csv
CAN_CSV0000000000014332.csv,CAN_CSV0000000000027228.csv
CAN_CSV0000000000014332.csv,CAN_CSV0000000000005379.csv
CAN_CSV0000000000014395.csv,CAN_CSV0000000000013001.csv
CAN_CSV0000000000014395.csv,CAN_CSV0000000000002292.csv
CAN_CSV0000000000014395.csv,CAN_CSV0000000000027218.csv
CAN_CSV0000000000014395.csv,CAN_CSV0000000000005832.csv
CAN_CSV0000000000014395.csv,CAN_CSV0000000000005391.csv
CAN_CSV0000000000014395.csv,CAN_CSV0000000000012952.csv
CAN_CSV0000000000014395.csv,CAN_CSV0000000000027217.csv
CAN_CSV0000000000014395.csv,CAN_CSV0000000000005264.csv
CAN_CSV0000000000014395.csv,CAN_CSV0000000000013199.csv
CAN_CSV0000000000014395.csv,CAN_CSV0000000000013514.csv
CAN_CSV0000000000014395.csv,CAN_CSV0000000000013702.csv
CAN_CSV0000000000014395.csv,CAN_CSV0000000000006930.csv
CAN_CSV0000000000014395.csv,CAN_CSV0000000000004766.csv
CAN_CSV0000000000014395.csv,CAN_CSV0000000000000719.csv
CAN_CSV0000000000014395.csv,CAN_CSV0000000000013518.csv
CAN_CSV0000000000014395.csv,CAN_CSV0000000000002181.csv
CAN_CSV0000000000014395.csv,CAN_CSV0000000000005205.csv
CAN_CSV0000000000014395.csv,CAN_CSV0000000000005227.csv
CAN_CSV0000000000014395.csv,CAN_CSV0000000000000735.csv
CAN_CSV0000000000014395.csv,CAN_CSV0000000000014393.csv
CAN_CSV0000000000014395.csv,CAN_CSV0000000000013513.csv
CAN_CSV0000000000014395.csv,CAN_CSV0000000000027219.csv
CAN_CSV0000000000014395.csv,CAN_CSV0000000000000903.csv
CAN_CSV0000000000014395.csv,CAN_CSV0000000000000608.csv
CAN_CSV0000000000014395.csv,CAN_CSV0000000000006777.csv
CAN_CSV0000000000014395.csv,CAN_CSV0000000000013603.csv
CAN_CSV0000000000014395.csv,CAN_CSV0000000000013782.csv
CAN_CSV0000000000014395.csv,CAN_CSV0000000000000624.csv
CAN_CSV0000000000014395.csv,CAN_CSV0000000000001002.csv
CAN_CSV0000000000014395.csv,CAN_CSV0000000000015560.csv
CAN_CSV0000000000014395.csv,CAN_CSV0000000000005259.csv
CAN_CSV0000000000014395.csv,CAN_CSV0000000000005265.csv
CAN_CSV0000000000014395.csv,CAN_CSV0000000000000976.csv
CAN_CSV0000000000014395.csv,CAN_CSV0000000000000610.csv
CAN_CSV0000000000014395.csv,CAN_CSV0000000000012658.csv
CAN_CSV0000000000014395.csv,CAN_CSV0000000000001116.csv
CAN_CSV0000000000014395.csv,CAN_CSV0000000000014397.csv
CAN_CSV0000000000014395.csv,CAN_CSV0000000000004703.csv
CAN_CSV0000000000014395.csv,CAN_CSV0000000000006928.csv
CAN_CSV0000000000014395.csv,CAN_CSV0000000000015551.csv
CAN_CSV0000000000014395.csv,CAN_CSV0000000000015570.csv
CAN_CSV0000000000014395.csv,CAN_CSV0000000000001226.csv
CAN_CSV0000000000014395.csv,CAN_CSV0000000000013602.csv
CAN_CSV0000000000014395.csv,CAN_CSV0000000000005128.csv
CAN_CSV0000000000014395.csv,CAN_CSV0000000000001114.csv
CAN_CSV0000000000014395.csv,CAN_CSV0000000000012715.csv
CAN_CSV0000000000014395.csv,CAN_CSV0000000000012980.csv
CAN_CSV0000000000014395.csv,CAN_CSV0000000000006799.csv
CAN_CSV0000000000014395.csv,CAN_CSV0000000000012655.csv
CAN_CSV0000000000014395.csv,CAN_CSV0000000000012652.csv
CAN_CSV0000000000014395.csv,CAN_CSV0000000000012689.csv
CAN_CSV0000000000014395.csv,CAN_CSV0000000000005009.csv
CAN_CSV0000000000014395.csv,CAN_CSV0000000000013701.csv
CAN_CSV0000000000014395.csv,CAN_CSV0000000000001221.csv
CAN_CSV0000000000014395.csv,CAN_CSV0000000000012845.csv
CAN_CSV0000000000014395.csv,CAN_CSV0000000000013484.csv
CAN_CSV0000000000014395.csv,CAN_CSV0000000000013497.csv
CAN_CSV0000000000014395.csv,CAN_CSV0000000000005103.csv
CAN_CSV0000000000014395.csv,CAN_CSV0000000000014315.csv
CAN_CSV0000000000014395.csv,CAN_CSV0000000000000982.csv
CAN_CSV0000000000014395.csv,CAN_CSV0000000000013510.csv
CAN_CSV0000000000014395.csv,CAN_CSV0000000000013036.csv
CAN_CSV0000000000014395.csv,CAN_CSV0000000000013489.csv
CAN_CSV0000000000014395.csv,CAN_CSV0000000000027228.csv
CAN_CSV0000000000014395.csv,CAN_CSV0000000000005379.csv
CAN_CSV0000000000014474.csv,CAN_CSV0000000000013001.csv
CAN_CSV0000000000014474.csv,CAN_CSV0000000000014464.csv
CAN_CSV0000000000014474.csv,CAN_CSV0000000000002292.csv
CAN_CSV0000000000014474.csv,CAN_CSV0000000000005832.csv
CAN_CSV0000000000014474.csv,CAN_CSV0000000000027218.csv
CAN_CSV0000000000014474.csv,CAN_CSV0000000000005391.csv
CAN_CSV0000000000014474.csv,CAN_CSV0000000000012952.csv
CAN_CSV0000000000014474.csv,CAN_CSV0000000000027217.csv
CAN_CSV0000000000014474.csv,CAN_CSV0000000000005264.csv
CAN_CSV0000000000014474.csv,CAN_CSV0000000000013199.csv
CAN_CSV0000000000014474.csv,CAN_CSV0000000000013514.csv
CAN_CSV0000000000014474.csv,CAN_CSV0000000000013702.csv
CAN_CSV0000000000014474.csv,CAN_CSV0000000000014458.csv
CAN_CSV0000000000014474.csv,CAN_CSV0000000000000719.csv
CAN_CSV0000000000014474.csv,CAN_CSV0000000000004766.csv
CAN_CSV0000000000014474.csv,CAN_CSV0000000000014460.csv
CAN_CSV0000000000014474.csv,CAN_CSV0000000000014481.csv
CAN_CSV0000000000014474.csv,CAN_CSV0000000000000625.csv
CAN_CSV0000000000014474.csv,CAN_CSV0000000000014476.csv
CAN_CSV0000000000014474.csv,CAN_CSV0000000000013518.csv
CAN_CSV0000000000014474.csv,CAN_CSV0000000000002181.csv
CAN_CSV0000000000014474.csv,CAN_CSV0000000000000735.csv
CAN_CSV0000000000014474.csv,CAN_CSV0000000000013513.csv
CAN_CSV0000000000014474.csv,CAN_CSV0000000000005205.csv
CAN_CSV0000000000014474.csv,CAN_CSV0000000000005227.csv
CAN_CSV0000000000014474.csv,CAN_CSV0000000000027219.csv
CAN_CSV0000000000014474.csv,CAN_CSV0000000000005263.csv
CAN_CSV0000000000014474.csv,CAN_CSV0000000000000608.csv
CAN_CSV0000000000014474.csv,CAN_CSV0000000000013603.csv
CAN_CSV0000000000014474.csv,CAN_CSV0000000000013782.csv
CAN_CSV0000000000014474.csv,CAN_CSV0000000000000626.csv
CAN_CSV0000000000014474.csv,CAN_CSV0000000000015560.csv
CAN_CSV0000000000014474.csv,CAN_CSV0000000000005265.csv
CAN_CSV0000000000014474.csv,CAN_CSV0000000000000610.csv
CAN_CSV0000000000014474.csv,CAN_CSV0000000000001116.csv
CAN_CSV0000000000014474.csv,CAN_CSV0000000000004703.csv
CAN_CSV0000000000014474.csv,CAN_CSV0000000000015551.csv
CAN_CSV0000000000014474.csv,CAN_CSV0000000000015570.csv
CAN_CSV0000000000014474.csv,CAN_CSV0000000000001226.csv
CAN_CSV0000000000014474.csv,CAN_CSV0000000000013602.csv
CAN_CSV0000000000014474.csv,CAN_CSV0000000000005128.csv
CAN_CSV0000000000014474.csv,CAN_CSV0000000000001114.csv
CAN_CSV0000000000014474.csv,CAN_CSV0000000000012980.csv
CAN_CSV0000000000014474.csv,CAN_CSV0000000000014468.csv
CAN_CSV0000000000014474.csv,CAN_CSV0000000000005009.csv
CAN_CSV0000000000014474.csv,CAN_CSV0000000000014462.csv
CAN_CSV0000000000014474.csv,CAN_CSV0000000000013701.csv
CAN_CSV0000000000014474.csv,CAN_CSV0000000000012845.csv
CAN_CSV0000000000014474.csv,CAN_CSV0000000000013484.csv
CAN_CSV0000000000014474.csv,CAN_CSV0000000000013497.csv
CAN_CSV0000000000014474.csv,CAN_CSV0000000000005103.csv
CAN_CSV0000000000014474.csv,CAN_CSV0000000000014315.csv
CAN_CSV0000000000014474.csv,CAN_CSV0000000000013510.csv
CAN_CSV0000000000014474.csv,CAN_CSV0000000000013036.csv
CAN_CSV0000000000014474.csv,CAN_CSV0000000000014466.csv
CAN_CSV0000000000014474.csv,CAN_CSV0000000000013489.csv
CAN_CSV0000000000014474.csv,CAN_CSV0000000000027228.csv
CAN_CSV0000000000014474.csv,CAN_CSV0000000000005379.csv
CAN_CSV0000000000014521.csv,CAN_CSV0000000000002297.csv
CAN_CSV0000000000014521.csv,CAN_CSV0000000000013001.csv
CAN_CSV0000000000014521.csv,CAN_CSV0000000000005048.csv
CAN_CSV0000000000014521.csv,CAN_CSV0000000000002292.csv
CAN_CSV0000000000014521.csv,CAN_CSV0000000000014515.csv
CAN_CSV0000000000014521.csv,CAN_CSV0000000000005832.csv
CAN_CSV0000000000014521.csv,CAN_CSV0000000000005391.csv
CAN_CSV0000000000014521.csv,CAN_CSV0000000000027218.csv
CAN_CSV0000000000014521.csv,CAN_CSV0000000000012952.csv
CAN_CSV0000000000014521.csv,CAN_CSV0000000000027217.csv
CAN_CSV0000000000014521.csv,CAN_CSV0000000000005264.csv
CAN_CSV0000000000014521.csv,CAN_CSV0000000000013199.csv
CAN_CSV0000000000014521.csv,CAN_CSV0000000000013514.csv
CAN_CSV0000000000014521.csv,CAN_CSV0000000000013702.csv
CAN_CSV0000000000014521.csv,CAN_CSV0000000000004766.csv
CAN_CSV0000000000014521.csv,CAN_CSV0000000000000719.csv
CAN_CSV0000000000014521.csv,CAN_CSV0000000000013518.csv
CAN_CSV0000000000014521.csv,CAN_CSV0000000000005227.csv
CAN_CSV0000000000014521.csv,CAN_CSV0000000000005205.csv
CAN_CSV0000000000014521.csv,CAN_CSV0000000000002181.csv
CAN_CSV0000000000014521.csv,CAN_CSV0000000000000735.csv
CAN_CSV0000000000014521.csv,CAN_CSV0000000000013513.csv
CAN_CSV0000000000014521.csv,CAN_CSV0000000000014524.csv
CAN_CSV0000000000014521.csv,CAN_CSV0000000000027219.csv
CAN_CSV0000000000014521.csv,CAN_CSV0000000000000608.csv
CAN_CSV0000000000014521.csv,CAN_CSV0000000000027188.csv
CAN_CSV0000000000014521.csv,CAN_CSV0000000000014523.csv
CAN_CSV0000000000014521.csv,CAN_CSV0000000000013603.csv
CAN_CSV0000000000014521.csv,CAN_CSV0000000000013965.csv
CAN_CSV0000000000014521.csv,CAN_CSV0000000000013782.csv
CAN_CSV0000000000014521.csv,CAN_CSV0000000000001222.csv
CAN_CSV0000000000014521.csv,CAN_CSV0000000000015560.csv
CAN_CSV0000000000014521.csv,CAN_CSV0000000000005259.csv
CAN_CSV0000000000014521.csv,CAN_CSV0000000000005265.csv
CAN_CSV0000000000014521.csv,CAN_CSV0000000000000610.csv
CAN_CSV0000000000014521.csv,CAN_CSV0000000000002294.csv
CAN_CSV0000000000014521.csv,CAN_CSV0000000000001116.csv
CAN_CSV0000000000014521.csv,CAN_CSV0000000000004703.csv
CAN_CSV0000000000014521.csv,CAN_CSV0000000000015551.csv
CAN_CSV0000000000014521.csv,CAN_CSV0000000000015570.csv
CAN_CSV0000000000014521.csv,CAN_CSV0000000000001226.csv
CAN_CSV0000000000014521.csv,CAN_CSV0000000000013602.csv
CAN_CSV0000000000014521.csv,CAN_CSV0000000000005128.csv
CAN_CSV0000000000014521.csv,CAN_CSV0000000000001183.csv
CAN_CSV0000000000014521.csv,CAN_CSV0000000000001114.csv
CAN_CSV0000000000014521.csv,CAN_CSV0000000000005130.csv
CAN_CSV0000000000014521.csv,CAN_CSV0000000000012980.csv
CAN_CSV0000000000014521.csv,CAN_CSV0000000000005218.csv
CAN_CSV0000000000014521.csv,CAN_CSV0000000000000615.csv
CAN_CSV0000000000014521.csv,CAN_CSV0000000000005009.csv
CAN_CSV0000000000014521.csv,CAN_CSV0000000000001254.csv
CAN_CSV0000000000014521.csv,CAN_CSV0000000000013701.csv
CAN_CSV0000000000014521.csv,CAN_CSV0000000000012845.csv
CAN_CSV0000000000014521.csv,CAN_CSV0000000000013484.csv
CAN_CSV0000000000014521.csv,CAN_CSV0000000000013497.csv
CAN_CSV0000000000014521.csv,CAN_CSV0000000000005103.csv
CAN_CSV0000000000014521.csv,CAN_CSV0000000000014315.csv
CAN_CSV0000000000014521.csv,CAN_CSV0000000000013510.csv
CAN_CSV0000000000014521.csv,CAN_CSV0000000000013036.csv
CAN_CSV0000000000014521.csv,CAN_CSV0000000000027211.csv
CAN_CSV0000000000014521.csv,CAN_CSV0000000000013489.csv
CAN_CSV0000000000014521.csv,CAN_CSV0000000000027228.csv
CAN_CSV0000000000014521.csv,CAN_CSV0000000000005379.csv
CAN_CSV0000000000014521.csv,CAN_CSV0000000000005217.csv
CAN_CSV0000000000014547.csv,CAN_CSV0000000000001257.csv
CAN_CSV0000000000014547.csv,CAN_CSV0000000000001282.csv
CAN_CSV0000000000014547.csv,CAN_CSV0000000000001298.csv
CAN_CSV0000000000014547.csv,CAN_CSV0000000000001285.csv
CAN_CSV0000000000014547.csv,CAN_CSV0000000000001259.csv
CAN_CSV0000000000014547.csv,CAN_CSV0000000000014595.csv
CAN_CSV0000000000014547.csv,CAN_CSV0000000000014594.csv
CAN_CSV0000000000014547.csv,CAN_CSV0000000000014546.csv
CAN_CSV0000000000014547.csv,CAN_CSV0000000000001284.csv
CAN_CSV0000000000014547.csv,CAN_CSV0000000000001260.csv
CAN_CSV0000000000014547.csv,CAN_CSV0000000000014562.csv
CAN_CSV0000000000014547.csv,CAN_CSV0000000000014573.csv
CAN_CSV0000000000014547.csv,CAN_CSV0000000000001301.csv
CAN_CSV0000000000014547.csv,CAN_CSV0000000000002459.csv
CAN_CSV0000000000014547.csv,CAN_CSV0000000000014549.csv
CAN_CSV0000000000014562.csv,CAN_CSV0000000000001282.csv
CAN_CSV0000000000014562.csv,CAN_CSV0000000000000478.csv
CAN_CSV0000000000014562.csv,CAN_CSV0000000000014565.csv
CAN_CSV0000000000014562.csv,CAN_CSV0000000000014579.csv
CAN_CSV0000000000014562.csv,CAN_CSV0000000000014595.csv
CAN_CSV0000000000014562.csv,CAN_CSV0000000000014594.csv
CAN_CSV0000000000014562.csv,CAN_CSV0000000000001285.csv
CAN_CSV0000000000014562.csv,CAN_CSV0000000000001226.csv
CAN_CSV0000000000014562.csv,CAN_CSV0000000000001272.csv
CAN_CSV0000000000014562.csv,CAN_CSV0000000000014315.csv
CAN_CSV0000000000014562.csv,CAN_CSV0000000000001260.csv
CAN_CSV0000000000014562.csv,CAN_CSV0000000000014578.csv
CAN_CSV0000000000014562.csv,CAN_CSV0000000000001281.csv
CAN_CSV0000000000014562.csv,CAN_CSV0000000000002459.csv
CAN_CSV0000000000014562.csv,CAN_CSV0000000000001284.csv
CAN_CSV0000000000014850.csv,CAN_CSV0000000000001316.csv
CAN_CSV0000000000014850.csv,CAN_CSV0000000000001461.csv
CAN_CSV0000000000014850.csv,CAN_CSV0000000000022577.csv
CAN_CSV0000000000014850.csv,CAN_CSV0000000000024914.csv
CAN_CSV0000000000014850.csv,CAN_CSV0000000000008276.csv
CAN_CSV0000000000014850.csv,CAN_CSV0000000000024921.csv
CAN_CSV0000000000014850.csv,CAN_CSV0000000000018410.csv
CAN_CSV0000000000014850.csv,CAN_CSV0000000000008284.csv
CAN_CSV0000000000014850.csv,CAN_CSV0000000000008281.csv
CAN_CSV0000000000014850.csv,CAN_CSV0000000000024910.csv
CAN_CSV0000000000014850.csv,CAN_CSV0000000000024922.csv
CAN_CSV0000000000014850.csv,CAN_CSV0000000000014837.csv
CAN_CSV0000000000014850.csv,CAN_CSV0000000000022579.csv
CAN_CSV0000000000014850.csv,CAN_CSV0000000000022563.csv
CAN_CSV0000000000014850.csv,CAN_CSV0000000000018429.csv
CAN_CSV0000000000014850.csv,CAN_CSV0000000000001404.csv
CAN_CSV0000000000014850.csv,CAN_CSV0000000000001767.csv
CAN_CSV0000000000014850.csv,CAN_CSV0000000000008271.csv
CAN_CSV0000000000014850.csv,CAN_CSV0000000000018307.csv
CAN_CSV0000000000014850.csv,CAN_CSV0000000000019441.csv
CAN_CSV0000000000014850.csv,CAN_CSV0000000000019095.csv
CAN_CSV0000000000014850.csv,CAN_CSV0000000000019440.csv
CAN_CSV0000000000014850.csv,CAN_CSV0000000000008157.csv
CAN_CSV0000000000014850.csv,CAN_CSV0000000000018438.csv
CAN_CSV0000000000014850.csv,CAN_CSV0000000000027465.csv
CAN_CSV0000000000014850.csv,CAN_CSV0000000000018431.csv
CAN_CSV0000000000014850.csv,CAN_CSV0000000000008159.csv
CAN_CSV0000000000014850.csv,CAN_CSV0000000000008290.csv
CAN_CSV0000000000014850.csv,CAN_CSV0000000000022571.csv
CAN_CSV0000000000014850.csv,CAN_CSV0000000000008154.csv
CAN_CSV0000000000014850.csv,CAN_CSV0000000000014851.csv
CAN_CSV0000000000014850.csv,CAN_CSV0000000000001314.csv
CAN_CSV0000000000014850.csv,CAN_CSV0000000000008118.csv
CAN_CSV0000000000014850.csv,CAN_CSV0000000000022568.csv
CAN_CSV0000000000014850.csv,CAN_CSV0000000000018425.csv
CAN_CSV0000000000014850.csv,CAN_CSV0000000000008164.csv
CAN_CSV0000000000015232.csv,CAN_CSV0000000000019053.csv
CAN_CSV0000000000015232.csv,CAN_CSV0000000000019321.csv
CAN_CSV0000000000015232.csv,CAN_CSV0000000000023333.csv
CAN_CSV0000000000015232.csv,CAN_CSV0000000000001907.csv
CAN_CSV0000000000015232.csv,CAN_CSV0000000000020224.csv
CAN_CSV0000000000015232.csv,CAN_CSV0000000000002092.csv
CAN_CSV0000000000015232.csv,CAN_CSV0000000000019383.csv
CAN_CSV0000000000015232.csv,CAN_CSV0000000000025816.csv
CAN_CSV0000000000015232.csv,CAN_CSV0000000000002065.csv
CAN_CSV0000000000015232.csv,CAN_CSV0000000000026164.csv
CAN_CSV0000000000015285.csv,CAN_CSV0000000000018897.csv
CAN_CSV0000000000015285.csv,CAN_CSV0000000000020694.csv
CAN_CSV0000000000015285.csv,CAN_CSV0000000000011762.csv
CAN_CSV0000000000015285.csv,CAN_CSV0000000000016912.csv
CAN_CSV0000000000015285.csv,CAN_CSV0000000000021866.csv
CAN_CSV0000000000015285.csv,CAN_CSV0000000000019869.csv
CAN_CSV0000000000015285.csv,CAN_CSV0000000000001860.csv
CAN_CSV0000000000015285.csv,CAN_CSV0000000000024021.csv
CAN_CSV0000000000015285.csv,CAN_CSV0000000000019410.csv
CAN_CSV0000000000015285.csv,CAN_CSV0000000000026768.csv
CAN_CSV0000000000015285.csv,CAN_CSV0000000000017757.csv
CAN_CSV0000000000015531.csv,CAN_CSV0000000000013001.csv
CAN_CSV0000000000015531.csv,CAN_CSV0000000000002292.csv
CAN_CSV0000000000015531.csv,CAN_CSV0000000000027218.csv
CAN_CSV0000000000015531.csv,CAN_CSV0000000000005832.csv
CAN_CSV0000000000015531.csv,CAN_CSV0000000000005391.csv
CAN_CSV0000000000015531.csv,CAN_CSV0000000000013449.csv
CAN_CSV0000000000015531.csv,CAN_CSV0000000000013417.csv
CAN_CSV0000000000015531.csv,CAN_CSV0000000000012952.csv
CAN_CSV0000000000015531.csv,CAN_CSV0000000000027217.csv
CAN_CSV0000000000015531.csv,CAN_CSV0000000000005264.csv
CAN_CSV0000000000015531.csv,CAN_CSV0000000000013514.csv
CAN_CSV0000000000015531.csv,CAN_CSV0000000000013199.csv
CAN_CSV0000000000015531.csv,CAN_CSV0000000000013702.csv
CAN_CSV0000000000015531.csv,CAN_CSV0000000000004766.csv
CAN_CSV0000000000015531.csv,CAN_CSV0000000000000719.csv
CAN_CSV0000000000015531.csv,CAN_CSV0000000000013796.csv
CAN_CSV0000000000015531.csv,CAN_CSV0000000000013788.csv
CAN_CSV0000000000015531.csv,CAN_CSV0000000000013518.csv
CAN_CSV0000000000015531.csv,CAN_CSV0000000000002181.csv
CAN_CSV0000000000015531.csv,CAN_CSV0000000000005205.csv
CAN_CSV0000000000015531.csv,CAN_CSV0000000000005227.csv
CAN_CSV0000000000015531.csv,CAN_CSV0000000000000735.csv
CAN_CSV0000000000015531.csv,CAN_CSV0000000000013513.csv
CAN_CSV0000000000015531.csv,CAN_CSV0000000000013506.csv
CAN_CSV0000000000015531.csv,CAN_CSV0000000000027219.csv
CAN_CSV0000000000015531.csv,CAN_CSV0000000000013787.csv
CAN_CSV0000000000015531.csv,CAN_CSV0000000000000608.csv
CAN_CSV0000000000015531.csv,CAN_CSV0000000000013603.csv
CAN_CSV0000000000015531.csv,CAN_CSV0000000000013782.csv
CAN_CSV0000000000015531.csv,CAN_CSV0000000000015560.csv
CAN_CSV0000000000015531.csv,CAN_CSV0000000000005265.csv
CAN_CSV0000000000015531.csv,CAN_CSV0000000000000610.csv
CAN_CSV0000000000015531.csv,CAN_CSV0000000000013597.csv
CAN_CSV0000000000015531.csv,CAN_CSV0000000000001116.csv
CAN_CSV0000000000015531.csv,CAN_CSV0000000000004703.csv
CAN_CSV0000000000015531.csv,CAN_CSV0000000000013426.csv
CAN_CSV0000000000015531.csv,CAN_CSV0000000000015551.csv
CAN_CSV0000000000015531.csv,CAN_CSV0000000000015570.csv
CAN_CSV0000000000015531.csv,CAN_CSV0000000000001226.csv
CAN_CSV0000000000015531.csv,CAN_CSV0000000000013602.csv
CAN_CSV0000000000015531.csv,CAN_CSV0000000000005128.csv
CAN_CSV0000000000015531.csv,CAN_CSV0000000000001114.csv
CAN_CSV0000000000015531.csv,CAN_CSV0000000000012980.csv
CAN_CSV0000000000015531.csv,CAN_CSV0000000000013593.csv
CAN_CSV0000000000015531.csv,CAN_CSV0000000000005009.csv
CAN_CSV0000000000015531.csv,CAN_CSV0000000000013701.csv
CAN_CSV0000000000015531.csv,CAN_CSV0000000000012845.csv
CAN_CSV0000000000015531.csv,CAN_CSV0000000000027054.csv
CAN_CSV0000000000015531.csv,CAN_CSV0000000000013484.csv
CAN_CSV0000000000015531.csv,CAN_CSV0000000000013497.csv
CAN_CSV0000000000015531.csv,CAN_CSV0000000000005103.csv
CAN_CSV0000000000015531.csv,CAN_CSV0000000000014315.csv
CAN_CSV0000000000015531.csv,CAN_CSV0000000000013510.csv
CAN_CSV0000000000015531.csv,CAN_CSV0000000000013036.csv
CAN_CSV0000000000015531.csv,CAN_CSV0000000000013489.csv
CAN_CSV0000000000015531.csv,CAN_CSV0000000000027228.csv
CAN_CSV0000000000015531.csv,CAN_CSV0000000000005379.csv
CAN_CSV0000000000015531.csv,CAN_CSV0000000000013425.csv
CAN_CSV0000000000015531.csv,CAN_CSV0000000000001109.csv
CAN_CSV0000000000015690.csv,CAN_CSV0000000000013001.csv
CAN_CSV0000000000015690.csv,CAN_CSV0000000000015689.csv
CAN_CSV0000000000015690.csv,CAN_CSV0000000000002292.csv
CAN_CSV0000000000015690.csv,CAN_CSV0000000000027218.csv
CAN_CSV0000000000015690.csv,CAN_CSV0000000000005832.csv
CAN_CSV0000000000015690.csv,CAN_CSV0000000000005391.csv
CAN_CSV0000000000015690.csv,CAN_CSV0000000000012952.csv
CAN_CSV0000000000015690.csv,CAN_CSV0000000000027217.csv
CAN_CSV0000000000015690.csv,CAN_CSV0000000000005264.csv
CAN_CSV0000000000015690.csv,CAN_CSV0000000000013199.csv
CAN_CSV0000000000015690.csv,CAN_CSV0000000000013514.csv
CAN_CSV0000000000015690.csv,CAN_CSV0000000000013702.csv
CAN_CSV0000000000015690.csv,CAN_CSV0000000000015686.csv
CAN_CSV0000000000015690.csv,CAN_CSV0000000000000719.csv
CAN_CSV0000000000015690.csv,CAN_CSV0000000000004766.csv
CAN_CSV0000000000015690.csv,CAN_CSV0000000000015691.csv
CAN_CSV0000000000015690.csv,CAN_CSV0000000000015676.csv
CAN_CSV0000000000015690.csv,CAN_CSV0000000000013518.csv
CAN_CSV0000000000015690.csv,CAN_CSV0000000000002181.csv
CAN_CSV0000000000015690.csv,CAN_CSV0000000000005205.csv
CAN_CSV0000000000015690.csv,CAN_CSV0000000000005227.csv
CAN_CSV0000000000015690.csv,CAN_CSV0000000000000735.csv
CAN_CSV0000000000015690.csv,CAN_CSV0000000000013513.csv
CAN_CSV0000000000015690.csv,CAN_CSV0000000000015677.csv
CAN_CSV0000000000015690.csv,CAN_CSV0000000000027107.csv
CAN_CSV0000000000015690.csv,CAN_CSV0000000000027219.csv
CAN_CSV0000000000015690.csv,CAN_CSV0000000000000905.csv
CAN_CSV0000000000015690.csv,CAN_CSV0000000000000608.csv
CAN_CSV0000000000015690.csv,CAN_CSV0000000000013603.csv
CAN_CSV0000000000015690.csv,CAN_CSV0000000000013782.csv
CAN_CSV0000000000015690.csv,CAN_CSV0000000000015560.csv
CAN_CSV0000000000015690.csv,CAN_CSV0000000000015696.csv
CAN_CSV0000000000015690.csv,CAN_CSV0000000000005265.csv
CAN_CSV0000000000015690.csv,CAN_CSV0000000000000610.csv
CAN_CSV0000000000015690.csv,CAN_CSV0000000000001116.csv
CAN_CSV0000000000015690.csv,CAN_CSV0000000000015684.csv
CAN_CSV0000000000015690.csv,CAN_CSV0000000000004703.csv
CAN_CSV0000000000015690.csv,CAN_CSV0000000000015551.csv
CAN_CSV0000000000015690.csv,CAN_CSV0000000000015570.csv
CAN_CSV0000000000015690.csv,CAN_CSV0000000000001226.csv
CAN_CSV0000000000015690.csv,CAN_CSV0000000000013602.csv
CAN_CSV0000000000015690.csv,CAN_CSV0000000000015682.csv
CAN_CSV0000000000015690.csv,CAN_CSV0000000000005128.csv
CAN_CSV0000000000015690.csv,CAN_CSV0000000000015685.csv
CAN_CSV0000000000015690.csv,CAN_CSV0000000000001114.csv
CAN_CSV0000000000015690.csv,CAN_CSV0000000000012980.csv
CAN_CSV0000000000015690.csv,CAN_CSV0000000000027102.csv
CAN_CSV0000000000015690.csv,CAN_CSV0000000000005009.csv
CAN_CSV0000000000015690.csv,CAN_CSV0000000000013701.csv
CAN_CSV0000000000015690.csv,CAN_CSV0000000000015687.csv
CAN_CSV0000000000015690.csv,CAN_CSV0000000000012845.csv
CAN_CSV0000000000015690.csv,CAN_CSV0000000000013484.csv
CAN_CSV0000000000015690.csv,CAN_CSV0000000000013497.csv
CAN_CSV0000000000015690.csv,CAN_CSV0000000000005103.csv
CAN_CSV0000000000015690.csv,CAN_CSV0000000000014315.csv
CAN_CSV0000000000015690.csv,CAN_CSV0000000000013510.csv
CAN_CSV0000000000015690.csv,CAN_CSV0000000000013036.csv
CAN_CSV0000000000015690.csv,CAN_CSV0000000000013489.csv
CAN_CSV0000000000015690.csv,CAN_CSV0000000000027228.csv
CAN_CSV0000000000015690.csv,CAN_CSV0000000000005379.csv
CAN_CSV0000000000015700.csv,CAN_CSV0000000000007112.csv
CAN_CSV0000000000015700.csv,CAN_CSV0000000000012391.csv
CAN_CSV0000000000015700.csv,CAN_CSV0000000000027218.csv
CAN_CSV0000000000015700.csv,CAN_CSV0000000000005832.csv
CAN_CSV0000000000015700.csv,CAN_CSV0000000000027150.csv
CAN_CSV0000000000015700.csv,CAN_CSV0000000000000949.csv
CAN_CSV0000000000015700.csv,CAN_CSV0000000000013199.csv
CAN_CSV0000000000015700.csv,CAN_CSV0000000000015701.csv
CAN_CSV0000000000015700.csv,CAN_CSV0000000000013518.csv
CAN_CSV0000000000015700.csv,CAN_CSV0000000000002181.csv
CAN_CSV0000000000015700.csv,CAN_CSV0000000000001115.csv
CAN_CSV0000000000015700.csv,CAN_CSV0000000000012989.csv
CAN_CSV0000000000015700.csv,CAN_CSV0000000000005265.csv
CAN_CSV0000000000015700.csv,CAN_CSV0000000000015570.csv
CAN_CSV0000000000015700.csv,CAN_CSV0000000000012980.csv
CAN_CSV0000000000015700.csv,CAN_CSV0000000000015720.csv
CAN_CSV0000000000015700.csv,CAN_CSV0000000000013510.csv
CAN_CSV0000000000015700.csv,CAN_CSV0000000000013036.csv
CAN_CSV0000000000015700.csv,CAN_CSV0000000000000922.csv
CAN_CSV0000000000015700.csv,CAN_CSV0000000000027228.csv
CAN_CSV0000000000015700.csv,CAN_CSV0000000000005379.csv
CAN_CSV0000000000015700.csv,CAN_CSV0000000000014509.csv
CAN_CSV0000000000015700.csv,CAN_CSV0000000000027217.csv
CAN_CSV0000000000015700.csv,CAN_CSV0000000000005264.csv
CAN_CSV0000000000015700.csv,CAN_CSV0000000000013514.csv
CAN_CSV0000000000015700.csv,CAN_CSV0000000000013702.csv
CAN_CSV0000000000015700.csv,CAN_CSV0000000000004766.csv
CAN_CSV0000000000015700.csv,CAN_CSV0000000000027152.csv
CAN_CSV0000000000015700.csv,CAN_CSV0000000000013492.csv
CAN_CSV0000000000015700.csv,CAN_CSV0000000000027219.csv
CAN_CSV0000000000015700.csv,CAN_CSV0000000000000608.csv
CAN_CSV0000000000015700.csv,CAN_CSV0000000000015723.csv
CAN_CSV0000000000015700.csv,CAN_CSV0000000000027116.csv
CAN_CSV0000000000015700.csv,CAN_CSV0000000000015551.csv
CAN_CSV0000000000015700.csv,CAN_CSV0000000000001226.csv
CAN_CSV0000000000015700.csv,CAN_CSV0000000000001114.csv
CAN_CSV0000000000015700.csv,CAN_CSV0000000000013489.csv
CAN_CSV0000000000015700.csv,CAN_CSV0000000000005899.csv
CAN_CSV0000000000015700.csv,CAN_CSV0000000000005391.csv
CAN_CSV0000000000015700.csv,CAN_CSV0000000000015705.csv
CAN_CSV0000000000015700.csv,CAN_CSV0000000000005227.csv
CAN_CSV0000000000015700.csv,CAN_CSV0000000000005205.csv
CAN_CSV0000000000015700.csv,CAN_CSV0000000000005447.csv
CAN_CSV0000000000015700.csv,CAN_CSV0000000000000735.csv
CAN_CSV0000000000015700.csv,CAN_CSV0000000000012860.csv
CAN_CSV0000000000015700.csv,CAN_CSV0000000000014523.csv
CAN_CSV0000000000015700.csv,CAN_CSV0000000000015719.csv
CAN_CSV0000000000015700.csv,CAN_CSV0000000000015560.csv
CAN_CSV0000000000015700.csv,CAN_CSV0000000000004703.csv
CAN_CSV0000000000015700.csv,CAN_CSV0000000000015703.csv
CAN_CSV0000000000015700.csv,CAN_CSV0000000000013602.csv
CAN_CSV0000000000015700.csv,CAN_CSV0000000000005009.csv
CAN_CSV0000000000015700.csv,CAN_CSV0000000000001255.csv
CAN_CSV0000000000015700.csv,CAN_CSV0000000000013582.csv
CAN_CSV0000000000015700.csv,CAN_CSV0000000000012340.csv
CAN_CSV0000000000015700.csv,CAN_CSV0000000000005103.csv
CAN_CSV0000000000015700.csv,CAN_CSV0000000000014315.csv
CAN_CSV0000000000015700.csv,CAN_CSV0000000000015712.csv
CAN_CSV0000000000015700.csv,CAN_CSV0000000000015722.csv
CAN_CSV0000000000015700.csv,CAN_CSV0000000000005128.csv
CAN_CSV0000000000015700.csv,CAN_CSV0000000000013001.csv
CAN_CSV0000000000015700.csv,CAN_CSV0000000000002292.csv
CAN_CSV0000000000015700.csv,CAN_CSV0000000000012952.csv
CAN_CSV0000000000015700.csv,CAN_CSV0000000000013483.csv
CAN_CSV0000000000015700.csv,CAN_CSV0000000000000719.csv
CAN_CSV0000000000015700.csv,CAN_CSV0000000000015707.csv
CAN_CSV0000000000015700.csv,CAN_CSV0000000000013513.csv
CAN_CSV0000000000015700.csv,CAN_CSV0000000000013603.csv
CAN_CSV0000000000015700.csv,CAN_CSV0000000000013782.csv
CAN_CSV0000000000015700.csv,CAN_CSV0000000000015721.csv
CAN_CSV0000000000015700.csv,CAN_CSV0000000000000610.csv
CAN_CSV0000000000015700.csv,CAN_CSV0000000000001116.csv
CAN_CSV0000000000015700.csv,CAN_CSV0000000000001126.csv
CAN_CSV0000000000015700.csv,CAN_CSV0000000000015669.csv
CAN_CSV0000000000015700.csv,CAN_CSV0000000000001252.csv
CAN_CSV0000000000015700.csv,CAN_CSV0000000000001254.csv
CAN_CSV0000000000015700.csv,CAN_CSV0000000000013701.csv
CAN_CSV0000000000015700.csv,CAN_CSV0000000000012845.csv
CAN_CSV0000000000015700.csv,CAN_CSV0000000000013484.csv
CAN_CSV0000000000015700.csv,CAN_CSV0000000000013497.csv
CAN_CSV0000000000015731.csv,CAN_CSV0000000000013001.csv
CAN_CSV0000000000015731.csv,CAN_CSV0000000000002292.csv
CAN_CSV0000000000015731.csv,CAN_CSV0000000000027218.csv
CAN_CSV0000000000015731.csv,CAN_CSV0000000000005832.csv
CAN_CSV0000000000015731.csv,CAN_CSV0000000000004975.csv
CAN_CSV0000000000015731.csv,CAN_CSV0000000000005391.csv
CAN_CSV0000000000015731.csv,CAN_CSV0000000000012952.csv
CAN_CSV0000000000015731.csv,CAN_CSV0000000000013211.csv
CAN_CSV0000000000015731.csv,CAN_CSV0000000000027217.csv
CAN_CSV0000000000015731.csv,CAN_CSV0000000000013199.csv
CAN_CSV0000000000015731.csv,CAN_CSV0000000000013514.csv
CAN_CSV0000000000015731.csv,CAN_CSV0000000000013702.csv
CAN_CSV0000000000015731.csv,CAN_CSV0000000000005264.csv
CAN_CSV0000000000015731.csv,CAN_CSV0000000000027090.csv
CAN_CSV0000000000015731.csv,CAN_CSV0000000000004766.csv
CAN_CSV0000000000015731.csv,CAN_CSV0000000000000719.csv
CAN_CSV0000000000015731.csv,CAN_CSV0000000000013142.csv
CAN_CSV0000000000015731.csv,CAN_CSV0000000000027101.csv
CAN_CSV0000000000015731.csv,CAN_CSV0000000000013518.csv
CAN_CSV0000000000015731.csv,CAN_CSV0000000000002181.csv
CAN_CSV0000000000015731.csv,CAN_CSV0000000000005205.csv
CAN_CSV0000000000015731.csv,CAN_CSV0000000000005227.csv
CAN_CSV0000000000015731.csv,CAN_CSV0000000000000735.csv
CAN_CSV0000000000015731.csv,CAN_CSV0000000000013513.csv
CAN_CSV0000000000015731.csv,CAN_CSV0000000000027219.csv
CAN_CSV0000000000015731.csv,CAN_CSV0000000000013168.csv
CAN_CSV0000000000015731.csv,CAN_CSV0000000000004973.csv
CAN_CSV0000000000015731.csv,CAN_CSV0000000000013603.csv
CAN_CSV0000000000015731.csv,CAN_CSV0000000000000608.csv
CAN_CSV0000000000015731.csv,CAN_CSV0000000000013061.csv
CAN_CSV0000000000015731.csv,CAN_CSV0000000000013965.csv
CAN_CSV0000000000015731.csv,CAN_CSV0000000000013782.csv
CAN_CSV0000000000015731.csv,CAN_CSV0000000000015560.csv
CAN_CSV0000000000015731.csv,CAN_CSV0000000000015635.csv
CAN_CSV0000000000015731.csv,CAN_CSV0000000000005265.csv
CAN_CSV0000000000015731.csv,CAN_CSV0000000000000610.csv
CAN_CSV0000000000015731.csv,CAN_CSV0000000000001116.csv
CAN_CSV0000000000015731.csv,CAN_CSV0000000000005253.csv
CAN_CSV0000000000015731.csv,CAN_CSV0000000000004703.csv
CAN_CSV0000000000015731.csv,CAN_CSV0000000000015551.csv
CAN_CSV0000000000015731.csv,CAN_CSV0000000000015570.csv
CAN_CSV0000000000015731.csv,CAN_CSV0000000000001226.csv
CAN_CSV0000000000015731.csv,CAN_CSV0000000000013602.csv
CAN_CSV0000000000015731.csv,CAN_CSV0000000000005128.csv
CAN_CSV0000000000015731.csv,CAN_CSV0000000000001183.csv
CAN_CSV0000000000015731.csv,CAN_CSV0000000000001114.csv
CAN_CSV0000000000015731.csv,CAN_CSV0000000000012980.csv
CAN_CSV0000000000015731.csv,CAN_CSV0000000000000615.csv
CAN_CSV0000000000015731.csv,CAN_CSV0000000000027102.csv
CAN_CSV0000000000015731.csv,CAN_CSV0000000000013186.csv
CAN_CSV0000000000015731.csv,CAN_CSV0000000000005009.csv
CAN_CSV0000000000015731.csv,CAN_CSV0000000000015617.csv
CAN_CSV0000000000015731.csv,CAN_CSV0000000000013701.csv
CAN_CSV0000000000015731.csv,CAN_CSV0000000000012845.csv
CAN_CSV0000000000015731.csv,CAN_CSV0000000000013484.csv
CAN_CSV0000000000015731.csv,CAN_CSV0000000000013497.csv
CAN_CSV0000000000015731.csv,CAN_CSV0000000000004967.csv
CAN_CSV0000000000015731.csv,CAN_CSV0000000000005103.csv
CAN_CSV0000000000015731.csv,CAN_CSV0000000000014315.csv
CAN_CSV0000000000015731.csv,CAN_CSV0000000000013510.csv
CAN_CSV0000000000015731.csv,CAN_CSV0000000000013036.csv
CAN_CSV0000000000015731.csv,CAN_CSV0000000000013489.csv
CAN_CSV0000000000015731.csv,CAN_CSV0000000000027228.csv
CAN_CSV0000000000015731.csv,CAN_CSV0000000000005379.csv
CAN_CSV0000000000015762.csv,CAN_CSV0000000000006913.csv
CAN_CSV0000000000015762.csv,CAN_CSV0000000000012577.csv
CAN_CSV0000000000015762.csv,CAN_CSV0000000000012569.csv
CAN_CSV0000000000015762.csv,CAN_CSV0000000000006192.csv
CAN_CSV0000000000015762.csv,CAN_CSV0000000000012922.csv
CAN_CSV0000000000015762.csv,CAN_CSV0000000000006102.csv
CAN_CSV0000000000015762.csv,CAN_CSV0000000000027218.csv
CAN_CSV0000000000015762.csv,CAN_CSV0000000000005832.csv
CAN_CSV0000000000015762.csv,CAN_CSV0000000000006939.csv
CAN_CSV0000000000015762.csv,CAN_CSV0000000000006806.csv
CAN_CSV0000000000015762.csv,CAN_CSV0000000000012460.csv
CAN_CSV0000000000015762.csv,CAN_CSV0000000000000886.csv
CAN_CSV0000000000015762.csv,CAN_CSV0000000000000708.csv
CAN_CSV0000000000015762.csv,CAN_CSV0000000000013199.csv
CAN_CSV0000000000015762.csv,CAN_CSV0000000000013518.csv
CAN_CSV0000000000015762.csv,CAN_CSV0000000000002181.csv
CAN_CSV0000000000015762.csv,CAN_CSV0000000000013750.csv
CAN_CSV0000000000015762.csv,CAN_CSV0000000000013744.csv
CAN_CSV0000000000015762.csv,CAN_CSV0000000000005871.csv
CAN_CSV0000000000015762.csv,CAN_CSV0000000000005265.csv
CAN_CSV0000000000015762.csv,CAN_CSV0000000000007059.csv
CAN_CSV0000000000015762.csv,CAN_CSV0000000000001152.csv
CAN_CSV0000000000015762.csv,CAN_CSV0000000000013751.csv
CAN_CSV0000000000015762.csv,CAN_CSV0000000000001070.csv
CAN_CSV0000000000015762.csv,CAN_CSV0000000000015570.csv
CAN_CSV0000000000015762.csv,CAN_CSV0000000000012980.csv
CAN_CSV0000000000015762.csv,CAN_CSV0000000000027144.csv
CAN_CSV0000000000015762.csv,CAN_CSV0000000000015763.csv
CAN_CSV0000000000015762.csv,CAN_CSV0000000000013510.csv
CAN_CSV0000000000015762.csv,CAN_CSV0000000000013036.csv
CAN_CSV0000000000015762.csv,CAN_CSV0000000000002253.csv
CAN_CSV0000000000015762.csv,CAN_CSV0000000000027228.csv
CAN_CSV0000000000015762.csv,CAN_CSV0000000000005379.csv
CAN_CSV0000000000015762.csv,CAN_CSV0000000000027217.csv
CAN_CSV0000000000015762.csv,CAN_CSV0000000000005264.csv
CAN_CSV0000000000015762.csv,CAN_CSV0000000000013514.csv
CAN_CSV0000000000015762.csv,CAN_CSV0000000000013702.csv
CAN_CSV0000000000015762.csv,CAN_CSV0000000000004766.csv
CAN_CSV0000000000015762.csv,CAN_CSV0000000000005898.csv
CAN_CSV0000000000015762.csv,CAN_CSV0000000000027219.csv
CAN_CSV0000000000015762.csv,CAN_CSV0000000000000608.csv
CAN_CSV0000000000015762.csv,CAN_CSV0000000000015790.csv
CAN_CSV0000000000015762.csv,CAN_CSV0000000000001144.csv
CAN_CSV0000000000015762.csv,CAN_CSV0000000000015551.csv
CAN_CSV0000000000015762.csv,CAN_CSV0000000000001226.csv
CAN_CSV0000000000015762.csv,CAN_CSV0000000000001145.csv
CAN_CSV0000000000015762.csv,CAN_CSV0000000000001114.csv
CAN_CSV0000000000015762.csv,CAN_CSV0000000000005891.csv
CAN_CSV0000000000015762.csv,CAN_CSV0000000000013745.csv
CAN_CSV0000000000015762.csv,CAN_CSV0000000000013735.csv
CAN_CSV0000000000015762.csv,CAN_CSV0000000000013740.csv
CAN_CSV0000000000015762.csv,CAN_CSV0000000000013489.csv
CAN_CSV0000000000015762.csv,CAN_CSV0000000000001046.csv
CAN_CSV0000000000015762.csv,CAN_CSV0000000000000924.csv
CAN_CSV0000000000015762.csv,CAN_CSV0000000000005899.csv
CAN_CSV0000000000015762.csv,CAN_CSV0000000000005391.csv
CAN_CSV0000000000015762.csv,CAN_CSV0000000000005904.csv
CAN_CSV0000000000015762.csv,CAN_CSV0000000000005892.csv
CAN_CSV0000000000015762.csv,CAN_CSV0000000000005227.csv
CAN_CSV0000000000015762.csv,CAN_CSV0000000000005205.csv
CAN_CSV0000000000015762.csv,CAN_CSV0000000000000735.csv
CAN_CSV0000000000015762.csv,CAN_CSV0000000000013720.csv
CAN_CSV0000000000015762.csv,CAN_CSV0000000000015560.csv
CAN_CSV0000000000015762.csv,CAN_CSV0000000000013009.csv
CAN_CSV0000000000015762.csv,CAN_CSV0000000000005902.csv
CAN_CSV0000000000015762.csv,CAN_CSV0000000000001045.csv
CAN_CSV0000000000015762.csv,CAN_CSV0000000000005884.csv
CAN_CSV0000000000015762.csv,CAN_CSV0000000000004703.csv
CAN_CSV0000000000015762.csv,CAN_CSV0000000000013602.csv
CAN_CSV0000000000015762.csv,CAN_CSV0000000000005009.csv
CAN_CSV0000000000015762.csv,CAN_CSV0000000000013738.csv
CAN_CSV0000000000015762.csv,CAN_CSV0000000000005103.csv
CAN_CSV0000000000015762.csv,CAN_CSV0000000000014315.csv
CAN_CSV0000000000015762.csv,CAN_CSV0000000000005128.csv
CAN_CSV0000000000015762.csv,CAN_CSV0000000000013001.csv
CAN_CSV0000000000015762.csv,CAN_CSV0000000000002292.csv
CAN_CSV0000000000015762.csv,CAN_CSV0000000000000847.csv
CAN_CSV0000000000015762.csv,CAN_CSV0000000000013007.csv
CAN_CSV0000000000015762.csv,CAN_CSV0000000000012952.csv
CAN_CSV0000000000015762.csv,CAN_CSV0000000000013083.csv
CAN_CSV0000000000015762.csv,CAN_CSV0000000000000719.csv
CAN_CSV0000000000015762.csv,CAN_CSV0000000000013513.csv
CAN_CSV0000000000015762.csv,CAN_CSV0000000000001151.csv
CAN_CSV0000000000015762.csv,CAN_CSV0000000000013249.csv
CAN_CSV0000000000015762.csv,CAN_CSV0000000000013603.csv
CAN_CSV0000000000015762.csv,CAN_CSV0000000000013782.csv
CAN_CSV0000000000015762.csv,CAN_CSV0000000000005883.csv
CAN_CSV0000000000015762.csv,CAN_CSV0000000000000610.csv
CAN_CSV0000000000015762.csv,CAN_CSV0000000000001116.csv
CAN_CSV0000000000015762.csv,CAN_CSV0000000000013701.csv
CAN_CSV0000000000015762.csv,CAN_CSV0000000000012845.csv
CAN_CSV0000000000015762.csv,CAN_CSV0000000000013484.csv
CAN_CSV0000000000015762.csv,CAN_CSV0000000000013497.csv
CAN_CSV0000000000015776.csv,CAN_CSV0000000000013001.csv
CAN_CSV0000000000015776.csv,CAN_CSV0000000000027139.csv
CAN_CSV0000000000015776.csv,CAN_CSV0000000000002292.csv
CAN_CSV0000000000015776.csv,CAN_CSV0000000000027218.csv
CAN_CSV0000000000015776.csv,CAN_CSV0000000000005832.csv
CAN_CSV0000000000015776.csv,CAN_CSV0000000000015770.csv
CAN_CSV0000000000015776.csv,CAN_CSV0000000000005391.csv
CAN_CSV0000000000015776.csv,CAN_CSV0000000000027135.csv
CAN_CSV0000000000015776.csv,CAN_CSV0000000000012952.csv
CAN_CSV0000000000015776.csv,CAN_CSV0000000000027217.csv
CAN_CSV0000000000015776.csv,CAN_CSV0000000000005264.csv
CAN_CSV0000000000015776.csv,CAN_CSV0000000000013199.csv
CAN_CSV0000000000015776.csv,CAN_CSV0000000000013514.csv
CAN_CSV0000000000015776.csv,CAN_CSV0000000000013702.csv
CAN_CSV0000000000015776.csv,CAN_CSV0000000000015744.csv
CAN_CSV0000000000015776.csv,CAN_CSV0000000000004766.csv
CAN_CSV0000000000015776.csv,CAN_CSV0000000000000719.csv
CAN_CSV0000000000015776.csv,CAN_CSV0000000000013518.csv
CAN_CSV0000000000015776.csv,CAN_CSV0000000000002181.csv
CAN_CSV0000000000015776.csv,CAN_CSV0000000000005205.csv
CAN_CSV0000000000015776.csv,CAN_CSV0000000000005227.csv
CAN_CSV0000000000015776.csv,CAN_CSV0000000000027138.csv
CAN_CSV0000000000015776.csv,CAN_CSV0000000000013513.csv
CAN_CSV0000000000015776.csv,CAN_CSV0000000000000735.csv
CAN_CSV0000000000015776.csv,CAN_CSV0000000000015765.csv
CAN_CSV0000000000015776.csv,CAN_CSV0000000000027219.csv
CAN_CSV0000000000015776.csv,CAN_CSV0000000000000608.csv
CAN_CSV0000000000015776.csv,CAN_CSV0000000000013603.csv
CAN_CSV0000000000015776.csv,CAN_CSV0000000000013782.csv
CAN_CSV0000000000015776.csv,CAN_CSV0000000000015560.csv
CAN_CSV0000000000015776.csv,CAN_CSV0000000000015766.csv
CAN_CSV0000000000015776.csv,CAN_CSV0000000000005265.csv
CAN_CSV0000000000015776.csv,CAN_CSV0000000000000610.csv
CAN_CSV0000000000015776.csv,CAN_CSV0000000000027141.csv
CAN_CSV0000000000015776.csv,CAN_CSV0000000000001116.csv
CAN_CSV0000000000015776.csv,CAN_CSV0000000000004703.csv
CAN_CSV0000000000015776.csv,CAN_CSV0000000000015764.csv
CAN_CSV0000000000015776.csv,CAN_CSV0000000000015551.csv
CAN_CSV0000000000015776.csv,CAN_CSV0000000000015570.csv
CAN_CSV0000000000015776.csv,CAN_CSV0000000000001226.csv
CAN_CSV0000000000015776.csv,CAN_CSV0000000000013602.csv
CAN_CSV0000000000015776.csv,CAN_CSV0000000000005128.csv
CAN_CSV0000000000015776.csv,CAN_CSV0000000000015742.csv
CAN_CSV0000000000015776.csv,CAN_CSV0000000000027157.csv
CAN_CSV0000000000015776.csv,CAN_CSV0000000000001114.csv
CAN_CSV0000000000015776.csv,CAN_CSV0000000000012980.csv
CAN_CSV0000000000015776.csv,CAN_CSV0000000000005009.csv
CAN_CSV0000000000015776.csv,CAN_CSV0000000000013701.csv
CAN_CSV0000000000015776.csv,CAN_CSV0000000000012845.csv
CAN_CSV0000000000015776.csv,CAN_CSV0000000000027136.csv
CAN_CSV0000000000015776.csv,CAN_CSV0000000000013484.csv
CAN_CSV0000000000015776.csv,CAN_CSV0000000000015746.csv
CAN_CSV0000000000015776.csv,CAN_CSV0000000000013497.csv
CAN_CSV0000000000015776.csv,CAN_CSV0000000000005103.csv
CAN_CSV0000000000015776.csv,CAN_CSV0000000000014315.csv
CAN_CSV0000000000015776.csv,CAN_CSV0000000000013510.csv
CAN_CSV0000000000015776.csv,CAN_CSV0000000000027122.csv
CAN_CSV0000000000015776.csv,CAN_CSV0000000000015772.csv
CAN_CSV0000000000015776.csv,CAN_CSV0000000000013036.csv
CAN_CSV0000000000015776.csv,CAN_CSV0000000000013489.csv
CAN_CSV0000000000015776.csv,CAN_CSV0000000000027228.csv
CAN_CSV0000000000015776.csv,CAN_CSV0000000000005379.csv
CAN_CSV0000000000015776.csv,CAN_CSV0000000000027140.csv
CAN_CSV0000000000015776.csv,CAN_CSV0000000000015773.csv
CAN_CSV0000000000015794.csv,CAN_CSV0000000000005320.csv
CAN_CSV0000000000015794.csv,CAN_CSV0000000000000687.csv
CAN_CSV0000000000015794.csv,CAN_CSV0000000000000685.csv
CAN_CSV0000000000015794.csv,CAN_CSV0000000000027103.csv
CAN_CSV0000000000015794.csv,CAN_CSV0000000000005297.csv
CAN_CSV0000000000015794.csv,CAN_CSV0000000000005322.csv
CAN_CSV0000000000015794.csv,CAN_CSV0000000000000678.csv
CAN_CSV0000000000015794.csv,CAN_CSV0000000000005307.csv
CAN_CSV0000000000015794.csv,CAN_CSV0000000000005348.csv
CAN_CSV0000000000015794.csv,CAN_CSV0000000000005300.csv
CAN_CSV0000000000015794.csv,CAN_CSV0000000000000698.csv
CAN_CSV0000000000015794.csv,CAN_CSV0000000000000644.csv
CAN_CSV0000000000015797.csv,CAN_CSV0000000000005320.csv
CAN_CSV0000000000015797.csv,CAN_CSV0000000000000687.csv
CAN_CSV0000000000015797.csv,CAN_CSV0000000000000685.csv
CAN_CSV0000000000015797.csv,CAN_CSV0000000000027103.csv
CAN_CSV0000000000015797.csv,CAN_CSV0000000000005297.csv
CAN_CSV0000000000015797.csv,CAN_CSV0000000000005322.csv
CAN_CSV0000000000015797.csv,CAN_CSV0000000000000678.csv
CAN_CSV0000000000015797.csv,CAN_CSV0000000000005307.csv
CAN_CSV0000000000015797.csv,CAN_CSV0000000000005348.csv
CAN_CSV0000000000015797.csv,CAN_CSV0000000000005300.csv
CAN_CSV0000000000015797.csv,CAN_CSV0000000000000698.csv
CAN_CSV0000000000015797.csv,CAN_CSV0000000000000644.csv
CAN_CSV0000000000015886.csv,CAN_CSV0000000000024139.csv
CAN_CSV0000000000015886.csv,CAN_CSV0000000000003254.csv
CAN_CSV0000000000015886.csv,CAN_CSV0000000000022378.csv
CAN_CSV0000000000015886.csv,CAN_CSV0000000000007857.csv
CAN_CSV0000000000015899.csv,CAN_CSV0000000000020036.csv
CAN_CSV0000000000015899.csv,CAN_CSV0000000000001895.csv
CAN_CSV0000000000015899.csv,CAN_CSV0000000000010499.csv
CAN_CSV0000000000015899.csv,CAN_CSV0000000000012108.csv
CAN_CSV0000000000015899.csv,CAN_CSV0000000000016296.csv
CAN_CSV0000000000015899.csv,CAN_CSV0000000000023602.csv
CAN_CSV0000000000015899.csv,CAN_CSV0000000000026441.csv
CAN_CSV0000000000015899.csv,CAN_CSV0000000000021927.csv
CAN_CSV0000000000015899.csv,CAN_CSV0000000000010464.csv
CAN_CSV0000000000015899.csv,CAN_CSV0000000000007299.csv
CAN_CSV0000000000015899.csv,CAN_CSV0000000000003100.csv
CAN_CSV0000000000015899.csv,CAN_CSV0000000000008699.csv
CAN_CSV0000000000015899.csv,CAN_CSV0000000000003356.csv
CAN_CSV0000000000015899.csv,CAN_CSV0000000000016370.csv
CAN_CSV0000000000015899.csv,CAN_CSV0000000000022798.csv
CAN_CSV0000000000015899.csv,CAN_CSV0000000000001900.csv
CAN_CSV0000000000016419.csv,CAN_CSV0000000000018668.csv
CAN_CSV0000000000016419.csv,CAN_CSV0000000000017417.csv
CAN_CSV0000000000016419.csv,CAN_CSV0000000000025606.csv
CAN_CSV0000000000016419.csv,CAN_CSV0000000000008603.csv
CAN_CSV0000000000016419.csv,CAN_CSV0000000000017572.csv
CAN_CSV0000000000016419.csv,CAN_CSV0000000000009470.csv
CAN_CSV0000000000016419.csv,CAN_CSV0000000000026925.csv
CAN_CSV0000000000016419.csv,CAN_CSV0000000000024354.csv
CAN_CSV0000000000016419.csv,CAN_CSV0000000000025790.csv
CAN_CSV0000000000016419.csv,CAN_CSV0000000000020310.csv
CAN_CSV0000000000016419.csv,CAN_CSV0000000000015163.csv
CAN_CSV0000000000016419.csv,CAN_CSV0000000000016082.csv
CAN_CSV0000000000016419.csv,CAN_CSV0000000000022431.csv
CAN_CSV0000000000016419.csv,CAN_CSV0000000000020848.csv
CAN_CSV0000000000016419.csv,CAN_CSV0000000000019300.csv
CAN_CSV0000000000016419.csv,CAN_CSV0000000000011643.csv
CAN_CSV0000000000016419.csv,CAN_CSV0000000000008071.csv
CAN_CSV0000000000016419.csv,CAN_CSV0000000000023229.csv
CAN_CSV0000000000016419.csv,CAN_CSV0000000000022990.csv
CAN_CSV0000000000016419.csv,CAN_CSV0000000000023751.csv
CAN_CSV0000000000016419.csv,CAN_CSV0000000000008615.csv
CAN_CSV0000000000016419.csv,CAN_CSV0000000000026372.csv
CAN_CSV0000000000016419.csv,CAN_CSV0000000000021735.csv
CAN_CSV0000000000016419.csv,CAN_CSV0000000000023496.csv
CAN_CSV0000000000016419.csv,CAN_CSV0000000000007881.csv
CAN_CSV0000000000016419.csv,CAN_CSV0000000000012299.csv
CAN_CSV0000000000016419.csv,CAN_CSV0000000000017552.csv
CAN_CSV0000000000016419.csv,CAN_CSV0000000000015330.csv
CAN_CSV0000000000016419.csv,CAN_CSV0000000000023562.csv
CAN_CSV0000000000016419.csv,CAN_CSV0000000000009663.csv
CAN_CSV0000000000016419.csv,CAN_CSV0000000000010497.csv
CAN_CSV0000000000016419.csv,CAN_CSV0000000000010124.csv
CAN_CSV0000000000016419.csv,CAN_CSV0000000000009986.csv
CAN_CSV0000000000016419.csv,CAN_CSV0000000000009119.csv
CAN_CSV0000000000016419.csv,CAN_CSV0000000000017129.csv
CAN_CSV0000000000016419.csv,CAN_CSV0000000000011705.csv
CAN_CSV0000000000016419.csv,CAN_CSV0000000000003274.csv
CAN_CSV0000000000016419.csv,CAN_CSV0000000000026045.csv
CAN_CSV0000000000016529.csv,CAN_CSV0000000000018668.csv
CAN_CSV0000000000016529.csv,CAN_CSV0000000000017417.csv
CAN_CSV0000000000016529.csv,CAN_CSV0000000000025606.csv
CAN_CSV0000000000016529.csv,CAN_CSV0000000000008603.csv
CAN_CSV0000000000016529.csv,CAN_CSV0000000000017572.csv
CAN_CSV0000000000016529.csv,CAN_CSV0000000000026925.csv
CAN_CSV0000000000016529.csv,CAN_CSV0000000000024354.csv
CAN_CSV0000000000016529.csv,CAN_CSV0000000000009470.csv
CAN_CSV0000000000016529.csv,CAN_CSV0000000000025790.csv
CAN_CSV0000000000016529.csv,CAN_CSV0000000000020310.csv
CAN_CSV0000000000016529.csv,CAN_CSV0000000000015163.csv
CAN_CSV0000000000016529.csv,CAN_CSV0000000000016082.csv
CAN_CSV0000000000016529.csv,CAN_CSV0000000000022431.csv
CAN_CSV0000000000016529.csv,CAN_CSV0000000000019300.csv
CAN_CSV0000000000016529.csv,CAN_CSV0000000000023229.csv
CAN_CSV0000000000016529.csv,CAN_CSV0000000000011643.csv
CAN_CSV0000000000016529.csv,CAN_CSV0000000000008071.csv
CAN_CSV0000000000016529.csv,CAN_CSV0000000000020848.csv
CAN_CSV0000000000016529.csv,CAN_CSV0000000000022990.csv
CAN_CSV0000000000016529.csv,CAN_CSV0000000000023751.csv
CAN_CSV0000000000016529.csv,CAN_CSV0000000000008615.csv
CAN_CSV0000000000016529.csv,CAN_CSV0000000000026372.csv
CAN_CSV0000000000016529.csv,CAN_CSV0000000000021735.csv
CAN_CSV0000000000016529.csv,CAN_CSV0000000000023496.csv
CAN_CSV0000000000016529.csv,CAN_CSV0000000000017552.csv
CAN_CSV0000000000016529.csv,CAN_CSV0000000000023562.csv
CAN_CSV0000000000016529.csv,CAN_CSV0000000000015330.csv
CAN_CSV0000000000016529.csv,CAN_CSV0000000000009663.csv
CAN_CSV0000000000016529.csv,CAN_CSV0000000000010497.csv
CAN_CSV0000000000016529.csv,CAN_CSV0000000000010124.csv
CAN_CSV0000000000016529.csv,CAN_CSV0000000000009986.csv
CAN_CSV0000000000016529.csv,CAN_CSV0000000000017148.csv
CAN_CSV0000000000016529.csv,CAN_CSV0000000000015315.csv
CAN_CSV0000000000016529.csv,CAN_CSV0000000000007607.csv
CAN_CSV0000000000016529.csv,CAN_CSV0000000000010078.csv
CAN_CSV0000000000016529.csv,CAN_CSV0000000000009375.csv
CAN_CSV0000000000016775.csv,CAN_CSV0000000000021072.csv
CAN_CSV0000000000016775.csv,CAN_CSV0000000000017825.csv
CAN_CSV0000000000016775.csv,CAN_CSV0000000000001955.csv
CAN_CSV0000000000016775.csv,CAN_CSV0000000000001867.csv
CAN_CSV0000000000016775.csv,CAN_CSV0000000000022617.csv
CAN_CSV0000000000016775.csv,CAN_CSV0000000000027386.csv
CAN_CSV0000000000016775.csv,CAN_CSV0000000000011627.csv
CAN_CSV0000000000016775.csv,CAN_CSV0000000000025600.csv
CAN_CSV0000000000016775.csv,CAN_CSV0000000000021470.csv
CAN_CSV0000000000016775.csv,CAN_CSV0000000000001861.csv
CAN_CSV0000000000016775.csv,CAN_CSV0000000000009256.csv
CAN_CSV0000000000016775.csv,CAN_CSV0000000000018788.csv
CAN_CSV0000000000016775.csv,CAN_CSV0000000000022416.csv
CAN_CSV0000000000016775.csv,CAN_CSV0000000000002140.csv
CAN_CSV0000000000016775.csv,CAN_CSV0000000000027411.csv
CAN_CSV0000000000016775.csv,CAN_CSV0000000000001963.csv
CAN_CSV0000000000016775.csv,CAN_CSV0000000000001914.csv
CAN_CSV0000000000016775.csv,CAN_CSV0000000000008205.csv
CAN_CSV0000000000016775.csv,CAN_CSV0000000000023789.csv
CAN_CSV0000000000016775.csv,CAN_CSV0000000000021537.csv
CAN_CSV0000000000016775.csv,CAN_CSV0000000000020510.csv
CAN_CSV0000000000016797.csv,CAN_CSV0000000000019197.csv
CAN_CSV0000000000016797.csv,CAN_CSV0000000000004007.csv
CAN_CSV0000000000016797.csv,CAN_CSV0000000000017172.csv
CAN_CSV0000000000016797.csv,CAN_CSV0000000000026244.csv
CAN_CSV0000000000016797.csv,CAN_CSV0000000000008519.csv
CAN_CSV0000000000016797.csv,CAN_CSV0000000000008056.csv
CAN_CSV0000000000016797.csv,CAN_CSV0000000000023098.csv
CAN_CSV0000000000016797.csv,CAN_CSV0000000000002832.csv
CAN_CSV0000000000016797.csv,CAN_CSV0000000000002128.csv
CAN_CSV0000000000016797.csv,CAN_CSV0000000000021161.csv
CAN_CSV0000000000016797.csv,CAN_CSV0000000000009991.csv
CAN_CSV0000000000016797.csv,CAN_CSV0000000000011318.csv
CAN_CSV0000000000016797.csv,CAN_CSV0000000000020548.csv
CAN_CSV0000000000017078.csv,CAN_CSV0000000000023461.csv
CAN_CSV0000000000017078.csv,CAN_CSV0000000000007906.csv
CAN_CSV0000000000017078.csv,CAN_CSV0000000000003463.csv
CAN_CSV0000000000017078.csv,CAN_CSV0000000000021930.csv
CAN_CSV0000000000017078.csv,CAN_CSV0000000000010564.csv
CAN_CSV0000000000017078.csv,CAN_CSV0000000000003410.csv
CAN_CSV0000000000017078.csv,CAN_CSV0000000000024221.csv
CAN_CSV0000000000017078.csv,CAN_CSV0000000000021111.csv
CAN_CSV0000000000017078.csv,CAN_CSV0000000000016713.csv
CAN_CSV0000000000017078.csv,CAN_CSV0000000000022435.csv
CAN_CSV0000000000017172.csv,CAN_CSV0000000000019197.csv
CAN_CSV0000000000017172.csv,CAN_CSV0000000000004007.csv
CAN_CSV0000000000017172.csv,CAN_CSV0000000000026244.csv
CAN_CSV0000000000017172.csv,CAN_CSV0000000000008519.csv
CAN_CSV0000000000017172.csv,CAN_CSV0000000000008056.csv
CAN_CSV0000000000017172.csv,CAN_CSV0000000000016797.csv
CAN_CSV0000000000017172.csv,CAN_CSV0000000000009991.csv
CAN_CSV0000000000017172.csv,CAN_CSV0000000000011318.csv
CAN_CSV0000000000017175.csv,CAN_CSV0000000000001758.csv
CAN_CSV0000000000017175.csv,CAN_CSV0000000000009592.csv
CAN_CSV0000000000017175.csv,CAN_CSV0000000000001326.csv
CAN_CSV0000000000017175.csv,CAN_CSV0000000000027369.csv
CAN_CSV0000000000017175.csv,CAN_CSV0000000000027335.csv
CAN_CSV0000000000017175.csv,CAN_CSV0000000000002124.csv
CAN_CSV0000000000017175.csv,CAN_CSV0000000000001310.csv
CAN_CSV0000000000017175.csv,CAN_CSV0000000000001441.csv
CAN_CSV0000000000017175.csv,CAN_CSV0000000000023322.csv
CAN_CSV0000000000017175.csv,CAN_CSV0000000000001995.csv
CAN_CSV0000000000017299.csv,CAN_CSV0000000000002111.csv
CAN_CSV0000000000017299.csv,CAN_CSV0000000000017453.csv
CAN_CSV0000000000017299.csv,CAN_CSV0000000000022149.csv
CAN_CSV0000000000017299.csv,CAN_CSV0000000000026782.csv
CAN_CSV0000000000017299.csv,CAN_CSV0000000000021405.csv
CAN_CSV0000000000017299.csv,CAN_CSV0000000000017304.csv
CAN_CSV0000000000017299.csv,CAN_CSV0000000000022208.csv
CAN_CSV0000000000017299.csv,CAN_CSV0000000000009401.csv
CAN_CSV0000000000017299.csv,CAN_CSV0000000000011333.csv
CAN_CSV0000000000017299.csv,CAN_CSV0000000000001453.csv
CAN_CSV0000000000017299.csv,CAN_CSV0000000000004404.csv
CAN_CSV0000000000017299.csv,CAN_CSV0000000000015908.csv
CAN_CSV0000000000017299.csv,CAN_CSV0000000000018895.csv
CAN_CSV0000000000017299.csv,CAN_CSV0000000000016186.csv
CAN_CSV0000000000017299.csv,CAN_CSV0000000000027397.csv
CAN_CSV0000000000017299.csv,CAN_CSV0000000000024578.csv
CAN_CSV0000000000017299.csv,CAN_CSV0000000000015850.csv
CAN_CSV0000000000017299.csv,CAN_CSV0000000000025864.csv
CAN_CSV0000000000017299.csv,CAN_CSV0000000000027417.csv
CAN_CSV0000000000017299.csv,CAN_CSV0000000000001686.csv
CAN_CSV0000000000017299.csv,CAN_CSV0000000000020165.csv
CAN_CSV0000000000017299.csv,CAN_CSV0000000000026036.csv
CAN_CSV0000000000017299.csv,CAN_CSV0000000000008133.csv
CAN_CSV0000000000017299.csv,CAN_CSV0000000000021962.csv
CAN_CSV0000000000017299.csv,CAN_CSV0000000000020974.csv
CAN_CSV0000000000017299.csv,CAN_CSV0000000000002075.csv
CAN_CSV0000000000017299.csv,CAN_CSV0000000000002026.csv
CAN_CSV0000000000017299.csv,CAN_CSV0000000000008462.csv
CAN_CSV0000000000017299.csv,CAN_CSV0000000000023859.csv
CAN_CSV0000000000017299.csv,CAN_CSV0000000000010598.csv
CAN_CSV0000000000017299.csv,CAN_CSV0000000000001442.csv
CAN_CSV0000000000017299.csv,CAN_CSV0000000000009285.csv
CAN_CSV0000000000017299.csv,CAN_CSV0000000000002046.csv
CAN_CSV0000000000017299.csv,CAN_CSV0000000000009444.csv
CAN_CSV0000000000017299.csv,CAN_CSV0000000000017939.csv
CAN_CSV0000000000017299.csv,CAN_CSV0000000000003436.csv
CAN_CSV0000000000017299.csv,CAN_CSV0000000000017242.csv
CAN_CSV0000000000017304.csv,CAN_CSV0000000000002111.csv
CAN_CSV0000000000017304.csv,CAN_CSV0000000000017453.csv
CAN_CSV0000000000017304.csv,CAN_CSV0000000000022149.csv
CAN_CSV0000000000017304.csv,CAN_CSV0000000000026782.csv
CAN_CSV0000000000017304.csv,CAN_CSV0000000000021405.csv
CAN_CSV0000000000017304.csv,CAN_CSV0000000000022208.csv
CAN_CSV0000000000017304.csv,CAN_CSV0000000000009401.csv
CAN_CSV0000000000017304.csv,CAN_CSV0000000000011333.csv
CAN_CSV0000000000017304.csv,CAN_CSV0000000000001453.csv
CAN_CSV0000000000017304.csv,CAN_CSV0000000000004404.csv
CAN_CSV0000000000017304.csv,CAN_CSV0000000000015908.csv
CAN_CSV0000000000017304.csv,CAN_CSV0000000000018895.csv
CAN_CSV0000000000017304.csv,CAN_CSV0000000000016186.csv
CAN_CSV0000000000017304.csv,CAN_CSV0000000000027397.csv
CAN_CSV0000000000017304.csv,CAN_CSV0000000000024578.csv
CAN_CSV0000000000017304.csv,CAN_CSV0000000000015850.csv
CAN_CSV0000000000017304.csv,CAN_CSV0000000000025864.csv
CAN_CSV0000000000017304.csv,CAN_CSV0000000000027417.csv
CAN_CSV0000000000017304.csv,CAN_CSV0000000000001686.csv
CAN_CSV0000000000017304.csv,CAN_CSV0000000000020165.csv
CAN_CSV0000000000017304.csv,CAN_CSV0000000000026036.csv
CAN_CSV0000000000017304.csv,CAN_CSV0000000000008133.csv
CAN_CSV0000000000017304.csv,CAN_CSV0000000000021962.csv
CAN_CSV0000000000017304.csv,CAN_CSV0000000000020974.csv
CAN_CSV0000000000017304.csv,CAN_CSV0000000000002075.csv
CAN_CSV0000000000017304.csv,CAN_CSV0000000000009738.csv
CAN_CSV0000000000017304.csv,CAN_CSV0000000000008462.csv
CAN_CSV0000000000017304.csv,CAN_CSV0000000000023859.csv
CAN_CSV0000000000017304.csv,CAN_CSV0000000000010598.csv
CAN_CSV0000000000017304.csv,CAN_CSV0000000000001442.csv
CAN_CSV0000000000017304.csv,CAN_CSV0000000000017299.csv
CAN_CSV0000000000017304.csv,CAN_CSV0000000000009285.csv
CAN_CSV0000000000017304.csv,CAN_CSV0000000000009444.csv
CAN_CSV0000000000017304.csv,CAN_CSV0000000000017939.csv
CAN_CSV0000000000017304.csv,CAN_CSV0000000000017039.csv
CAN_CSV0000000000017304.csv,CAN_CSV0000000000003436.csv
CAN_CSV0000000000017304.csv,CAN_CSV0000000000017242.csv
CAN_CSV0000000000017304.csv,CAN_CSV0000000000025306.csv
CAN_CSV0000000000017374.csv,CAN_CSV0000000000008081.csv
CAN_CSV0000000000017519.csv,CAN_CSV0000000000026153.csv
CAN_CSV0000000000017519.csv,CAN_CSV0000000000011164.csv
CAN_CSV0000000000017519.csv,CAN_CSV0000000000020140.csv
CAN_CSV0000000000017519.csv,CAN_CSV0000000000024255.csv
CAN_CSV0000000000017519.csv,CAN_CSV0000000000020162.csv
CAN_CSV0000000000017519.csv,CAN_CSV0000000000008817.csv
CAN_CSV0000000000017519.csv,CAN_CSV0000000000007604.csv
CAN_CSV0000000000017604.csv,CAN_CSV0000000000016964.csv
CAN_CSV0000000000017604.csv,CAN_CSV0000000000015599.csv
CAN_CSV0000000000017604.csv,CAN_CSV0000000000009497.csv
CAN_CSV0000000000017604.csv,CAN_CSV0000000000009113.csv
CAN_CSV0000000000017604.csv,CAN_CSV0000000000007855.csv
CAN_CSV0000000000017606.csv,CAN_CSV0000000000024770.csv
CAN_CSV0000000000017606.csv,CAN_CSV0000000000026997.csv
CAN_CSV0000000000017606.csv,CAN_CSV0000000000009726.csv
CAN_CSV0000000000017606.csv,CAN_CSV0000000000016992.csv
CAN_CSV0000000000017606.csv,CAN_CSV0000000000021070.csv
CAN_CSV0000000000017606.csv,CAN_CSV0000000000015295.csv
CAN_CSV0000000000017606.csv,CAN_CSV0000000000024866.csv
CAN_CSV0000000000017606.csv,CAN_CSV0000000000009265.csv
CAN_CSV0000000000017606.csv,CAN_CSV0000000000009120.csv
CAN_CSV0000000000017606.csv,CAN_CSV0000000000021102.csv
CAN_CSV0000000000017606.csv,CAN_CSV0000000000026380.csv
CAN_CSV0000000000017606.csv,CAN_CSV0000000000003595.csv
CAN_CSV0000000000017606.csv,CAN_CSV0000000000010608.csv
CAN_CSV0000000000017606.csv,CAN_CSV0000000000004648.csv
CAN_CSV0000000000017606.csv,CAN_CSV0000000000023066.csv
CAN_CSV0000000000017606.csv,CAN_CSV0000000000022177.csv
CAN_CSV0000000000017606.csv,CAN_CSV0000000000021131.csv
CAN_CSV0000000000017606.csv,CAN_CSV0000000000010611.csv
CAN_CSV0000000000018396.csv,CAN_CSV0000000000007282.csv
CAN_CSV0000000000018396.csv,CAN_CSV0000000000012020.csv
CAN_CSV0000000000018581.csv,CAN_CSV0000000000023301.csv
CAN_CSV0000000000018581.csv,CAN_CSV0000000000009365.csv
CAN_CSV0000000000018581.csv,CAN_CSV0000000000020825.csv
CAN_CSV0000000000018581.csv,CAN_CSV0000000000027007.csv
CAN_CSV0000000000018581.csv,CAN_CSV0000000000026751.csv
CAN_CSV0000000000018581.csv,CAN_CSV0000000000017968.csv
CAN_CSV0000000000018581.csv,CAN_CSV0000000000024660.csv
CAN_CSV0000000000018581.csv,CAN_CSV0000000000008214.csv
CAN_CSV0000000000018581.csv,CAN_CSV0000000000020052.csv
CAN_CSV0000000000018581.csv,CAN_CSV0000000000003365.csv
CAN_CSV0000000000018581.csv,CAN_CSV0000000000024067.csv
CAN_CSV0000000000018581.csv,CAN_CSV0000000000015161.csv
CAN_CSV0000000000018581.csv,CAN_CSV0000000000025903.csv
CAN_CSV0000000000018581.csv,CAN_CSV0000000000024884.csv
CAN_CSV0000000000018581.csv,CAN_CSV0000000000004586.csv
CAN_CSV0000000000018581.csv,CAN_CSV0000000000003892.csv
CAN_CSV0000000000018581.csv,CAN_CSV0000000000019867.csv
CAN_CSV0000000000018581.csv,CAN_CSV0000000000003088.csv
CAN_CSV0000000000018581.csv,CAN_CSV0000000000017400.csv
CAN_CSV0000000000018581.csv,CAN_CSV0000000000018831.csv
CAN_CSV0000000000018581.csv,CAN_CSV0000000000017187.csv
CAN_CSV0000000000018581.csv,CAN_CSV0000000000002762.csv
CAN_CSV0000000000018581.csv,CAN_CSV0000000000009039.csv
CAN_CSV0000000000018581.csv,CAN_CSV0000000000003766.csv
CAN_CSV0000000000018581.csv,CAN_CSV0000000000011356.csv
CAN_CSV0000000000018581.csv,CAN_CSV0000000000007832.csv
CAN_CSV0000000000018581.csv,CAN_CSV0000000000022992.csv
CAN_CSV0000000000018581.csv,CAN_CSV0000000000010103.csv
CAN_CSV0000000000018581.csv,CAN_CSV0000000000009702.csv
CAN_CSV0000000000018617.csv,CAN_CSV0000000000004355.csv
CAN_CSV0000000000018617.csv,CAN_CSV0000000000023940.csv
CAN_CSV0000000000018617.csv,CAN_CSV0000000000018393.csv
CAN_CSV0000000000018617.csv,CAN_CSV0000000000018044.csv
CAN_CSV0000000000018617.csv,CAN_CSV0000000000019373.csv
CAN_CSV0000000000018617.csv,CAN_CSV0000000000016880.csv
CAN_CSV0000000000018617.csv,CAN_CSV0000000000004353.csv
CAN_CSV0000000000018617.csv,CAN_CSV0000000000021239.csv
CAN_CSV0000000000018617.csv,CAN_CSV0000000000004356.csv
CAN_CSV0000000000018617.csv,CAN_CSV0000000000025303.csv
CAN_CSV0000000000018617.csv,CAN_CSV0000000000021273.csv
CAN_CSV0000000000018617.csv,CAN_CSV0000000000021277.csv
CAN_CSV0000000000018617.csv,CAN_CSV0000000000002739.csv
CAN_CSV0000000000018617.csv,CAN_CSV0000000000004354.csv
CAN_CSV0000000000018617.csv,CAN_CSV0000000000021246.csv
CAN_CSV0000000000018617.csv,CAN_CSV0000000000021269.csv
CAN_CSV0000000000018617.csv,CAN_CSV0000000000021247.csv
CAN_CSV0000000000018617.csv,CAN_CSV0000000000023380.csv
CAN_CSV0000000000018617.csv,CAN_CSV0000000000021238.csv
CAN_CSV0000000000018617.csv,CAN_CSV0000000000008837.csv
CAN_CSV0000000000018617.csv,CAN_CSV0000000000023312.csv
CAN_CSV0000000000018617.csv,CAN_CSV0000000000020732.csv
CAN_CSV0000000000018617.csv,CAN_CSV0000000000003760.csv
CAN_CSV0000000000018617.csv,CAN_CSV0000000000015880.csv
CAN_CSV0000000000018795.csv,CAN_CSV0000000000023709.csv
CAN_CSV0000000000018831.csv,CAN_CSV0000000000023301.csv
CAN_CSV0000000000018831.csv,CAN_CSV0000000000009365.csv
CAN_CSV0000000000018831.csv,CAN_CSV0000000000020825.csv
CAN_CSV0000000000018831.csv,CAN_CSV0000000000027007.csv
CAN_CSV0000000000018831.csv,CAN_CSV0000000000026751.csv
CAN_CSV0000000000018831.csv,CAN_CSV0000000000024660.csv
CAN_CSV0000000000018831.csv,CAN_CSV0000000000017968.csv
CAN_CSV0000000000018831.csv,CAN_CSV0000000000008214.csv
CAN_CSV0000000000018831.csv,CAN_CSV0000000000020052.csv
CAN_CSV0000000000018831.csv,CAN_CSV0000000000003365.csv
CAN_CSV0000000000018831.csv,CAN_CSV0000000000024067.csv
CAN_CSV0000000000018831.csv,CAN_CSV0000000000015161.csv
CAN_CSV0000000000018831.csv,CAN_CSV0000000000025903.csv
CAN_CSV0000000000018831.csv,CAN_CSV0000000000024884.csv
CAN_CSV0000000000018831.csv,CAN_CSV0000000000004586.csv
CAN_CSV0000000000018831.csv,CAN_CSV0000000000003892.csv
CAN_CSV0000000000018831.csv,CAN_CSV0000000000019867.csv
CAN_CSV0000000000018831.csv,CAN_CSV0000000000003088.csv
CAN_CSV0000000000018831.csv,CAN_CSV0000000000017400.csv
CAN_CSV0000000000018831.csv,CAN_CSV0000000000017187.csv
CAN_CSV0000000000018831.csv,CAN_CSV0000000000002762.csv
CAN_CSV0000000000018831.csv,CAN_CSV0000000000003766.csv
CAN_CSV0000000000018831.csv,CAN_CSV0000000000011356.csv
CAN_CSV0000000000018831.csv,CAN_CSV0000000000022992.csv
CAN_CSV0000000000018831.csv,CAN_CSV0000000000010103.csv
CAN_CSV0000000000018831.csv,CAN_CSV0000000000009702.csv
CAN_CSV0000000000019053.csv,CAN_CSV0000000000019321.csv
CAN_CSV0000000000019053.csv,CAN_CSV0000000000023333.csv
CAN_CSV0000000000019053.csv,CAN_CSV0000000000001907.csv
CAN_CSV0000000000019053.csv,CAN_CSV0000000000020224.csv
CAN_CSV0000000000019053.csv,CAN_CSV0000000000002092.csv
CAN_CSV0000000000019053.csv,CAN_CSV0000000000019383.csv
CAN_CSV0000000000019053.csv,CAN_CSV0000000000015232.csv
CAN_CSV0000000000019053.csv,CAN_CSV0000000000025816.csv
CAN_CSV0000000000019053.csv,CAN_CSV0000000000002065.csv
CAN_CSV0000000000019053.csv,CAN_CSV0000000000026164.csv
CAN_CSV0000000000019127.csv,CAN_CSV0000000000001857.csv
CAN_CSV0000000000019127.csv,CAN_CSV0000000000027420.csv
CAN_CSV0000000000019127.csv,CAN_CSV0000000000002088.csv
CAN_CSV0000000000019127.csv,CAN_CSV0000000000001967.csv
CAN_CSV0000000000019127.csv,CAN_CSV0000000000004427.csv
CAN_CSV0000000000019127.csv,CAN_CSV0000000000027341.csv
CAN_CSV0000000000019127.csv,CAN_CSV0000000000008055.csv
CAN_CSV0000000000019127.csv,CAN_CSV0000000000002097.csv
CAN_CSV0000000000019127.csv,CAN_CSV0000000000001406.csv
CAN_CSV0000000000019127.csv,CAN_CSV0000000000001998.csv
CAN_CSV0000000000019127.csv,CAN_CSV0000000000027338.csv
CAN_CSV0000000000019127.csv,CAN_CSV0000000000021150.csv
CAN_CSV0000000000019197.csv,CAN_CSV0000000000017172.csv
CAN_CSV0000000000019197.csv,CAN_CSV0000000000004007.csv
CAN_CSV0000000000019197.csv,CAN_CSV0000000000026244.csv
CAN_CSV0000000000019197.csv,CAN_CSV0000000000008519.csv
CAN_CSV0000000000019197.csv,CAN_CSV0000000000008056.csv
CAN_CSV0000000000019197.csv,CAN_CSV0000000000016797.csv
CAN_CSV0000000000019197.csv,CAN_CSV0000000000009991.csv
CAN_CSV0000000000019197.csv,CAN_CSV0000000000011318.csv
CAN_CSV0000000000019321.csv,CAN_CSV0000000000019053.csv
CAN_CSV0000000000019321.csv,CAN_CSV0000000000023333.csv
CAN_CSV0000000000019321.csv,CAN_CSV0000000000001907.csv
CAN_CSV0000000000019321.csv,CAN_CSV0000000000020224.csv
CAN_CSV0000000000019321.csv,CAN_CSV0000000000002092.csv
CAN_CSV0000000000019321.csv,CAN_CSV0000000000019383.csv
CAN_CSV0000000000019321.csv,CAN_CSV0000000000015232.csv
CAN_CSV0000000000019321.csv,CAN_CSV0000000000025816.csv
CAN_CSV0000000000019321.csv,CAN_CSV0000000000002065.csv
CAN_CSV0000000000019321.csv,CAN_CSV0000000000026164.csv
CAN_CSV0000000000019350.csv,CAN_CSV0000000000025491.csv
CAN_CSV0000000000019350.csv,CAN_CSV0000000000025003.csv
CAN_CSV0000000000019350.csv,CAN_CSV0000000000021699.csv
CAN_CSV0000000000019350.csv,CAN_CSV0000000000025234.csv
CAN_CSV0000000000019350.csv,CAN_CSV0000000000019386.csv
CAN_CSV0000000000019350.csv,CAN_CSV0000000000026749.csv
CAN_CSV0000000000019350.csv,CAN_CSV0000000000016010.csv
CAN_CSV0000000000019350.csv,CAN_CSV0000000000016474.csv
CAN_CSV0000000000019350.csv,CAN_CSV0000000000024695.csv
CAN_CSV0000000000019350.csv,CAN_CSV0000000000010686.csv
CAN_CSV0000000000019350.csv,CAN_CSV0000000000021918.csv
CAN_CSV0000000000019350.csv,CAN_CSV0000000000014829.csv
CAN_CSV0000000000019350.csv,CAN_CSV0000000000025470.csv
CAN_CSV0000000000019350.csv,CAN_CSV0000000000020497.csv
CAN_CSV0000000000019350.csv,CAN_CSV0000000000003245.csv
CAN_CSV0000000000019350.csv,CAN_CSV0000000000008595.csv
CAN_CSV0000000000019350.csv,CAN_CSV0000000000020206.csv
CAN_CSV0000000000019350.csv,CAN_CSV0000000000024531.csv
CAN_CSV0000000000019383.csv,CAN_CSV0000000000019053.csv
CAN_CSV0000000000019383.csv,CAN_CSV0000000000019321.csv
CAN_CSV0000000000019383.csv,CAN_CSV0000000000023333.csv
CAN_CSV0000000000019383.csv,CAN_CSV0000000000001907.csv
CAN_CSV0000000000019383.csv,CAN_CSV0000000000020224.csv
CAN_CSV0000000000019383.csv,CAN_CSV0000000000015232.csv
CAN_CSV0000000000019383.csv,CAN_CSV0000000000025816.csv
CAN_CSV0000000000019383.csv,CAN_CSV0000000000002092.csv
CAN_CSV0000000000019383.csv,CAN_CSV0000000000002065.csv
CAN_CSV0000000000019383.csv,CAN_CSV0000000000026164.csv
CAN_CSV0000000000020162.csv,CAN_CSV0000000000026153.csv
CAN_CSV0000000000020162.csv,CAN_CSV0000000000011164.csv
CAN_CSV0000000000020162.csv,CAN_CSV0000000000020140.csv
CAN_CSV0000000000020162.csv,CAN_CSV0000000000024255.csv
CAN_CSV0000000000020162.csv,CAN_CSV0000000000007604.csv
CAN_CSV0000000000020162.csv,CAN_CSV0000000000017519.csv
CAN_CSV0000000000020186.csv,CAN_CSV0000000000002066.csv
CAN_CSV0000000000020186.csv,CAN_CSV0000000000012054.csv
CAN_CSV0000000000020186.csv,CAN_CSV0000000000009158.csv
CAN_CSV0000000000020186.csv,CAN_CSV0000000000003541.csv
CAN_CSV0000000000020224.csv,CAN_CSV0000000000019053.csv
CAN_CSV0000000000020224.csv,CAN_CSV0000000000019321.csv
CAN_CSV0000000000020224.csv,CAN_CSV0000000000023333.csv
CAN_CSV0000000000020224.csv,CAN_CSV0000000000001907.csv
CAN_CSV0000000000020224.csv,CAN_CSV0000000000002092.csv
CAN_CSV0000000000020224.csv,CAN_CSV0000000000019383.csv
CAN_CSV0000000000020224.csv,CAN_CSV0000000000015232.csv
CAN_CSV0000000000020224.csv,CAN_CSV0000000000025816.csv
CAN_CSV0000000000020224.csv,CAN_CSV0000000000002065.csv
CAN_CSV0000000000020224.csv,CAN_CSV0000000000026164.csv
CAN_CSV0000000000020732.csv,CAN_CSV0000000000018617.csv
CAN_CSV0000000000020732.csv,CAN_CSV0000000000004355.csv
CAN_CSV0000000000020732.csv,CAN_CSV0000000000023940.csv
CAN_CSV0000000000020732.csv,CAN_CSV0000000000018393.csv
CAN_CSV0000000000020732.csv,CAN_CSV0000000000012002.csv
CAN_CSV0000000000020732.csv,CAN_CSV0000000000018044.csv
CAN_CSV0000000000020732.csv,CAN_CSV0000000000019373.csv
CAN_CSV0000000000020732.csv,CAN_CSV0000000000016880.csv
CAN_CSV0000000000020732.csv,CAN_CSV0000000000004353.csv
CAN_CSV0000000000020732.csv,CAN_CSV0000000000021239.csv
CAN_CSV0000000000020732.csv,CAN_CSV0000000000004356.csv
CAN_CSV0000000000020732.csv,CAN_CSV0000000000025303.csv
CAN_CSV0000000000020732.csv,CAN_CSV0000000000021273.csv
CAN_CSV0000000000020732.csv,CAN_CSV0000000000021277.csv
CAN_CSV0000000000020732.csv,CAN_CSV0000000000021246.csv
CAN_CSV0000000000020732.csv,CAN_CSV0000000000004354.csv
CAN_CSV0000000000020732.csv,CAN_CSV0000000000002739.csv
CAN_CSV0000000000020732.csv,CAN_CSV0000000000021269.csv
CAN_CSV0000000000020732.csv,CAN_CSV0000000000021247.csv
CAN_CSV0000000000020732.csv,CAN_CSV0000000000023380.csv
CAN_CSV0000000000020732.csv,CAN_CSV0000000000021238.csv
CAN_CSV0000000000020732.csv,CAN_CSV0000000000008837.csv
CAN_CSV0000000000020732.csv,CAN_CSV0000000000023312.csv
CAN_CSV0000000000020732.csv,CAN_CSV0000000000003760.csv
CAN_CSV0000000000020732.csv,CAN_CSV0000000000015880.csv
CAN_CSV0000000000020828.csv,CAN_CSV0000000000009195.csv
CAN_CSV0000000000020828.csv,CAN_CSV0000000000026958.csv
CAN_CSV0000000000020828.csv,CAN_CSV0000000000019312.csv
CAN_CSV0000000000020828.csv,CAN_CSV0000000000007817.csv
CAN_CSV0000000000020828.csv,CAN_CSV0000000000022220.csv
CAN_CSV0000000000020828.csv,CAN_CSV0000000000012000.csv
CAN_CSV0000000000020828.csv,CAN_CSV0000000000009589.csv
CAN_CSV0000000000020828.csv,CAN_CSV0000000000009988.csv
CAN_CSV0000000000020828.csv,CAN_CSV0000000000004664.csv
CAN_CSV0000000000020828.csv,CAN_CSV0000000000019497.csv
CAN_CSV0000000000020828.csv,CAN_CSV0000000000004423.csv
CAN_CSV0000000000020828.csv,CAN_CSV0000000000022938.csv
CAN_CSV0000000000020828.csv,CAN_CSV0000000000020767.csv
CAN_CSV0000000000020828.csv,CAN_CSV0000000000016708.csv
CAN_CSV0000000000020828.csv,CAN_CSV0000000000023039.csv
CAN_CSV0000000000020828.csv,CAN_CSV0000000000022994.csv
CAN_CSV0000000000020828.csv,CAN_CSV0000000000017014.csv
CAN_CSV0000000000020828.csv,CAN_CSV0000000000009181.csv
CAN_CSV0000000000020828.csv,CAN_CSV0000000000025498.csv
CAN_CSV0000000000020828.csv,CAN_CSV0000000000026189.csv
CAN_CSV0000000000020828.csv,CAN_CSV0000000000010829.csv
CAN_CSV0000000000020828.csv,CAN_CSV0000000000007497.csv
CAN_CSV0000000000020828.csv,CAN_CSV0000000000020154.csv
CAN_CSV0000000000020828.csv,CAN_CSV0000000000015209.csv
CAN_CSV0000000000020848.csv,CAN_CSV0000000000018668.csv
CAN_CSV0000000000020848.csv,CAN_CSV0000000000017417.csv
CAN_CSV0000000000020848.csv,CAN_CSV0000000000025606.csv
CAN_CSV0000000000020848.csv,CAN_CSV0000000000008603.csv
CAN_CSV0000000000020848.csv,CAN_CSV0000000000017572.csv
CAN_CSV0000000000020848.csv,CAN_CSV0000000000009470.csv
CAN_CSV0000000000020848.csv,CAN_CSV0000000000026925.csv
CAN_CSV0000000000020848.csv,CAN_CSV0000000000024354.csv
CAN_CSV0000000000020848.csv,CAN_CSV0000000000025790.csv
CAN_CSV0000000000020848.csv,CAN_CSV0000000000020310.csv
CAN_CSV0000000000020848.csv,CAN_CSV0000000000015163.csv
CAN_CSV0000000000020848.csv,CAN_CSV0000000000016082.csv
CAN_CSV0000000000020848.csv,CAN_CSV0000000000022431.csv
CAN_CSV0000000000020848.csv,CAN_CSV0000000000019300.csv
CAN_CSV0000000000020848.csv,CAN_CSV0000000000011643.csv
CAN_CSV0000000000020848.csv,CAN_CSV0000000000008071.csv
CAN_CSV0000000000020848.csv,CAN_CSV0000000000023229.csv
CAN_CSV0000000000020848.csv,CAN_CSV0000000000022990.csv
CAN_CSV0000000000020848.csv,CAN_CSV0000000000023751.csv
CAN_CSV0000000000020848.csv,CAN_CSV0000000000016419.csv
CAN_CSV0000000000020848.csv,CAN_CSV0000000000008615.csv
CAN_CSV0000000000020848.csv,CAN_CSV0000000000026372.csv
CAN_CSV0000000000020848.csv,CAN_CSV0000000000021735.csv
CAN_CSV0000000000020848.csv,CAN_CSV0000000000023496.csv
CAN_CSV0000000000020848.csv,CAN_CSV0000000000007881.csv
CAN_CSV0000000000020848.csv,CAN_CSV0000000000012299.csv
CAN_CSV0000000000020848.csv,CAN_CSV0000000000017552.csv
CAN_CSV0000000000020848.csv,CAN_CSV0000000000015330.csv
CAN_CSV0000000000020848.csv,CAN_CSV0000000000023562.csv
CAN_CSV0000000000020848.csv,CAN_CSV0000000000009663.csv
CAN_CSV0000000000020848.csv,CAN_CSV0000000000010497.csv
CAN_CSV0000000000020848.csv,CAN_CSV0000000000010124.csv
CAN_CSV0000000000020848.csv,CAN_CSV0000000000009986.csv
CAN_CSV0000000000020848.csv,CAN_CSV0000000000017129.csv
CAN_CSV0000000000020848.csv,CAN_CSV0000000000002634.csv
CAN_CSV0000000000020848.csv,CAN_CSV0000000000011705.csv
CAN_CSV0000000000020848.csv,CAN_CSV0000000000003274.csv
CAN_CSV0000000000020848.csv,CAN_CSV0000000000026045.csv
CAN_CSV0000000000020982.csv,CAN_CSV0000000000021456.csv
CAN_CSV0000000000020982.csv,CAN_CSV0000000000019524.csv
CAN_CSV0000000000020982.csv,CAN_CSV0000000000014985.csv
CAN_CSV0000000000020982.csv,CAN_CSV0000000000010542.csv
CAN_CSV0000000000020982.csv,CAN_CSV0000000000019879.csv
CAN_CSV0000000000020982.csv,CAN_CSV0000000000007349.csv
CAN_CSV0000000000020982.csv,CAN_CSV0000000000021893.csv
CAN_CSV0000000000020982.csv,CAN_CSV0000000000011154.csv
CAN_CSV0000000000020982.csv,CAN_CSV0000000000010054.csv
CAN_CSV0000000000020982.csv,CAN_CSV0000000000022908.csv
CAN_CSV0000000000020982.csv,CAN_CSV0000000000020774.csv
CAN_CSV0000000000020982.csv,CAN_CSV0000000000018400.csv
CAN_CSV0000000000020982.csv,CAN_CSV0000000000026772.csv
CAN_CSV0000000000020982.csv,CAN_CSV0000000000016576.csv
CAN_CSV0000000000021023.csv,CAN_CSV0000000000001771.csv
CAN_CSV0000000000021106.csv,CAN_CSV0000000000024000.csv
CAN_CSV0000000000021111.csv,CAN_CSV0000000000023461.csv
CAN_CSV0000000000021111.csv,CAN_CSV0000000000007906.csv
CAN_CSV0000000000021111.csv,CAN_CSV0000000000003463.csv
CAN_CSV0000000000021111.csv,CAN_CSV0000000000021930.csv
CAN_CSV0000000000021111.csv,CAN_CSV0000000000010564.csv
CAN_CSV0000000000021111.csv,CAN_CSV0000000000003410.csv
CAN_CSV0000000000021111.csv,CAN_CSV0000000000024221.csv
CAN_CSV0000000000021111.csv,CAN_CSV0000000000017078.csv
CAN_CSV0000000000021111.csv,CAN_CSV0000000000016713.csv
CAN_CSV0000000000021111.csv,CAN_CSV0000000000022435.csv
CAN_CSV0000000000021131.csv,CAN_CSV0000000000024770.csv
CAN_CSV0000000000021131.csv,CAN_CSV0000000000026997.csv
CAN_CSV0000000000021131.csv,CAN_CSV0000000000009726.csv
CAN_CSV0000000000021131.csv,CAN_CSV0000000000016992.csv
CAN_CSV0000000000021131.csv,CAN_CSV0000000000021070.csv
CAN_CSV0000000000021131.csv,CAN_CSV0000000000015295.csv
CAN_CSV0000000000021131.csv,CAN_CSV0000000000024866.csv
CAN_CSV0000000000021131.csv,CAN_CSV0000000000009265.csv
CAN_CSV0000000000021131.csv,CAN_CSV0000000000009120.csv
CAN_CSV0000000000021131.csv,CAN_CSV0000000000021102.csv
CAN_CSV0000000000021131.csv,CAN_CSV0000000000026380.csv
CAN_CSV0000000000021131.csv,CAN_CSV0000000000003595.csv
CAN_CSV0000000000021131.csv,CAN_CSV0000000000010608.csv
CAN_CSV0000000000021131.csv,CAN_CSV0000000000004648.csv
CAN_CSV0000000000021131.csv,CAN_CSV0000000000023066.csv
CAN_CSV0000000000021131.csv,CAN_CSV0000000000022177.csv
CAN_CSV0000000000021131.csv,CAN_CSV0000000000010611.csv
CAN_CSV0000000000021131.csv,CAN_CSV0000000000017606.csv
CAN_CSV0000000000021191.csv,CAN_CSV0000000000015082.csv
CAN_CSV0000000000021191.csv,CAN_CSV0000000000026240.csv
CAN_CSV0000000000021191.csv,CAN_CSV0000000000026004.csv
CAN_CSV0000000000021191.csv,CAN_CSV0000000000015108.csv
CAN_CSV0000000000021191.csv,CAN_CSV0000000000009546.csv
CAN_CSV0000000000021191.csv,CAN_CSV0000000000015112.csv
CAN_CSV0000000000021191.csv,CAN_CSV0000000000015073.csv
CAN_CSV0000000000021191.csv,CAN_CSV0000000000001954.csv
CAN_CSV0000000000021238.csv,CAN_CSV0000000000018617.csv
CAN_CSV0000000000021238.csv,CAN_CSV0000000000004355.csv
CAN_CSV0000000000021238.csv,CAN_CSV0000000000023940.csv
CAN_CSV0000000000021238.csv,CAN_CSV0000000000018044.csv
CAN_CSV0000000000021238.csv,CAN_CSV0000000000018393.csv
CAN_CSV0000000000021238.csv,CAN_CSV0000000000019373.csv
CAN_CSV0000000000021238.csv,CAN_CSV0000000000016880.csv
CAN_CSV0000000000021238.csv,CAN_CSV0000000000004353.csv
CAN_CSV0000000000021238.csv,CAN_CSV0000000000021239.csv
CAN_CSV0000000000021238.csv,CAN_CSV0000000000004356.csv
CAN_CSV0000000000021238.csv,CAN_CSV0000000000025303.csv
CAN_CSV0000000000021238.csv,CAN_CSV0000000000021273.csv
CAN_CSV0000000000021238.csv,CAN_CSV0000000000021277.csv
CAN_CSV0000000000021238.csv,CAN_CSV0000000000021246.csv
CAN_CSV0000000000021238.csv,CAN_CSV0000000000004354.csv
CAN_CSV0000000000021238.csv,CAN_CSV0000000000002739.csv
CAN_CSV0000000000021238.csv,CAN_CSV0000000000021269.csv
CAN_CSV0000000000021238.csv,CAN_CSV0000000000021247.csv
CAN_CSV0000000000021238.csv,CAN_CSV0000000000023380.csv
CAN_CSV0000000000021238.csv,CAN_CSV0000000000008837.csv
CAN_CSV0000000000021238.csv,CAN_CSV0000000000020732.csv
CAN_CSV0000000000021238.csv,CAN_CSV0000000000003760.csv
CAN_CSV0000000000021238.csv,CAN_CSV0000000000015880.csv
CAN_CSV0000000000021313.csv,CAN_CSV0000000000024802.csv
CAN_CSV0000000000021313.csv,CAN_CSV0000000000024791.csv
CAN_CSV0000000000021313.csv,CAN_CSV0000000000024799.csv
CAN_CSV0000000000021313.csv,CAN_CSV0000000000016611.csv
CAN_CSV0000000000021313.csv,CAN_CSV0000000000008555.csv
CAN_CSV0000000000021313.csv,CAN_CSV0000000000024789.csv
CAN_CSV0000000000021313.csv,CAN_CSV0000000000024800.csv
CAN_CSV0000000000021313.csv,CAN_CSV0000000000024803.csv
CAN_CSV0000000000021313.csv,CAN_CSV0000000000024224.csv
CAN_CSV0000000000021313.csv,CAN_CSV0000000000009604.csv
CAN_CSV0000000000021313.csv,CAN_CSV0000000000010053.csv
CAN_CSV0000000000021313.csv,CAN_CSV0000000000024797.csv
CAN_CSV0000000000021313.csv,CAN_CSV0000000000011949.csv
CAN_CSV0000000000021313.csv,CAN_CSV0000000000024796.csv
CAN_CSV0000000000021313.csv,CAN_CSV0000000000024792.csv
CAN_CSV0000000000021313.csv,CAN_CSV0000000000024790.csv
CAN_CSV0000000000021313.csv,CAN_CSV0000000000024795.csv
CAN_CSV0000000000021313.csv,CAN_CSV0000000000024798.csv
CAN_CSV0000000000021313.csv,CAN_CSV0000000000024784.csv
CAN_CSV0000000000021313.csv,CAN_CSV0000000000007769.csv
CAN_CSV0000000000021313.csv,CAN_CSV0000000000024794.csv
CAN_CSV0000000000021776.csv,CAN_CSV0000000000024786.csv
CAN_CSV0000000000021776.csv,CAN_CSV0000000000027006.csv
CAN_CSV0000000000021776.csv,CAN_CSV0000000000024783.csv
CAN_CSV0000000000021866.csv,CAN_CSV0000000000022733.csv
CAN_CSV0000000000021866.csv,CAN_CSV0000000000018897.csv
CAN_CSV0000000000021866.csv,CAN_CSV0000000000020694.csv
CAN_CSV0000000000021866.csv,CAN_CSV0000000000011762.csv
CAN_CSV0000000000021866.csv,CAN_CSV0000000000019869.csv
CAN_CSV0000000000021866.csv,CAN_CSV0000000000001860.csv
CAN_CSV0000000000021866.csv,CAN_CSV0000000000016912.csv
CAN_CSV0000000000021866.csv,CAN_CSV0000000000015285.csv
CAN_CSV0000000000021866.csv,CAN_CSV0000000000019410.csv
CAN_CSV0000000000021866.csv,CAN_CSV0000000000024021.csv
CAN_CSV0000000000021866.csv,CAN_CSV0000000000026768.csv
CAN_CSV0000000000022034.csv,CAN_CSV0000000000009072.csv
CAN_CSV0000000000022034.csv,CAN_CSV0000000000011345.csv
CAN_CSV0000000000022034.csv,CAN_CSV0000000000023188.csv
CAN_CSV0000000000022034.csv,CAN_CSV0000000000008950.csv
CAN_CSV0000000000022085.csv,CAN_CSV0000000000023594.csv
CAN_CSV0000000000022085.csv,CAN_CSV0000000000026906.csv
CAN_CSV0000000000022085.csv,CAN_CSV0000000000019312.csv
CAN_CSV0000000000022085.csv,CAN_CSV0000000000007817.csv
CAN_CSV0000000000022085.csv,CAN_CSV0000000000022220.csv
CAN_CSV0000000000022085.csv,CAN_CSV0000000000018957.csv
CAN_CSV0000000000022085.csv,CAN_CSV0000000000008876.csv
CAN_CSV0000000000022085.csv,CAN_CSV0000000000011101.csv
CAN_CSV0000000000022085.csv,CAN_CSV0000000000010341.csv
CAN_CSV0000000000022085.csv,CAN_CSV0000000000009589.csv
CAN_CSV0000000000022085.csv,CAN_CSV0000000000011377.csv
CAN_CSV0000000000022085.csv,CAN_CSV0000000000009988.csv
CAN_CSV0000000000022085.csv,CAN_CSV0000000000010878.csv
CAN_CSV0000000000022085.csv,CAN_CSV0000000000004664.csv
CAN_CSV0000000000022085.csv,CAN_CSV0000000000019497.csv
CAN_CSV0000000000022085.csv,CAN_CSV0000000000023627.csv
CAN_CSV0000000000022085.csv,CAN_CSV0000000000024886.csv
CAN_CSV0000000000022085.csv,CAN_CSV0000000000004423.csv
CAN_CSV0000000000022085.csv,CAN_CSV0000000000017795.csv
CAN_CSV0000000000022085.csv,CAN_CSV0000000000009824.csv
CAN_CSV0000000000022085.csv,CAN_CSV0000000000011611.csv
CAN_CSV0000000000022085.csv,CAN_CSV0000000000008601.csv
CAN_CSV0000000000022085.csv,CAN_CSV0000000000016708.csv
CAN_CSV0000000000022085.csv,CAN_CSV0000000000011178.csv
CAN_CSV0000000000022085.csv,CAN_CSV0000000000021577.csv
CAN_CSV0000000000022085.csv,CAN_CSV0000000000022994.csv
CAN_CSV0000000000022085.csv,CAN_CSV0000000000023860.csv
CAN_CSV0000000000022085.csv,CAN_CSV0000000000022232.csv
CAN_CSV0000000000022085.csv,CAN_CSV0000000000009121.csv
CAN_CSV0000000000022085.csv,CAN_CSV0000000000025498.csv
CAN_CSV0000000000022085.csv,CAN_CSV0000000000026189.csv
CAN_CSV0000000000022085.csv,CAN_CSV0000000000023449.csv
CAN_CSV0000000000022085.csv,CAN_CSV0000000000011236.csv
CAN_CSV0000000000022085.csv,CAN_CSV0000000000003311.csv
CAN_CSV0000000000022085.csv,CAN_CSV0000000000003354.csv
CAN_CSV0000000000022085.csv,CAN_CSV0000000000016801.csv
CAN_CSV0000000000022085.csv,CAN_CSV0000000000007497.csv
CAN_CSV0000000000022085.csv,CAN_CSV0000000000020154.csv
CAN_CSV0000000000022085.csv,CAN_CSV0000000000017771.csv
CAN_CSV0000000000022085.csv,CAN_CSV0000000000026357.csv
CAN_CSV0000000000022085.csv,CAN_CSV0000000000015209.csv
CAN_CSV0000000000022085.csv,CAN_CSV0000000000024767.csv
CAN_CSV0000000000022085.csv,CAN_CSV0000000000007784.csv
CAN_CSV0000000000022085.csv,CAN_CSV0000000000011074.csv
CAN_CSV0000000000022398.csv,CAN_CSV0000000000001694.csv
CAN_CSV0000000000022503.csv,CAN_CSV0000000000002111.csv
CAN_CSV0000000000022503.csv,CAN_CSV0000000000017453.csv
CAN_CSV0000000000022503.csv,CAN_CSV0000000000022149.csv
CAN_CSV0000000000022503.csv,CAN_CSV0000000000026782.csv
CAN_CSV0000000000022503.csv,CAN_CSV0000000000021405.csv
CAN_CSV0000000000022503.csv,CAN_CSV0000000000017304.csv
CAN_CSV0000000000022503.csv,CAN_CSV0000000000022208.csv
CAN_CSV0000000000022503.csv,CAN_CSV0000000000009401.csv
CAN_CSV0000000000022503.csv,CAN_CSV0000000000011333.csv
CAN_CSV0000000000022503.csv,CAN_CSV0000000000001453.csv
CAN_CSV0000000000022503.csv,CAN_CSV0000000000015908.csv
CAN_CSV0000000000022503.csv,CAN_CSV0000000000004404.csv
CAN_CSV0000000000022503.csv,CAN_CSV0000000000018895.csv
CAN_CSV0000000000022503.csv,CAN_CSV0000000000016186.csv
CAN_CSV0000000000022503.csv,CAN_CSV0000000000027397.csv
CAN_CSV0000000000022503.csv,CAN_CSV0000000000024578.csv
CAN_CSV0000000000022503.csv,CAN_CSV0000000000015850.csv
CAN_CSV0000000000022503.csv,CAN_CSV0000000000025864.csv
CAN_CSV0000000000022503.csv,CAN_CSV0000000000027417.csv
CAN_CSV0000000000022503.csv,CAN_CSV0000000000001686.csv
CAN_CSV0000000000022503.csv,CAN_CSV0000000000020165.csv
CAN_CSV0000000000022503.csv,CAN_CSV0000000000026036.csv
CAN_CSV0000000000022503.csv,CAN_CSV0000000000008133.csv
CAN_CSV0000000000022503.csv,CAN_CSV0000000000021962.csv
CAN_CSV0000000000022503.csv,CAN_CSV0000000000020974.csv
CAN_CSV0000000000022503.csv,CAN_CSV0000000000024692.csv
CAN_CSV0000000000022503.csv,CAN_CSV0000000000025680.csv
CAN_CSV0000000000022503.csv,CAN_CSV0000000000009738.csv
CAN_CSV0000000000022503.csv,CAN_CSV0000000000011659.csv
CAN_CSV0000000000022503.csv,CAN_CSV0000000000023859.csv
CAN_CSV0000000000022503.csv,CAN_CSV0000000000026190.csv
CAN_CSV0000000000022503.csv,CAN_CSV0000000000016209.csv
CAN_CSV0000000000022503.csv,CAN_CSV0000000000002046.csv
CAN_CSV0000000000022503.csv,CAN_CSV0000000000017039.csv
CAN_CSV0000000000022503.csv,CAN_CSV0000000000019550.csv
CAN_CSV0000000000022699.csv,CAN_CSV0000000000001676.csv
CAN_CSV0000000000022699.csv,CAN_CSV0000000000002121.csv
CAN_CSV0000000000022699.csv,CAN_CSV0000000000011295.csv
CAN_CSV0000000000022699.csv,CAN_CSV0000000000022917.csv
CAN_CSV0000000000022699.csv,CAN_CSV0000000000001455.csv
CAN_CSV0000000000022699.csv,CAN_CSV0000000000001454.csv
CAN_CSV0000000000022699.csv,CAN_CSV0000000000002062.csv
CAN_CSV0000000000022699.csv,CAN_CSV0000000000018607.csv
CAN_CSV0000000000022699.csv,CAN_CSV0000000000027334.csv
CAN_CSV0000000000022699.csv,CAN_CSV0000000000002014.csv
CAN_CSV0000000000022699.csv,CAN_CSV0000000000009606.csv
CAN_CSV0000000000022699.csv,CAN_CSV0000000000021195.csv
CAN_CSV0000000000022699.csv,CAN_CSV0000000000001317.csv
CAN_CSV0000000000022699.csv,CAN_CSV0000000000017236.csv
CAN_CSV0000000000022699.csv,CAN_CSV0000000000008751.csv
CAN_CSV0000000000022798.csv,CAN_CSV0000000000020036.csv
CAN_CSV0000000000022798.csv,CAN_CSV0000000000001895.csv
CAN_CSV0000000000022798.csv,CAN_CSV0000000000010499.csv
CAN_CSV0000000000022798.csv,CAN_CSV0000000000012108.csv
CAN_CSV0000000000022798.csv,CAN_CSV0000000000016296.csv
CAN_CSV0000000000022798.csv,CAN_CSV0000000000023602.csv
CAN_CSV0000000000022798.csv,CAN_CSV0000000000021927.csv
CAN_CSV0000000000022798.csv,CAN_CSV0000000000007299.csv
CAN_CSV0000000000022798.csv,CAN_CSV0000000000026441.csv
CAN_CSV0000000000022798.csv,CAN_CSV0000000000010464.csv
CAN_CSV0000000000022798.csv,CAN_CSV0000000000003100.csv
CAN_CSV0000000000022798.csv,CAN_CSV0000000000008699.csv
CAN_CSV0000000000022798.csv,CAN_CSV0000000000003356.csv
CAN_CSV0000000000022798.csv,CAN_CSV0000000000016370.csv
CAN_CSV0000000000022798.csv,CAN_CSV0000000000015899.csv
CAN_CSV0000000000022798.csv,CAN_CSV0000000000001900.csv
CAN_CSV0000000000022846.csv,CAN_CSV0000000000025606.csv
CAN_CSV0000000000022846.csv,CAN_CSV0000000000018668.csv
CAN_CSV0000000000022846.csv,CAN_CSV0000000000017572.csv
CAN_CSV0000000000022846.csv,CAN_CSV0000000000026925.csv
CAN_CSV0000000000022846.csv,CAN_CSV0000000000024354.csv
CAN_CSV0000000000022846.csv,CAN_CSV0000000000009470.csv
CAN_CSV0000000000022846.csv,CAN_CSV0000000000015163.csv
CAN_CSV0000000000022846.csv,CAN_CSV0000000000022431.csv
CAN_CSV0000000000022846.csv,CAN_CSV0000000000016082.csv
CAN_CSV0000000000022846.csv,CAN_CSV0000000000019300.csv
CAN_CSV0000000000022846.csv,CAN_CSV0000000000011643.csv
CAN_CSV0000000000022846.csv,CAN_CSV0000000000020848.csv
CAN_CSV0000000000022846.csv,CAN_CSV0000000000008071.csv
CAN_CSV0000000000022846.csv,CAN_CSV0000000000023751.csv
CAN_CSV0000000000022846.csv,CAN_CSV0000000000007881.csv
CAN_CSV0000000000022846.csv,CAN_CSV0000000000012299.csv
CAN_CSV0000000000022846.csv,CAN_CSV0000000000017552.csv
CAN_CSV0000000000022846.csv,CAN_CSV0000000000015330.csv
CAN_CSV0000000000022846.csv,CAN_CSV0000000000010124.csv
CAN_CSV0000000000022846.csv,CAN_CSV0000000000009119.csv
CAN_CSV0000000000022846.csv,CAN_CSV0000000000011432.csv
CAN_CSV0000000000022846.csv,CAN_CSV0000000000002634.csv
CAN_CSV0000000000022925.csv,CAN_CSV0000000000018695.csv
CAN_CSV0000000000022925.csv,CAN_CSV0000000000019213.csv
CAN_CSV0000000000022925.csv,CAN_CSV0000000000017063.csv
CAN_CSV0000000000022925.csv,CAN_CSV0000000000010746.csv
CAN_CSV0000000000022925.csv,CAN_CSV0000000000009543.csv
CAN_CSV0000000000022925.csv,CAN_CSV0000000000003046.csv
CAN_CSV0000000000023229.csv,CAN_CSV0000000000022990.csv
CAN_CSV0000000000023229.csv,CAN_CSV0000000000017417.csv
CAN_CSV0000000000023229.csv,CAN_CSV0000000000023562.csv
CAN_CSV0000000000023229.csv,CAN_CSV0000000000008615.csv
CAN_CSV0000000000023229.csv,CAN_CSV0000000000009663.csv
CAN_CSV0000000000023229.csv,CAN_CSV0000000000008603.csv
CAN_CSV0000000000023229.csv,CAN_CSV0000000000026372.csv
CAN_CSV0000000000023229.csv,CAN_CSV0000000000010497.csv
CAN_CSV0000000000023229.csv,CAN_CSV0000000000010078.csv
CAN_CSV0000000000023229.csv,CAN_CSV0000000000009375.csv
CAN_CSV0000000000023229.csv,CAN_CSV0000000000017148.csv
CAN_CSV0000000000023229.csv,CAN_CSV0000000000021735.csv
CAN_CSV0000000000023229.csv,CAN_CSV0000000000023496.csv
CAN_CSV0000000000023229.csv,CAN_CSV0000000000020310.csv
CAN_CSV0000000000023229.csv,CAN_CSV0000000000016529.csv
CAN_CSV0000000000023229.csv,CAN_CSV0000000000007607.csv
CAN_CSV0000000000023233.csv,CAN_CSV0000000000007900.csv
CAN_CSV0000000000023233.csv,CAN_CSV0000000000016177.csv
CAN_CSV0000000000023333.csv,CAN_CSV0000000000019053.csv
CAN_CSV0000000000023333.csv,CAN_CSV0000000000019321.csv
CAN_CSV0000000000023333.csv,CAN_CSV0000000000001907.csv
CAN_CSV0000000000023333.csv,CAN_CSV0000000000020224.csv
CAN_CSV0000000000023333.csv,CAN_CSV0000000000002092.csv
CAN_CSV0000000000023333.csv,CAN_CSV0000000000019383.csv
CAN_CSV0000000000023333.csv,CAN_CSV0000000000015232.csv
CAN_CSV0000000000023333.csv,CAN_CSV0000000000025816.csv
CAN_CSV0000000000023333.csv,CAN_CSV0000000000002065.csv
CAN_CSV0000000000023333.csv,CAN_CSV0000000000026164.csv
CAN_CSV0000000000023436.csv,CAN_CSV0000000000002111.csv
CAN_CSV0000000000023436.csv,CAN_CSV0000000000017453.csv
CAN_CSV0000000000023436.csv,CAN_CSV0000000000022149.csv
CAN_CSV0000000000023436.csv,CAN_CSV0000000000026782.csv
CAN_CSV0000000000023436.csv,CAN_CSV0000000000021405.csv
CAN_CSV0000000000023436.csv,CAN_CSV0000000000017304.csv
CAN_CSV0000000000023436.csv,CAN_CSV0000000000022208.csv
CAN_CSV0000000000023436.csv,CAN_CSV0000000000009401.csv
CAN_CSV0000000000023436.csv,CAN_CSV0000000000011333.csv
CAN_CSV0000000000023436.csv,CAN_CSV0000000000001453.csv
CAN_CSV0000000000023436.csv,CAN_CSV0000000000004404.csv
CAN_CSV0000000000023436.csv,CAN_CSV0000000000015908.csv
CAN_CSV0000000000023436.csv,CAN_CSV0000000000018895.csv
CAN_CSV0000000000023436.csv,CAN_CSV0000000000016186.csv
CAN_CSV0000000000023436.csv,CAN_CSV0000000000027397.csv
CAN_CSV0000000000023436.csv,CAN_CSV0000000000024578.csv
CAN_CSV0000000000023436.csv,CAN_CSV0000000000015850.csv
CAN_CSV0000000000023436.csv,CAN_CSV0000000000025864.csv
CAN_CSV0000000000023436.csv,CAN_CSV0000000000027417.csv
CAN_CSV0000000000023436.csv,CAN_CSV0000000000001686.csv
CAN_CSV0000000000023436.csv,CAN_CSV0000000000020165.csv
CAN_CSV0000000000023436.csv,CAN_CSV0000000000008133.csv
CAN_CSV0000000000023436.csv,CAN_CSV0000000000021962.csv
CAN_CSV0000000000023436.csv,CAN_CSV0000000000020974.csv
CAN_CSV0000000000023436.csv,CAN_CSV0000000000002075.csv
CAN_CSV0000000000023436.csv,CAN_CSV0000000000008462.csv
CAN_CSV0000000000023436.csv,CAN_CSV0000000000010598.csv
CAN_CSV0000000000023436.csv,CAN_CSV0000000000001442.csv
CAN_CSV0000000000023436.csv,CAN_CSV0000000000017299.csv
CAN_CSV0000000000023436.csv,CAN_CSV0000000000009285.csv
CAN_CSV0000000000023436.csv,CAN_CSV0000000000002046.csv
CAN_CSV0000000000023436.csv,CAN_CSV0000000000009444.csv
CAN_CSV0000000000023436.csv,CAN_CSV0000000000017939.csv
CAN_CSV0000000000023436.csv,CAN_CSV0000000000017242.csv
CAN_CSV0000000000024000.csv,CAN_CSV0000000000021106.csv
CAN_CSV0000000000024041.csv,CAN_CSV0000000000024770.csv
CAN_CSV0000000000024041.csv,CAN_CSV0000000000026997.csv
CAN_CSV0000000000024041.csv,CAN_CSV0000000000009726.csv
CAN_CSV0000000000024041.csv,CAN_CSV0000000000016992.csv
CAN_CSV0000000000024041.csv,CAN_CSV0000000000021070.csv
CAN_CSV0000000000024041.csv,CAN_CSV0000000000015295.csv
CAN_CSV0000000000024041.csv,CAN_CSV0000000000024866.csv
CAN_CSV0000000000024041.csv,CAN_CSV0000000000009265.csv
CAN_CSV0000000000024041.csv,CAN_CSV0000000000009120.csv
CAN_CSV0000000000024041.csv,CAN_CSV0000000000021102.csv
CAN_CSV0000000000024041.csv,CAN_CSV0000000000026380.csv
CAN_CSV0000000000024041.csv,CAN_CSV0000000000003595.csv
CAN_CSV0000000000024041.csv,CAN_CSV0000000000010608.csv
CAN_CSV0000000000024041.csv,CAN_CSV0000000000019161.csv
CAN_CSV0000000000024041.csv,CAN_CSV0000000000004648.csv
CAN_CSV0000000000024041.csv,CAN_CSV0000000000023066.csv
CAN_CSV0000000000024041.csv,CAN_CSV0000000000022177.csv
CAN_CSV0000000000024041.csv,CAN_CSV0000000000021131.csv
CAN_CSV0000000000024041.csv,CAN_CSV0000000000010611.csv
CAN_CSV0000000000024067.csv,CAN_CSV0000000000020825.csv
CAN_CSV0000000000024067.csv,CAN_CSV0000000000027007.csv
CAN_CSV0000000000024067.csv,CAN_CSV0000000000026751.csv
CAN_CSV0000000000024067.csv,CAN_CSV0000000000024660.csv
CAN_CSV0000000000024067.csv,CAN_CSV0000000000008214.csv
CAN_CSV0000000000024067.csv,CAN_CSV0000000000020052.csv
CAN_CSV0000000000024067.csv,CAN_CSV0000000000003365.csv
CAN_CSV0000000000024067.csv,CAN_CSV0000000000015161.csv
CAN_CSV0000000000024067.csv,CAN_CSV0000000000025903.csv
CAN_CSV0000000000024067.csv,CAN_CSV0000000000024884.csv
CAN_CSV0000000000024067.csv,CAN_CSV0000000000004586.csv
CAN_CSV0000000000024067.csv,CAN_CSV0000000000019867.csv
CAN_CSV0000000000024067.csv,CAN_CSV0000000000003088.csv
CAN_CSV0000000000024067.csv,CAN_CSV0000000000017400.csv
CAN_CSV0000000000024067.csv,CAN_CSV0000000000018831.csv
CAN_CSV0000000000024067.csv,CAN_CSV0000000000002762.csv
CAN_CSV0000000000024067.csv,CAN_CSV0000000000003766.csv
CAN_CSV0000000000024067.csv,CAN_CSV0000000000011356.csv
CAN_CSV0000000000024067.csv,CAN_CSV0000000000022992.csv
CAN_CSV0000000000024067.csv,CAN_CSV0000000000010103.csv
CAN_CSV0000000000024067.csv,CAN_CSV0000000000009702.csv
CAN_CSV0000000000024221.csv,CAN_CSV0000000000003463.csv
CAN_CSV0000000000024221.csv,CAN_CSV0000000000010564.csv
CAN_CSV0000000000024221.csv,CAN_CSV0000000000017078.csv
CAN_CSV0000000000024221.csv,CAN_CSV0000000000021111.csv
CAN_CSV0000000000024221.csv,CAN_CSV0000000000022435.csv
CAN_CSV0000000000024255.csv,CAN_CSV0000000000026153.csv
CAN_CSV0000000000024255.csv,CAN_CSV0000000000011164.csv
CAN_CSV0000000000024255.csv,CAN_CSV0000000000020140.csv
CAN_CSV0000000000024255.csv,CAN_CSV0000000000008817.csv
CAN_CSV0000000000024255.csv,CAN_CSV0000000000007604.csv
CAN_CSV0000000000024354.csv,CAN_CSV0000000000025606.csv
CAN_CSV0000000000024354.csv,CAN_CSV0000000000018668.csv
CAN_CSV0000000000024354.csv,CAN_CSV0000000000017572.csv
CAN_CSV0000000000024354.csv,CAN_CSV0000000000026925.csv
CAN_CSV0000000000024354.csv,CAN_CSV0000000000009470.csv
CAN_CSV0000000000024354.csv,CAN_CSV0000000000015163.csv
CAN_CSV0000000000024354.csv,CAN_CSV0000000000022431.csv
CAN_CSV0000000000024354.csv,CAN_CSV0000000000016082.csv
CAN_CSV0000000000024354.csv,CAN_CSV0000000000019300.csv
CAN_CSV0000000000024354.csv,CAN_CSV0000000000011643.csv
CAN_CSV0000000000024354.csv,CAN_CSV0000000000020848.csv
CAN_CSV0000000000024354.csv,CAN_CSV0000000000008071.csv
CAN_CSV0000000000024354.csv,CAN_CSV0000000000023751.csv
CAN_CSV0000000000024354.csv,CAN_CSV0000000000007881.csv
CAN_CSV0000000000024354.csv,CAN_CSV0000000000017552.csv
CAN_CSV0000000000024354.csv,CAN_CSV0000000000015330.csv
CAN_CSV0000000000024354.csv,CAN_CSV0000000000010124.csv
CAN_CSV0000000000024354.csv,CAN_CSV0000000000009119.csv
CAN_CSV0000000000024354.csv,CAN_CSV0000000000011432.csv
CAN_CSV0000000000024354.csv,CAN_CSV0000000000002634.csv
CAN_CSV0000000000024354.csv,CAN_CSV0000000000015002.csv
CAN_CSV0000000000024354.csv,CAN_CSV0000000000023718.csv
CAN_CSV0000000000024354.csv,CAN_CSV0000000000022846.csv
CAN_CSV0000000000024578.csv,CAN_CSV0000000000002111.csv
CAN_CSV0000000000024578.csv,CAN_CSV0000000000017453.csv
CAN_CSV0000000000024578.csv,CAN_CSV0000000000022149.csv
CAN_CSV0000000000024578.csv,CAN_CSV0000000000026782.csv
CAN_CSV0000000000024578.csv,CAN_CSV0000000000021405.csv
CAN_CSV0000000000024578.csv,CAN_CSV0000000000017304.csv
CAN_CSV0000000000024578.csv,CAN_CSV0000000000022208.csv
CAN_CSV0000000000024578.csv,CAN_CSV0000000000009401.csv
CAN_CSV0000000000024578.csv,CAN_CSV0000000000011333.csv
CAN_CSV0000000000024578.csv,CAN_CSV0000000000001453.csv
CAN_CSV0000000000024578.csv,CAN_CSV0000000000015908.csv
CAN_CSV0000000000024578.csv,CAN_CSV0000000000004404.csv
CAN_CSV0000000000024578.csv,CAN_CSV0000000000018895.csv
CAN_CSV0000000000024578.csv,CAN_CSV0000000000016186.csv
CAN_CSV0000000000024578.csv,CAN_CSV0000000000027397.csv
CAN_CSV0000000000024578.csv,CAN_CSV0000000000015850.csv
CAN_CSV0000000000024578.csv,CAN_CSV0000000000025864.csv
CAN_CSV0000000000024578.csv,CAN_CSV0000000000027417.csv
CAN_CSV0000000000024578.csv,CAN_CSV0000000000001686.csv
CAN_CSV0000000000024578.csv,CAN_CSV0000000000020165.csv
CAN_CSV0000000000024578.csv,CAN_CSV0000000000008133.csv
CAN_CSV0000000000024578.csv,CAN_CSV0000000000021962.csv
CAN_CSV0000000000024578.csv,CAN_CSV0000000000020974.csv
CAN_CSV0000000000024578.csv,CAN_CSV0000000000002075.csv
CAN_CSV0000000000024578.csv,CAN_CSV0000000000009738.csv
CAN_CSV0000000000024578.csv,CAN_CSV0000000000002003.csv
CAN_CSV0000000000024578.csv,CAN_CSV0000000000001442.csv
CAN_CSV0000000000024578.csv,CAN_CSV0000000000001367.csv
CAN_CSV0000000000024578.csv,CAN_CSV0000000000026190.csv
CAN_CSV0000000000024578.csv,CAN_CSV0000000000016209.csv
CAN_CSV0000000000024578.csv,CAN_CSV0000000000002046.csv
CAN_CSV0000000000024632.csv,CAN_CSV0000000000025975.csv
CAN_CSV0000000000024632.csv,CAN_CSV0000000000008743.csv
CAN_CSV0000000000024654.csv,CAN_CSV0000000000015050.csv
CAN_CSV0000000000024654.csv,CAN_CSV0000000000017912.csv
CAN_CSV0000000000024654.csv,CAN_CSV0000000000019754.csv
CAN_CSV0000000000024654.csv,CAN_CSV0000000000011363.csv
CAN_CSV0000000000024654.csv,CAN_CSV0000000000008727.csv
CAN_CSV0000000000024654.csv,CAN_CSV0000000000010708.csv
CAN_CSV0000000000024654.csv,CAN_CSV0000000000022964.csv
CAN_CSV0000000000024654.csv,CAN_CSV0000000000011182.csv
CAN_CSV0000000000024654.csv,CAN_CSV0000000000026355.csv
CAN_CSV0000000000024695.csv,CAN_CSV0000000000016010.csv
CAN_CSV0000000000024695.csv,CAN_CSV0000000000010686.csv
CAN_CSV0000000000024695.csv,CAN_CSV0000000000021918.csv
CAN_CSV0000000000024695.csv,CAN_CSV0000000000016474.csv
CAN_CSV0000000000024695.csv,CAN_CSV0000000000014829.csv
CAN_CSV0000000000024695.csv,CAN_CSV0000000000025470.csv
CAN_CSV0000000000024695.csv,CAN_CSV0000000000025491.csv
CAN_CSV0000000000024695.csv,CAN_CSV0000000000025003.csv
CAN_CSV0000000000024695.csv,CAN_CSV0000000000003245.csv
CAN_CSV0000000000024695.csv,CAN_CSV0000000000021699.csv
CAN_CSV0000000000024695.csv,CAN_CSV0000000000008595.csv
CAN_CSV0000000000024695.csv,CAN_CSV0000000000025234.csv
CAN_CSV0000000000024695.csv,CAN_CSV0000000000020206.csv
CAN_CSV0000000000024695.csv,CAN_CSV0000000000026749.csv
CAN_CSV0000000000024695.csv,CAN_CSV0000000000019386.csv
CAN_CSV0000000000024695.csv,CAN_CSV0000000000024531.csv
CAN_CSV0000000000024703.csv,CAN_CSV0000000000003929.csv
CAN_CSV0000000000024703.csv,CAN_CSV0000000000009708.csv
CAN_CSV0000000000024703.csv,CAN_CSV0000000000003935.csv
CAN_CSV0000000000024703.csv,CAN_CSV0000000000008405.csv
CAN_CSV0000000000024703.csv,CAN_CSV0000000000010507.csv
CAN_CSV0000000000024703.csv,CAN_CSV0000000000024701.csv
CAN_CSV0000000000024703.csv,CAN_CSV0000000000016250.csv
CAN_CSV0000000000024703.csv,CAN_CSV0000000000010929.csv
CAN_CSV0000000000024703.csv,CAN_CSV0000000000026823.csv
CAN_CSV0000000000024703.csv,CAN_CSV0000000000024705.csv
CAN_CSV0000000000024703.csv,CAN_CSV0000000000008410.csv
CAN_CSV0000000000024703.csv,CAN_CSV0000000000009716.csv
CAN_CSV0000000000024703.csv,CAN_CSV0000000000009100.csv
CAN_CSV0000000000024703.csv,CAN_CSV0000000000026426.csv
CAN_CSV0000000000024703.csv,CAN_CSV0000000000024709.csv
CAN_CSV0000000000024703.csv,CAN_CSV0000000000023929.csv
CAN_CSV0000000000024703.csv,CAN_CSV0000000000008398.csv
CAN_CSV0000000000024783.csv,CAN_CSV0000000000021776.csv
CAN_CSV0000000000024783.csv,CAN_CSV0000000000024786.csv
CAN_CSV0000000000024783.csv,CAN_CSV0000000000027006.csv
CAN_CSV0000000000024786.csv,CAN_CSV0000000000021776.csv
CAN_CSV0000000000024786.csv,CAN_CSV0000000000027006.csv
CAN_CSV0000000000024786.csv,CAN_CSV0000000000024783.csv
CAN_CSV0000000000024789.csv,CAN_CSV0000000000024802.csv
CAN_CSV0000000000024789.csv,CAN_CSV0000000000024791.csv
CAN_CSV0000000000024789.csv,CAN_CSV0000000000024799.csv
CAN_CSV0000000000024789.csv,CAN_CSV0000000000016611.csv
CAN_CSV0000000000024789.csv,CAN_CSV0000000000008555.csv
CAN_CSV0000000000024789.csv,CAN_CSV0000000000024800.csv
CAN_CSV0000000000024789.csv,CAN_CSV0000000000024803.csv
CAN_CSV0000000000024789.csv,CAN_CSV0000000000024224.csv
CAN_CSV0000000000024789.csv,CAN_CSV0000000000021313.csv
CAN_CSV0000000000024789.csv,CAN_CSV0000000000009604.csv
CAN_CSV0000000000024789.csv,CAN_CSV0000000000010053.csv
CAN_CSV0000000000024789.csv,CAN_CSV0000000000024797.csv
CAN_CSV0000000000024789.csv,CAN_CSV0000000000011949.csv
CAN_CSV0000000000024789.csv,CAN_CSV0000000000024796.csv
CAN_CSV0000000000024789.csv,CAN_CSV0000000000024792.csv
CAN_CSV0000000000024789.csv,CAN_CSV0000000000024790.csv
CAN_CSV0000000000024789.csv,CAN_CSV0000000000024795.csv
CAN_CSV0000000000024789.csv,CAN_CSV0000000000024798.csv
CAN_CSV0000000000024789.csv,CAN_CSV0000000000007769.csv
CAN_CSV0000000000024792.csv,CAN_CSV0000000000024802.csv
CAN_CSV0000000000024792.csv,CAN_CSV0000000000024791.csv
CAN_CSV0000000000024792.csv,CAN_CSV0000000000024799.csv
CAN_CSV0000000000024792.csv,CAN_CSV0000000000016611.csv
CAN_CSV0000000000024792.csv,CAN_CSV0000000000008555.csv
CAN_CSV0000000000024792.csv,CAN_CSV0000000000024789.csv
CAN_CSV0000000000024792.csv,CAN_CSV0000000000024800.csv
CAN_CSV0000000000024792.csv,CAN_CSV0000000000024803.csv
CAN_CSV0000000000024792.csv,CAN_CSV0000000000024224.csv
CAN_CSV0000000000024792.csv,CAN_CSV0000000000009604.csv
CAN_CSV0000000000024792.csv,CAN_CSV0000000000021313.csv
CAN_CSV0000000000024792.csv,CAN_CSV0000000000010053.csv
CAN_CSV0000000000024792.csv,CAN_CSV0000000000024797.csv
CAN_CSV0000000000024792.csv,CAN_CSV0000000000011949.csv
CAN_CSV0000000000024792.csv,CAN_CSV0000000000024796.csv
CAN_CSV0000000000024792.csv,CAN_CSV0000000000024790.csv
CAN_CSV0000000000024792.csv,CAN_CSV0000000000024795.csv
CAN_CSV0000000000024792.csv,CAN_CSV0000000000024798.csv
CAN_CSV0000000000024792.csv,CAN_CSV0000000000007769.csv
CAN_CSV0000000000024792.csv,CAN_CSV0000000000024794.csv
CAN_CSV0000000000024893.csv,CAN_CSV0000000000021456.csv
CAN_CSV0000000000024893.csv,CAN_CSV0000000000022664.csv
CAN_CSV0000000000024893.csv,CAN_CSV0000000000014985.csv
CAN_CSV0000000000024893.csv,CAN_CSV0000000000009110.csv
CAN_CSV0000000000024893.csv,CAN_CSV0000000000007349.csv
CAN_CSV0000000000024893.csv,CAN_CSV0000000000024228.csv
CAN_CSV0000000000024893.csv,CAN_CSV0000000000011154.csv
CAN_CSV0000000000024893.csv,CAN_CSV0000000000022908.csv
CAN_CSV0000000000024893.csv,CAN_CSV0000000000020774.csv
CAN_CSV0000000000024893.csv,CAN_CSV0000000000020982.csv
CAN_CSV0000000000024893.csv,CAN_CSV0000000000021893.csv
CAN_CSV0000000000024893.csv,CAN_CSV0000000000016576.csv
CAN_CSV0000000000024893.csv,CAN_CSV0000000000010542.csv
CAN_CSV0000000000024893.csv,CAN_CSV0000000000011689.csv
CAN_CSV0000000000024921.csv,CAN_CSV0000000000008159.csv
CAN_CSV0000000000024921.csv,CAN_CSV0000000000001316.csv
CAN_CSV0000000000024921.csv,CAN_CSV0000000000019448.csv
CAN_CSV0000000000024921.csv,CAN_CSV0000000000019449.csv
CAN_CSV0000000000024921.csv,CAN_CSV0000000000001461.csv
CAN_CSV0000000000024921.csv,CAN_CSV0000000000024914.csv
CAN_CSV0000000000024921.csv,CAN_CSV0000000000008276.csv
CAN_CSV0000000000024921.csv,CAN_CSV0000000000022579.csv
CAN_CSV0000000000024921.csv,CAN_CSV0000000000008154.csv
CAN_CSV0000000000024921.csv,CAN_CSV0000000000008271.csv
CAN_CSV0000000000024921.csv,CAN_CSV0000000000019441.csv
CAN_CSV0000000000024921.csv,CAN_CSV0000000000019095.csv
CAN_CSV0000000000024921.csv,CAN_CSV0000000000001769.csv
CAN_CSV0000000000024921.csv,CAN_CSV0000000000008157.csv
CAN_CSV0000000000024921.csv,CAN_CSV0000000000018438.csv
CAN_CSV0000000000024921.csv,CAN_CSV0000000000027465.csv
CAN_CSV0000000000024921.csv,CAN_CSV0000000000008164.csv
CAN_CSV0000000000024969.csv,CAN_CSV0000000000011123.csv
CAN_CSV0000000000024969.csv,CAN_CSV0000000000019253.csv
CAN_CSV0000000000024969.csv,CAN_CSV0000000000011243.csv
CAN_CSV0000000000025245.csv,CAN_CSV0000000000021456.csv
CAN_CSV0000000000025245.csv,CAN_CSV0000000000015042.csv
CAN_CSV0000000000025245.csv,CAN_CSV0000000000014985.csv
CAN_CSV0000000000025245.csv,CAN_CSV0000000000009110.csv
CAN_CSV0000000000025245.csv,CAN_CSV0000000000019879.csv
CAN_CSV0000000000025245.csv,CAN_CSV0000000000021365.csv
CAN_CSV0000000000025245.csv,CAN_CSV0000000000010054.csv
CAN_CSV0000000000025245.csv,CAN_CSV0000000000020982.csv
CAN_CSV0000000000025245.csv,CAN_CSV0000000000011154.csv
CAN_CSV0000000000025245.csv,CAN_CSV0000000000018400.csv
CAN_CSV0000000000025245.csv,CAN_CSV0000000000016788.csv
CAN_CSV0000000000025245.csv,CAN_CSV0000000000022908.csv
CAN_CSV0000000000025245.csv,CAN_CSV0000000000020774.csv
CAN_CSV0000000000025245.csv,CAN_CSV0000000000024150.csv
CAN_CSV0000000000025245.csv,CAN_CSV0000000000010542.csv
CAN_CSV0000000000025245.csv,CAN_CSV0000000000011689.csv
CAN_CSV0000000000025306.csv,CAN_CSV0000000000002111.csv
CAN_CSV0000000000025306.csv,CAN_CSV0000000000017453.csv
CAN_CSV0000000000025306.csv,CAN_CSV0000000000026782.csv
CAN_CSV0000000000025306.csv,CAN_CSV0000000000022149.csv
CAN_CSV0000000000025306.csv,CAN_CSV0000000000021405.csv
CAN_CSV0000000000025306.csv,CAN_CSV0000000000017304.csv
CAN_CSV0000000000025306.csv,CAN_CSV0000000000022208.csv
CAN_CSV0000000000025306.csv,CAN_CSV0000000000009401.csv
CAN_CSV0000000000025306.csv,CAN_CSV0000000000011333.csv
CAN_CSV0000000000025306.csv,CAN_CSV0000000000001453.csv
CAN_CSV0000000000025306.csv,CAN_CSV0000000000015908.csv
CAN_CSV0000000000025306.csv,CAN_CSV0000000000004404.csv
CAN_CSV0000000000025306.csv,CAN_CSV0000000000018895.csv
CAN_CSV0000000000025306.csv,CAN_CSV0000000000016186.csv
CAN_CSV0000000000025306.csv,CAN_CSV0000000000027397.csv
CAN_CSV0000000000025306.csv,CAN_CSV0000000000024578.csv
CAN_CSV0000000000025306.csv,CAN_CSV0000000000015850.csv
CAN_CSV0000000000025306.csv,CAN_CSV0000000000025864.csv
CAN_CSV0000000000025306.csv,CAN_CSV0000000000027417.csv
CAN_CSV0000000000025306.csv,CAN_CSV0000000000001686.csv
CAN_CSV0000000000025306.csv,CAN_CSV0000000000020165.csv
CAN_CSV0000000000025306.csv,CAN_CSV0000000000008133.csv
CAN_CSV0000000000025306.csv,CAN_CSV0000000000021962.csv
CAN_CSV0000000000025306.csv,CAN_CSV0000000000020974.csv
CAN_CSV0000000000025306.csv,CAN_CSV0000000000027416.csv
CAN_CSV0000000000025306.csv,CAN_CSV0000000000002075.csv
CAN_CSV0000000000025306.csv,CAN_CSV0000000000009738.csv
CAN_CSV0000000000025306.csv,CAN_CSV0000000000001442.csv
CAN_CSV0000000000025306.csv,CAN_CSV0000000000009285.csv
CAN_CSV0000000000025306.csv,CAN_CSV0000000000009444.csv
CAN_CSV0000000000025306.csv,CAN_CSV0000000000017039.csv
CAN_CSV0000000000025306.csv,CAN_CSV0000000000003436.csv
CAN_CSV0000000000025317.csv,CAN_CSV0000000000025311.csv
CAN_CSV0000000000025317.csv,CAN_CSV0000000000025312.csv
CAN_CSV0000000000025317.csv,CAN_CSV0000000000025316.csv
CAN_CSV0000000000025317.csv,CAN_CSV0000000000025308.csv
CAN_CSV0000000000025317.csv,CAN_CSV0000000000025307.csv
CAN_CSV0000000000025317.csv,CAN_CSV0000000000025310.csv
CAN_CSV0000000000025317.csv,CAN_CSV0000000000025313.csv
CAN_CSV0000000000025317.csv,CAN_CSV0000000000025318.csv
CAN_CSV0000000000025317.csv,CAN_CSV0000000000025314.csv
CAN_CSV0000000000025317.csv,CAN_CSV0000000000025315.csv
CAN_CSV0000000000025552.csv,CAN_CSV0000000000001316.csv
CAN_CSV0000000000025552.csv,CAN_CSV0000000000001461.csv
CAN_CSV0000000000025552.csv,CAN_CSV0000000000024914.csv
CAN_CSV0000000000025552.csv,CAN_CSV0000000000008276.csv
CAN_CSV0000000000025552.csv,CAN_CSV0000000000024921.csv
CAN_CSV0000000000025552.csv,CAN_CSV0000000000024908.csv
CAN_CSV0000000000025552.csv,CAN_CSV0000000000008284.csv
CAN_CSV0000000000025552.csv,CAN_CSV0000000000024910.csv
CAN_CSV0000000000025552.csv,CAN_CSV0000000000024922.csv
CAN_CSV0000000000025552.csv,CAN_CSV0000000000014837.csv
CAN_CSV0000000000025552.csv,CAN_CSV0000000000022579.csv
CAN_CSV0000000000025552.csv,CAN_CSV0000000000008120.csv
CAN_CSV0000000000025552.csv,CAN_CSV0000000000008114.csv
CAN_CSV0000000000025552.csv,CAN_CSV0000000000008271.csv
CAN_CSV0000000000025552.csv,CAN_CSV0000000000019441.csv
CAN_CSV0000000000025552.csv,CAN_CSV0000000000019095.csv
CAN_CSV0000000000025552.csv,CAN_CSV0000000000001405.csv
CAN_CSV0000000000025552.csv,CAN_CSV0000000000008157.csv
CAN_CSV0000000000025552.csv,CAN_CSV0000000000018438.csv
CAN_CSV0000000000025552.csv,CAN_CSV0000000000008115.csv
CAN_CSV0000000000025552.csv,CAN_CSV0000000000018310.csv
CAN_CSV0000000000025552.csv,CAN_CSV0000000000008160.csv
CAN_CSV0000000000025552.csv,CAN_CSV0000000000008165.csv
CAN_CSV0000000000025777.csv,CAN_CSV0000000000011539.csv
CAN_CSV0000000000025777.csv,CAN_CSV0000000000014782.csv
CAN_CSV0000000000025777.csv,CAN_CSV0000000000022439.csv
CAN_CSV0000000000025777.csv,CAN_CSV0000000000012222.csv
CAN_CSV0000000000025777.csv,CAN_CSV0000000000011285.csv
CAN_CSV0000000000025777.csv,CAN_CSV0000000000016035.csv
CAN_CSV0000000000025777.csv,CAN_CSV0000000000026277.csv
CAN_CSV0000000000025777.csv,CAN_CSV0000000000022901.csv
CAN_CSV0000000000025777.csv,CAN_CSV0000000000025956.csv
CAN_CSV0000000000025777.csv,CAN_CSV0000000000023618.csv
CAN_CSV0000000000025777.csv,CAN_CSV0000000000022193.csv
CAN_CSV0000000000025777.csv,CAN_CSV0000000000024559.csv
CAN_CSV0000000000025777.csv,CAN_CSV0000000000010756.csv
CAN_CSV0000000000025777.csv,CAN_CSV0000000000008372.csv
CAN_CSV0000000000025777.csv,CAN_CSV0000000000009860.csv
CAN_CSV0000000000025777.csv,CAN_CSV0000000000008966.csv
CAN_CSV0000000000025777.csv,CAN_CSV0000000000004414.csv
CAN_CSV0000000000025777.csv,CAN_CSV0000000000021110.csv
CAN_CSV0000000000025816.csv,CAN_CSV0000000000019053.csv
CAN_CSV0000000000025816.csv,CAN_CSV0000000000019321.csv
CAN_CSV0000000000025816.csv,CAN_CSV0000000000023333.csv
CAN_CSV0000000000025816.csv,CAN_CSV0000000000001907.csv
CAN_CSV0000000000025816.csv,CAN_CSV0000000000020224.csv
CAN_CSV0000000000025816.csv,CAN_CSV0000000000002092.csv
CAN_CSV0000000000025816.csv,CAN_CSV0000000000019383.csv
CAN_CSV0000000000025816.csv,CAN_CSV0000000000015232.csv
CAN_CSV0000000000025816.csv,CAN_CSV0000000000002065.csv
CAN_CSV0000000000025816.csv,CAN_CSV0000000000026164.csv
CAN_CSV0000000000026004.csv,CAN_CSV0000000000015112.csv
CAN_CSV0000000000026004.csv,CAN_CSV0000000000001954.csv
CAN_CSV0000000000026004.csv,CAN_CSV0000000000026240.csv
CAN_CSV0000000000026045.csv,CAN_CSV0000000000025606.csv
CAN_CSV0000000000026045.csv,CAN_CSV0000000000018668.csv
CAN_CSV0000000000026045.csv,CAN_CSV0000000000017572.csv
CAN_CSV0000000000026045.csv,CAN_CSV0000000000009470.csv
CAN_CSV0000000000026045.csv,CAN_CSV0000000000024354.csv
CAN_CSV0000000000026045.csv,CAN_CSV0000000000026925.csv
CAN_CSV0000000000026045.csv,CAN_CSV0000000000015163.csv
CAN_CSV0000000000026045.csv,CAN_CSV0000000000022431.csv
CAN_CSV0000000000026045.csv,CAN_CSV0000000000016082.csv
CAN_CSV0000000000026045.csv,CAN_CSV0000000000020848.csv
CAN_CSV0000000000026045.csv,CAN_CSV0000000000011643.csv
CAN_CSV0000000000026045.csv,CAN_CSV0000000000019300.csv
CAN_CSV0000000000026045.csv,CAN_CSV0000000000008071.csv
CAN_CSV0000000000026045.csv,CAN_CSV0000000000023751.csv
CAN_CSV0000000000026045.csv,CAN_CSV0000000000016419.csv
CAN_CSV0000000000026045.csv,CAN_CSV0000000000007881.csv
CAN_CSV0000000000026045.csv,CAN_CSV0000000000012299.csv
CAN_CSV0000000000026045.csv,CAN_CSV0000000000017552.csv
CAN_CSV0000000000026045.csv,CAN_CSV0000000000015330.csv
CAN_CSV0000000000026045.csv,CAN_CSV0000000000010124.csv
CAN_CSV0000000000026045.csv,CAN_CSV0000000000009119.csv
CAN_CSV0000000000026045.csv,CAN_CSV0000000000011432.csv
CAN_CSV0000000000026045.csv,CAN_CSV0000000000017129.csv
CAN_CSV0000000000026045.csv,CAN_CSV0000000000011705.csv
CAN_CSV0000000000026154.csv,CAN_CSV0000000000008360.csv
CAN_CSV0000000000026154.csv,CAN_CSV0000000000025301.csv
CAN_CSV0000000000026154.csv,CAN_CSV0000000000007810.csv
CAN_CSV0000000000026154.csv,CAN_CSV0000000000016221.csv
CAN_CSV0000000000026154.csv,CAN_CSV0000000000012280.csv
CAN_CSV0000000000026154.csv,CAN_CSV0000000000018906.csv
CAN_CSV0000000000026154.csv,CAN_CSV0000000000016271.csv
CAN_CSV0000000000026154.csv,CAN_CSV0000000000023762.csv
CAN_CSV0000000000026154.csv,CAN_CSV0000000000023051.csv
CAN_CSV0000000000026164.csv,CAN_CSV0000000000019053.csv
CAN_CSV0000000000026164.csv,CAN_CSV0000000000019321.csv
CAN_CSV0000000000026164.csv,CAN_CSV0000000000023333.csv
CAN_CSV0000000000026164.csv,CAN_CSV0000000000001907.csv
CAN_CSV0000000000026164.csv,CAN_CSV0000000000020224.csv
CAN_CSV0000000000026164.csv,CAN_CSV0000000000002092.csv
CAN_CSV0000000000026164.csv,CAN_CSV0000000000019383.csv
CAN_CSV0000000000026164.csv,CAN_CSV0000000000015232.csv
CAN_CSV0000000000026164.csv,CAN_CSV0000000000025816.csv
CAN_CSV0000000000026164.csv,CAN_CSV0000000000002065.csv
CAN_CSV0000000000026244.csv,CAN_CSV0000000000017172.csv
CAN_CSV0000000000026244.csv,CAN_CSV0000000000019197.csv
CAN_CSV0000000000026244.csv,CAN_CSV0000000000004007.csv
CAN_CSV0000000000026244.csv,CAN_CSV0000000000008519.csv
CAN_CSV0000000000026244.csv,CAN_CSV0000000000008056.csv
CAN_CSV0000000000026244.csv,CAN_CSV0000000000016797.csv
CAN_CSV0000000000026244.csv,CAN_CSV0000000000009991.csv
CAN_CSV0000000000026244.csv,CAN_CSV0000000000011318.csv
CAN_CSV0000000000026372.csv,CAN_CSV0000000000022990.csv
CAN_CSV0000000000026372.csv,CAN_CSV0000000000017417.csv
CAN_CSV0000000000026372.csv,CAN_CSV0000000000023562.csv
CAN_CSV0000000000026372.csv,CAN_CSV0000000000008615.csv
CAN_CSV0000000000026372.csv,CAN_CSV0000000000009663.csv
CAN_CSV0000000000026372.csv,CAN_CSV0000000000008603.csv
CAN_CSV0000000000026372.csv,CAN_CSV0000000000010497.csv
CAN_CSV0000000000026372.csv,CAN_CSV0000000000010078.csv
CAN_CSV0000000000026372.csv,CAN_CSV0000000000009375.csv
CAN_CSV0000000000026372.csv,CAN_CSV0000000000021735.csv
CAN_CSV0000000000026372.csv,CAN_CSV0000000000023496.csv
CAN_CSV0000000000026372.csv,CAN_CSV0000000000020310.csv
CAN_CSV0000000000026372.csv,CAN_CSV0000000000016529.csv
CAN_CSV0000000000026372.csv,CAN_CSV0000000000023229.csv
CAN_CSV0000000000026372.csv,CAN_CSV0000000000007607.csv
CAN_CSV0000000000026480.csv,CAN_CSV0000000000001868.csv
CAN_CSV0000000000026480.csv,CAN_CSV0000000000001775.csv
CAN_CSV0000000000026622.csv,CAN_CSV0000000000027354.csv
CAN_CSV0000000000026622.csv,CAN_CSV0000000000027348.csv
CAN_CSV0000000000026622.csv,CAN_CSV0000000000027353.csv
CAN_CSV0000000000026622.csv,CAN_CSV0000000000027355.csv
CAN_CSV0000000000026622.csv,CAN_CSV0000000000027346.csv
CAN_CSV0000000000026622.csv,CAN_CSV0000000000008201.csv
CAN_CSV0000000000026622.csv,CAN_CSV0000000000027350.csv
CAN_CSV0000000000026622.csv,CAN_CSV0000000000001874.csv
CAN_CSV0000000000026749.csv,CAN_CSV0000000000019350.csv
CAN_CSV0000000000026749.csv,CAN_CSV0000000000016010.csv
CAN_CSV0000000000026749.csv,CAN_CSV0000000000016474.csv
CAN_CSV0000000000026749.csv,CAN_CSV0000000000024695.csv
CAN_CSV0000000000026749.csv,CAN_CSV0000000000010686.csv
CAN_CSV0000000000026749.csv,CAN_CSV0000000000021918.csv
CAN_CSV0000000000026749.csv,CAN_CSV0000000000014829.csv
CAN_CSV0000000000026749.csv,CAN_CSV0000000000025470.csv
CAN_CSV0000000000026749.csv,CAN_CSV0000000000025491.csv
CAN_CSV0000000000026749.csv,CAN_CSV0000000000025003.csv
CAN_CSV0000000000026749.csv,CAN_CSV0000000000003245.csv
CAN_CSV0000000000026749.csv,CAN_CSV0000000000021699.csv
CAN_CSV0000000000026749.csv,CAN_CSV0000000000008595.csv
CAN_CSV0000000000026749.csv,CAN_CSV0000000000025234.csv
CAN_CSV0000000000026749.csv,CAN_CSV0000000000020206.csv
CAN_CSV0000000000026749.csv,CAN_CSV0000000000019386.csv
CAN_CSV0000000000026749.csv,CAN_CSV0000000000024531.csv
CAN_CSV0000000000026782.csv,CAN_CSV0000000000017453.csv
CAN_CSV0000000000026782.csv,CAN_CSV0000000000002111.csv
CAN_CSV0000000000026782.csv,CAN_CSV0000000000022149.csv
CAN_CSV0000000000026782.csv,CAN_CSV0000000000021405.csv
CAN_CSV0000000000026782.csv,CAN_CSV0000000000017304.csv
CAN_CSV0000000000026782.csv,CAN_CSV0000000000022208.csv
CAN_CSV0000000000026782.csv,CAN_CSV0000000000009401.csv
CAN_CSV0000000000026782.csv,CAN_CSV0000000000011333.csv
CAN_CSV0000000000026782.csv,CAN_CSV0000000000001453.csv
CAN_CSV0000000000026782.csv,CAN_CSV0000000000004404.csv
CAN_CSV0000000000026782.csv,CAN_CSV0000000000015908.csv
CAN_CSV0000000000026782.csv,CAN_CSV0000000000018895.csv
CAN_CSV0000000000026782.csv,CAN_CSV0000000000016186.csv
CAN_CSV0000000000026782.csv,CAN_CSV0000000000027397.csv
CAN_CSV0000000000026782.csv,CAN_CSV0000000000024578.csv
CAN_CSV0000000000026782.csv,CAN_CSV0000000000015850.csv
CAN_CSV0000000000026782.csv,CAN_CSV0000000000025864.csv
CAN_CSV0000000000026782.csv,CAN_CSV0000000000027417.csv
CAN_CSV0000000000026782.csv,CAN_CSV0000000000001686.csv
CAN_CSV0000000000026782.csv,CAN_CSV0000000000020165.csv
CAN_CSV0000000000026782.csv,CAN_CSV0000000000008133.csv
CAN_CSV0000000000026782.csv,CAN_CSV0000000000021962.csv
CAN_CSV0000000000026782.csv,CAN_CSV0000000000020974.csv
CAN_CSV0000000000026782.csv,CAN_CSV0000000000025680.csv
CAN_CSV0000000000026782.csv,CAN_CSV0000000000002026.csv
CAN_CSV0000000000026782.csv,CAN_CSV0000000000011659.csv
CAN_CSV0000000000026782.csv,CAN_CSV0000000000008462.csv
CAN_CSV0000000000026782.csv,CAN_CSV0000000000020907.csv
CAN_CSV0000000000026782.csv,CAN_CSV0000000000017939.csv
CAN_CSV0000000000026782.csv,CAN_CSV0000000000007889.csv
CAN_CSV0000000000026782.csv,CAN_CSV0000000000017242.csv
CAN_CSV0000000000026879.csv,CAN_CSV0000000000022262.csv
CAN_CSV0000000000026879.csv,CAN_CSV0000000000016450.csv
CAN_CSV0000000000026879.csv,CAN_CSV0000000000019236.csv
CAN_CSV0000000000026879.csv,CAN_CSV0000000000021082.csv
CAN_CSV0000000000027039.csv,CAN_CSV0000000000002132.csv
CAN_CSV0000000000027039.csv,CAN_CSV0000000000001402.csv
CAN_CSV0000000000027039.csv,CAN_CSV0000000000002145.csv
CAN_CSV0000000000027051.csv,CAN_CSV0000000000013417.csv
CAN_CSV0000000000027051.csv,CAN_CSV0000000000013514.csv
CAN_CSV0000000000027051.csv,CAN_CSV0000000000000978.csv
CAN_CSV0000000000027051.csv,CAN_CSV0000000000000973.csv
CAN_CSV0000000000027051.csv,CAN_CSV0000000000007000.csv
CAN_CSV0000000000027051.csv,CAN_CSV0000000000001159.csv
CAN_CSV0000000000027051.csv,CAN_CSV0000000000013518.csv
CAN_CSV0000000000027051.csv,CAN_CSV0000000000001140.csv
CAN_CSV0000000000027051.csv,CAN_CSV0000000000013513.csv
CAN_CSV0000000000027051.csv,CAN_CSV0000000000015484.csv
CAN_CSV0000000000027051.csv,CAN_CSV0000000000006996.csv
CAN_CSV0000000000027051.csv,CAN_CSV0000000000013603.csv
CAN_CSV0000000000027051.csv,CAN_CSV0000000000012598.csv
CAN_CSV0000000000027051.csv,CAN_CSV0000000000006988.csv
CAN_CSV0000000000027051.csv,CAN_CSV0000000000001116.csv
CAN_CSV0000000000027051.csv,CAN_CSV0000000000015485.csv
CAN_CSV0000000000027051.csv,CAN_CSV0000000000004703.csv
CAN_CSV0000000000027051.csv,CAN_CSV0000000000001157.csv
CAN_CSV0000000000027051.csv,CAN_CSV0000000000013602.csv
CAN_CSV0000000000027051.csv,CAN_CSV0000000000006997.csv
CAN_CSV0000000000027051.csv,CAN_CSV0000000000000974.csv
CAN_CSV0000000000027051.csv,CAN_CSV0000000000002264.csv
CAN_CSV0000000000027051.csv,CAN_CSV0000000000013484.csv
CAN_CSV0000000000027051.csv,CAN_CSV0000000000013497.csv
CAN_CSV0000000000027051.csv,CAN_CSV0000000000013510.csv
CAN_CSV0000000000027051.csv,CAN_CSV0000000000001142.csv
CAN_CSV0000000000027051.csv,CAN_CSV0000000000002253.csv
CAN_CSV0000000000027051.csv,CAN_CSV0000000000002259.csv
CAN_CSV0000000000027083.csv,CAN_CSV0000000000012924.csv
CAN_CSV0000000000027083.csv,CAN_CSV0000000000012391.csv
CAN_CSV0000000000027083.csv,CAN_CSV0000000000012922.csv
CAN_CSV0000000000027083.csv,CAN_CSV0000000000005899.csv
CAN_CSV0000000000027083.csv,CAN_CSV0000000000027150.csv
CAN_CSV0000000000027083.csv,CAN_CSV0000000000000949.csv
CAN_CSV0000000000027083.csv,CAN_CSV0000000000027081.csv
CAN_CSV0000000000027083.csv,CAN_CSV0000000000012926.csv
CAN_CSV0000000000027083.csv,CAN_CSV0000000000027067.csv
CAN_CSV0000000000027083.csv,CAN_CSV0000000000013514.csv
CAN_CSV0000000000027083.csv,CAN_CSV0000000000012928.csv
CAN_CSV0000000000027083.csv,CAN_CSV0000000000013483.csv
CAN_CSV0000000000027083.csv,CAN_CSV0000000000027090.csv
CAN_CSV0000000000027083.csv,CAN_CSV0000000000015612.csv
CAN_CSV0000000000027083.csv,CAN_CSV0000000000015615.csv
CAN_CSV0000000000027083.csv,CAN_CSV0000000000013518.csv
CAN_CSV0000000000027083.csv,CAN_CSV0000000000001115.csv
CAN_CSV0000000000027083.csv,CAN_CSV0000000000027152.csv
CAN_CSV0000000000027083.csv,CAN_CSV0000000000013492.csv
CAN_CSV0000000000027083.csv,CAN_CSV0000000000005447.csv
CAN_CSV0000000000027083.csv,CAN_CSV0000000000027063.csv
CAN_CSV0000000000027083.csv,CAN_CSV0000000000012927.csv
CAN_CSV0000000000027083.csv,CAN_CSV0000000000012929.csv
CAN_CSV0000000000027083.csv,CAN_CSV0000000000001028.csv
CAN_CSV0000000000027083.csv,CAN_CSV0000000000012930.csv
CAN_CSV0000000000027083.csv,CAN_CSV0000000000001032.csv
CAN_CSV0000000000027083.csv,CAN_CSV0000000000012923.csv
CAN_CSV0000000000027083.csv,CAN_CSV0000000000012921.csv
CAN_CSV0000000000027083.csv,CAN_CSV0000000000015659.csv
CAN_CSV0000000000027083.csv,CAN_CSV0000000000015604.csv
CAN_CSV0000000000027083.csv,CAN_CSV0000000000013334.csv
CAN_CSV0000000000027083.csv,CAN_CSV0000000000027080.csv
CAN_CSV0000000000027083.csv,CAN_CSV0000000000012925.csv
CAN_CSV0000000000027083.csv,CAN_CSV0000000000013582.csv
CAN_CSV0000000000027085.csv,CAN_CSV0000000000027068.csv
CAN_CSV0000000000027085.csv,CAN_CSV0000000000014464.csv
CAN_CSV0000000000027085.csv,CAN_CSV0000000000014438.csv
CAN_CSV0000000000027085.csv,CAN_CSV0000000000027249.csv
CAN_CSV0000000000027085.csv,CAN_CSV0000000000027090.csv
CAN_CSV0000000000027085.csv,CAN_CSV0000000000000625.csv
CAN_CSV0000000000027085.csv,CAN_CSV0000000000027078.csv
CAN_CSV0000000000027085.csv,CAN_CSV0000000000027089.csv
CAN_CSV0000000000027085.csv,CAN_CSV0000000000000626.csv
CAN_CSV0000000000027085.csv,CAN_CSV0000000000027070.csv
CAN_CSV0000000000027085.csv,CAN_CSV0000000000004959.csv
CAN_CSV0000000000027085.csv,CAN_CSV0000000000014468.csv
CAN_CSV0000000000027085.csv,CAN_CSV0000000000027097.csv
CAN_CSV0000000000027085.csv,CAN_CSV0000000000027151.csv
CAN_CSV0000000000027085.csv,CAN_CSV0000000000027173.csv
CAN_CSV0000000000027085.csv,CAN_CSV0000000000000736.csv
CAN_CSV0000000000027085.csv,CAN_CSV0000000000014466.csv
CAN_CSV0000000000027085.csv,CAN_CSV0000000000027087.csv
CAN_CSV0000000000027096.csv,CAN_CSV0000000000005320.csv
CAN_CSV0000000000027096.csv,CAN_CSV0000000000000687.csv
CAN_CSV0000000000027096.csv,CAN_CSV0000000000000685.csv
CAN_CSV0000000000027096.csv,CAN_CSV0000000000027103.csv
CAN_CSV0000000000027096.csv,CAN_CSV0000000000005297.csv
CAN_CSV0000000000027096.csv,CAN_CSV0000000000005322.csv
CAN_CSV0000000000027096.csv,CAN_CSV0000000000000678.csv
CAN_CSV0000000000027096.csv,CAN_CSV0000000000005307.csv
CAN_CSV0000000000027096.csv,CAN_CSV0000000000005348.csv
CAN_CSV0000000000027096.csv,CAN_CSV0000000000005300.csv
CAN_CSV0000000000027096.csv,CAN_CSV0000000000000698.csv
CAN_CSV0000000000027096.csv,CAN_CSV0000000000000644.csv
CAN_CSV0000000000027103.csv,CAN_CSV0000000000012924.csv
CAN_CSV0000000000027103.csv,CAN_CSV0000000000027108.csv
CAN_CSV0000000000027103.csv,CAN_CSV0000000000015689.csv
CAN_CSV0000000000027103.csv,CAN_CSV0000000000012922.csv
CAN_CSV0000000000027103.csv,CAN_CSV0000000000005401.csv
CAN_CSV0000000000027103.csv,CAN_CSV0000000000012926.csv
CAN_CSV0000000000027103.csv,CAN_CSV0000000000012928.csv
CAN_CSV0000000000027103.csv,CAN_CSV0000000000027101.csv
CAN_CSV0000000000027103.csv,CAN_CSV0000000000027107.csv
CAN_CSV0000000000027103.csv,CAN_CSV0000000000012927.csv
CAN_CSV0000000000027103.csv,CAN_CSV0000000000012929.csv
CAN_CSV0000000000027103.csv,CAN_CSV0000000000027262.csv
CAN_CSV0000000000027103.csv,CAN_CSV0000000000001028.csv
CAN_CSV0000000000027103.csv,CAN_CSV0000000000012930.csv
CAN_CSV0000000000027103.csv,CAN_CSV0000000000001032.csv
CAN_CSV0000000000027103.csv,CAN_CSV0000000000000603.csv
CAN_CSV0000000000027103.csv,CAN_CSV0000000000000843.csv
CAN_CSV0000000000027103.csv,CAN_CSV0000000000012923.csv
CAN_CSV0000000000027103.csv,CAN_CSV0000000000005253.csv
CAN_CSV0000000000027103.csv,CAN_CSV0000000000012921.csv
CAN_CSV0000000000027103.csv,CAN_CSV0000000000027102.csv
CAN_CSV0000000000027103.csv,CAN_CSV0000000000027114.csv
CAN_CSV0000000000027103.csv,CAN_CSV0000000000027184.csv
CAN_CSV0000000000027103.csv,CAN_CSV0000000000015670.csv
CAN_CSV0000000000027103.csv,CAN_CSV0000000000012925.csv
CAN_CSV0000000000027103.csv,CAN_CSV0000000000000736.csv
CAN_CSV0000000000027103.csv,CAN_CSV0000000000015690.csv
CAN_CSV0000000000027103.csv,CAN_CSV0000000000012903.csv
CAN_CSV0000000000027119.csv,CAN_CSV0000000000001865.csv
CAN_CSV0000000000027119.csv,CAN_CSV0000000000001816.csv
CAN_CSV0000000000027119.csv,CAN_CSV0000000000002143.csv
CAN_CSV0000000000027119.csv,CAN_CSV0000000000027373.csv
CAN_CSV0000000000027119.csv,CAN_CSV0000000000001909.csv
CAN_CSV0000000000027119.csv,CAN_CSV0000000000001960.csv
CAN_CSV0000000000027119.csv,CAN_CSV0000000000027389.csv
CAN_CSV0000000000027119.csv,CAN_CSV0000000000027371.csv
CAN_CSV0000000000027119.csv,CAN_CSV0000000000001961.csv
CAN_CSV0000000000027151.csv,CAN_CSV0000000000005320.csv
CAN_CSV0000000000027151.csv,CAN_CSV0000000000000687.csv
CAN_CSV0000000000027151.csv,CAN_CSV0000000000000685.csv
CAN_CSV0000000000027151.csv,CAN_CSV0000000000027103.csv
CAN_CSV0000000000027151.csv,CAN_CSV0000000000005297.csv
CAN_CSV0000000000027151.csv,CAN_CSV0000000000005322.csv
CAN_CSV0000000000027151.csv,CAN_CSV0000000000000678.csv
CAN_CSV0000000000027151.csv,CAN_CSV0000000000005307.csv
CAN_CSV0000000000027151.csv,CAN_CSV0000000000005348.csv
CAN_CSV0000000000027151.csv,CAN_CSV0000000000005300.csv
CAN_CSV0000000000027151.csv,CAN_CSV0000000000000698.csv
CAN_CSV0000000000027151.csv,CAN_CSV0000000000000644.csv
CAN_CSV0000000000027188.csv,CAN_CSV0000000000000851.csv
CAN_CSV0000000000027188.csv,CAN_CSV0000000000001229.csv
CAN_CSV0000000000027188.csv,CAN_CSV0000000000005299.csv
CAN_CSV0000000000027188.csv,CAN_CSV0000000000005357.csv
CAN_CSV0000000000027188.csv,CAN_CSV0000000000002176.csv
CAN_CSV0000000000027188.csv,CAN_CSV0000000000000736.csv
CAN_CSV0000000000027188.csv,CAN_CSV0000000000001219.csv
CAN_CSV0000000000027188.csv,CAN_CSV0000000000001217.csv
CAN_CSV0000000000027188.csv,CAN_CSV0000000000001236.csv
CAN_CSV0000000000027188.csv,CAN_CSV0000000000001231.csv
CAN_CSV0000000000027188.csv,CAN_CSV0000000000004971.csv
CAN_CSV0000000000027188.csv,CAN_CSV0000000000001230.csv
CAN_CSV0000000000027188.csv,CAN_CSV0000000000000559.csv
CAN_CSV0000000000027191.csv,CAN_CSV0000000000000613.csv
CAN_CSV0000000000027191.csv,CAN_CSV0000000000027218.csv
CAN_CSV0000000000027191.csv,CAN_CSV0000000000027217.csv
CAN_CSV0000000000027191.csv,CAN_CSV0000000000005264.csv
CAN_CSV0000000000027191.csv,CAN_CSV0000000000004766.csv
CAN_CSV0000000000027191.csv,CAN_CSV0000000000013142.csv
CAN_CSV0000000000027191.csv,CAN_CSV0000000000005227.csv
CAN_CSV0000000000027191.csv,CAN_CSV0000000000005205.csv
CAN_CSV0000000000027191.csv,CAN_CSV0000000000002181.csv
CAN_CSV0000000000027191.csv,CAN_CSV0000000000001072.csv
CAN_CSV0000000000027191.csv,CAN_CSV0000000000001102.csv
CAN_CSV0000000000027191.csv,CAN_CSV0000000000027219.csv
CAN_CSV0000000000027191.csv,CAN_CSV0000000000013168.csv
CAN_CSV0000000000027191.csv,CAN_CSV0000000000000608.csv
CAN_CSV0000000000027191.csv,CAN_CSV0000000000013326.csv
CAN_CSV0000000000027191.csv,CAN_CSV0000000000005265.csv
CAN_CSV0000000000027191.csv,CAN_CSV0000000000000610.csv
CAN_CSV0000000000027191.csv,CAN_CSV0000000000001184.csv
CAN_CSV0000000000027191.csv,CAN_CSV0000000000001071.csv
CAN_CSV0000000000027191.csv,CAN_CSV0000000000001226.csv
CAN_CSV0000000000027191.csv,CAN_CSV0000000000001076.csv
CAN_CSV0000000000027191.csv,CAN_CSV0000000000001191.csv
CAN_CSV0000000000027191.csv,CAN_CSV0000000000005130.csv
CAN_CSV0000000000027191.csv,CAN_CSV0000000000000606.csv
CAN_CSV0000000000027191.csv,CAN_CSV0000000000001078.csv
CAN_CSV0000000000027191.csv,CAN_CSV0000000000012495.csv
CAN_CSV0000000000027191.csv,CAN_CSV0000000000005218.csv
CAN_CSV0000000000027191.csv,CAN_CSV0000000000013186.csv
CAN_CSV0000000000027191.csv,CAN_CSV0000000000005009.csv
CAN_CSV0000000000027191.csv,CAN_CSV0000000000001080.csv
CAN_CSV0000000000027191.csv,CAN_CSV0000000000001074.csv
CAN_CSV0000000000027191.csv,CAN_CSV0000000000014315.csv
CAN_CSV0000000000027191.csv,CAN_CSV0000000000027211.csv
CAN_CSV0000000000027191.csv,CAN_CSV0000000000005217.csv
CAN_CSV0000000000027217.csv,CAN_CSV0000000000005077.csv
CAN_CSV0000000000027217.csv,CAN_CSV0000000000027176.csv
CAN_CSV0000000000027217.csv,CAN_CSV0000000000027218.csv
CAN_CSV0000000000027217.csv,CAN_CSV0000000000005010.csv
CAN_CSV0000000000027217.csv,CAN_CSV0000000000005264.csv
CAN_CSV0000000000027217.csv,CAN_CSV0000000000005056.csv
CAN_CSV0000000000027217.csv,CAN_CSV0000000000001195.csv
CAN_CSV0000000000027217.csv,CAN_CSV0000000000002181.csv
CAN_CSV0000000000027217.csv,CAN_CSV0000000000005205.csv
CAN_CSV0000000000027217.csv,CAN_CSV0000000000005227.csv
CAN_CSV0000000000027217.csv,CAN_CSV0000000000001072.csv
CAN_CSV0000000000027217.csv,CAN_CSV0000000000027219.csv
CAN_CSV0000000000027217.csv,CAN_CSV0000000000000608.csv
CAN_CSV0000000000027217.csv,CAN_CSV0000000000027213.csv
CAN_CSV0000000000027217.csv,CAN_CSV0000000000000620.csv
CAN_CSV0000000000027217.csv,CAN_CSV0000000000001076.csv
CAN_CSV0000000000027217.csv,CAN_CSV0000000000005130.csv
CAN_CSV0000000000027217.csv,CAN_CSV0000000000001078.csv
CAN_CSV0000000000027217.csv,CAN_CSV0000000000005218.csv
CAN_CSV0000000000027217.csv,CAN_CSV0000000000005071.csv
CAN_CSV0000000000027217.csv,CAN_CSV0000000000000666.csv
CAN_CSV0000000000027217.csv,CAN_CSV0000000000005008.csv
CAN_CSV0000000000027217.csv,CAN_CSV0000000000005013.csv
CAN_CSV0000000000027217.csv,CAN_CSV0000000000005074.csv
CAN_CSV0000000000027217.csv,CAN_CSV0000000000004774.csv
CAN_CSV0000000000027217.csv,CAN_CSV0000000000005070.csv
CAN_CSV0000000000027217.csv,CAN_CSV0000000000001080.csv
CAN_CSV0000000000027217.csv,CAN_CSV0000000000005045.csv
CAN_CSV0000000000027226.csv,CAN_CSV0000000000027232.csv
CAN_CSV0000000000027226.csv,CAN_CSV0000000000005115.csv
CAN_CSV0000000000027226.csv,CAN_CSV0000000000027172.csv
CAN_CSV0000000000027226.csv,CAN_CSV0000000000027225.csv
CAN_CSV0000000000027226.csv,CAN_CSV0000000000000574.csv
CAN_CSV0000000000027226.csv,CAN_CSV0000000000000594.csv
CAN_CSV0000000000027226.csv,CAN_CSV0000000000027168.csv
CAN_CSV0000000000027226.csv,CAN_CSV0000000000005107.csv
CAN_CSV0000000000027226.csv,CAN_CSV0000000000000562.csv
CAN_CSV0000000000027226.csv,CAN_CSV0000000000005108.csv
CAN_CSV0000000000027226.csv,CAN_CSV0000000000002189.csv
CAN_CSV0000000000027226.csv,CAN_CSV0000000000027224.csv
CAN_CSV0000000000027226.csv,CAN_CSV0000000000027235.csv
CAN_CSV0000000000027226.csv,CAN_CSV0000000000005109.csv
CAN_CSV0000000000027226.csv,CAN_CSV0000000000027231.csv
CAN_CSV0000000000027226.csv,CAN_CSV0000000000005102.csv
CAN_CSV0000000000027226.csv,CAN_CSV0000000000000563.csv
CAN_CSV0000000000027226.csv,CAN_CSV0000000000027230.csv
CAN_CSV0000000000027226.csv,CAN_CSV0000000000000659.csv
CAN_CSV0000000000027226.csv,CAN_CSV0000000000005090.csv
CAN_CSV0000000000027232.csv,CAN_CSV0000000000005034.csv
CAN_CSV0000000000027232.csv,CAN_CSV0000000000005408.csv
CAN_CSV0000000000027232.csv,CAN_CSV0000000000027176.csv
CAN_CSV0000000000027232.csv,CAN_CSV0000000000027172.csv
CAN_CSV0000000000027232.csv,CAN_CSV0000000000027262.csv
CAN_CSV0000000000027232.csv,CAN_CSV0000000000027225.csv
CAN_CSV0000000000027232.csv,CAN_CSV0000000000000574.csv
CAN_CSV0000000000027232.csv,CAN_CSV0000000000000594.csv
CAN_CSV0000000000027232.csv,CAN_CSV0000000000027239.csv
CAN_CSV0000000000027232.csv,CAN_CSV0000000000027168.csv
CAN_CSV0000000000027232.csv,CAN_CSV0000000000000562.csv
CAN_CSV0000000000027232.csv,CAN_CSV0000000000005108.csv
CAN_CSV0000000000027232.csv,CAN_CSV0000000000002189.csv
CAN_CSV0000000000027232.csv,CAN_CSV0000000000027224.csv
CAN_CSV0000000000027232.csv,CAN_CSV0000000000005109.csv
CAN_CSV0000000000027232.csv,CAN_CSV0000000000027231.csv
CAN_CSV0000000000027232.csv,CAN_CSV0000000000005118.csv
CAN_CSV0000000000027232.csv,CAN_CSV0000000000005102.csv
CAN_CSV0000000000027232.csv,CAN_CSV0000000000000563.csv
CAN_CSV0000000000027232.csv,CAN_CSV0000000000000659.csv
CAN_CSV0000000000027232.csv,CAN_CSV0000000000027226.csv
CAN_CSV0000000000027232.csv,CAN_CSV0000000000027253.csv
CAN_CSV0000000000027232.csv,CAN_CSV0000000000005090.csv
CAN_CSV0000000000027243.csv,CAN_CSV0000000000027171.csv
CAN_CSV0000000000027243.csv,CAN_CSV0000000000027260.csv
CAN_CSV0000000000027243.csv,CAN_CSV0000000000005408.csv
CAN_CSV0000000000027243.csv,CAN_CSV0000000000027232.csv
CAN_CSV0000000000027243.csv,CAN_CSV0000000000027172.csv
CAN_CSV0000000000027243.csv,CAN_CSV0000000000000565.csv
CAN_CSV0000000000027243.csv,CAN_CSV0000000000000577.csv
CAN_CSV0000000000027243.csv,CAN_CSV0000000000027168.csv
CAN_CSV0000000000027243.csv,CAN_CSV0000000000027245.csv
CAN_CSV0000000000027243.csv,CAN_CSV0000000000000661.csv
CAN_CSV0000000000027243.csv,CAN_CSV0000000000027240.csv
CAN_CSV0000000000027243.csv,CAN_CSV0000000000000589.csv
CAN_CSV0000000000027243.csv,CAN_CSV0000000000027244.csv
CAN_CSV0000000000027243.csv,CAN_CSV0000000000027264.csv
CAN_CSV0000000000027243.csv,CAN_CSV0000000000000600.csv
CAN_CSV0000000000027243.csv,CAN_CSV0000000000000659.csv
CAN_CSV0000000000027243.csv,CAN_CSV0000000000027253.csv
CAN_CSV0000000000027243.csv,CAN_CSV0000000000000567.csv
CAN_CSV0000000000027266.csv,CAN_CSV0000000000005320.csv
CAN_CSV0000000000027266.csv,CAN_CSV0000000000000687.csv
CAN_CSV0000000000027266.csv,CAN_CSV0000000000000685.csv
CAN_CSV0000000000027266.csv,CAN_CSV0000000000027103.csv
CAN_CSV0000000000027266.csv,CAN_CSV0000000000005297.csv
CAN_CSV0000000000027266.csv,CAN_CSV0000000000005322.csv
CAN_CSV0000000000027266.csv,CAN_CSV0000000000000678.csv
CAN_CSV0000000000027266.csv,CAN_CSV0000000000005307.csv
CAN_CSV0000000000027266.csv,CAN_CSV0000000000005348.csv
CAN_CSV0000000000027266.csv,CAN_CSV0000000000005300.csv
CAN_CSV0000000000027266.csv,CAN_CSV0000000000000698.csv
CAN_CSV0000000000027266.csv,CAN_CSV0000000000000644.csv
CAN_CSV0000000000027280.csv,CAN_CSV0000000000005320.csv
CAN_CSV0000000000027280.csv,CAN_CSV0000000000000687.csv
CAN_CSV0000000000027280.csv,CAN_CSV0000000000000685.csv
CAN_CSV0000000000027280.csv,CAN_CSV0000000000027103.csv
CAN_CSV0000000000027280.csv,CAN_CSV0000000000005297.csv
CAN_CSV0000000000027280.csv,CAN_CSV0000000000005322.csv
CAN_CSV0000000000027280.csv,CAN_CSV0000000000000678.csv
CAN_CSV0000000000027280.csv,CAN_CSV0000000000005307.csv
CAN_CSV0000000000027280.csv,CAN_CSV0000000000005348.csv
CAN_CSV0000000000027280.csv,CAN_CSV0000000000005300.csv
CAN_CSV0000000000027280.csv,CAN_CSV0000000000000698.csv
CAN_CSV0000000000027280.csv,CAN_CSV0000000000000644.csv
CAN_CSV0000000000027281.csv,CAN_CSV0000000000005320.csv
CAN_CSV0000000000027281.csv,CAN_CSV0000000000000687.csv
CAN_CSV0000000000027281.csv,CAN_CSV0000000000000685.csv
CAN_CSV0000000000027281.csv,CAN_CSV0000000000027103.csv
CAN_CSV0000000000027281.csv,CAN_CSV0000000000005297.csv
CAN_CSV0000000000027281.csv,CAN_CSV0000000000005322.csv
CAN_CSV0000000000027281.csv,CAN_CSV0000000000000678.csv
CAN_CSV0000000000027281.csv,CAN_CSV0000000000005307.csv
CAN_CSV0000000000027281.csv,CAN_CSV0000000000005348.csv
CAN_CSV0000000000027281.csv,CAN_CSV0000000000005300.csv
CAN_CSV0000000000027281.csv,CAN_CSV0000000000000698.csv
CAN_CSV0000000000027281.csv,CAN_CSV0000000000000644.csv
CAN_CSV0000000000027287.csv,CAN_CSV0000000000000750.csv
CAN_CSV0000000000027287.csv,CAN_CSV0000000000000448.csv
CAN_CSV0000000000027287.csv,CAN_CSV0000000000000761.csv
CAN_CSV0000000000027287.csv,CAN_CSV0000000000005416.csv
CAN_CSV0000000000027287.csv,CAN_CSV0000000000000757.csv
CAN_CSV0000000000027287.csv,CAN_CSV0000000000027308.csv
CAN_CSV0000000000027287.csv,CAN_CSV0000000000000676.csv
CAN_CSV0000000000027287.csv,CAN_CSV0000000000000700.csv
CAN_CSV0000000000027287.csv,CAN_CSV0000000000000644.csv
CAN_CSV0000000000027287.csv,CAN_CSV0000000000000683.csv
CAN_CSV0000000000027287.csv,CAN_CSV0000000000027281.csv
CAN_CSV0000000000027287.csv,CAN_CSV0000000000027266.csv
CAN_CSV0000000000027287.csv,CAN_CSV0000000000005303.csv
CAN_CSV0000000000027287.csv,CAN_CSV0000000000027280.csv
CAN_CSV0000000000027287.csv,CAN_CSV0000000000005325.csv
CAN_CSV0000000000027287.csv,CAN_CSV0000000000000675.csv
CAN_CSV0000000000027287.csv,CAN_CSV0000000000000843.csv
CAN_CSV0000000000027287.csv,CAN_CSV0000000000000685.csv
CAN_CSV0000000000027287.csv,CAN_CSV0000000000005395.csv
CAN_CSV0000000000027287.csv,CAN_CSV0000000000000759.csv
CAN_CSV0000000000027287.csv,CAN_CSV0000000000000848.csv
CAN_CSV0000000000027287.csv,CAN_CSV0000000000000679.csv
CAN_CSV0000000000027287.csv,CAN_CSV0000000000000634.csv
CAN_CSV0000000000027287.csv,CAN_CSV0000000000000688.csv
CAN_CSV0000000000027287.csv,CAN_CSV0000000000005332.csv
CAN_CSV0000000000027287.csv,CAN_CSV0000000000000692.csv
CAN_CSV0000000000027287.csv,CAN_CSV0000000000000686.csv
CAN_CSV0000000000027287.csv,CAN_CSV0000000000005426.csv
CAN_CSV0000000000027287.csv,CAN_CSV0000000000000742.csv
CAN_CSV0000000000027342.csv,CAN_CSV0000000000001814.csv
CAN_CSV0000000000027342.csv,CAN_CSV0000000000001352.csv
CAN_CSV0000000000027346.csv,CAN_CSV0000000000001487.csv
CAN_CSV0000000000027346.csv,CAN_CSV0000000000008201.csv
CAN_CSV0000000000027347.csv,CAN_CSV0000000000027354.csv
CAN_CSV0000000000027347.csv,CAN_CSV0000000000027348.csv
CAN_CSV0000000000027347.csv,CAN_CSV0000000000027353.csv
CAN_CSV0000000000027347.csv,CAN_CSV0000000000027355.csv
CAN_CSV0000000000027347.csv,CAN_CSV0000000000027346.csv
CAN_CSV0000000000027347.csv,CAN_CSV0000000000008201.csv
CAN_CSV0000000000027347.csv,CAN_CSV0000000000027350.csv
CAN_CSV0000000000027347.csv,CAN_CSV0000000000001874.csv
CAN_CSV0000000000027348.csv,CAN_CSV0000000000027354.csv
CAN_CSV0000000000027348.csv,CAN_CSV0000000000027353.csv
CAN_CSV0000000000027348.csv,CAN_CSV0000000000027355.csv
CAN_CSV0000000000027348.csv,CAN_CSV0000000000027346.csv
CAN_CSV0000000000027348.csv,CAN_CSV0000000000008201.csv
CAN_CSV0000000000027348.csv,CAN_CSV0000000000027350.csv
CAN_CSV0000000000027348.csv,CAN_CSV0000000000001874.csv
CAN_CSV0000000000027349.csv,CAN_CSV0000000000027354.csv
CAN_CSV0000000000027349.csv,CAN_CSV0000000000027348.csv
CAN_CSV0000000000027349.csv,CAN_CSV0000000000027353.csv
CAN_CSV0000000000027349.csv,CAN_CSV0000000000027355.csv
CAN_CSV0000000000027349.csv,CAN_CSV0000000000027346.csv
CAN_CSV0000000000027349.csv,CAN_CSV0000000000008201.csv
CAN_CSV0000000000027349.csv,CAN_CSV0000000000027350.csv
CAN_CSV0000000000027349.csv,CAN_CSV0000000000001874.csv
CAN_CSV0000000000027350.csv,CAN_CSV0000000000027354.csv
CAN_CSV0000000000027350.csv,CAN_CSV0000000000027348.csv
CAN_CSV0000000000027350.csv,CAN_CSV0000000000027353.csv
CAN_CSV0000000000027350.csv,CAN_CSV0000000000027355.csv
CAN_CSV0000000000027350.csv,CAN_CSV0000000000027346.csv
CAN_CSV0000000000027350.csv,CAN_CSV0000000000008201.csv
CAN_CSV0000000000027350.csv,CAN_CSV0000000000001874.csv
CAN_CSV0000000000027353.csv,CAN_CSV0000000000027354.csv
CAN_CSV0000000000027353.csv,CAN_CSV0000000000027348.csv
CAN_CSV0000000000027353.csv,CAN_CSV0000000000027355.csv
CAN_CSV0000000000027353.csv,CAN_CSV0000000000027346.csv
CAN_CSV0000000000027353.csv,CAN_CSV0000000000008201.csv
CAN_CSV0000000000027353.csv,CAN_CSV0000000000027350.csv
CAN_CSV0000000000027353.csv,CAN_CSV0000000000001874.csv
CAN_CSV0000000000027354.csv,CAN_CSV0000000000027348.csv
CAN_CSV0000000000027354.csv,CAN_CSV0000000000027353.csv
CAN_CSV0000000000027354.csv,CAN_CSV0000000000027355.csv
CAN_CSV0000000000027354.csv,CAN_CSV0000000000027346.csv
CAN_CSV0000000000027354.csv,CAN_CSV0000000000008201.csv
CAN_CSV0000000000027354.csv,CAN_CSV0000000000027350.csv
CAN_CSV0000000000027354.csv,CAN_CSV0000000000001874.csv
CAN_CSV0000000000027355.csv,CAN_CSV0000000000027354.csv
CAN_CSV0000000000027355.csv,CAN_CSV0000000000027348.csv
CAN_CSV0000000000027355.csv,CAN_CSV0000000000027353.csv
CAN_CSV0000000000027355.csv,CAN_CSV0000000000027346.csv
CAN_CSV0000000000027355.csv,CAN_CSV0000000000008201.csv
CAN_CSV0000000000027355.csv,CAN_CSV0000000000027350.csv
CAN_CSV0000000000027355.csv,CAN_CSV0000000000001874.csv
CAN_CSV0000000000027371.csv,CAN_CSV0000000000001865.csv
CAN_CSV0000000000027371.csv,CAN_CSV0000000000001816.csv
CAN_CSV0000000000027371.csv,CAN_CSV0000000000027119.csv
CAN_CSV0000000000027371.csv,CAN_CSV0000000000002143.csv
CAN_CSV0000000000027371.csv,CAN_CSV0000000000027373.csv
CAN_CSV0000000000027371.csv,CAN_CSV0000000000001909.csv
CAN_CSV0000000000027371.csv,CAN_CSV0000000000001960.csv
CAN_CSV0000000000027371.csv,CAN_CSV0000000000027389.csv
CAN_CSV0000000000027371.csv,CAN_CSV0000000000001961.csv
CAN_CSV0000000000027373.csv,CAN_CSV0000000000001865.csv
CAN_CSV0000000000027373.csv,CAN_CSV0000000000001816.csv
CAN_CSV0000000000027373.csv,CAN_CSV0000000000027119.csv
CAN_CSV0000000000027373.csv,CAN_CSV0000000000002143.csv
CAN_CSV0000000000027373.csv,CAN_CSV0000000000001909.csv
CAN_CSV0000000000027373.csv,CAN_CSV0000000000001960.csv
CAN_CSV0000000000027373.csv,CAN_CSV0000000000027389.csv
CAN_CSV0000000000027373.csv,CAN_CSV0000000000027371.csv
CAN_CSV0000000000027373.csv,CAN_CSV0000000000001961.csv
CAN_CSV0000000000027389.csv,CAN_CSV0000000000001865.csv
CAN_CSV0000000000027389.csv,CAN_CSV0000000000001816.csv
CAN_CSV0000000000027389.csv,CAN_CSV0000000000027119.csv
CAN_CSV0000000000027389.csv,CAN_CSV0000000000002143.csv
CAN_CSV0000000000027389.csv,CAN_CSV0000000000027373.csv
CAN_CSV0000000000027389.csv,CAN_CSV0000000000001909.csv
CAN_CSV0000000000027389.csv,CAN_CSV0000000000001960.csv
CAN_CSV0000000000027389.csv,CAN_CSV0000000000027371.csv
CAN_CSV0000000000027389.csv,CAN_CSV0000000000001961.csv
CAN_CSV0000000000027410.csv,CAN_CSV0000000000027043.csv
CAN_CSV0000000000027410.csv,CAN_CSV0000000000001985.csv
CAN_CSV0000000000027410.csv,CAN_CSV0000000000001956.csv
CAN_CSV0000000000027410.csv,CAN_CSV0000000000001826.csv
CAN_CSV0000000000027410.csv,CAN_CSV0000000000002040.csv
CAN_CSV0000000000027410.csv,CAN_CSV0000000000027041.csv
CAN_CSV0000000000027410.csv,CAN_CSV0000000000009940.csv
CAN_CSV0000000000027410.csv,CAN_CSV0000000000001475.csv
CAN_CSV0000000000027410.csv,CAN_CSV0000000000002131.csv
CAN_CSV0000000000027410.csv,CAN_CSV0000000000001448.csv
CAN_CSV0000000000027410.csv,CAN_CSV0000000000001908.csv
CAN_CSV0000000000027410.csv,CAN_CSV0000000000015841.csv
CAN_CSV0000000000027410.csv,CAN_CSV0000000000002036.csv
CAN_CSV0000000000027410.csv,CAN_CSV0000000000002034.csv
CAN_CSV0000000000027410.csv,CAN_CSV0000000000002039.csv
CAN_CSV0000000000027410.csv,CAN_CSV0000000000001770.csv
CAN_CSV0000000000027410.csv,CAN_CSV0000000000001463.csv
CAN_CSV0000000000027430.csv,CAN_CSV0000000000002325.csv
CAN_CSV0000000000027430.csv,CAN_CSV0000000000002331.csv
CAN_CSV0000000000027430.csv,CAN_CSV0000000000001294.csv
CAN_CSV0000000000027430.csv,CAN_CSV0000000000000478.csv
CAN_CSV0000000000027430.csv,CAN_CSV0000000000014613.csv
CAN_CSV0000000000027430.csv,CAN_CSV0000000000001289.csv
CAN_CSV0000000000027430.csv,CAN_CSV0000000000001286.csv
CAN_CSV0000000000027430.csv,CAN_CSV0000000000001296.csv
CAN_CSV0000000000027430.csv,CAN_CSV0000000000027440.csv
CAN_CSV0000000000027430.csv,CAN_CSV0000000000002323.csv
CAN_CSV0000000000027430.csv,CAN_CSV0000000000001293.csv
