query_table,candidate_table
CAN_CSV0000000000024893.csv,CAN_CSV0000000000020982.csv
CAN_CSV0000000000019383.csv,CAN_CSV0000000000002092.csv
CAN_CSV0000000000016797.csv,CAN_CSV0000000000011318.csv
CAN_CSV0000000000005930.csv,CAN_CSV0000000000001161.csv
CAN_CSV0000000000004711.csv,CAN_CSV0000000000004697.csv
CAN_CSV0000000000002323.csv,CAN_CSV0000000000001286.csv
CAN_CSV0000000000027430.csv,CAN_CSV0000000000014613.csv
CAN_CSV0000000000005318.csv,CAN_CSV0000000000005320.csv
CAN_CSV0000000000001242.csv,CAN_CSV0000000000013603.csv
CAN_CSV0000000000005744.csv,CAN_CSV0000000000005743.csv
CAN_CSV0000000000010564.csv,CAN_CSV0000000000003410.csv
CAN_CSV0000000000004583.csv,CAN_CSV0000000000009463.csv
CAN_CSV0000000000013946.csv,CAN_CSV0000000000000848.csv
CAN_CSV0000000000004700.csv,CAN_CSV0000000000027155.csv
CAN_CSV0000000000008164.csv,CAN_CSV0000000000008117.csv
CAN_CSV0000000000020982.csv,CAN_CSV0000000000011154.csv
CAN_CSV0000000000013144.csv,CAN_CSV0000000000012980.csv
CAN_CSV0000000000000961.csv,CAN_CSV0000000000027228.csv
CAN_CSV0000000000020732.csv,CAN_CSV0000000000018617.csv
CAN_CSV0000000000019350.csv,CAN_CSV0000000000025003.csv
CAN_CSV0000000000005079.csv,CAN_CSV0000000000005090.csv
CAN_CSV0000000000012837.csv,CAN_CSV0000000000012785.csv
CAN_CSV0000000000022085.csv,CAN_CSV0000000000026357.csv
CAN_CSV0000000000005102.csv,CAN_CSV0000000000013782.csv
CAN_CSV0000000000003410.csv,CAN_CSV0000000000003463.csv
CAN_CSV0000000000004940.csv,CAN_CSV0000000000002292.csv
CAN_CSV0000000000000893.csv,CAN_CSV0000000000013782.csv
CAN_CSV0000000000001024.csv,CAN_CSV0000000000007184.csv
CAN_CSV0000000000000659.csv,CAN_CSV0000000000000663.csv
CAN_CSV0000000000005336.csv,CAN_CSV0000000000012903.csv
CAN_CSV0000000000004354.csv,CAN_CSV0000000000004356.csv
CAN_CSV0000000000015886.csv,CAN_CSV0000000000024139.csv
CAN_CSV0000000000026045.csv,CAN_CSV0000000000010124.csv
CAN_CSV0000000000008029.csv,CAN_CSV0000000000010708.csv
CAN_CSV0000000000002011.csv,CAN_CSV0000000000001677.csv
CAN_CSV0000000000013124.csv,CAN_CSV0000000000013782.csv
CAN_CSV0000000000004959.csv,CAN_CSV0000000000000719.csv
CAN_CSV0000000000027410.csv,CAN_CSV0000000000001908.csv
CAN_CSV0000000000027039.csv,CAN_CSV0000000000002132.csv
CAN_CSV0000000000007832.csv,CAN_CSV0000000000018581.csv
CAN_CSV0000000000005080.csv,CAN_CSV0000000000005083.csv
CAN_CSV0000000000006650.csv,CAN_CSV0000000000012980.csv
CAN_CSV0000000000018581.csv,CAN_CSV0000000000003892.csv
CAN_CSV0000000000013725.csv,CAN_CSV0000000000000719.csv
CAN_CSV0000000000021238.csv,CAN_CSV0000000000021273.csv
CAN_CSV0000000000027188.csv,CAN_CSV0000000000002176.csv
CAN_CSV0000000000024255.csv,CAN_CSV0000000000008817.csv
CAN_CSV0000000000025317.csv,CAN_CSV0000000000025310.csv
CAN_CSV0000000000013036.csv,CAN_CSV0000000000027228.csv
CAN_CSV0000000000026782.csv,CAN_CSV0000000000004404.csv
CAN_CSV0000000000009470.csv,CAN_CSV0000000000011643.csv
CAN_CSV0000000000013602.csv,CAN_CSV0000000000000719.csv
CAN_CSV0000000000001286.csv,CAN_CSV0000000000001298.csv
CAN_CSV0000000000001198.csv,CAN_CSV0000000000013782.csv
CAN_CSV0000000000013912.csv,CAN_CSV0000000000001114.csv
CAN_CSV0000000000000638.csv,CAN_CSV0000000000005325.csv
CAN_CSV0000000000015899.csv,CAN_CSV0000000000016370.csv
CAN_CSV0000000000000724.csv,CAN_CSV0000000000000725.csv
CAN_CSV0000000000018831.csv,CAN_CSV0000000000027007.csv
CAN_CSV0000000000025306.csv,CAN_CSV0000000000011333.csv
CAN_CSV0000000000001370.csv,CAN_CSV0000000000001379.csv
CAN_CSV0000000000006809.csv,CAN_CSV0000000000006813.csv
CAN_CSV0000000000013427.csv,CAN_CSV0000000000013492.csv
CAN_CSV0000000000014474.csv,CAN_CSV0000000000005263.csv
CAN_CSV0000000000016775.csv,CAN_CSV0000000000021470.csv
CAN_CSV0000000000007184.csv,CAN_CSV0000000000015696.csv
CAN_CSV0000000000014315.csv,CAN_CSV0000000000012980.csv
CAN_CSV0000000000001818.csv,CAN_CSV0000000000002073.csv
CAN_CSV0000000000005757.csv,CAN_CSV0000000000005760.csv
CAN_CSV0000000000014850.csv,CAN_CSV0000000000014851.csv
CAN_CSV0000000000003365.csv,CAN_CSV0000000000027007.csv
CAN_CSV0000000000005013.csv,CAN_CSV0000000000001247.csv
CAN_CSV0000000000007014.csv,CAN_CSV0000000000005009.csv
CAN_CSV0000000000001861.csv,CAN_CSV0000000000001867.csv
CAN_CSV0000000000001286.csv,CAN_CSV0000000000001260.csv
CAN_CSV0000000000003463.csv,CAN_CSV0000000000016713.csv
CAN_CSV0000000000001423.csv,CAN_CSV0000000000001425.csv
CAN_CSV0000000000001286.csv,CAN_CSV0000000000001287.csv
CAN_CSV0000000000016419.csv,CAN_CSV0000000000020848.csv
CAN_CSV0000000000005768.csv,CAN_CSV0000000000000832.csv
CAN_CSV0000000000005070.csv,CAN_CSV0000000000014315.csv
CAN_CSV0000000000002131.csv,CAN_CSV0000000000027043.csv
CAN_CSV0000000000015285.csv,CAN_CSV0000000000024021.csv
CAN_CSV0000000000023229.csv,CAN_CSV0000000000026372.csv
CAN_CSV0000000000013397.csv,CAN_CSV0000000000001119.csv
CAN_CSV0000000000000474.csv,CAN_CSV0000000000013321.csv
CAN_CSV0000000000017519.csv,CAN_CSV0000000000020140.csv
CAN_CSV0000000000012002.csv,CAN_CSV0000000000008837.csv
CAN_CSV0000000000003274.csv,CAN_CSV0000000000009986.csv
CAN_CSV0000000000026879.csv,CAN_CSV0000000000019236.csv
CAN_CSV0000000000000831.csv,CAN_CSV0000000000000830.csv
CAN_CSV0000000000004959.csv,CAN_CSV0000000000004970.csv
CAN_CSV0000000000001435.csv,CAN_CSV0000000000007512.csv
CAN_CSV0000000000009663.csv,CAN_CSV0000000000026372.csv
CAN_CSV0000000000025245.csv,CAN_CSV0000000000011689.csv
CAN_CSV0000000000022699.csv,CAN_CSV0000000000018607.csv
CAN_CSV0000000000005102.csv,CAN_CSV0000000000005097.csv
CAN_CSV0000000000013953.csv,CAN_CSV0000000000005083.csv
CAN_CSV0000000000000642.csv,CAN_CSV0000000000005309.csv
CAN_CSV0000000000006344.csv,CAN_CSV0000000000013199.csv
CAN_CSV0000000000000558.csv,CAN_CSV0000000000000664.csv
CAN_CSV0000000000000581.csv,CAN_CSV0000000000000553.csv
CAN_CSV0000000000006872.csv,CAN_CSV0000000000012980.csv
CAN_CSV0000000000005070.csv,CAN_CSV0000000000000558.csv
CAN_CSV0000000000007018.csv,CAN_CSV0000000000007007.csv
CAN_CSV0000000000001362.csv,CAN_CSV0000000000001361.csv
CAN_CSV0000000000005418.csv,CAN_CSV0000000000005302.csv
CAN_CSV0000000000001963.csv,CAN_CSV0000000000017825.csv
CAN_CSV0000000000006988.csv,CAN_CSV0000000000013782.csv
CAN_CSV0000000000004720.csv,CAN_CSV0000000000027172.csv
CAN_CSV0000000000018581.csv,CAN_CSV0000000000007832.csv
CAN_CSV0000000000001198.csv,CAN_CSV0000000000014315.csv
CAN_CSV0000000000014005.csv,CAN_CSV0000000000013603.csv
CAN_CSV0000000000011356.csv,CAN_CSV0000000000022992.csv
CAN_CSV0000000000007677.csv,CAN_CSV0000000000007676.csv
CAN_CSV0000000000017604.csv,CAN_CSV0000000000007855.csv
CAN_CSV0000000000005783.csv,CAN_CSV0000000000000820.csv
CAN_CSV0000000000004391.csv,CAN_CSV0000000000003311.csv
CAN_CSV0000000000013124.csv,CAN_CSV0000000000013123.csv
CAN_CSV0000000000024792.csv,CAN_CSV0000000000024224.csv
CAN_CSV0000000000006882.csv,CAN_CSV0000000000013199.csv
CAN_CSV0000000000022503.csv,CAN_CSV0000000000022208.csv
CAN_CSV0000000000005583.csv,CAN_CSV0000000000005337.csv
CAN_CSV0000000000027051.csv,CAN_CSV0000000000002253.csv
CAN_CSV0000000000009606.csv,CAN_CSV0000000000017236.csv
CAN_CSV0000000000013725.csv,CAN_CSV0000000000013603.csv
CAN_CSV0000000000003356.csv,CAN_CSV0000000000015899.csv
CAN_CSV0000000000001058.csv,CAN_CSV0000000000013124.csv
CAN_CSV0000000000017175.csv,CAN_CSV0000000000002124.csv
CAN_CSV0000000000000629.csv,CAN_CSV0000000000001050.csv
CAN_CSV0000000000009951.csv,CAN_CSV0000000000020002.csv
CAN_CSV0000000000000732.csv,CAN_CSV0000000000007076.csv
CAN_CSV0000000000023436.csv,CAN_CSV0000000000027417.csv
CAN_CSV0000000000013008.csv,CAN_CSV0000000000013109.csv
CAN_CSV0000000000014052.csv,CAN_CSV0000000000027228.csv
CAN_CSV0000000000009256.csv,CAN_CSV0000000000023789.csv
CAN_CSV0000000000001636.csv,CAN_CSV0000000000001563.csv
CAN_CSV0000000000015762.csv,CAN_CSV0000000000013720.csv
CAN_CSV0000000000000634.csv,CAN_CSV0000000000000758.csv
CAN_CSV0000000000002295.csv,CAN_CSV0000000000001242.csv
CAN_CSV0000000000001018.csv,CAN_CSV0000000000012980.csv
CAN_CSV0000000000024695.csv,CAN_CSV0000000000003245.csv
CAN_CSV0000000000008165.csv,CAN_CSV0000000000008159.csv
CAN_CSV0000000000007676.csv,CAN_CSV0000000000007680.csv
CAN_CSV0000000000021131.csv,CAN_CSV0000000000009120.csv
CAN_CSV0000000000003595.csv,CAN_CSV0000000000026380.csv
CAN_CSV0000000000022798.csv,CAN_CSV0000000000001900.csv
CAN_CSV0000000000001185.csv,CAN_CSV0000000000001075.csv
CAN_CSV0000000000001857.csv,CAN_CSV0000000000027341.csv
CAN_CSV0000000000014315.csv,CAN_CSV0000000000001219.csv
CAN_CSV0000000000013788.csv,CAN_CSV0000000000013782.csv
CAN_CSV0000000000005486.csv,CAN_CSV0000000000001025.csv
CAN_CSV0000000000005486.csv,CAN_CSV0000000000013009.csv
CAN_CSV0000000000005486.csv,CAN_CSV0000000000001114.csv
CAN_CSV0000000000005486.csv,CAN_CSV0000000000015768.csv
CAN_CSV0000000000005486.csv,CAN_CSV0000000000000761.csv
CAN_CSV0000000000005486.csv,CAN_CSV0000000000013123.csv
CAN_CSV0000000000005486.csv,CAN_CSV0000000000027308.csv
CAN_CSV0000000000005486.csv,CAN_CSV0000000000012842.csv
CAN_CSV0000000000005486.csv,CAN_CSV0000000000013763.csv
CAN_CSV0000000000005486.csv,CAN_CSV0000000000001229.csv
CAN_CSV0000000000005486.csv,CAN_CSV0000000000000828.csv
CAN_CSV0000000000005486.csv,CAN_CSV0000000000000676.csv
CAN_CSV0000000000005486.csv,CAN_CSV0000000000012889.csv
CAN_CSV0000000000005486.csv,CAN_CSV0000000000000984.csv
CAN_CSV0000000000005486.csv,CAN_CSV0000000000001071.csv
CAN_CSV0000000000005486.csv,CAN_CSV0000000000000660.csv
CAN_CSV0000000000005486.csv,CAN_CSV0000000000013712.csv
CAN_CSV0000000000005486.csv,CAN_CSV0000000000000857.csv
CAN_CSV0000000000005486.csv,CAN_CSV0000000000000701.csv
CAN_CSV0000000000019383.csv,CAN_CSV0000000000001833.csv
CAN_CSV0000000000019383.csv,CAN_CSV0000000000012307.csv
CAN_CSV0000000000019383.csv,CAN_CSV0000000000023493.csv
CAN_CSV0000000000019383.csv,CAN_CSV0000000000010609.csv
CAN_CSV0000000000019383.csv,CAN_CSV0000000000023333.csv
CAN_CSV0000000000019383.csv,CAN_CSV0000000000019053.csv
CAN_CSV0000000000019383.csv,CAN_CSV0000000000001834.csv
CAN_CSV0000000000019383.csv,CAN_CSV0000000000001836.csv
CAN_CSV0000000000019383.csv,CAN_CSV0000000000001837.csv
CAN_CSV0000000000019383.csv,CAN_CSV0000000000020224.csv
CAN_CSV0000000000019383.csv,CAN_CSV0000000000001907.csv
CAN_CSV0000000000019383.csv,CAN_CSV0000000000019321.csv
CAN_CSV0000000000019383.csv,CAN_CSV0000000000010633.csv
CAN_CSV0000000000019383.csv,CAN_CSV0000000000001835.csv
CAN_CSV0000000000019383.csv,CAN_CSV0000000000010190.csv
CAN_CSV0000000000019383.csv,CAN_CSV0000000000002065.csv
CAN_CSV0000000000019383.csv,CAN_CSV0000000000010610.csv
CAN_CSV0000000000019383.csv,CAN_CSV0000000000015861.csv
CAN_CSV0000000000019383.csv,CAN_CSV0000000000025816.csv
CAN_CSV0000000000019383.csv,CAN_CSV0000000000026164.csv
CAN_CSV0000000000019383.csv,CAN_CSV0000000000015232.csv
CAN_CSV0000000000019383.csv,CAN_CSV0000000000001830.csv
CAN_CSV0000000000016797.csv,CAN_CSV0000000000002832.csv
CAN_CSV0000000000016797.csv,CAN_CSV0000000000019197.csv
CAN_CSV0000000000016797.csv,CAN_CSV0000000000026144.csv
CAN_CSV0000000000016797.csv,CAN_CSV0000000000020548.csv
CAN_CSV0000000000016797.csv,CAN_CSV0000000000008056.csv
CAN_CSV0000000000016797.csv,CAN_CSV0000000000023098.csv
CAN_CSV0000000000016797.csv,CAN_CSV0000000000009991.csv
CAN_CSV0000000000016797.csv,CAN_CSV0000000000004007.csv
CAN_CSV0000000000016797.csv,CAN_CSV0000000000008519.csv
CAN_CSV0000000000016797.csv,CAN_CSV0000000000002128.csv
CAN_CSV0000000000005930.csv,CAN_CSV0000000000001025.csv
CAN_CSV0000000000005930.csv,CAN_CSV0000000000013009.csv
CAN_CSV0000000000005930.csv,CAN_CSV0000000000001114.csv
CAN_CSV0000000000005930.csv,CAN_CSV0000000000015768.csv
CAN_CSV0000000000005930.csv,CAN_CSV0000000000000761.csv
CAN_CSV0000000000005930.csv,CAN_CSV0000000000013123.csv
CAN_CSV0000000000005930.csv,CAN_CSV0000000000027308.csv
CAN_CSV0000000000005930.csv,CAN_CSV0000000000012842.csv
CAN_CSV0000000000005930.csv,CAN_CSV0000000000013763.csv
CAN_CSV0000000000005930.csv,CAN_CSV0000000000001229.csv
CAN_CSV0000000000005930.csv,CAN_CSV0000000000000828.csv
CAN_CSV0000000000005930.csv,CAN_CSV0000000000000676.csv
CAN_CSV0000000000005930.csv,CAN_CSV0000000000012889.csv
CAN_CSV0000000000005930.csv,CAN_CSV0000000000000984.csv
CAN_CSV0000000000005930.csv,CAN_CSV0000000000001071.csv
CAN_CSV0000000000005930.csv,CAN_CSV0000000000000660.csv
CAN_CSV0000000000005930.csv,CAN_CSV0000000000013712.csv
CAN_CSV0000000000004711.csv,CAN_CSV0000000000001025.csv
CAN_CSV0000000000004711.csv,CAN_CSV0000000000013009.csv
CAN_CSV0000000000004711.csv,CAN_CSV0000000000001114.csv
CAN_CSV0000000000004711.csv,CAN_CSV0000000000015768.csv
CAN_CSV0000000000004711.csv,CAN_CSV0000000000000761.csv
CAN_CSV0000000000004711.csv,CAN_CSV0000000000013123.csv
CAN_CSV0000000000004711.csv,CAN_CSV0000000000027308.csv
CAN_CSV0000000000004711.csv,CAN_CSV0000000000012842.csv
CAN_CSV0000000000004711.csv,CAN_CSV0000000000013763.csv
CAN_CSV0000000000004711.csv,CAN_CSV0000000000001229.csv
CAN_CSV0000000000004711.csv,CAN_CSV0000000000000828.csv
CAN_CSV0000000000004711.csv,CAN_CSV0000000000000676.csv
CAN_CSV0000000000004711.csv,CAN_CSV0000000000012889.csv
CAN_CSV0000000000004711.csv,CAN_CSV0000000000000984.csv
CAN_CSV0000000000004711.csv,CAN_CSV0000000000001071.csv
CAN_CSV0000000000002323.csv,CAN_CSV0000000000014578.csv
CAN_CSV0000000000002323.csv,CAN_CSV0000000000001289.csv
CAN_CSV0000000000002323.csv,CAN_CSV0000000000014562.csv
CAN_CSV0000000000002323.csv,CAN_CSV0000000000014617.csv
CAN_CSV0000000000002323.csv,CAN_CSV0000000000014567.csv
CAN_CSV0000000000002323.csv,CAN_CSV0000000000000478.csv
CAN_CSV0000000000002323.csv,CAN_CSV0000000000027440.csv
CAN_CSV0000000000002323.csv,CAN_CSV0000000000027430.csv
CAN_CSV0000000000002323.csv,CAN_CSV0000000000002325.csv
CAN_CSV0000000000002323.csv,CAN_CSV0000000000014565.csv
CAN_CSV0000000000002323.csv,CAN_CSV0000000000014612.csv
CAN_CSV0000000000002323.csv,CAN_CSV0000000000014594.csv
CAN_CSV0000000000002323.csv,CAN_CSV0000000000014595.csv
CAN_CSV0000000000002323.csv,CAN_CSV0000000000001260.csv
CAN_CSV0000000000002323.csv,CAN_CSV0000000000001285.csv
CAN_CSV0000000000027430.csv,CAN_CSV0000000000001289.csv
CAN_CSV0000000000027430.csv,CAN_CSV0000000000014562.csv
CAN_CSV0000000000027430.csv,CAN_CSV0000000000014617.csv
CAN_CSV0000000000027430.csv,CAN_CSV0000000000027440.csv
CAN_CSV0000000000027430.csv,CAN_CSV0000000000002325.csv
CAN_CSV0000000000027430.csv,CAN_CSV0000000000014565.csv
CAN_CSV0000000000027430.csv,CAN_CSV0000000000014612.csv
CAN_CSV0000000000027430.csv,CAN_CSV0000000000014594.csv
CAN_CSV0000000000027430.csv,CAN_CSV0000000000014595.csv
CAN_CSV0000000000027430.csv,CAN_CSV0000000000001260.csv
CAN_CSV0000000000027430.csv,CAN_CSV0000000000014578.csv
CAN_CSV0000000000027430.csv,CAN_CSV0000000000014567.csv
CAN_CSV0000000000027430.csv,CAN_CSV0000000000000478.csv
CAN_CSV0000000000027430.csv,CAN_CSV0000000000002323.csv
CAN_CSV0000000000027430.csv,CAN_CSV0000000000001294.csv
CAN_CSV0000000000027430.csv,CAN_CSV0000000000001293.csv
CAN_CSV0000000000005318.csv,CAN_CSV0000000000001025.csv
CAN_CSV0000000000005318.csv,CAN_CSV0000000000013009.csv
CAN_CSV0000000000005318.csv,CAN_CSV0000000000001114.csv
CAN_CSV0000000000005318.csv,CAN_CSV0000000000015768.csv
CAN_CSV0000000000005318.csv,CAN_CSV0000000000000761.csv
CAN_CSV0000000000005318.csv,CAN_CSV0000000000013123.csv
CAN_CSV0000000000005318.csv,CAN_CSV0000000000027308.csv
CAN_CSV0000000000005318.csv,CAN_CSV0000000000012842.csv
CAN_CSV0000000000005318.csv,CAN_CSV0000000000013763.csv
CAN_CSV0000000000005318.csv,CAN_CSV0000000000001229.csv
CAN_CSV0000000000005318.csv,CAN_CSV0000000000000828.csv
CAN_CSV0000000000005318.csv,CAN_CSV0000000000000676.csv
CAN_CSV0000000000005318.csv,CAN_CSV0000000000012889.csv
CAN_CSV0000000000005318.csv,CAN_CSV0000000000000984.csv
CAN_CSV0000000000005318.csv,CAN_CSV0000000000001071.csv
CAN_CSV0000000000005318.csv,CAN_CSV0000000000000660.csv
CAN_CSV0000000000005318.csv,CAN_CSV0000000000013712.csv
CAN_CSV0000000000001242.csv,CAN_CSV0000000000001025.csv
CAN_CSV0000000000001242.csv,CAN_CSV0000000000013009.csv
CAN_CSV0000000000001242.csv,CAN_CSV0000000000001114.csv
CAN_CSV0000000000001242.csv,CAN_CSV0000000000015768.csv
CAN_CSV0000000000001242.csv,CAN_CSV0000000000000761.csv
CAN_CSV0000000000001242.csv,CAN_CSV0000000000013123.csv
CAN_CSV0000000000001242.csv,CAN_CSV0000000000027308.csv
CAN_CSV0000000000001242.csv,CAN_CSV0000000000012842.csv
CAN_CSV0000000000001242.csv,CAN_CSV0000000000013763.csv
CAN_CSV0000000000001242.csv,CAN_CSV0000000000001229.csv
CAN_CSV0000000000001242.csv,CAN_CSV0000000000000828.csv
CAN_CSV0000000000001242.csv,CAN_CSV0000000000000676.csv
CAN_CSV0000000000001242.csv,CAN_CSV0000000000012889.csv
CAN_CSV0000000000001242.csv,CAN_CSV0000000000000984.csv
CAN_CSV0000000000001242.csv,CAN_CSV0000000000001071.csv
CAN_CSV0000000000001242.csv,CAN_CSV0000000000000660.csv
CAN_CSV0000000000001242.csv,CAN_CSV0000000000013712.csv
CAN_CSV0000000000001242.csv,CAN_CSV0000000000000857.csv
CAN_CSV0000000000001242.csv,CAN_CSV0000000000000701.csv
CAN_CSV0000000000001242.csv,CAN_CSV0000000000000845.csv
CAN_CSV0000000000005744.csv,CAN_CSV0000000000001025.csv
CAN_CSV0000000000005744.csv,CAN_CSV0000000000013009.csv
CAN_CSV0000000000005744.csv,CAN_CSV0000000000001114.csv
CAN_CSV0000000000005744.csv,CAN_CSV0000000000015768.csv
CAN_CSV0000000000005744.csv,CAN_CSV0000000000000761.csv
CAN_CSV0000000000005744.csv,CAN_CSV0000000000013123.csv
CAN_CSV0000000000005744.csv,CAN_CSV0000000000027308.csv
CAN_CSV0000000000005744.csv,CAN_CSV0000000000012842.csv
CAN_CSV0000000000005744.csv,CAN_CSV0000000000013763.csv
CAN_CSV0000000000005744.csv,CAN_CSV0000000000001229.csv
CAN_CSV0000000000005744.csv,CAN_CSV0000000000000828.csv
CAN_CSV0000000000005744.csv,CAN_CSV0000000000000676.csv
CAN_CSV0000000000005744.csv,CAN_CSV0000000000012889.csv
CAN_CSV0000000000005744.csv,CAN_CSV0000000000000984.csv
CAN_CSV0000000000005744.csv,CAN_CSV0000000000001071.csv
CAN_CSV0000000000005744.csv,CAN_CSV0000000000000660.csv
CAN_CSV0000000000005744.csv,CAN_CSV0000000000013712.csv
CAN_CSV0000000000005744.csv,CAN_CSV0000000000000857.csv
CAN_CSV0000000000005744.csv,CAN_CSV0000000000000701.csv
CAN_CSV0000000000005744.csv,CAN_CSV0000000000000818.csv
CAN_CSV0000000000005744.csv,CAN_CSV0000000000000827.csv
CAN_CSV0000000000005744.csv,CAN_CSV0000000000005812.csv
CAN_CSV0000000000005744.csv,CAN_CSV0000000000005766.csv
CAN_CSV0000000000005744.csv,CAN_CSV0000000000005816.csv
CAN_CSV0000000000005744.csv,CAN_CSV0000000000005817.csv
CAN_CSV0000000000005744.csv,CAN_CSV0000000000007060.csv
CAN_CSV0000000000005744.csv,CAN_CSV0000000000000824.csv
CAN_CSV0000000000005744.csv,CAN_CSV0000000000000830.csv
CAN_CSV0000000000005744.csv,CAN_CSV0000000000005770.csv
CAN_CSV0000000000010564.csv,CAN_CSV0000000000021930.csv
CAN_CSV0000000000010564.csv,CAN_CSV0000000000003463.csv
CAN_CSV0000000000010564.csv,CAN_CSV0000000000007906.csv
CAN_CSV0000000000010564.csv,CAN_CSV0000000000024221.csv
CAN_CSV0000000000010564.csv,CAN_CSV0000000000017078.csv
CAN_CSV0000000000010564.csv,CAN_CSV0000000000016713.csv
CAN_CSV0000000000010564.csv,CAN_CSV0000000000021111.csv
CAN_CSV0000000000010564.csv,CAN_CSV0000000000022435.csv
CAN_CSV0000000000010564.csv,CAN_CSV0000000000023461.csv
CAN_CSV0000000000010564.csv,CAN_CSV0000000000008520.csv
CAN_CSV0000000000004583.csv,CAN_CSV0000000000018629.csv
CAN_CSV0000000000004583.csv,CAN_CSV0000000000016590.csv
CAN_CSV0000000000004583.csv,CAN_CSV0000000000026770.csv
CAN_CSV0000000000013946.csv,CAN_CSV0000000000001025.csv
CAN_CSV0000000000013946.csv,CAN_CSV0000000000013009.csv
CAN_CSV0000000000013946.csv,CAN_CSV0000000000001114.csv
CAN_CSV0000000000013946.csv,CAN_CSV0000000000015768.csv
CAN_CSV0000000000013946.csv,CAN_CSV0000000000000761.csv
CAN_CSV0000000000013946.csv,CAN_CSV0000000000013123.csv
CAN_CSV0000000000013946.csv,CAN_CSV0000000000027308.csv
CAN_CSV0000000000013946.csv,CAN_CSV0000000000012842.csv
CAN_CSV0000000000013946.csv,CAN_CSV0000000000013763.csv
CAN_CSV0000000000013946.csv,CAN_CSV0000000000001229.csv
CAN_CSV0000000000013946.csv,CAN_CSV0000000000000828.csv
CAN_CSV0000000000013946.csv,CAN_CSV0000000000000676.csv
CAN_CSV0000000000013946.csv,CAN_CSV0000000000012889.csv
CAN_CSV0000000000013946.csv,CAN_CSV0000000000000984.csv
CAN_CSV0000000000013946.csv,CAN_CSV0000000000001071.csv
CAN_CSV0000000000013946.csv,CAN_CSV0000000000000660.csv
CAN_CSV0000000000013946.csv,CAN_CSV0000000000013712.csv
CAN_CSV0000000000013946.csv,CAN_CSV0000000000000857.csv
CAN_CSV0000000000013946.csv,CAN_CSV0000000000000701.csv
CAN_CSV0000000000013946.csv,CAN_CSV0000000000000845.csv
CAN_CSV0000000000004700.csv,CAN_CSV0000000000001117.csv
CAN_CSV0000000000004700.csv,CAN_CSV0000000000027141.csv
CAN_CSV0000000000004700.csv,CAN_CSV0000000000015770.csv
CAN_CSV0000000000004700.csv,CAN_CSV0000000000001114.csv
CAN_CSV0000000000004700.csv,CAN_CSV0000000000015768.csv
CAN_CSV0000000000004700.csv,CAN_CSV0000000000013599.csv
CAN_CSV0000000000004700.csv,CAN_CSV0000000000013593.csv
CAN_CSV0000000000004700.csv,CAN_CSV0000000000027139.csv
CAN_CSV0000000000004700.csv,CAN_CSV0000000000013508.csv
CAN_CSV0000000000004700.csv,CAN_CSV0000000000001159.csv
CAN_CSV0000000000004700.csv,CAN_CSV0000000000005899.csv
CAN_CSV0000000000004700.csv,CAN_CSV0000000000013601.csv
CAN_CSV0000000000004700.csv,CAN_CSV0000000000013131.csv
CAN_CSV0000000000004700.csv,CAN_CSV0000000000013755.csv
CAN_CSV0000000000004700.csv,CAN_CSV0000000000001025.csv
CAN_CSV0000000000004700.csv,CAN_CSV0000000000013009.csv
CAN_CSV0000000000004700.csv,CAN_CSV0000000000000761.csv
CAN_CSV0000000000004700.csv,CAN_CSV0000000000013123.csv
CAN_CSV0000000000004700.csv,CAN_CSV0000000000027308.csv
CAN_CSV0000000000004700.csv,CAN_CSV0000000000012842.csv
CAN_CSV0000000000004700.csv,CAN_CSV0000000000013763.csv
CAN_CSV0000000000004700.csv,CAN_CSV0000000000001229.csv
CAN_CSV0000000000004700.csv,CAN_CSV0000000000000828.csv
CAN_CSV0000000000004700.csv,CAN_CSV0000000000000676.csv
CAN_CSV0000000000004700.csv,CAN_CSV0000000000012889.csv
CAN_CSV0000000000004700.csv,CAN_CSV0000000000000984.csv
CAN_CSV0000000000004700.csv,CAN_CSV0000000000001071.csv
CAN_CSV0000000000004700.csv,CAN_CSV0000000000000660.csv
CAN_CSV0000000000004700.csv,CAN_CSV0000000000013712.csv
CAN_CSV0000000000004700.csv,CAN_CSV0000000000000857.csv
CAN_CSV0000000000004700.csv,CAN_CSV0000000000000701.csv
CAN_CSV0000000000004700.csv,CAN_CSV0000000000000845.csv
CAN_CSV0000000000008164.csv,CAN_CSV0000000000008166.csv
CAN_CSV0000000000008164.csv,CAN_CSV0000000000025508.csv
CAN_CSV0000000000008164.csv,CAN_CSV0000000000024921.csv
CAN_CSV0000000000008164.csv,CAN_CSV0000000000018431.csv
CAN_CSV0000000000008164.csv,CAN_CSV0000000000008255.csv
CAN_CSV0000000000008164.csv,CAN_CSV0000000000008159.csv
CAN_CSV0000000000008164.csv,CAN_CSV0000000000019440.csv
CAN_CSV0000000000008164.csv,CAN_CSV0000000000008271.csv
CAN_CSV0000000000008164.csv,CAN_CSV0000000000008115.csv
CAN_CSV0000000000008164.csv,CAN_CSV0000000000019445.csv
CAN_CSV0000000000008164.csv,CAN_CSV0000000000008160.csv
CAN_CSV0000000000008164.csv,CAN_CSV0000000000001461.csv
CAN_CSV0000000000008164.csv,CAN_CSV0000000000022568.csv
CAN_CSV0000000000008164.csv,CAN_CSV0000000000022571.csv
CAN_CSV0000000000008164.csv,CAN_CSV0000000000001769.csv
CAN_CSV0000000000008164.csv,CAN_CSV0000000000001405.csv
CAN_CSV0000000000008164.csv,CAN_CSV0000000000024908.csv
CAN_CSV0000000000008164.csv,CAN_CSV0000000000001314.csv
CAN_CSV0000000000008164.csv,CAN_CSV0000000000008291.csv
CAN_CSV0000000000008164.csv,CAN_CSV0000000000018307.csv
CAN_CSV0000000000008164.csv,CAN_CSV0000000000022563.csv
CAN_CSV0000000000015700.csv,CAN_CSV0000000000001025.csv
CAN_CSV0000000000015700.csv,CAN_CSV0000000000013009.csv
CAN_CSV0000000000015700.csv,CAN_CSV0000000000001114.csv
CAN_CSV0000000000015700.csv,CAN_CSV0000000000015768.csv
CAN_CSV0000000000015700.csv,CAN_CSV0000000000000761.csv
CAN_CSV0000000000015700.csv,CAN_CSV0000000000013123.csv
CAN_CSV0000000000015700.csv,CAN_CSV0000000000027308.csv
CAN_CSV0000000000015700.csv,CAN_CSV0000000000012842.csv
CAN_CSV0000000000015700.csv,CAN_CSV0000000000013763.csv
CAN_CSV0000000000015700.csv,CAN_CSV0000000000001229.csv
CAN_CSV0000000000015700.csv,CAN_CSV0000000000000828.csv
CAN_CSV0000000000015700.csv,CAN_CSV0000000000000676.csv
CAN_CSV0000000000015700.csv,CAN_CSV0000000000012889.csv
CAN_CSV0000000000015700.csv,CAN_CSV0000000000000984.csv
CAN_CSV0000000000015700.csv,CAN_CSV0000000000001071.csv
CAN_CSV0000000000015700.csv,CAN_CSV0000000000000660.csv
CAN_CSV0000000000015700.csv,CAN_CSV0000000000013712.csv
CAN_CSV0000000000015700.csv,CAN_CSV0000000000000857.csv
CAN_CSV0000000000015700.csv,CAN_CSV0000000000000701.csv
CAN_CSV0000000000015700.csv,CAN_CSV0000000000015731.csv
CAN_CSV0000000000015700.csv,CAN_CSV0000000000005245.csv
CAN_CSV0000000000015700.csv,CAN_CSV0000000000015703.csv
CAN_CSV0000000000015700.csv,CAN_CSV0000000000014313.csv
CAN_CSV0000000000015700.csv,CAN_CSV0000000000013368.csv
CAN_CSV0000000000015700.csv,CAN_CSV0000000000005882.csv
CAN_CSV0000000000015700.csv,CAN_CSV0000000000001181.csv
CAN_CSV0000000000015700.csv,CAN_CSV0000000000014060.csv
CAN_CSV0000000000015700.csv,CAN_CSV0000000000002297.csv
CAN_CSV0000000000015700.csv,CAN_CSV0000000000000845.csv
CAN_CSV0000000000020982.csv,CAN_CSV0000000000016788.csv
CAN_CSV0000000000020982.csv,CAN_CSV0000000000022664.csv
CAN_CSV0000000000020982.csv,CAN_CSV0000000000014985.csv
CAN_CSV0000000000020982.csv,CAN_CSV0000000000021365.csv
CAN_CSV0000000000020982.csv,CAN_CSV0000000000020774.csv
CAN_CSV0000000000020982.csv,CAN_CSV0000000000024150.csv
CAN_CSV0000000000020982.csv,CAN_CSV0000000000010542.csv
CAN_CSV0000000000020982.csv,CAN_CSV0000000000007349.csv
CAN_CSV0000000000020982.csv,CAN_CSV0000000000015042.csv
CAN_CSV0000000000020982.csv,CAN_CSV0000000000024228.csv
CAN_CSV0000000000020982.csv,CAN_CSV0000000000021456.csv
CAN_CSV0000000000020982.csv,CAN_CSV0000000000011689.csv
CAN_CSV0000000000020982.csv,CAN_CSV0000000000018400.csv
CAN_CSV0000000000020982.csv,CAN_CSV0000000000024893.csv
CAN_CSV0000000000020982.csv,CAN_CSV0000000000021893.csv
CAN_CSV0000000000020982.csv,CAN_CSV0000000000009110.csv
CAN_CSV0000000000020982.csv,CAN_CSV0000000000010054.csv
CAN_CSV0000000000020982.csv,CAN_CSV0000000000019879.csv
CAN_CSV0000000000020982.csv,CAN_CSV0000000000026772.csv
CAN_CSV0000000000013144.csv,CAN_CSV0000000000001025.csv
CAN_CSV0000000000013144.csv,CAN_CSV0000000000013009.csv
CAN_CSV0000000000013144.csv,CAN_CSV0000000000001114.csv
CAN_CSV0000000000013144.csv,CAN_CSV0000000000015768.csv
CAN_CSV0000000000013144.csv,CAN_CSV0000000000000761.csv
CAN_CSV0000000000013144.csv,CAN_CSV0000000000013123.csv
CAN_CSV0000000000013144.csv,CAN_CSV0000000000027308.csv
CAN_CSV0000000000013144.csv,CAN_CSV0000000000012842.csv
CAN_CSV0000000000013144.csv,CAN_CSV0000000000013763.csv
CAN_CSV0000000000013144.csv,CAN_CSV0000000000001229.csv
CAN_CSV0000000000013144.csv,CAN_CSV0000000000000828.csv
CAN_CSV0000000000013144.csv,CAN_CSV0000000000000676.csv
CAN_CSV0000000000013144.csv,CAN_CSV0000000000012889.csv
CAN_CSV0000000000013144.csv,CAN_CSV0000000000000984.csv
CAN_CSV0000000000013144.csv,CAN_CSV0000000000001071.csv
CAN_CSV0000000000000961.csv,CAN_CSV0000000000001025.csv
CAN_CSV0000000000000961.csv,CAN_CSV0000000000013009.csv
CAN_CSV0000000000000961.csv,CAN_CSV0000000000001114.csv
CAN_CSV0000000000000961.csv,CAN_CSV0000000000015768.csv
CAN_CSV0000000000000961.csv,CAN_CSV0000000000000761.csv
CAN_CSV0000000000000961.csv,CAN_CSV0000000000013123.csv
CAN_CSV0000000000000961.csv,CAN_CSV0000000000027308.csv
CAN_CSV0000000000000961.csv,CAN_CSV0000000000012842.csv
CAN_CSV0000000000000961.csv,CAN_CSV0000000000013763.csv
CAN_CSV0000000000000961.csv,CAN_CSV0000000000001229.csv
CAN_CSV0000000000000961.csv,CAN_CSV0000000000000828.csv
CAN_CSV0000000000000961.csv,CAN_CSV0000000000000676.csv
CAN_CSV0000000000000961.csv,CAN_CSV0000000000012889.csv
CAN_CSV0000000000000961.csv,CAN_CSV0000000000000984.csv
CAN_CSV0000000000000961.csv,CAN_CSV0000000000001071.csv
CAN_CSV0000000000000961.csv,CAN_CSV0000000000000660.csv
CAN_CSV0000000000000961.csv,CAN_CSV0000000000013712.csv
CAN_CSV0000000000000961.csv,CAN_CSV0000000000000857.csv
CAN_CSV0000000000020732.csv,CAN_CSV0000000000023380.csv
CAN_CSV0000000000020732.csv,CAN_CSV0000000000003760.csv
CAN_CSV0000000000020732.csv,CAN_CSV0000000000016880.csv
CAN_CSV0000000000020732.csv,CAN_CSV0000000000018044.csv
CAN_CSV0000000000020732.csv,CAN_CSV0000000000025303.csv
CAN_CSV0000000000020732.csv,CAN_CSV0000000000004355.csv
CAN_CSV0000000000020732.csv,CAN_CSV0000000000018393.csv
CAN_CSV0000000000020732.csv,CAN_CSV0000000000021269.csv
CAN_CSV0000000000020732.csv,CAN_CSV0000000000002739.csv
CAN_CSV0000000000020732.csv,CAN_CSV0000000000021277.csv
CAN_CSV0000000000020732.csv,CAN_CSV0000000000004354.csv
CAN_CSV0000000000020732.csv,CAN_CSV0000000000023312.csv
CAN_CSV0000000000020732.csv,CAN_CSV0000000000021273.csv
CAN_CSV0000000000020732.csv,CAN_CSV0000000000008837.csv
CAN_CSV0000000000013732.csv,CAN_CSV0000000000001025.csv
CAN_CSV0000000000013732.csv,CAN_CSV0000000000013009.csv
CAN_CSV0000000000013732.csv,CAN_CSV0000000000001114.csv
CAN_CSV0000000000013732.csv,CAN_CSV0000000000015768.csv
CAN_CSV0000000000013732.csv,CAN_CSV0000000000000761.csv
CAN_CSV0000000000013732.csv,CAN_CSV0000000000013123.csv
CAN_CSV0000000000013732.csv,CAN_CSV0000000000027308.csv
CAN_CSV0000000000013732.csv,CAN_CSV0000000000012842.csv
CAN_CSV0000000000013732.csv,CAN_CSV0000000000013763.csv
CAN_CSV0000000000013732.csv,CAN_CSV0000000000001229.csv
CAN_CSV0000000000013732.csv,CAN_CSV0000000000000828.csv
CAN_CSV0000000000013732.csv,CAN_CSV0000000000000676.csv
CAN_CSV0000000000013732.csv,CAN_CSV0000000000012889.csv
CAN_CSV0000000000013732.csv,CAN_CSV0000000000000984.csv
CAN_CSV0000000000013732.csv,CAN_CSV0000000000001071.csv
CAN_CSV0000000000013732.csv,CAN_CSV0000000000000660.csv
CAN_CSV0000000000013732.csv,CAN_CSV0000000000013712.csv
CAN_CSV0000000000013732.csv,CAN_CSV0000000000000857.csv
CAN_CSV0000000000013732.csv,CAN_CSV0000000000000701.csv
CAN_CSV0000000000019350.csv,CAN_CSV0000000000008595.csv
CAN_CSV0000000000019350.csv,CAN_CSV0000000000025491.csv
CAN_CSV0000000000019350.csv,CAN_CSV0000000000019386.csv
CAN_CSV0000000000019350.csv,CAN_CSV0000000000016474.csv
CAN_CSV0000000000019350.csv,CAN_CSV0000000000021699.csv
CAN_CSV0000000000019350.csv,CAN_CSV0000000000014829.csv
CAN_CSV0000000000019350.csv,CAN_CSV0000000000024695.csv
CAN_CSV0000000000019350.csv,CAN_CSV0000000000020206.csv
CAN_CSV0000000000019350.csv,CAN_CSV0000000000026749.csv
CAN_CSV0000000000019350.csv,CAN_CSV0000000000025234.csv
CAN_CSV0000000000019350.csv,CAN_CSV0000000000020497.csv
CAN_CSV0000000000019350.csv,CAN_CSV0000000000024531.csv
CAN_CSV0000000000019350.csv,CAN_CSV0000000000003245.csv
CAN_CSV0000000000019350.csv,CAN_CSV0000000000016010.csv
CAN_CSV0000000000019350.csv,CAN_CSV0000000000025470.csv
CAN_CSV0000000000019350.csv,CAN_CSV0000000000010686.csv
CAN_CSV0000000000005079.csv,CAN_CSV0000000000001025.csv
CAN_CSV0000000000005079.csv,CAN_CSV0000000000013009.csv
CAN_CSV0000000000005079.csv,CAN_CSV0000000000001114.csv
CAN_CSV0000000000005079.csv,CAN_CSV0000000000015768.csv
CAN_CSV0000000000005079.csv,CAN_CSV0000000000000761.csv
CAN_CSV0000000000005079.csv,CAN_CSV0000000000013123.csv
CAN_CSV0000000000005079.csv,CAN_CSV0000000000027308.csv
CAN_CSV0000000000005079.csv,CAN_CSV0000000000012842.csv
CAN_CSV0000000000005079.csv,CAN_CSV0000000000013763.csv
CAN_CSV0000000000005079.csv,CAN_CSV0000000000001229.csv
CAN_CSV0000000000005079.csv,CAN_CSV0000000000000828.csv
CAN_CSV0000000000005079.csv,CAN_CSV0000000000000676.csv
CAN_CSV0000000000005079.csv,CAN_CSV0000000000012889.csv
CAN_CSV0000000000005079.csv,CAN_CSV0000000000000984.csv
CAN_CSV0000000000005079.csv,CAN_CSV0000000000001071.csv
CAN_CSV0000000000005079.csv,CAN_CSV0000000000000660.csv
CAN_CSV0000000000005079.csv,CAN_CSV0000000000013712.csv
CAN_CSV0000000000005079.csv,CAN_CSV0000000000000857.csv
CAN_CSV0000000000005079.csv,CAN_CSV0000000000000701.csv
CAN_CSV0000000000005079.csv,CAN_CSV0000000000000845.csv
CAN_CSV0000000000005079.csv,CAN_CSV0000000000005245.csv
CAN_CSV0000000000005079.csv,CAN_CSV0000000000027250.csv
CAN_CSV0000000000005079.csv,CAN_CSV0000000000000608.csv
CAN_CSV0000000000005079.csv,CAN_CSV0000000000000577.csv
CAN_CSV0000000000005079.csv,CAN_CSV0000000000000662.csv
CAN_CSV0000000000005079.csv,CAN_CSV0000000000005103.csv
CAN_CSV0000000000005079.csv,CAN_CSV0000000000000562.csv
CAN_CSV0000000000005079.csv,CAN_CSV0000000000005256.csv
CAN_CSV0000000000005079.csv,CAN_CSV0000000000005138.csv
CAN_CSV0000000000005079.csv,CAN_CSV0000000000001181.csv
CAN_CSV0000000000005079.csv,CAN_CSV0000000000005117.csv
CAN_CSV0000000000005079.csv,CAN_CSV0000000000027172.csv
CAN_CSV0000000000005079.csv,CAN_CSV0000000000027229.csv
CAN_CSV0000000000012837.csv,CAN_CSV0000000000001025.csv
CAN_CSV0000000000012837.csv,CAN_CSV0000000000013009.csv
CAN_CSV0000000000012837.csv,CAN_CSV0000000000001114.csv
CAN_CSV0000000000012837.csv,CAN_CSV0000000000015768.csv
CAN_CSV0000000000012837.csv,CAN_CSV0000000000000761.csv
CAN_CSV0000000000012837.csv,CAN_CSV0000000000013123.csv
CAN_CSV0000000000012837.csv,CAN_CSV0000000000027308.csv
CAN_CSV0000000000012837.csv,CAN_CSV0000000000012842.csv
CAN_CSV0000000000012837.csv,CAN_CSV0000000000013763.csv
CAN_CSV0000000000012837.csv,CAN_CSV0000000000001229.csv
CAN_CSV0000000000012837.csv,CAN_CSV0000000000000828.csv
CAN_CSV0000000000012837.csv,CAN_CSV0000000000000676.csv
CAN_CSV0000000000012837.csv,CAN_CSV0000000000012889.csv
CAN_CSV0000000000012837.csv,CAN_CSV0000000000000984.csv
CAN_CSV0000000000012837.csv,CAN_CSV0000000000001071.csv
CAN_CSV0000000000012837.csv,CAN_CSV0000000000000660.csv
CAN_CSV0000000000012837.csv,CAN_CSV0000000000013712.csv
CAN_CSV0000000000012837.csv,CAN_CSV0000000000000857.csv
CAN_CSV0000000000012837.csv,CAN_CSV0000000000000701.csv
CAN_CSV0000000000022085.csv,CAN_CSV0000000000023860.csv
CAN_CSV0000000000022085.csv,CAN_CSV0000000000009195.csv
CAN_CSV0000000000022085.csv,CAN_CSV0000000000003311.csv
CAN_CSV0000000000022085.csv,CAN_CSV0000000000018863.csv
CAN_CSV0000000000022085.csv,CAN_CSV0000000000021577.csv
CAN_CSV0000000000022085.csv,CAN_CSV0000000000016986.csv
CAN_CSV0000000000022085.csv,CAN_CSV0000000000008759.csv
CAN_CSV0000000000022085.csv,CAN_CSV0000000000022259.csv
CAN_CSV0000000000022085.csv,CAN_CSV0000000000017795.csv
CAN_CSV0000000000022085.csv,CAN_CSV0000000000010829.csv
CAN_CSV0000000000022085.csv,CAN_CSV0000000000023627.csv
CAN_CSV0000000000022085.csv,CAN_CSV0000000000007784.csv
CAN_CSV0000000000022085.csv,CAN_CSV0000000000009121.csv
CAN_CSV0000000000022085.csv,CAN_CSV0000000000011611.csv
CAN_CSV0000000000022085.csv,CAN_CSV0000000000026906.csv
CAN_CSV0000000000022085.csv,CAN_CSV0000000000011074.csv
CAN_CSV0000000000022085.csv,CAN_CSV0000000000023449.csv
CAN_CSV0000000000022085.csv,CAN_CSV0000000000011236.csv
CAN_CSV0000000000022085.csv,CAN_CSV0000000000024886.csv
CAN_CSV0000000000005102.csv,CAN_CSV0000000000001025.csv
CAN_CSV0000000000005102.csv,CAN_CSV0000000000013009.csv
CAN_CSV0000000000005102.csv,CAN_CSV0000000000001114.csv
CAN_CSV0000000000005102.csv,CAN_CSV0000000000015768.csv
CAN_CSV0000000000005102.csv,CAN_CSV0000000000000761.csv
CAN_CSV0000000000005102.csv,CAN_CSV0000000000013123.csv
CAN_CSV0000000000005102.csv,CAN_CSV0000000000027308.csv
CAN_CSV0000000000005102.csv,CAN_CSV0000000000012842.csv
CAN_CSV0000000000005102.csv,CAN_CSV0000000000013763.csv
CAN_CSV0000000000005102.csv,CAN_CSV0000000000001229.csv
CAN_CSV0000000000005102.csv,CAN_CSV0000000000000828.csv
CAN_CSV0000000000005102.csv,CAN_CSV0000000000000676.csv
CAN_CSV0000000000005102.csv,CAN_CSV0000000000012889.csv
CAN_CSV0000000000005102.csv,CAN_CSV0000000000000984.csv
CAN_CSV0000000000005102.csv,CAN_CSV0000000000001071.csv
CAN_CSV0000000000005102.csv,CAN_CSV0000000000000660.csv
CAN_CSV0000000000005102.csv,CAN_CSV0000000000013712.csv
CAN_CSV0000000000005102.csv,CAN_CSV0000000000000857.csv
CAN_CSV0000000000003410.csv,CAN_CSV0000000000010564.csv
CAN_CSV0000000000003410.csv,CAN_CSV0000000000021930.csv
CAN_CSV0000000000003410.csv,CAN_CSV0000000000016749.csv
CAN_CSV0000000000003410.csv,CAN_CSV0000000000007906.csv
CAN_CSV0000000000003410.csv,CAN_CSV0000000000024221.csv
CAN_CSV0000000000003410.csv,CAN_CSV0000000000017078.csv
CAN_CSV0000000000003410.csv,CAN_CSV0000000000016713.csv
CAN_CSV0000000000003410.csv,CAN_CSV0000000000021111.csv
CAN_CSV0000000000003410.csv,CAN_CSV0000000000022435.csv
CAN_CSV0000000000003410.csv,CAN_CSV0000000000023461.csv
CAN_CSV0000000000003410.csv,CAN_CSV0000000000008520.csv
CAN_CSV0000000000004940.csv,CAN_CSV0000000000001025.csv
CAN_CSV0000000000004940.csv,CAN_CSV0000000000013009.csv
CAN_CSV0000000000004940.csv,CAN_CSV0000000000001114.csv
CAN_CSV0000000000004940.csv,CAN_CSV0000000000015768.csv
CAN_CSV0000000000004940.csv,CAN_CSV0000000000000761.csv
CAN_CSV0000000000004940.csv,CAN_CSV0000000000013123.csv
CAN_CSV0000000000004940.csv,CAN_CSV0000000000027308.csv
CAN_CSV0000000000004940.csv,CAN_CSV0000000000012842.csv
CAN_CSV0000000000004940.csv,CAN_CSV0000000000013763.csv
CAN_CSV0000000000004940.csv,CAN_CSV0000000000001229.csv
CAN_CSV0000000000004940.csv,CAN_CSV0000000000000828.csv
CAN_CSV0000000000004940.csv,CAN_CSV0000000000000676.csv
CAN_CSV0000000000004940.csv,CAN_CSV0000000000012889.csv
CAN_CSV0000000000004940.csv,CAN_CSV0000000000000984.csv
CAN_CSV0000000000004940.csv,CAN_CSV0000000000001071.csv
CAN_CSV0000000000004940.csv,CAN_CSV0000000000000660.csv
CAN_CSV0000000000004940.csv,CAN_CSV0000000000013712.csv
CAN_CSV0000000000004940.csv,CAN_CSV0000000000000857.csv
CAN_CSV0000000000004940.csv,CAN_CSV0000000000000701.csv
CAN_CSV0000000000004940.csv,CAN_CSV0000000000000845.csv
CAN_CSV0000000000000893.csv,CAN_CSV0000000000001025.csv
CAN_CSV0000000000000893.csv,CAN_CSV0000000000013009.csv
CAN_CSV0000000000000893.csv,CAN_CSV0000000000001114.csv
CAN_CSV0000000000000893.csv,CAN_CSV0000000000015768.csv
CAN_CSV0000000000000893.csv,CAN_CSV0000000000000761.csv
CAN_CSV0000000000000893.csv,CAN_CSV0000000000013123.csv
CAN_CSV0000000000000893.csv,CAN_CSV0000000000027308.csv
CAN_CSV0000000000000893.csv,CAN_CSV0000000000012842.csv
CAN_CSV0000000000000893.csv,CAN_CSV0000000000013763.csv
CAN_CSV0000000000000893.csv,CAN_CSV0000000000001229.csv
CAN_CSV0000000000000893.csv,CAN_CSV0000000000000828.csv
CAN_CSV0000000000000893.csv,CAN_CSV0000000000000676.csv
CAN_CSV0000000000000893.csv,CAN_CSV0000000000012889.csv
CAN_CSV0000000000000893.csv,CAN_CSV0000000000000984.csv
CAN_CSV0000000000000893.csv,CAN_CSV0000000000001071.csv
CAN_CSV0000000000000893.csv,CAN_CSV0000000000000660.csv
CAN_CSV0000000000000893.csv,CAN_CSV0000000000013712.csv
CAN_CSV0000000000000893.csv,CAN_CSV0000000000000857.csv
CAN_CSV0000000000000893.csv,CAN_CSV0000000000000701.csv
CAN_CSV0000000000000893.csv,CAN_CSV0000000000000845.csv
CAN_CSV0000000000000893.csv,CAN_CSV0000000000027054.csv
CAN_CSV0000000000001024.csv,CAN_CSV0000000000001025.csv
CAN_CSV0000000000001024.csv,CAN_CSV0000000000013009.csv
CAN_CSV0000000000001024.csv,CAN_CSV0000000000001114.csv
CAN_CSV0000000000001024.csv,CAN_CSV0000000000015768.csv
CAN_CSV0000000000001024.csv,CAN_CSV0000000000000761.csv
CAN_CSV0000000000001024.csv,CAN_CSV0000000000013123.csv
CAN_CSV0000000000001024.csv,CAN_CSV0000000000027308.csv
CAN_CSV0000000000001024.csv,CAN_CSV0000000000012842.csv
CAN_CSV0000000000001024.csv,CAN_CSV0000000000013763.csv
CAN_CSV0000000000001024.csv,CAN_CSV0000000000001229.csv
CAN_CSV0000000000001024.csv,CAN_CSV0000000000000828.csv
CAN_CSV0000000000001024.csv,CAN_CSV0000000000000676.csv
CAN_CSV0000000000001024.csv,CAN_CSV0000000000012889.csv
CAN_CSV0000000000001024.csv,CAN_CSV0000000000000984.csv
CAN_CSV0000000000001024.csv,CAN_CSV0000000000001071.csv
CAN_CSV0000000000001024.csv,CAN_CSV0000000000000660.csv
CAN_CSV0000000000001024.csv,CAN_CSV0000000000013712.csv
CAN_CSV0000000000000659.csv,CAN_CSV0000000000001025.csv
CAN_CSV0000000000000659.csv,CAN_CSV0000000000013009.csv
CAN_CSV0000000000000659.csv,CAN_CSV0000000000001114.csv
CAN_CSV0000000000000659.csv,CAN_CSV0000000000015768.csv
CAN_CSV0000000000000659.csv,CAN_CSV0000000000000761.csv
CAN_CSV0000000000000659.csv,CAN_CSV0000000000013123.csv
CAN_CSV0000000000000659.csv,CAN_CSV0000000000027308.csv
CAN_CSV0000000000000659.csv,CAN_CSV0000000000012842.csv
CAN_CSV0000000000000659.csv,CAN_CSV0000000000013763.csv
CAN_CSV0000000000000659.csv,CAN_CSV0000000000001229.csv
CAN_CSV0000000000000659.csv,CAN_CSV0000000000000828.csv
CAN_CSV0000000000000659.csv,CAN_CSV0000000000000676.csv
CAN_CSV0000000000000659.csv,CAN_CSV0000000000012889.csv
CAN_CSV0000000000000659.csv,CAN_CSV0000000000000984.csv
CAN_CSV0000000000000659.csv,CAN_CSV0000000000001071.csv
CAN_CSV0000000000000659.csv,CAN_CSV0000000000000660.csv
CAN_CSV0000000000000659.csv,CAN_CSV0000000000013712.csv
CAN_CSV0000000000000659.csv,CAN_CSV0000000000000857.csv
CAN_CSV0000000000000659.csv,CAN_CSV0000000000000701.csv
CAN_CSV0000000000000659.csv,CAN_CSV0000000000005245.csv
CAN_CSV0000000000000659.csv,CAN_CSV0000000000027250.csv
CAN_CSV0000000000000659.csv,CAN_CSV0000000000000608.csv
CAN_CSV0000000000000659.csv,CAN_CSV0000000000000577.csv
CAN_CSV0000000000000659.csv,CAN_CSV0000000000000662.csv
CAN_CSV0000000000000659.csv,CAN_CSV0000000000005103.csv
CAN_CSV0000000000000659.csv,CAN_CSV0000000000000562.csv
CAN_CSV0000000000000659.csv,CAN_CSV0000000000005256.csv
CAN_CSV0000000000000659.csv,CAN_CSV0000000000005138.csv
CAN_CSV0000000000000659.csv,CAN_CSV0000000000001181.csv
CAN_CSV0000000000000659.csv,CAN_CSV0000000000005117.csv
CAN_CSV0000000000000659.csv,CAN_CSV0000000000027172.csv
CAN_CSV0000000000000659.csv,CAN_CSV0000000000027229.csv
CAN_CSV0000000000000659.csv,CAN_CSV0000000000005102.csv
CAN_CSV0000000000000659.csv,CAN_CSV0000000000004749.csv
CAN_CSV0000000000000659.csv,CAN_CSV0000000000001180.csv
CAN_CSV0000000000000659.csv,CAN_CSV0000000000000581.csv
CAN_CSV0000000000000659.csv,CAN_CSV0000000000000664.csv
CAN_CSV0000000000000659.csv,CAN_CSV0000000000004753.csv
CAN_CSV0000000000000659.csv,CAN_CSV0000000000000845.csv
CAN_CSV0000000000000659.csv,CAN_CSV0000000000027054.csv
CAN_CSV0000000000009365.csv,CAN_CSV0000000000003088.csv
CAN_CSV0000000000009365.csv,CAN_CSV0000000000011752.csv
CAN_CSV0000000000009365.csv,CAN_CSV0000000000027007.csv
CAN_CSV0000000000009365.csv,CAN_CSV0000000000007832.csv
CAN_CSV0000000000009365.csv,CAN_CSV0000000000020825.csv
CAN_CSV0000000000009365.csv,CAN_CSV0000000000010103.csv
CAN_CSV0000000000009365.csv,CAN_CSV0000000000016835.csv
CAN_CSV0000000000009365.csv,CAN_CSV0000000000009036.csv
CAN_CSV0000000000009365.csv,CAN_CSV0000000000020052.csv
CAN_CSV0000000000009365.csv,CAN_CSV0000000000003892.csv
CAN_CSV0000000000009365.csv,CAN_CSV0000000000009702.csv
CAN_CSV0000000000009365.csv,CAN_CSV0000000000022992.csv
CAN_CSV0000000000009365.csv,CAN_CSV0000000000023471.csv
CAN_CSV0000000000009365.csv,CAN_CSV0000000000026751.csv
CAN_CSV0000000000009365.csv,CAN_CSV0000000000024067.csv
CAN_CSV0000000000009365.csv,CAN_CSV0000000000024660.csv
CAN_CSV0000000000009365.csv,CAN_CSV0000000000018831.csv
CAN_CSV0000000000009365.csv,CAN_CSV0000000000002762.csv
CAN_CSV0000000000009365.csv,CAN_CSV0000000000004586.csv
CAN_CSV0000000000009365.csv,CAN_CSV0000000000017968.csv
CAN_CSV0000000000009365.csv,CAN_CSV0000000000017187.csv
CAN_CSV0000000000009365.csv,CAN_CSV0000000000003365.csv
CAN_CSV0000000000009365.csv,CAN_CSV0000000000017400.csv
CAN_CSV0000000000009365.csv,CAN_CSV0000000000003766.csv
CAN_CSV0000000000005336.csv,CAN_CSV0000000000001025.csv
CAN_CSV0000000000005336.csv,CAN_CSV0000000000013009.csv
CAN_CSV0000000000005336.csv,CAN_CSV0000000000001114.csv
CAN_CSV0000000000005336.csv,CAN_CSV0000000000015768.csv
CAN_CSV0000000000005336.csv,CAN_CSV0000000000000761.csv
CAN_CSV0000000000005336.csv,CAN_CSV0000000000013123.csv
CAN_CSV0000000000005336.csv,CAN_CSV0000000000027308.csv
CAN_CSV0000000000005336.csv,CAN_CSV0000000000012842.csv
CAN_CSV0000000000005336.csv,CAN_CSV0000000000013763.csv
CAN_CSV0000000000005336.csv,CAN_CSV0000000000001229.csv
CAN_CSV0000000000005336.csv,CAN_CSV0000000000000828.csv
CAN_CSV0000000000005336.csv,CAN_CSV0000000000000676.csv
CAN_CSV0000000000005336.csv,CAN_CSV0000000000012889.csv
CAN_CSV0000000000005336.csv,CAN_CSV0000000000000984.csv
CAN_CSV0000000000005336.csv,CAN_CSV0000000000001071.csv
CAN_CSV0000000000005336.csv,CAN_CSV0000000000000660.csv
CAN_CSV0000000000005336.csv,CAN_CSV0000000000013712.csv
CAN_CSV0000000000005336.csv,CAN_CSV0000000000000857.csv
CAN_CSV0000000000005336.csv,CAN_CSV0000000000000701.csv
CAN_CSV0000000000005336.csv,CAN_CSV0000000000000845.csv
CAN_CSV0000000000005336.csv,CAN_CSV0000000000027054.csv
CAN_CSV0000000000004354.csv,CAN_CSV0000000000023380.csv
CAN_CSV0000000000004354.csv,CAN_CSV0000000000003760.csv
CAN_CSV0000000000004354.csv,CAN_CSV0000000000016880.csv
CAN_CSV0000000000004354.csv,CAN_CSV0000000000018044.csv
CAN_CSV0000000000004354.csv,CAN_CSV0000000000025303.csv
CAN_CSV0000000000004354.csv,CAN_CSV0000000000004355.csv
CAN_CSV0000000000004354.csv,CAN_CSV0000000000018617.csv
CAN_CSV0000000000004354.csv,CAN_CSV0000000000018393.csv
CAN_CSV0000000000004354.csv,CAN_CSV0000000000021269.csv
CAN_CSV0000000000004354.csv,CAN_CSV0000000000002739.csv
CAN_CSV0000000000004354.csv,CAN_CSV0000000000021277.csv
CAN_CSV0000000000026045.csv,CAN_CSV0000000000024354.csv
CAN_CSV0000000000026045.csv,CAN_CSV0000000000015002.csv
CAN_CSV0000000000026045.csv,CAN_CSV0000000000017129.csv
CAN_CSV0000000000026045.csv,CAN_CSV0000000000016419.csv
CAN_CSV0000000000026045.csv,CAN_CSV0000000000011643.csv
CAN_CSV0000000000026045.csv,CAN_CSV0000000000009375.csv
CAN_CSV0000000000026045.csv,CAN_CSV0000000000009119.csv
CAN_CSV0000000000026045.csv,CAN_CSV0000000000015330.csv
CAN_CSV0000000000026045.csv,CAN_CSV0000000000012299.csv
CAN_CSV0000000000026045.csv,CAN_CSV0000000000026925.csv
CAN_CSV0000000000026045.csv,CAN_CSV0000000000020848.csv
CAN_CSV0000000000026045.csv,CAN_CSV0000000000007607.csv
CAN_CSV0000000000026045.csv,CAN_CSV0000000000003274.csv
CAN_CSV0000000000026045.csv,CAN_CSV0000000000009663.csv
CAN_CSV0000000000026045.csv,CAN_CSV0000000000011432.csv
CAN_CSV0000000000026045.csv,CAN_CSV0000000000026372.csv
CAN_CSV0000000000026045.csv,CAN_CSV0000000000022990.csv
CAN_CSV0000000000026045.csv,CAN_CSV0000000000008615.csv
CAN_CSV0000000000026045.csv,CAN_CSV0000000000021735.csv
CAN_CSV0000000000026045.csv,CAN_CSV0000000000009470.csv
CAN_CSV0000000000026045.csv,CAN_CSV0000000000025606.csv
CAN_CSV0000000000026045.csv,CAN_CSV0000000000017572.csv
CAN_CSV0000000000026045.csv,CAN_CSV0000000000019300.csv
CAN_CSV0000000000026045.csv,CAN_CSV0000000000009986.csv
CAN_CSV0000000000026045.csv,CAN_CSV0000000000009113.csv
CAN_CSV0000000000026045.csv,CAN_CSV0000000000025790.csv
CAN_CSV0000000000026045.csv,CAN_CSV0000000000017604.csv
CAN_CSV0000000000026045.csv,CAN_CSV0000000000007855.csv
CAN_CSV0000000000026045.csv,CAN_CSV0000000000009497.csv
CAN_CSV0000000000008029.csv,CAN_CSV0000000000019175.csv
CAN_CSV0000000000008029.csv,CAN_CSV0000000000011363.csv
CAN_CSV0000000000008029.csv,CAN_CSV0000000000022964.csv
CAN_CSV0000000000008029.csv,CAN_CSV0000000000011182.csv
CAN_CSV0000000000008029.csv,CAN_CSV0000000000017912.csv
CAN_CSV0000000000008029.csv,CAN_CSV0000000000021027.csv
CAN_CSV0000000000008029.csv,CAN_CSV0000000000024654.csv
CAN_CSV0000000000008029.csv,CAN_CSV0000000000004005.csv
CAN_CSV0000000000008029.csv,CAN_CSV0000000000009951.csv
CAN_CSV0000000000008029.csv,CAN_CSV0000000000023713.csv
CAN_CSV0000000000008029.csv,CAN_CSV0000000000022491.csv
CAN_CSV0000000000005927.csv,CAN_CSV0000000000001025.csv
CAN_CSV0000000000005927.csv,CAN_CSV0000000000013009.csv
CAN_CSV0000000000005927.csv,CAN_CSV0000000000001114.csv
CAN_CSV0000000000005927.csv,CAN_CSV0000000000015768.csv
CAN_CSV0000000000005927.csv,CAN_CSV0000000000000761.csv
CAN_CSV0000000000005927.csv,CAN_CSV0000000000013123.csv
CAN_CSV0000000000005927.csv,CAN_CSV0000000000027308.csv
CAN_CSV0000000000005927.csv,CAN_CSV0000000000012842.csv
CAN_CSV0000000000005927.csv,CAN_CSV0000000000013763.csv
CAN_CSV0000000000005927.csv,CAN_CSV0000000000001229.csv
CAN_CSV0000000000005927.csv,CAN_CSV0000000000000828.csv
CAN_CSV0000000000005927.csv,CAN_CSV0000000000000676.csv
CAN_CSV0000000000005927.csv,CAN_CSV0000000000012889.csv
CAN_CSV0000000000005927.csv,CAN_CSV0000000000000984.csv
CAN_CSV0000000000005927.csv,CAN_CSV0000000000001071.csv
CAN_CSV0000000000005927.csv,CAN_CSV0000000000000848.csv
CAN_CSV0000000000005927.csv,CAN_CSV0000000000005902.csv
CAN_CSV0000000000005927.csv,CAN_CSV0000000000000847.csv
CAN_CSV0000000000005927.csv,CAN_CSV0000000000000843.csv
CAN_CSV0000000000005927.csv,CAN_CSV0000000000005871.csv
CAN_CSV0000000000005927.csv,CAN_CSV0000000000000660.csv
CAN_CSV0000000000005927.csv,CAN_CSV0000000000013712.csv
CAN_CSV0000000000005927.csv,CAN_CSV0000000000000857.csv
CAN_CSV0000000000005927.csv,CAN_CSV0000000000000701.csv
CAN_CSV0000000000002011.csv,CAN_CSV0000000000003705.csv
CAN_CSV0000000000002011.csv,CAN_CSV0000000000017665.csv
CAN_CSV0000000000002011.csv,CAN_CSV0000000000007489.csv
CAN_CSV0000000000002011.csv,CAN_CSV0000000000021324.csv
CAN_CSV0000000000002011.csv,CAN_CSV0000000000021266.csv
CAN_CSV0000000000002011.csv,CAN_CSV0000000000012226.csv
CAN_CSV0000000000002011.csv,CAN_CSV0000000000010805.csv
CAN_CSV0000000000002011.csv,CAN_CSV0000000000001844.csv
CAN_CSV0000000000002011.csv,CAN_CSV0000000000004335.csv
CAN_CSV0000000000002011.csv,CAN_CSV0000000000003355.csv
CAN_CSV0000000000002011.csv,CAN_CSV0000000000019966.csv
CAN_CSV0000000000002011.csv,CAN_CSV0000000000008002.csv
CAN_CSV0000000000002011.csv,CAN_CSV0000000000001468.csv
CAN_CSV0000000000013124.csv,CAN_CSV0000000000001025.csv
CAN_CSV0000000000013124.csv,CAN_CSV0000000000013009.csv
CAN_CSV0000000000013124.csv,CAN_CSV0000000000001114.csv
CAN_CSV0000000000013124.csv,CAN_CSV0000000000015768.csv
CAN_CSV0000000000013124.csv,CAN_CSV0000000000000761.csv
CAN_CSV0000000000013124.csv,CAN_CSV0000000000027308.csv
CAN_CSV0000000000013124.csv,CAN_CSV0000000000012842.csv
CAN_CSV0000000000013124.csv,CAN_CSV0000000000013763.csv
CAN_CSV0000000000013124.csv,CAN_CSV0000000000001229.csv
CAN_CSV0000000000013124.csv,CAN_CSV0000000000000828.csv
CAN_CSV0000000000013124.csv,CAN_CSV0000000000000676.csv
CAN_CSV0000000000013124.csv,CAN_CSV0000000000012889.csv
CAN_CSV0000000000013124.csv,CAN_CSV0000000000000984.csv
CAN_CSV0000000000013124.csv,CAN_CSV0000000000001071.csv
CAN_CSV0000000000013124.csv,CAN_CSV0000000000000660.csv
CAN_CSV0000000000013124.csv,CAN_CSV0000000000013712.csv
CAN_CSV0000000000013124.csv,CAN_CSV0000000000000857.csv
CAN_CSV0000000000013124.csv,CAN_CSV0000000000000701.csv
CAN_CSV0000000000004959.csv,CAN_CSV0000000000001025.csv
CAN_CSV0000000000004959.csv,CAN_CSV0000000000013009.csv
CAN_CSV0000000000004959.csv,CAN_CSV0000000000001114.csv
CAN_CSV0000000000004959.csv,CAN_CSV0000000000015768.csv
CAN_CSV0000000000004959.csv,CAN_CSV0000000000000761.csv
CAN_CSV0000000000004959.csv,CAN_CSV0000000000013123.csv
CAN_CSV0000000000004959.csv,CAN_CSV0000000000027308.csv
CAN_CSV0000000000004959.csv,CAN_CSV0000000000012842.csv
CAN_CSV0000000000004959.csv,CAN_CSV0000000000013763.csv
CAN_CSV0000000000004959.csv,CAN_CSV0000000000001229.csv
CAN_CSV0000000000004959.csv,CAN_CSV0000000000000828.csv
CAN_CSV0000000000004959.csv,CAN_CSV0000000000000676.csv
CAN_CSV0000000000004959.csv,CAN_CSV0000000000012889.csv
CAN_CSV0000000000004959.csv,CAN_CSV0000000000000984.csv
CAN_CSV0000000000004959.csv,CAN_CSV0000000000001071.csv
CAN_CSV0000000000004959.csv,CAN_CSV0000000000000660.csv
CAN_CSV0000000000004959.csv,CAN_CSV0000000000013712.csv
CAN_CSV0000000000004959.csv,CAN_CSV0000000000000857.csv
CAN_CSV0000000000027410.csv,CAN_CSV0000000000027041.csv
CAN_CSV0000000000027410.csv,CAN_CSV0000000000010904.csv
CAN_CSV0000000000027410.csv,CAN_CSV0000000000015841.csv
CAN_CSV0000000000027410.csv,CAN_CSV0000000000009889.csv
CAN_CSV0000000000027410.csv,CAN_CSV0000000000018335.csv
CAN_CSV0000000000027410.csv,CAN_CSV0000000000009604.csv
CAN_CSV0000000000027410.csv,CAN_CSV0000000000001465.csv
CAN_CSV0000000000027410.csv,CAN_CSV0000000000001463.csv
CAN_CSV0000000000027410.csv,CAN_CSV0000000000002067.csv
CAN_CSV0000000000027410.csv,CAN_CSV0000000000021863.csv
CAN_CSV0000000000027410.csv,CAN_CSV0000000000001475.csv
CAN_CSV0000000000027410.csv,CAN_CSV0000000000024128.csv
CAN_CSV0000000000027410.csv,CAN_CSV0000000000001985.csv
CAN_CSV0000000000027410.csv,CAN_CSV0000000000002112.csv
CAN_CSV0000000000027410.csv,CAN_CSV0000000000025656.csv
CAN_CSV0000000000027410.csv,CAN_CSV0000000000001928.csv
CAN_CSV0000000000027410.csv,CAN_CSV0000000000024799.csv
CAN_CSV0000000000027410.csv,CAN_CSV0000000000011050.csv
CAN_CSV0000000000027410.csv,CAN_CSV0000000000010516.csv
CAN_CSV0000000000027410.csv,CAN_CSV0000000000002034.csv
CAN_CSV0000000000027410.csv,CAN_CSV0000000000002036.csv
CAN_CSV0000000000027410.csv,CAN_CSV0000000000002131.csv
CAN_CSV0000000000027410.csv,CAN_CSV0000000000002040.csv
CAN_CSV0000000000027410.csv,CAN_CSV0000000000009940.csv
CAN_CSV0000000000027410.csv,CAN_CSV0000000000027043.csv
CAN_CSV0000000000027410.csv,CAN_CSV0000000000001448.csv
CAN_CSV0000000000027410.csv,CAN_CSV0000000000002039.csv
CAN_CSV0000000000027410.csv,CAN_CSV0000000000002035.csv
CAN_CSV0000000000027410.csv,CAN_CSV0000000000001770.csv
CAN_CSV0000000000027410.csv,CAN_CSV0000000000001956.csv
CAN_CSV0000000000027410.csv,CAN_CSV0000000000001477.csv
CAN_CSV0000000000027410.csv,CAN_CSV0000000000024802.csv
CAN_CSV0000000000027410.csv,CAN_CSV0000000000024796.csv
CAN_CSV0000000000027410.csv,CAN_CSV0000000000024790.csv
CAN_CSV0000000000027410.csv,CAN_CSV0000000000007769.csv
CAN_CSV0000000000027410.csv,CAN_CSV0000000000024795.csv
CAN_CSV0000000000027410.csv,CAN_CSV0000000000024798.csv
CAN_CSV0000000000027410.csv,CAN_CSV0000000000008555.csv
CAN_CSV0000000000027410.csv,CAN_CSV0000000000024794.csv
CAN_CSV0000000000007832.csv,CAN_CSV0000000000003088.csv
CAN_CSV0000000000007832.csv,CAN_CSV0000000000011752.csv
CAN_CSV0000000000007832.csv,CAN_CSV0000000000027007.csv
CAN_CSV0000000000007832.csv,CAN_CSV0000000000020825.csv
CAN_CSV0000000000007832.csv,CAN_CSV0000000000010103.csv
CAN_CSV0000000000007832.csv,CAN_CSV0000000000016835.csv
CAN_CSV0000000000007832.csv,CAN_CSV0000000000009036.csv
CAN_CSV0000000000007832.csv,CAN_CSV0000000000020052.csv
CAN_CSV0000000000007832.csv,CAN_CSV0000000000009365.csv
CAN_CSV0000000000007832.csv,CAN_CSV0000000000003892.csv
CAN_CSV0000000000007832.csv,CAN_CSV0000000000009702.csv
CAN_CSV0000000000007832.csv,CAN_CSV0000000000022992.csv
CAN_CSV0000000000007832.csv,CAN_CSV0000000000023471.csv
CAN_CSV0000000000007832.csv,CAN_CSV0000000000026751.csv
CAN_CSV0000000000007832.csv,CAN_CSV0000000000024067.csv
CAN_CSV0000000000007832.csv,CAN_CSV0000000000024660.csv
CAN_CSV0000000000007832.csv,CAN_CSV0000000000018831.csv
CAN_CSV0000000000007832.csv,CAN_CSV0000000000004586.csv
CAN_CSV0000000000007832.csv,CAN_CSV0000000000017968.csv
CAN_CSV0000000000007832.csv,CAN_CSV0000000000017187.csv
CAN_CSV0000000000007832.csv,CAN_CSV0000000000003365.csv
CAN_CSV0000000000005080.csv,CAN_CSV0000000000001025.csv
CAN_CSV0000000000005080.csv,CAN_CSV0000000000013009.csv
CAN_CSV0000000000005080.csv,CAN_CSV0000000000001114.csv
CAN_CSV0000000000005080.csv,CAN_CSV0000000000015768.csv
CAN_CSV0000000000005080.csv,CAN_CSV0000000000000761.csv
CAN_CSV0000000000005080.csv,CAN_CSV0000000000013123.csv
CAN_CSV0000000000005080.csv,CAN_CSV0000000000027308.csv
CAN_CSV0000000000005080.csv,CAN_CSV0000000000012842.csv
CAN_CSV0000000000005080.csv,CAN_CSV0000000000013763.csv
CAN_CSV0000000000005080.csv,CAN_CSV0000000000001229.csv
CAN_CSV0000000000005080.csv,CAN_CSV0000000000000828.csv
CAN_CSV0000000000005080.csv,CAN_CSV0000000000000676.csv
CAN_CSV0000000000005080.csv,CAN_CSV0000000000012889.csv
CAN_CSV0000000000005080.csv,CAN_CSV0000000000000984.csv
CAN_CSV0000000000005080.csv,CAN_CSV0000000000001071.csv
CAN_CSV0000000000005080.csv,CAN_CSV0000000000000660.csv
CAN_CSV0000000000005080.csv,CAN_CSV0000000000013712.csv
CAN_CSV0000000000005080.csv,CAN_CSV0000000000000857.csv
CAN_CSV0000000000005080.csv,CAN_CSV0000000000000701.csv
CAN_CSV0000000000005080.csv,CAN_CSV0000000000000845.csv
CAN_CSV0000000000005080.csv,CAN_CSV0000000000005245.csv
CAN_CSV0000000000005080.csv,CAN_CSV0000000000027250.csv
CAN_CSV0000000000005080.csv,CAN_CSV0000000000000608.csv
CAN_CSV0000000000005080.csv,CAN_CSV0000000000000577.csv
CAN_CSV0000000000005080.csv,CAN_CSV0000000000000662.csv
CAN_CSV0000000000005080.csv,CAN_CSV0000000000005103.csv
CAN_CSV0000000000005080.csv,CAN_CSV0000000000000562.csv
CAN_CSV0000000000005080.csv,CAN_CSV0000000000005256.csv
CAN_CSV0000000000005080.csv,CAN_CSV0000000000005138.csv
CAN_CSV0000000000005080.csv,CAN_CSV0000000000001181.csv
CAN_CSV0000000000005080.csv,CAN_CSV0000000000005117.csv
CAN_CSV0000000000005080.csv,CAN_CSV0000000000027172.csv
CAN_CSV0000000000005080.csv,CAN_CSV0000000000027229.csv
CAN_CSV0000000000005080.csv,CAN_CSV0000000000005102.csv
CAN_CSV0000000000005080.csv,CAN_CSV0000000000004749.csv
CAN_CSV0000000000006650.csv,CAN_CSV0000000000001025.csv
CAN_CSV0000000000006650.csv,CAN_CSV0000000000013009.csv
CAN_CSV0000000000006650.csv,CAN_CSV0000000000001114.csv
CAN_CSV0000000000006650.csv,CAN_CSV0000000000015768.csv
CAN_CSV0000000000006650.csv,CAN_CSV0000000000000761.csv
CAN_CSV0000000000006650.csv,CAN_CSV0000000000013123.csv
CAN_CSV0000000000006650.csv,CAN_CSV0000000000027308.csv
CAN_CSV0000000000006650.csv,CAN_CSV0000000000012842.csv
CAN_CSV0000000000006650.csv,CAN_CSV0000000000013763.csv
CAN_CSV0000000000006650.csv,CAN_CSV0000000000001229.csv
CAN_CSV0000000000006650.csv,CAN_CSV0000000000000828.csv
CAN_CSV0000000000006650.csv,CAN_CSV0000000000000676.csv
CAN_CSV0000000000006650.csv,CAN_CSV0000000000012889.csv
CAN_CSV0000000000006650.csv,CAN_CSV0000000000000984.csv
CAN_CSV0000000000006650.csv,CAN_CSV0000000000001071.csv
CAN_CSV0000000000006650.csv,CAN_CSV0000000000000660.csv
CAN_CSV0000000000006650.csv,CAN_CSV0000000000013712.csv
CAN_CSV0000000000018581.csv,CAN_CSV0000000000003088.csv
CAN_CSV0000000000018581.csv,CAN_CSV0000000000011752.csv
CAN_CSV0000000000018581.csv,CAN_CSV0000000000027007.csv
CAN_CSV0000000000018581.csv,CAN_CSV0000000000020825.csv
CAN_CSV0000000000018581.csv,CAN_CSV0000000000010103.csv
CAN_CSV0000000000018581.csv,CAN_CSV0000000000016835.csv
CAN_CSV0000000000018581.csv,CAN_CSV0000000000009036.csv
CAN_CSV0000000000018581.csv,CAN_CSV0000000000020052.csv
CAN_CSV0000000000018581.csv,CAN_CSV0000000000009365.csv
CAN_CSV0000000000018581.csv,CAN_CSV0000000000009702.csv
CAN_CSV0000000000018581.csv,CAN_CSV0000000000022992.csv
CAN_CSV0000000000018581.csv,CAN_CSV0000000000023471.csv
CAN_CSV0000000000018581.csv,CAN_CSV0000000000026751.csv
CAN_CSV0000000000018581.csv,CAN_CSV0000000000024067.csv
CAN_CSV0000000000018581.csv,CAN_CSV0000000000024660.csv
CAN_CSV0000000000018581.csv,CAN_CSV0000000000018831.csv
CAN_CSV0000000000018581.csv,CAN_CSV0000000000002762.csv
CAN_CSV0000000000018581.csv,CAN_CSV0000000000004586.csv
CAN_CSV0000000000018581.csv,CAN_CSV0000000000003766.csv
CAN_CSV0000000000018581.csv,CAN_CSV0000000000017968.csv
CAN_CSV0000000000018581.csv,CAN_CSV0000000000017187.csv
CAN_CSV0000000000018581.csv,CAN_CSV0000000000003365.csv
CAN_CSV0000000000018581.csv,CAN_CSV0000000000017400.csv
CAN_CSV0000000000018581.csv,CAN_CSV0000000000025903.csv
CAN_CSV0000000000018581.csv,CAN_CSV0000000000015161.csv
CAN_CSV0000000000018581.csv,CAN_CSV0000000000024884.csv
CAN_CSV0000000000018581.csv,CAN_CSV0000000000023301.csv
CAN_CSV0000000000018581.csv,CAN_CSV0000000000009039.csv
CAN_CSV0000000000024789.csv,CAN_CSV0000000000027041.csv
CAN_CSV0000000000024789.csv,CAN_CSV0000000000010904.csv
CAN_CSV0000000000024789.csv,CAN_CSV0000000000015841.csv
CAN_CSV0000000000024789.csv,CAN_CSV0000000000009889.csv
CAN_CSV0000000000024789.csv,CAN_CSV0000000000018335.csv
CAN_CSV0000000000024789.csv,CAN_CSV0000000000009604.csv
CAN_CSV0000000000024789.csv,CAN_CSV0000000000001465.csv
CAN_CSV0000000000024789.csv,CAN_CSV0000000000001463.csv
CAN_CSV0000000000024789.csv,CAN_CSV0000000000002067.csv
CAN_CSV0000000000024789.csv,CAN_CSV0000000000021863.csv
CAN_CSV0000000000024789.csv,CAN_CSV0000000000001475.csv
CAN_CSV0000000000024789.csv,CAN_CSV0000000000024128.csv
CAN_CSV0000000000024789.csv,CAN_CSV0000000000001985.csv
CAN_CSV0000000000024789.csv,CAN_CSV0000000000002112.csv
CAN_CSV0000000000024789.csv,CAN_CSV0000000000025656.csv
CAN_CSV0000000000024789.csv,CAN_CSV0000000000001928.csv
CAN_CSV0000000000024789.csv,CAN_CSV0000000000024799.csv
CAN_CSV0000000000024789.csv,CAN_CSV0000000000024802.csv
CAN_CSV0000000000024789.csv,CAN_CSV0000000000024796.csv
CAN_CSV0000000000024789.csv,CAN_CSV0000000000024790.csv
CAN_CSV0000000000024789.csv,CAN_CSV0000000000007769.csv
CAN_CSV0000000000024789.csv,CAN_CSV0000000000024795.csv
CAN_CSV0000000000024789.csv,CAN_CSV0000000000024784.csv
CAN_CSV0000000000024789.csv,CAN_CSV0000000000024798.csv
CAN_CSV0000000000024789.csv,CAN_CSV0000000000008555.csv
CAN_CSV0000000000024789.csv,CAN_CSV0000000000024794.csv
CAN_CSV0000000000024789.csv,CAN_CSV0000000000011949.csv
CAN_CSV0000000000024789.csv,CAN_CSV0000000000024224.csv
CAN_CSV0000000000024789.csv,CAN_CSV0000000000010053.csv
CAN_CSV0000000000024789.csv,CAN_CSV0000000000024792.csv
CAN_CSV0000000000024789.csv,CAN_CSV0000000000021313.csv
CAN_CSV0000000000024789.csv,CAN_CSV0000000000024797.csv
CAN_CSV0000000000024789.csv,CAN_CSV0000000000002034.csv
CAN_CSV0000000000024789.csv,CAN_CSV0000000000002036.csv
CAN_CSV0000000000024789.csv,CAN_CSV0000000000002131.csv
CAN_CSV0000000000024789.csv,CAN_CSV0000000000002040.csv
CAN_CSV0000000000024789.csv,CAN_CSV0000000000011050.csv
CAN_CSV0000000000024789.csv,CAN_CSV0000000000001193.csv
CAN_CSV0000000000024789.csv,CAN_CSV0000000000024800.csv
CAN_CSV0000000000013725.csv,CAN_CSV0000000000001025.csv
CAN_CSV0000000000013725.csv,CAN_CSV0000000000013009.csv
CAN_CSV0000000000013725.csv,CAN_CSV0000000000001114.csv
CAN_CSV0000000000013725.csv,CAN_CSV0000000000015768.csv
CAN_CSV0000000000013725.csv,CAN_CSV0000000000000761.csv
CAN_CSV0000000000013725.csv,CAN_CSV0000000000013123.csv
CAN_CSV0000000000013725.csv,CAN_CSV0000000000027308.csv
CAN_CSV0000000000013725.csv,CAN_CSV0000000000012842.csv
CAN_CSV0000000000013725.csv,CAN_CSV0000000000013763.csv
CAN_CSV0000000000013725.csv,CAN_CSV0000000000001229.csv
CAN_CSV0000000000013725.csv,CAN_CSV0000000000000828.csv
CAN_CSV0000000000013725.csv,CAN_CSV0000000000000676.csv
CAN_CSV0000000000013725.csv,CAN_CSV0000000000012889.csv
CAN_CSV0000000000013725.csv,CAN_CSV0000000000000984.csv
CAN_CSV0000000000013725.csv,CAN_CSV0000000000001071.csv
CAN_CSV0000000000013725.csv,CAN_CSV0000000000000660.csv
CAN_CSV0000000000013725.csv,CAN_CSV0000000000013712.csv
CAN_CSV0000000000013725.csv,CAN_CSV0000000000000857.csv
CAN_CSV0000000000013725.csv,CAN_CSV0000000000000701.csv
CAN_CSV0000000000013725.csv,CAN_CSV0000000000000845.csv
CAN_CSV0000000000013725.csv,CAN_CSV0000000000027054.csv
CAN_CSV0000000000021238.csv,CAN_CSV0000000000023380.csv
CAN_CSV0000000000021238.csv,CAN_CSV0000000000003760.csv
CAN_CSV0000000000021238.csv,CAN_CSV0000000000016880.csv
CAN_CSV0000000000021238.csv,CAN_CSV0000000000018044.csv
CAN_CSV0000000000021238.csv,CAN_CSV0000000000025303.csv
CAN_CSV0000000000021238.csv,CAN_CSV0000000000004355.csv
CAN_CSV0000000000021238.csv,CAN_CSV0000000000018617.csv
CAN_CSV0000000000021238.csv,CAN_CSV0000000000018393.csv
CAN_CSV0000000000021238.csv,CAN_CSV0000000000021269.csv
CAN_CSV0000000000021238.csv,CAN_CSV0000000000002739.csv
CAN_CSV0000000000021238.csv,CAN_CSV0000000000021277.csv
CAN_CSV0000000000021238.csv,CAN_CSV0000000000004354.csv
CAN_CSV0000000000021238.csv,CAN_CSV0000000000023312.csv
CAN_CSV0000000000021238.csv,CAN_CSV0000000000008837.csv
CAN_CSV0000000000021238.csv,CAN_CSV0000000000020732.csv
CAN_CSV0000000000021238.csv,CAN_CSV0000000000004356.csv
CAN_CSV0000000000021238.csv,CAN_CSV0000000000015880.csv
CAN_CSV0000000000021238.csv,CAN_CSV0000000000021246.csv
CAN_CSV0000000000021238.csv,CAN_CSV0000000000019373.csv
CAN_CSV0000000000027188.csv,CAN_CSV0000000000001025.csv
CAN_CSV0000000000027188.csv,CAN_CSV0000000000013009.csv
CAN_CSV0000000000027188.csv,CAN_CSV0000000000001114.csv
CAN_CSV0000000000027188.csv,CAN_CSV0000000000015768.csv
CAN_CSV0000000000027188.csv,CAN_CSV0000000000000761.csv
CAN_CSV0000000000027188.csv,CAN_CSV0000000000013123.csv
CAN_CSV0000000000027188.csv,CAN_CSV0000000000027308.csv
CAN_CSV0000000000027188.csv,CAN_CSV0000000000012842.csv
CAN_CSV0000000000027188.csv,CAN_CSV0000000000013763.csv
CAN_CSV0000000000027188.csv,CAN_CSV0000000000001229.csv
CAN_CSV0000000000027188.csv,CAN_CSV0000000000000828.csv
CAN_CSV0000000000027188.csv,CAN_CSV0000000000000676.csv
CAN_CSV0000000000027188.csv,CAN_CSV0000000000012889.csv
CAN_CSV0000000000027188.csv,CAN_CSV0000000000000984.csv
CAN_CSV0000000000027188.csv,CAN_CSV0000000000001071.csv
CAN_CSV0000000000027188.csv,CAN_CSV0000000000000660.csv
CAN_CSV0000000000027188.csv,CAN_CSV0000000000013712.csv
CAN_CSV0000000000027188.csv,CAN_CSV0000000000000857.csv
CAN_CSV0000000000027188.csv,CAN_CSV0000000000000701.csv
CAN_CSV0000000000027188.csv,CAN_CSV0000000000000845.csv
CAN_CSV0000000000027188.csv,CAN_CSV0000000000027054.csv
CAN_CSV0000000000024255.csv,CAN_CSV0000000000020162.csv
CAN_CSV0000000000024255.csv,CAN_CSV0000000000026153.csv
CAN_CSV0000000000024255.csv,CAN_CSV0000000000020140.csv
CAN_CSV0000000000024255.csv,CAN_CSV0000000000011164.csv
CAN_CSV0000000000024255.csv,CAN_CSV0000000000017519.csv
CAN_CSV0000000000024255.csv,CAN_CSV0000000000007604.csv
CAN_CSV0000000000025317.csv,CAN_CSV0000000000025314.csv
CAN_CSV0000000000025317.csv,CAN_CSV0000000000025315.csv
CAN_CSV0000000000025317.csv,CAN_CSV0000000000025312.csv
CAN_CSV0000000000025317.csv,CAN_CSV0000000000025308.csv
CAN_CSV0000000000025317.csv,CAN_CSV0000000000025316.csv
CAN_CSV0000000000025317.csv,CAN_CSV0000000000025318.csv
CAN_CSV0000000000025317.csv,CAN_CSV0000000000025313.csv
CAN_CSV0000000000025317.csv,CAN_CSV0000000000025307.csv
CAN_CSV0000000000025317.csv,CAN_CSV0000000000025311.csv
CAN_CSV0000000000013036.csv,CAN_CSV0000000000001025.csv
CAN_CSV0000000000013036.csv,CAN_CSV0000000000013009.csv
CAN_CSV0000000000013036.csv,CAN_CSV0000000000001114.csv
CAN_CSV0000000000013036.csv,CAN_CSV0000000000015768.csv
CAN_CSV0000000000013036.csv,CAN_CSV0000000000000761.csv
CAN_CSV0000000000013036.csv,CAN_CSV0000000000013123.csv
CAN_CSV0000000000013036.csv,CAN_CSV0000000000027308.csv
CAN_CSV0000000000013036.csv,CAN_CSV0000000000012842.csv
CAN_CSV0000000000013036.csv,CAN_CSV0000000000013763.csv
CAN_CSV0000000000013036.csv,CAN_CSV0000000000001229.csv
CAN_CSV0000000000013036.csv,CAN_CSV0000000000000828.csv
CAN_CSV0000000000013036.csv,CAN_CSV0000000000000676.csv
CAN_CSV0000000000013036.csv,CAN_CSV0000000000012889.csv
CAN_CSV0000000000013036.csv,CAN_CSV0000000000000984.csv
CAN_CSV0000000000013036.csv,CAN_CSV0000000000001071.csv
CAN_CSV0000000000013036.csv,CAN_CSV0000000000000660.csv
CAN_CSV0000000000013036.csv,CAN_CSV0000000000013712.csv
CAN_CSV0000000000013036.csv,CAN_CSV0000000000000857.csv
CAN_CSV0000000000013036.csv,CAN_CSV0000000000000701.csv
CAN_CSV0000000000013036.csv,CAN_CSV0000000000000845.csv
CAN_CSV0000000000026782.csv,CAN_CSV0000000000018895.csv
CAN_CSV0000000000026782.csv,CAN_CSV0000000000015908.csv
CAN_CSV0000000000026782.csv,CAN_CSV0000000000020165.csv
CAN_CSV0000000000026782.csv,CAN_CSV0000000000009401.csv
CAN_CSV0000000000026782.csv,CAN_CSV0000000000017939.csv
CAN_CSV0000000000026782.csv,CAN_CSV0000000000025864.csv
CAN_CSV0000000000026782.csv,CAN_CSV0000000000007889.csv
CAN_CSV0000000000026782.csv,CAN_CSV0000000000020907.csv
CAN_CSV0000000000026782.csv,CAN_CSV0000000000011659.csv
CAN_CSV0000000000026782.csv,CAN_CSV0000000000008462.csv
CAN_CSV0000000000009470.csv,CAN_CSV0000000000010124.csv
CAN_CSV0000000000009470.csv,CAN_CSV0000000000024354.csv
CAN_CSV0000000000009470.csv,CAN_CSV0000000000015002.csv
CAN_CSV0000000000009470.csv,CAN_CSV0000000000017129.csv
CAN_CSV0000000000009470.csv,CAN_CSV0000000000016419.csv
CAN_CSV0000000000009470.csv,CAN_CSV0000000000009375.csv
CAN_CSV0000000000009470.csv,CAN_CSV0000000000009119.csv
CAN_CSV0000000000009470.csv,CAN_CSV0000000000015330.csv
CAN_CSV0000000000009470.csv,CAN_CSV0000000000012299.csv
CAN_CSV0000000000009470.csv,CAN_CSV0000000000026045.csv
CAN_CSV0000000000009470.csv,CAN_CSV0000000000026925.csv
CAN_CSV0000000000009470.csv,CAN_CSV0000000000020848.csv
CAN_CSV0000000000009470.csv,CAN_CSV0000000000007607.csv
CAN_CSV0000000000009470.csv,CAN_CSV0000000000003274.csv
CAN_CSV0000000000009470.csv,CAN_CSV0000000000009663.csv
CAN_CSV0000000000009470.csv,CAN_CSV0000000000011432.csv
CAN_CSV0000000000009470.csv,CAN_CSV0000000000026372.csv
CAN_CSV0000000000009470.csv,CAN_CSV0000000000022990.csv
CAN_CSV0000000000009470.csv,CAN_CSV0000000000008615.csv
CAN_CSV0000000000009470.csv,CAN_CSV0000000000021735.csv
CAN_CSV0000000000009470.csv,CAN_CSV0000000000025606.csv
CAN_CSV0000000000009470.csv,CAN_CSV0000000000017572.csv
CAN_CSV0000000000009470.csv,CAN_CSV0000000000019300.csv
CAN_CSV0000000000009470.csv,CAN_CSV0000000000015163.csv
CAN_CSV0000000000009470.csv,CAN_CSV0000000000017552.csv
CAN_CSV0000000000009470.csv,CAN_CSV0000000000023751.csv
CAN_CSV0000000000009470.csv,CAN_CSV0000000000009986.csv
CAN_CSV0000000000009470.csv,CAN_CSV0000000000003071.csv
CAN_CSV0000000000009470.csv,CAN_CSV0000000000025790.csv
CAN_CSV0000000000009470.csv,CAN_CSV0000000000009113.csv
CAN_CSV0000000000013602.csv,CAN_CSV0000000000001025.csv
CAN_CSV0000000000013602.csv,CAN_CSV0000000000013009.csv
CAN_CSV0000000000013602.csv,CAN_CSV0000000000001114.csv
CAN_CSV0000000000013602.csv,CAN_CSV0000000000015768.csv
CAN_CSV0000000000013602.csv,CAN_CSV0000000000000761.csv
CAN_CSV0000000000013602.csv,CAN_CSV0000000000013123.csv
CAN_CSV0000000000013602.csv,CAN_CSV0000000000027308.csv
CAN_CSV0000000000013602.csv,CAN_CSV0000000000012842.csv
CAN_CSV0000000000013602.csv,CAN_CSV0000000000013763.csv
CAN_CSV0000000000013602.csv,CAN_CSV0000000000001229.csv
CAN_CSV0000000000013602.csv,CAN_CSV0000000000000828.csv
CAN_CSV0000000000013602.csv,CAN_CSV0000000000000676.csv
CAN_CSV0000000000013602.csv,CAN_CSV0000000000012889.csv
CAN_CSV0000000000013602.csv,CAN_CSV0000000000000984.csv
CAN_CSV0000000000013602.csv,CAN_CSV0000000000001071.csv
CAN_CSV0000000000013602.csv,CAN_CSV0000000000000660.csv
CAN_CSV0000000000013602.csv,CAN_CSV0000000000013712.csv
CAN_CSV0000000000013602.csv,CAN_CSV0000000000000857.csv
CAN_CSV0000000000001286.csv,CAN_CSV0000000000014578.csv
CAN_CSV0000000000001286.csv,CAN_CSV0000000000001289.csv
CAN_CSV0000000000001286.csv,CAN_CSV0000000000014562.csv
CAN_CSV0000000000001286.csv,CAN_CSV0000000000014617.csv
CAN_CSV0000000000001286.csv,CAN_CSV0000000000014567.csv
CAN_CSV0000000000001286.csv,CAN_CSV0000000000000478.csv
CAN_CSV0000000000001286.csv,CAN_CSV0000000000027440.csv
CAN_CSV0000000000001286.csv,CAN_CSV0000000000027430.csv
CAN_CSV0000000000001286.csv,CAN_CSV0000000000002325.csv
CAN_CSV0000000000001286.csv,CAN_CSV0000000000014565.csv
CAN_CSV0000000000001286.csv,CAN_CSV0000000000014612.csv
CAN_CSV0000000000001286.csv,CAN_CSV0000000000014594.csv
CAN_CSV0000000000001286.csv,CAN_CSV0000000000002323.csv
CAN_CSV0000000000001286.csv,CAN_CSV0000000000014595.csv
CAN_CSV0000000000001198.csv,CAN_CSV0000000000001025.csv
CAN_CSV0000000000001198.csv,CAN_CSV0000000000013009.csv
CAN_CSV0000000000001198.csv,CAN_CSV0000000000001114.csv
CAN_CSV0000000000001198.csv,CAN_CSV0000000000015768.csv
CAN_CSV0000000000001198.csv,CAN_CSV0000000000000761.csv
CAN_CSV0000000000001198.csv,CAN_CSV0000000000013123.csv
CAN_CSV0000000000001198.csv,CAN_CSV0000000000027308.csv
CAN_CSV0000000000001198.csv,CAN_CSV0000000000012842.csv
CAN_CSV0000000000001198.csv,CAN_CSV0000000000013763.csv
CAN_CSV0000000000001198.csv,CAN_CSV0000000000001229.csv
CAN_CSV0000000000001198.csv,CAN_CSV0000000000000828.csv
CAN_CSV0000000000001198.csv,CAN_CSV0000000000000676.csv
CAN_CSV0000000000001198.csv,CAN_CSV0000000000012889.csv
CAN_CSV0000000000013912.csv,CAN_CSV0000000000001025.csv
CAN_CSV0000000000013912.csv,CAN_CSV0000000000013009.csv
CAN_CSV0000000000013912.csv,CAN_CSV0000000000015768.csv
CAN_CSV0000000000013912.csv,CAN_CSV0000000000000761.csv
CAN_CSV0000000000013912.csv,CAN_CSV0000000000013123.csv
CAN_CSV0000000000013912.csv,CAN_CSV0000000000027308.csv
CAN_CSV0000000000013912.csv,CAN_CSV0000000000012842.csv
CAN_CSV0000000000013912.csv,CAN_CSV0000000000013763.csv
CAN_CSV0000000000013912.csv,CAN_CSV0000000000001229.csv
CAN_CSV0000000000013912.csv,CAN_CSV0000000000000828.csv
CAN_CSV0000000000013912.csv,CAN_CSV0000000000000676.csv
CAN_CSV0000000000013912.csv,CAN_CSV0000000000012889.csv
CAN_CSV0000000000013912.csv,CAN_CSV0000000000000984.csv
CAN_CSV0000000000013912.csv,CAN_CSV0000000000001071.csv
CAN_CSV0000000000013912.csv,CAN_CSV0000000000000660.csv
CAN_CSV0000000000013912.csv,CAN_CSV0000000000013712.csv
CAN_CSV0000000000013912.csv,CAN_CSV0000000000000857.csv
CAN_CSV0000000000013912.csv,CAN_CSV0000000000000701.csv
CAN_CSV0000000000013912.csv,CAN_CSV0000000000000845.csv
CAN_CSV0000000000013912.csv,CAN_CSV0000000000027054.csv
CAN_CSV0000000000013912.csv,CAN_CSV0000000000000581.csv
CAN_CSV0000000000000638.csv,CAN_CSV0000000000001025.csv
CAN_CSV0000000000000638.csv,CAN_CSV0000000000013009.csv
CAN_CSV0000000000000638.csv,CAN_CSV0000000000001114.csv
CAN_CSV0000000000000638.csv,CAN_CSV0000000000015768.csv
CAN_CSV0000000000000638.csv,CAN_CSV0000000000000761.csv
CAN_CSV0000000000000638.csv,CAN_CSV0000000000013123.csv
CAN_CSV0000000000000638.csv,CAN_CSV0000000000027308.csv
CAN_CSV0000000000000638.csv,CAN_CSV0000000000012842.csv
CAN_CSV0000000000000638.csv,CAN_CSV0000000000013763.csv
CAN_CSV0000000000000638.csv,CAN_CSV0000000000001229.csv
CAN_CSV0000000000000638.csv,CAN_CSV0000000000000828.csv
CAN_CSV0000000000000638.csv,CAN_CSV0000000000000676.csv
CAN_CSV0000000000000638.csv,CAN_CSV0000000000012889.csv
CAN_CSV0000000000000638.csv,CAN_CSV0000000000000984.csv
CAN_CSV0000000000015899.csv,CAN_CSV0000000000003356.csv
CAN_CSV0000000000015899.csv,CAN_CSV0000000000003100.csv
CAN_CSV0000000000015899.csv,CAN_CSV0000000000012108.csv
CAN_CSV0000000000015899.csv,CAN_CSV0000000000020036.csv
CAN_CSV0000000000015899.csv,CAN_CSV0000000000023602.csv
CAN_CSV0000000000015899.csv,CAN_CSV0000000000008699.csv
CAN_CSV0000000000015899.csv,CAN_CSV0000000000021927.csv
CAN_CSV0000000000015899.csv,CAN_CSV0000000000010499.csv
CAN_CSV0000000000015899.csv,CAN_CSV0000000000022798.csv
CAN_CSV0000000000015899.csv,CAN_CSV0000000000001895.csv
CAN_CSV0000000000015899.csv,CAN_CSV0000000000016296.csv
CAN_CSV0000000000015899.csv,CAN_CSV0000000000026441.csv
CAN_CSV0000000000015899.csv,CAN_CSV0000000000007299.csv
CAN_CSV0000000000015899.csv,CAN_CSV0000000000010464.csv
CAN_CSV0000000000015899.csv,CAN_CSV0000000000001900.csv
CAN_CSV0000000000000724.csv,CAN_CSV0000000000001025.csv
CAN_CSV0000000000000724.csv,CAN_CSV0000000000013009.csv
CAN_CSV0000000000000724.csv,CAN_CSV0000000000001114.csv
CAN_CSV0000000000000724.csv,CAN_CSV0000000000015768.csv
CAN_CSV0000000000000724.csv,CAN_CSV0000000000000761.csv
CAN_CSV0000000000000724.csv,CAN_CSV0000000000013123.csv
CAN_CSV0000000000000724.csv,CAN_CSV0000000000027308.csv
CAN_CSV0000000000000724.csv,CAN_CSV0000000000012842.csv
CAN_CSV0000000000000724.csv,CAN_CSV0000000000013763.csv
CAN_CSV0000000000000724.csv,CAN_CSV0000000000001229.csv
CAN_CSV0000000000000724.csv,CAN_CSV0000000000000828.csv
CAN_CSV0000000000000724.csv,CAN_CSV0000000000000676.csv
CAN_CSV0000000000000724.csv,CAN_CSV0000000000012889.csv
CAN_CSV0000000000000724.csv,CAN_CSV0000000000000984.csv
CAN_CSV0000000000000724.csv,CAN_CSV0000000000001071.csv
CAN_CSV0000000000018831.csv,CAN_CSV0000000000003088.csv
CAN_CSV0000000000018831.csv,CAN_CSV0000000000011752.csv
CAN_CSV0000000000018831.csv,CAN_CSV0000000000007832.csv
CAN_CSV0000000000018831.csv,CAN_CSV0000000000020825.csv
CAN_CSV0000000000018831.csv,CAN_CSV0000000000010103.csv
CAN_CSV0000000000018831.csv,CAN_CSV0000000000016835.csv
CAN_CSV0000000000018831.csv,CAN_CSV0000000000009036.csv
CAN_CSV0000000000018831.csv,CAN_CSV0000000000020052.csv
CAN_CSV0000000000018831.csv,CAN_CSV0000000000009365.csv
CAN_CSV0000000000018831.csv,CAN_CSV0000000000003892.csv
CAN_CSV0000000000018831.csv,CAN_CSV0000000000009702.csv
CAN_CSV0000000000018831.csv,CAN_CSV0000000000022992.csv
CAN_CSV0000000000018831.csv,CAN_CSV0000000000023471.csv
CAN_CSV0000000000018831.csv,CAN_CSV0000000000026751.csv
CAN_CSV0000000000018831.csv,CAN_CSV0000000000024067.csv
CAN_CSV0000000000018831.csv,CAN_CSV0000000000024660.csv
CAN_CSV0000000000018831.csv,CAN_CSV0000000000002762.csv
CAN_CSV0000000000018831.csv,CAN_CSV0000000000004586.csv
CAN_CSV0000000000018831.csv,CAN_CSV0000000000017968.csv
CAN_CSV0000000000018831.csv,CAN_CSV0000000000003766.csv
CAN_CSV0000000000018831.csv,CAN_CSV0000000000017187.csv
CAN_CSV0000000000027243.csv,CAN_CSV0000000000001025.csv
CAN_CSV0000000000027243.csv,CAN_CSV0000000000013009.csv
CAN_CSV0000000000027243.csv,CAN_CSV0000000000001114.csv
CAN_CSV0000000000027243.csv,CAN_CSV0000000000015768.csv
CAN_CSV0000000000027243.csv,CAN_CSV0000000000000761.csv
CAN_CSV0000000000027243.csv,CAN_CSV0000000000013123.csv
CAN_CSV0000000000027243.csv,CAN_CSV0000000000027308.csv
CAN_CSV0000000000027243.csv,CAN_CSV0000000000012842.csv
CAN_CSV0000000000027243.csv,CAN_CSV0000000000013763.csv
CAN_CSV0000000000027243.csv,CAN_CSV0000000000001229.csv
CAN_CSV0000000000027243.csv,CAN_CSV0000000000000828.csv
CAN_CSV0000000000027243.csv,CAN_CSV0000000000000676.csv
CAN_CSV0000000000027243.csv,CAN_CSV0000000000012889.csv
CAN_CSV0000000000027243.csv,CAN_CSV0000000000000984.csv
CAN_CSV0000000000027243.csv,CAN_CSV0000000000001071.csv
CAN_CSV0000000000027243.csv,CAN_CSV0000000000000660.csv
CAN_CSV0000000000027243.csv,CAN_CSV0000000000013712.csv
CAN_CSV0000000000027243.csv,CAN_CSV0000000000000857.csv
CAN_CSV0000000000027243.csv,CAN_CSV0000000000000701.csv
CAN_CSV0000000000027243.csv,CAN_CSV0000000000000845.csv
CAN_CSV0000000000027243.csv,CAN_CSV0000000000005245.csv
CAN_CSV0000000000027243.csv,CAN_CSV0000000000027250.csv
CAN_CSV0000000000027243.csv,CAN_CSV0000000000000608.csv
CAN_CSV0000000000027243.csv,CAN_CSV0000000000000577.csv
CAN_CSV0000000000027243.csv,CAN_CSV0000000000000662.csv
CAN_CSV0000000000027243.csv,CAN_CSV0000000000005103.csv
CAN_CSV0000000000027243.csv,CAN_CSV0000000000000562.csv
CAN_CSV0000000000027243.csv,CAN_CSV0000000000005256.csv
CAN_CSV0000000000027243.csv,CAN_CSV0000000000005138.csv
CAN_CSV0000000000027243.csv,CAN_CSV0000000000001181.csv
CAN_CSV0000000000027243.csv,CAN_CSV0000000000005117.csv
CAN_CSV0000000000027243.csv,CAN_CSV0000000000027172.csv
CAN_CSV0000000000027243.csv,CAN_CSV0000000000027229.csv
CAN_CSV0000000000027243.csv,CAN_CSV0000000000005102.csv
CAN_CSV0000000000027243.csv,CAN_CSV0000000000004749.csv
CAN_CSV0000000000027243.csv,CAN_CSV0000000000001180.csv
CAN_CSV0000000000027243.csv,CAN_CSV0000000000000581.csv
CAN_CSV0000000000027243.csv,CAN_CSV0000000000000664.csv
CAN_CSV0000000000027243.csv,CAN_CSV0000000000004753.csv
CAN_CSV0000000000027243.csv,CAN_CSV0000000000005217.csv
CAN_CSV0000000000025306.csv,CAN_CSV0000000000001367.csv
CAN_CSV0000000000025306.csv,CAN_CSV0000000000027416.csv
CAN_CSV0000000000025306.csv,CAN_CSV0000000000017039.csv
CAN_CSV0000000000025306.csv,CAN_CSV0000000000015908.csv
CAN_CSV0000000000025306.csv,CAN_CSV0000000000020165.csv
CAN_CSV0000000000025306.csv,CAN_CSV0000000000016186.csv
CAN_CSV0000000000025306.csv,CAN_CSV0000000000020974.csv
CAN_CSV0000000000025306.csv,CAN_CSV0000000000002026.csv
CAN_CSV0000000000025306.csv,CAN_CSV0000000000003436.csv
CAN_CSV0000000000025306.csv,CAN_CSV0000000000019550.csv
CAN_CSV0000000000025306.csv,CAN_CSV0000000000023436.csv
CAN_CSV0000000000025306.csv,CAN_CSV0000000000026190.csv
CAN_CSV0000000000025306.csv,CAN_CSV0000000000009444.csv
CAN_CSV0000000000025306.csv,CAN_CSV0000000000025864.csv
CAN_CSV0000000000001370.csv,CAN_CSV0000000000018629.csv
CAN_CSV0000000000001370.csv,CAN_CSV0000000000016590.csv
CAN_CSV0000000000001370.csv,CAN_CSV0000000000026770.csv
CAN_CSV0000000000006809.csv,CAN_CSV0000000000001025.csv
CAN_CSV0000000000006809.csv,CAN_CSV0000000000013009.csv
CAN_CSV0000000000006809.csv,CAN_CSV0000000000001114.csv
CAN_CSV0000000000006809.csv,CAN_CSV0000000000015768.csv
CAN_CSV0000000000006809.csv,CAN_CSV0000000000000761.csv
CAN_CSV0000000000006809.csv,CAN_CSV0000000000013123.csv
CAN_CSV0000000000006809.csv,CAN_CSV0000000000027308.csv
CAN_CSV0000000000006809.csv,CAN_CSV0000000000012842.csv
CAN_CSV0000000000006809.csv,CAN_CSV0000000000013763.csv
CAN_CSV0000000000006809.csv,CAN_CSV0000000000001229.csv
CAN_CSV0000000000006809.csv,CAN_CSV0000000000000828.csv
CAN_CSV0000000000006809.csv,CAN_CSV0000000000000676.csv
CAN_CSV0000000000006809.csv,CAN_CSV0000000000012889.csv
CAN_CSV0000000000006809.csv,CAN_CSV0000000000000984.csv
CAN_CSV0000000000006809.csv,CAN_CSV0000000000001071.csv
CAN_CSV0000000000006809.csv,CAN_CSV0000000000000660.csv
CAN_CSV0000000000006809.csv,CAN_CSV0000000000013712.csv
CAN_CSV0000000000006809.csv,CAN_CSV0000000000000857.csv
CAN_CSV0000000000006809.csv,CAN_CSV0000000000000701.csv
CAN_CSV0000000000006809.csv,CAN_CSV0000000000000914.csv
CAN_CSV0000000000006809.csv,CAN_CSV0000000000006959.csv
CAN_CSV0000000000006809.csv,CAN_CSV0000000000006836.csv
CAN_CSV0000000000006809.csv,CAN_CSV0000000000006814.csv
CAN_CSV0000000000006809.csv,CAN_CSV0000000000012577.csv
CAN_CSV0000000000006809.csv,CAN_CSV0000000000006831.csv
CAN_CSV0000000000006809.csv,CAN_CSV0000000000012590.csv
CAN_CSV0000000000006809.csv,CAN_CSV0000000000012560.csv
CAN_CSV0000000000006809.csv,CAN_CSV0000000000000894.csv
CAN_CSV0000000000006809.csv,CAN_CSV0000000000006752.csv
CAN_CSV0000000000013427.csv,CAN_CSV0000000000001025.csv
CAN_CSV0000000000013427.csv,CAN_CSV0000000000013009.csv
CAN_CSV0000000000013427.csv,CAN_CSV0000000000001114.csv
CAN_CSV0000000000013427.csv,CAN_CSV0000000000015768.csv
CAN_CSV0000000000013427.csv,CAN_CSV0000000000000761.csv
CAN_CSV0000000000013427.csv,CAN_CSV0000000000013123.csv
CAN_CSV0000000000013427.csv,CAN_CSV0000000000027308.csv
CAN_CSV0000000000013427.csv,CAN_CSV0000000000012842.csv
CAN_CSV0000000000013427.csv,CAN_CSV0000000000013763.csv
CAN_CSV0000000000013427.csv,CAN_CSV0000000000001229.csv
CAN_CSV0000000000013427.csv,CAN_CSV0000000000000828.csv
CAN_CSV0000000000013427.csv,CAN_CSV0000000000000676.csv
CAN_CSV0000000000013427.csv,CAN_CSV0000000000012889.csv
CAN_CSV0000000000013427.csv,CAN_CSV0000000000000984.csv
CAN_CSV0000000000013427.csv,CAN_CSV0000000000001071.csv
CAN_CSV0000000000013427.csv,CAN_CSV0000000000000660.csv
CAN_CSV0000000000013427.csv,CAN_CSV0000000000013712.csv
CAN_CSV0000000000013427.csv,CAN_CSV0000000000000857.csv
CAN_CSV0000000000013427.csv,CAN_CSV0000000000000701.csv
CAN_CSV0000000000013427.csv,CAN_CSV0000000000000845.csv
CAN_CSV0000000000013427.csv,CAN_CSV0000000000027054.csv
CAN_CSV0000000000014474.csv,CAN_CSV0000000000001025.csv
CAN_CSV0000000000014474.csv,CAN_CSV0000000000013009.csv
CAN_CSV0000000000014474.csv,CAN_CSV0000000000001114.csv
CAN_CSV0000000000014474.csv,CAN_CSV0000000000015768.csv
CAN_CSV0000000000014474.csv,CAN_CSV0000000000000761.csv
CAN_CSV0000000000014474.csv,CAN_CSV0000000000013123.csv
CAN_CSV0000000000014474.csv,CAN_CSV0000000000027308.csv
CAN_CSV0000000000014474.csv,CAN_CSV0000000000012842.csv
CAN_CSV0000000000014474.csv,CAN_CSV0000000000013763.csv
CAN_CSV0000000000014474.csv,CAN_CSV0000000000001229.csv
CAN_CSV0000000000014474.csv,CAN_CSV0000000000000828.csv
CAN_CSV0000000000014474.csv,CAN_CSV0000000000000676.csv
CAN_CSV0000000000014474.csv,CAN_CSV0000000000012889.csv
CAN_CSV0000000000014474.csv,CAN_CSV0000000000000984.csv
CAN_CSV0000000000014474.csv,CAN_CSV0000000000001071.csv
CAN_CSV0000000000014474.csv,CAN_CSV0000000000000660.csv
CAN_CSV0000000000014474.csv,CAN_CSV0000000000015731.csv
CAN_CSV0000000000014474.csv,CAN_CSV0000000000005245.csv
CAN_CSV0000000000014474.csv,CAN_CSV0000000000015703.csv
CAN_CSV0000000000014474.csv,CAN_CSV0000000000014313.csv
CAN_CSV0000000000014474.csv,CAN_CSV0000000000013368.csv
CAN_CSV0000000000014474.csv,CAN_CSV0000000000005882.csv
CAN_CSV0000000000014474.csv,CAN_CSV0000000000001181.csv
CAN_CSV0000000000014474.csv,CAN_CSV0000000000014060.csv
CAN_CSV0000000000014474.csv,CAN_CSV0000000000002297.csv
CAN_CSV0000000000014474.csv,CAN_CSV0000000000000845.csv
CAN_CSV0000000000014474.csv,CAN_CSV0000000000014469.csv
CAN_CSV0000000000014474.csv,CAN_CSV0000000000000608.csv
CAN_CSV0000000000014474.csv,CAN_CSV0000000000005045.csv
CAN_CSV0000000000014474.csv,CAN_CSV0000000000002181.csv
CAN_CSV0000000000014474.csv,CAN_CSV0000000000005265.csv
CAN_CSV0000000000014474.csv,CAN_CSV0000000000014466.csv
CAN_CSV0000000000014474.csv,CAN_CSV0000000000027219.csv
CAN_CSV0000000000014474.csv,CAN_CSV0000000000014476.csv
CAN_CSV0000000000014474.csv,CAN_CSV0000000000014462.csv
CAN_CSV0000000000014474.csv,CAN_CSV0000000000005217.csv
CAN_CSV0000000000014474.csv,CAN_CSV0000000000005218.csv
CAN_CSV0000000000014474.csv,CAN_CSV0000000000005227.csv
CAN_CSV0000000000014474.csv,CAN_CSV0000000000005008.csv
CAN_CSV0000000000014474.csv,CAN_CSV0000000000000622.csv
CAN_CSV0000000000014474.csv,CAN_CSV0000000000005259.csv
CAN_CSV0000000000014474.csv,CAN_CSV0000000000014468.csv
CAN_CSV0000000000014474.csv,CAN_CSV0000000000005264.csv
CAN_CSV0000000000014474.csv,CAN_CSV0000000000014397.csv
CAN_CSV0000000000016775.csv,CAN_CSV0000000000021537.csv
CAN_CSV0000000000016775.csv,CAN_CSV0000000000002140.csv
CAN_CSV0000000000016775.csv,CAN_CSV0000000000017825.csv
CAN_CSV0000000000016775.csv,CAN_CSV0000000000020510.csv
CAN_CSV0000000000016775.csv,CAN_CSV0000000000001955.csv
CAN_CSV0000000000016775.csv,CAN_CSV0000000000001963.csv
CAN_CSV0000000000016775.csv,CAN_CSV0000000000009256.csv
CAN_CSV0000000000016775.csv,CAN_CSV0000000000008205.csv
CAN_CSV0000000000016775.csv,CAN_CSV0000000000022416.csv
CAN_CSV0000000000016775.csv,CAN_CSV0000000000001867.csv
CAN_CSV0000000000016775.csv,CAN_CSV0000000000022617.csv
CAN_CSV0000000000016775.csv,CAN_CSV0000000000025600.csv
CAN_CSV0000000000016775.csv,CAN_CSV0000000000011627.csv
CAN_CSV0000000000016775.csv,CAN_CSV0000000000027386.csv
CAN_CSV0000000000016775.csv,CAN_CSV0000000000001861.csv
CAN_CSV0000000000016775.csv,CAN_CSV0000000000027411.csv
CAN_CSV0000000000016775.csv,CAN_CSV0000000000001914.csv
CAN_CSV0000000000016775.csv,CAN_CSV0000000000023789.csv
CAN_CSV0000000000016775.csv,CAN_CSV0000000000021072.csv
CAN_CSV0000000000007184.csv,CAN_CSV0000000000001025.csv
CAN_CSV0000000000007184.csv,CAN_CSV0000000000013009.csv
CAN_CSV0000000000007184.csv,CAN_CSV0000000000001114.csv
CAN_CSV0000000000007184.csv,CAN_CSV0000000000015768.csv
CAN_CSV0000000000007184.csv,CAN_CSV0000000000000761.csv
CAN_CSV0000000000007184.csv,CAN_CSV0000000000013123.csv
CAN_CSV0000000000007184.csv,CAN_CSV0000000000027308.csv
CAN_CSV0000000000007184.csv,CAN_CSV0000000000012842.csv
CAN_CSV0000000000007184.csv,CAN_CSV0000000000013763.csv
CAN_CSV0000000000007184.csv,CAN_CSV0000000000001229.csv
CAN_CSV0000000000007184.csv,CAN_CSV0000000000000828.csv
CAN_CSV0000000000007184.csv,CAN_CSV0000000000000676.csv
CAN_CSV0000000000007184.csv,CAN_CSV0000000000012889.csv
CAN_CSV0000000000007184.csv,CAN_CSV0000000000000984.csv
CAN_CSV0000000000007184.csv,CAN_CSV0000000000001071.csv
CAN_CSV0000000000007184.csv,CAN_CSV0000000000000660.csv
CAN_CSV0000000000007184.csv,CAN_CSV0000000000013712.csv
CAN_CSV0000000000007184.csv,CAN_CSV0000000000000857.csv
CAN_CSV0000000000007184.csv,CAN_CSV0000000000000701.csv
CAN_CSV0000000000014315.csv,CAN_CSV0000000000001025.csv
CAN_CSV0000000000014315.csv,CAN_CSV0000000000013009.csv
CAN_CSV0000000000014315.csv,CAN_CSV0000000000001114.csv
CAN_CSV0000000000014315.csv,CAN_CSV0000000000015768.csv
CAN_CSV0000000000014315.csv,CAN_CSV0000000000000761.csv
CAN_CSV0000000000014315.csv,CAN_CSV0000000000013123.csv
CAN_CSV0000000000014315.csv,CAN_CSV0000000000027308.csv
CAN_CSV0000000000014315.csv,CAN_CSV0000000000012842.csv
CAN_CSV0000000000014315.csv,CAN_CSV0000000000013763.csv
CAN_CSV0000000000014315.csv,CAN_CSV0000000000001229.csv
CAN_CSV0000000000014315.csv,CAN_CSV0000000000000828.csv
CAN_CSV0000000000014315.csv,CAN_CSV0000000000000676.csv
CAN_CSV0000000000014315.csv,CAN_CSV0000000000012889.csv
CAN_CSV0000000000014315.csv,CAN_CSV0000000000000984.csv
CAN_CSV0000000000014315.csv,CAN_CSV0000000000001071.csv
CAN_CSV0000000000014315.csv,CAN_CSV0000000000000660.csv
CAN_CSV0000000000014315.csv,CAN_CSV0000000000013712.csv
CAN_CSV0000000000014315.csv,CAN_CSV0000000000000857.csv
CAN_CSV0000000000014315.csv,CAN_CSV0000000000000701.csv
CAN_CSV0000000000014315.csv,CAN_CSV0000000000000845.csv
CAN_CSV0000000000014315.csv,CAN_CSV0000000000027054.csv
CAN_CSV0000000000001818.csv,CAN_CSV0000000000001851.csv
CAN_CSV0000000000001818.csv,CAN_CSV0000000000001485.csv
CAN_CSV0000000000001818.csv,CAN_CSV0000000000001891.csv
CAN_CSV0000000000005757.csv,CAN_CSV0000000000001025.csv
CAN_CSV0000000000005757.csv,CAN_CSV0000000000013009.csv
CAN_CSV0000000000005757.csv,CAN_CSV0000000000001114.csv
CAN_CSV0000000000005757.csv,CAN_CSV0000000000015768.csv
CAN_CSV0000000000005757.csv,CAN_CSV0000000000000761.csv
CAN_CSV0000000000005757.csv,CAN_CSV0000000000013123.csv
CAN_CSV0000000000005757.csv,CAN_CSV0000000000027308.csv
CAN_CSV0000000000005757.csv,CAN_CSV0000000000012842.csv
CAN_CSV0000000000005757.csv,CAN_CSV0000000000013763.csv
CAN_CSV0000000000005757.csv,CAN_CSV0000000000001229.csv
CAN_CSV0000000000005757.csv,CAN_CSV0000000000000828.csv
CAN_CSV0000000000005757.csv,CAN_CSV0000000000000676.csv
CAN_CSV0000000000005757.csv,CAN_CSV0000000000012889.csv
CAN_CSV0000000000005757.csv,CAN_CSV0000000000000984.csv
CAN_CSV0000000000005757.csv,CAN_CSV0000000000001071.csv
CAN_CSV0000000000005757.csv,CAN_CSV0000000000000660.csv
CAN_CSV0000000000005757.csv,CAN_CSV0000000000013712.csv
CAN_CSV0000000000005757.csv,CAN_CSV0000000000000857.csv
CAN_CSV0000000000005757.csv,CAN_CSV0000000000000701.csv
CAN_CSV0000000000005757.csv,CAN_CSV0000000000000845.csv
CAN_CSV0000000000005757.csv,CAN_CSV0000000000000818.csv
CAN_CSV0000000000005757.csv,CAN_CSV0000000000000827.csv
CAN_CSV0000000000005757.csv,CAN_CSV0000000000005812.csv
CAN_CSV0000000000005757.csv,CAN_CSV0000000000005766.csv
CAN_CSV0000000000005757.csv,CAN_CSV0000000000005816.csv
CAN_CSV0000000000005757.csv,CAN_CSV0000000000005817.csv
CAN_CSV0000000000005757.csv,CAN_CSV0000000000007060.csv
CAN_CSV0000000000005757.csv,CAN_CSV0000000000000824.csv
CAN_CSV0000000000005757.csv,CAN_CSV0000000000000830.csv
CAN_CSV0000000000005757.csv,CAN_CSV0000000000005770.csv
CAN_CSV0000000000005757.csv,CAN_CSV0000000000005743.csv
CAN_CSV0000000000005757.csv,CAN_CSV0000000000000822.csv
CAN_CSV0000000000005757.csv,CAN_CSV0000000000005759.csv
CAN_CSV0000000000005757.csv,CAN_CSV0000000000000819.csv
CAN_CSV0000000000005757.csv,CAN_CSV0000000000000871.csv
CAN_CSV0000000000014850.csv,CAN_CSV0000000000008166.csv
CAN_CSV0000000000014850.csv,CAN_CSV0000000000025508.csv
CAN_CSV0000000000014850.csv,CAN_CSV0000000000024921.csv
CAN_CSV0000000000014850.csv,CAN_CSV0000000000018431.csv
CAN_CSV0000000000014850.csv,CAN_CSV0000000000008255.csv
CAN_CSV0000000000014850.csv,CAN_CSV0000000000008159.csv
CAN_CSV0000000000014850.csv,CAN_CSV0000000000019440.csv
CAN_CSV0000000000014850.csv,CAN_CSV0000000000008271.csv
CAN_CSV0000000000014850.csv,CAN_CSV0000000000008115.csv
CAN_CSV0000000000014850.csv,CAN_CSV0000000000019445.csv
CAN_CSV0000000000014850.csv,CAN_CSV0000000000008160.csv
CAN_CSV0000000000014850.csv,CAN_CSV0000000000001461.csv
CAN_CSV0000000000014850.csv,CAN_CSV0000000000022568.csv
CAN_CSV0000000000014850.csv,CAN_CSV0000000000022571.csv
CAN_CSV0000000000014850.csv,CAN_CSV0000000000001769.csv
CAN_CSV0000000000014850.csv,CAN_CSV0000000000001405.csv
CAN_CSV0000000000014850.csv,CAN_CSV0000000000024908.csv
CAN_CSV0000000000014850.csv,CAN_CSV0000000000001314.csv
CAN_CSV0000000000014850.csv,CAN_CSV0000000000008291.csv
CAN_CSV0000000000014850.csv,CAN_CSV0000000000018307.csv
CAN_CSV0000000000014850.csv,CAN_CSV0000000000022563.csv
CAN_CSV0000000000003365.csv,CAN_CSV0000000000003088.csv
CAN_CSV0000000000003365.csv,CAN_CSV0000000000011752.csv
CAN_CSV0000000000003365.csv,CAN_CSV0000000000007832.csv
CAN_CSV0000000000003365.csv,CAN_CSV0000000000020825.csv
CAN_CSV0000000000003365.csv,CAN_CSV0000000000010103.csv
CAN_CSV0000000000003365.csv,CAN_CSV0000000000016835.csv
CAN_CSV0000000000003365.csv,CAN_CSV0000000000009036.csv
CAN_CSV0000000000003365.csv,CAN_CSV0000000000020052.csv
CAN_CSV0000000000003365.csv,CAN_CSV0000000000009365.csv
CAN_CSV0000000000003365.csv,CAN_CSV0000000000003892.csv
CAN_CSV0000000000003365.csv,CAN_CSV0000000000009702.csv
CAN_CSV0000000000003365.csv,CAN_CSV0000000000022992.csv
CAN_CSV0000000000003365.csv,CAN_CSV0000000000023471.csv
CAN_CSV0000000000003365.csv,CAN_CSV0000000000026751.csv
CAN_CSV0000000000003365.csv,CAN_CSV0000000000024067.csv
CAN_CSV0000000000003365.csv,CAN_CSV0000000000024660.csv
CAN_CSV0000000000003365.csv,CAN_CSV0000000000018831.csv
CAN_CSV0000000000003365.csv,CAN_CSV0000000000004586.csv
CAN_CSV0000000000003365.csv,CAN_CSV0000000000017968.csv
CAN_CSV0000000000003365.csv,CAN_CSV0000000000017187.csv
CAN_CSV0000000000003365.csv,CAN_CSV0000000000017400.csv
CAN_CSV0000000000003365.csv,CAN_CSV0000000000025903.csv
CAN_CSV0000000000003365.csv,CAN_CSV0000000000018581.csv
CAN_CSV0000000000003365.csv,CAN_CSV0000000000015161.csv
CAN_CSV0000000000003365.csv,CAN_CSV0000000000024884.csv
CAN_CSV0000000000003365.csv,CAN_CSV0000000000023301.csv
CAN_CSV0000000000003365.csv,CAN_CSV0000000000002762.csv
CAN_CSV0000000000003365.csv,CAN_CSV0000000000003766.csv
CAN_CSV0000000000005013.csv,CAN_CSV0000000000001025.csv
CAN_CSV0000000000005013.csv,CAN_CSV0000000000013009.csv
CAN_CSV0000000000005013.csv,CAN_CSV0000000000001114.csv
CAN_CSV0000000000005013.csv,CAN_CSV0000000000015768.csv
CAN_CSV0000000000005013.csv,CAN_CSV0000000000000761.csv
CAN_CSV0000000000005013.csv,CAN_CSV0000000000013123.csv
CAN_CSV0000000000005013.csv,CAN_CSV0000000000027308.csv
CAN_CSV0000000000005013.csv,CAN_CSV0000000000012842.csv
CAN_CSV0000000000005013.csv,CAN_CSV0000000000013763.csv
CAN_CSV0000000000005013.csv,CAN_CSV0000000000001229.csv
CAN_CSV0000000000005013.csv,CAN_CSV0000000000000828.csv
CAN_CSV0000000000005013.csv,CAN_CSV0000000000000676.csv
CAN_CSV0000000000005013.csv,CAN_CSV0000000000012889.csv
CAN_CSV0000000000005013.csv,CAN_CSV0000000000000984.csv
CAN_CSV0000000000005013.csv,CAN_CSV0000000000001071.csv
CAN_CSV0000000000005013.csv,CAN_CSV0000000000000660.csv
CAN_CSV0000000000005013.csv,CAN_CSV0000000000013712.csv
CAN_CSV0000000000007014.csv,CAN_CSV0000000000001025.csv
CAN_CSV0000000000007014.csv,CAN_CSV0000000000013009.csv
CAN_CSV0000000000007014.csv,CAN_CSV0000000000001114.csv
CAN_CSV0000000000007014.csv,CAN_CSV0000000000015768.csv
CAN_CSV0000000000007014.csv,CAN_CSV0000000000000761.csv
CAN_CSV0000000000007014.csv,CAN_CSV0000000000013123.csv
CAN_CSV0000000000007014.csv,CAN_CSV0000000000027308.csv
CAN_CSV0000000000007014.csv,CAN_CSV0000000000012842.csv
CAN_CSV0000000000007014.csv,CAN_CSV0000000000013763.csv
CAN_CSV0000000000007014.csv,CAN_CSV0000000000001229.csv
CAN_CSV0000000000007014.csv,CAN_CSV0000000000000828.csv
CAN_CSV0000000000007014.csv,CAN_CSV0000000000000676.csv
CAN_CSV0000000000007014.csv,CAN_CSV0000000000012889.csv
CAN_CSV0000000000007014.csv,CAN_CSV0000000000000984.csv
CAN_CSV0000000000007014.csv,CAN_CSV0000000000001071.csv
CAN_CSV0000000000007014.csv,CAN_CSV0000000000000660.csv
CAN_CSV0000000000007014.csv,CAN_CSV0000000000013712.csv
CAN_CSV0000000000007014.csv,CAN_CSV0000000000000857.csv
CAN_CSV0000000000007014.csv,CAN_CSV0000000000000701.csv
CAN_CSV0000000000007014.csv,CAN_CSV0000000000000845.csv
CAN_CSV0000000000001861.csv,CAN_CSV0000000000027411.csv
CAN_CSV0000000000001861.csv,CAN_CSV0000000000001914.csv
CAN_CSV0000000000001861.csv,CAN_CSV0000000000001955.csv
CAN_CSV0000000000001861.csv,CAN_CSV0000000000001963.csv
CAN_CSV0000000000001861.csv,CAN_CSV0000000000002140.csv
CAN_CSV0000000000001861.csv,CAN_CSV0000000000027386.csv
CAN_CSV0000000000001861.csv,CAN_CSV0000000000021537.csv
CAN_CSV0000000000001861.csv,CAN_CSV0000000000017825.csv
CAN_CSV0000000000001861.csv,CAN_CSV0000000000020510.csv
CAN_CSV0000000000001861.csv,CAN_CSV0000000000016775.csv
CAN_CSV0000000000001861.csv,CAN_CSV0000000000009256.csv
CAN_CSV0000000000001861.csv,CAN_CSV0000000000008205.csv
CAN_CSV0000000000001861.csv,CAN_CSV0000000000022416.csv
CAN_CSV0000000000001861.csv,CAN_CSV0000000000021470.csv
CAN_CSV0000000000001861.csv,CAN_CSV0000000000022617.csv
CAN_CSV0000000000001861.csv,CAN_CSV0000000000025600.csv
CAN_CSV0000000000001861.csv,CAN_CSV0000000000011627.csv
CAN_CSV0000000000001861.csv,CAN_CSV0000000000023789.csv
CAN_CSV0000000000003463.csv,CAN_CSV0000000000010564.csv
CAN_CSV0000000000003463.csv,CAN_CSV0000000000003410.csv
CAN_CSV0000000000003463.csv,CAN_CSV0000000000021930.csv
CAN_CSV0000000000003463.csv,CAN_CSV0000000000016749.csv
CAN_CSV0000000000003463.csv,CAN_CSV0000000000007906.csv
CAN_CSV0000000000003463.csv,CAN_CSV0000000000024221.csv
CAN_CSV0000000000003463.csv,CAN_CSV0000000000017078.csv
CAN_CSV0000000000003463.csv,CAN_CSV0000000000021111.csv
CAN_CSV0000000000003463.csv,CAN_CSV0000000000022435.csv
CAN_CSV0000000000003463.csv,CAN_CSV0000000000023461.csv
CAN_CSV0000000000003463.csv,CAN_CSV0000000000008520.csv
CAN_CSV0000000000001423.csv,CAN_CSV0000000000001431.csv
CAN_CSV0000000000001423.csv,CAN_CSV0000000000001433.csv
CAN_CSV0000000000001423.csv,CAN_CSV0000000000007508.csv
CAN_CSV0000000000001423.csv,CAN_CSV0000000000007520.csv
CAN_CSV0000000000001423.csv,CAN_CSV0000000000001424.csv
CAN_CSV0000000000001423.csv,CAN_CSV0000000000007501.csv
CAN_CSV0000000000001423.csv,CAN_CSV0000000000001434.csv
CAN_CSV0000000000001423.csv,CAN_CSV0000000000007510.csv
CAN_CSV0000000000001423.csv,CAN_CSV0000000000001438.csv
CAN_CSV0000000000001423.csv,CAN_CSV0000000000007509.csv
CAN_CSV0000000000001423.csv,CAN_CSV0000000000001435.csv
CAN_CSV0000000000001423.csv,CAN_CSV0000000000001429.csv
CAN_CSV0000000000001423.csv,CAN_CSV0000000000007499.csv
CAN_CSV0000000000001423.csv,CAN_CSV0000000000007505.csv
CAN_CSV0000000000001423.csv,CAN_CSV0000000000007507.csv
CAN_CSV0000000000001423.csv,CAN_CSV0000000000007511.csv
CAN_CSV0000000000001423.csv,CAN_CSV0000000000007512.csv
CAN_CSV0000000000001423.csv,CAN_CSV0000000000001432.csv
CAN_CSV0000000000001423.csv,CAN_CSV0000000000001430.csv
CAN_CSV0000000000001423.csv,CAN_CSV0000000000007506.csv
CAN_CSV0000000000016419.csv,CAN_CSV0000000000010124.csv
CAN_CSV0000000000016419.csv,CAN_CSV0000000000024354.csv
CAN_CSV0000000000016419.csv,CAN_CSV0000000000015002.csv
CAN_CSV0000000000016419.csv,CAN_CSV0000000000017129.csv
CAN_CSV0000000000016419.csv,CAN_CSV0000000000011643.csv
CAN_CSV0000000000016419.csv,CAN_CSV0000000000009375.csv
CAN_CSV0000000000016419.csv,CAN_CSV0000000000009119.csv
CAN_CSV0000000000016419.csv,CAN_CSV0000000000015330.csv
CAN_CSV0000000000016419.csv,CAN_CSV0000000000012299.csv
CAN_CSV0000000000016419.csv,CAN_CSV0000000000026045.csv
CAN_CSV0000000000016419.csv,CAN_CSV0000000000026925.csv
CAN_CSV0000000000016419.csv,CAN_CSV0000000000007607.csv
CAN_CSV0000000000016419.csv,CAN_CSV0000000000003274.csv
CAN_CSV0000000000016419.csv,CAN_CSV0000000000009663.csv
CAN_CSV0000000000016419.csv,CAN_CSV0000000000011432.csv
CAN_CSV0000000000016419.csv,CAN_CSV0000000000026372.csv
CAN_CSV0000000000016419.csv,CAN_CSV0000000000022990.csv
CAN_CSV0000000000016419.csv,CAN_CSV0000000000008615.csv
CAN_CSV0000000000016419.csv,CAN_CSV0000000000021735.csv
CAN_CSV0000000000016419.csv,CAN_CSV0000000000009986.csv
CAN_CSV0000000000016419.csv,CAN_CSV0000000000003071.csv
CAN_CSV0000000000016419.csv,CAN_CSV0000000000025790.csv
CAN_CSV0000000000016419.csv,CAN_CSV0000000000009470.csv
CAN_CSV0000000000016419.csv,CAN_CSV0000000000025606.csv
CAN_CSV0000000000016419.csv,CAN_CSV0000000000017572.csv
CAN_CSV0000000000016419.csv,CAN_CSV0000000000019300.csv
CAN_CSV0000000000016419.csv,CAN_CSV0000000000009113.csv
CAN_CSV0000000000016419.csv,CAN_CSV0000000000015163.csv
CAN_CSV0000000000016419.csv,CAN_CSV0000000000017552.csv
CAN_CSV0000000000016419.csv,CAN_CSV0000000000023751.csv
CAN_CSV0000000000016419.csv,CAN_CSV0000000000020098.csv
CAN_CSV0000000000005768.csv,CAN_CSV0000000000001025.csv
CAN_CSV0000000000005768.csv,CAN_CSV0000000000013009.csv
CAN_CSV0000000000005768.csv,CAN_CSV0000000000001114.csv
CAN_CSV0000000000005768.csv,CAN_CSV0000000000015768.csv
CAN_CSV0000000000005768.csv,CAN_CSV0000000000000761.csv
CAN_CSV0000000000005768.csv,CAN_CSV0000000000013123.csv
CAN_CSV0000000000005768.csv,CAN_CSV0000000000027308.csv
CAN_CSV0000000000005768.csv,CAN_CSV0000000000012842.csv
CAN_CSV0000000000005768.csv,CAN_CSV0000000000013763.csv
CAN_CSV0000000000005768.csv,CAN_CSV0000000000001229.csv
CAN_CSV0000000000005768.csv,CAN_CSV0000000000000828.csv
CAN_CSV0000000000005768.csv,CAN_CSV0000000000000676.csv
CAN_CSV0000000000005768.csv,CAN_CSV0000000000012889.csv
CAN_CSV0000000000005768.csv,CAN_CSV0000000000000984.csv
CAN_CSV0000000000005768.csv,CAN_CSV0000000000001071.csv
CAN_CSV0000000000005768.csv,CAN_CSV0000000000000660.csv
CAN_CSV0000000000005768.csv,CAN_CSV0000000000000818.csv
CAN_CSV0000000000005768.csv,CAN_CSV0000000000000827.csv
CAN_CSV0000000000005768.csv,CAN_CSV0000000000005812.csv
CAN_CSV0000000000005768.csv,CAN_CSV0000000000005766.csv
CAN_CSV0000000000005768.csv,CAN_CSV0000000000005816.csv
CAN_CSV0000000000005768.csv,CAN_CSV0000000000005817.csv
CAN_CSV0000000000005768.csv,CAN_CSV0000000000007060.csv
CAN_CSV0000000000005768.csv,CAN_CSV0000000000000824.csv
CAN_CSV0000000000005768.csv,CAN_CSV0000000000000830.csv
CAN_CSV0000000000005768.csv,CAN_CSV0000000000005770.csv
CAN_CSV0000000000005768.csv,CAN_CSV0000000000005743.csv
CAN_CSV0000000000005768.csv,CAN_CSV0000000000000822.csv
CAN_CSV0000000000005768.csv,CAN_CSV0000000000005759.csv
CAN_CSV0000000000005070.csv,CAN_CSV0000000000001025.csv
CAN_CSV0000000000005070.csv,CAN_CSV0000000000013009.csv
CAN_CSV0000000000005070.csv,CAN_CSV0000000000001114.csv
CAN_CSV0000000000005070.csv,CAN_CSV0000000000015768.csv
CAN_CSV0000000000005070.csv,CAN_CSV0000000000000761.csv
CAN_CSV0000000000005070.csv,CAN_CSV0000000000013123.csv
CAN_CSV0000000000005070.csv,CAN_CSV0000000000027308.csv
CAN_CSV0000000000005070.csv,CAN_CSV0000000000012842.csv
CAN_CSV0000000000005070.csv,CAN_CSV0000000000013763.csv
CAN_CSV0000000000005070.csv,CAN_CSV0000000000001229.csv
CAN_CSV0000000000005070.csv,CAN_CSV0000000000000828.csv
CAN_CSV0000000000005070.csv,CAN_CSV0000000000000676.csv
CAN_CSV0000000000005070.csv,CAN_CSV0000000000012889.csv
CAN_CSV0000000000005070.csv,CAN_CSV0000000000000984.csv
CAN_CSV0000000000005070.csv,CAN_CSV0000000000001071.csv
CAN_CSV0000000000005070.csv,CAN_CSV0000000000000660.csv
CAN_CSV0000000000005070.csv,CAN_CSV0000000000013712.csv
CAN_CSV0000000000001465.csv,CAN_CSV0000000000027041.csv
CAN_CSV0000000000001465.csv,CAN_CSV0000000000010904.csv
CAN_CSV0000000000001465.csv,CAN_CSV0000000000015841.csv
CAN_CSV0000000000001465.csv,CAN_CSV0000000000009889.csv
CAN_CSV0000000000001465.csv,CAN_CSV0000000000018335.csv
CAN_CSV0000000000001465.csv,CAN_CSV0000000000009604.csv
CAN_CSV0000000000001465.csv,CAN_CSV0000000000001463.csv
CAN_CSV0000000000001465.csv,CAN_CSV0000000000002067.csv
CAN_CSV0000000000001465.csv,CAN_CSV0000000000021863.csv
CAN_CSV0000000000001465.csv,CAN_CSV0000000000001475.csv
CAN_CSV0000000000001465.csv,CAN_CSV0000000000024128.csv
CAN_CSV0000000000001465.csv,CAN_CSV0000000000001985.csv
CAN_CSV0000000000001465.csv,CAN_CSV0000000000002112.csv
CAN_CSV0000000000001465.csv,CAN_CSV0000000000025656.csv
CAN_CSV0000000000001465.csv,CAN_CSV0000000000001928.csv
CAN_CSV0000000000001465.csv,CAN_CSV0000000000024799.csv
CAN_CSV0000000000001465.csv,CAN_CSV0000000000011050.csv
CAN_CSV0000000000001465.csv,CAN_CSV0000000000010516.csv
CAN_CSV0000000000001465.csv,CAN_CSV0000000000024802.csv
CAN_CSV0000000000001465.csv,CAN_CSV0000000000024796.csv
CAN_CSV0000000000001465.csv,CAN_CSV0000000000024790.csv
CAN_CSV0000000000001465.csv,CAN_CSV0000000000001811.csv
CAN_CSV0000000000001465.csv,CAN_CSV0000000000007251.csv
CAN_CSV0000000000001465.csv,CAN_CSV0000000000001904.csv
CAN_CSV0000000000001465.csv,CAN_CSV0000000000001731.csv
CAN_CSV0000000000001465.csv,CAN_CSV0000000000001341.csv
CAN_CSV0000000000012108.csv,CAN_CSV0000000000003356.csv
CAN_CSV0000000000012108.csv,CAN_CSV0000000000020036.csv
CAN_CSV0000000000012108.csv,CAN_CSV0000000000023602.csv
CAN_CSV0000000000012108.csv,CAN_CSV0000000000016370.csv
CAN_CSV0000000000012108.csv,CAN_CSV0000000000008699.csv
CAN_CSV0000000000012108.csv,CAN_CSV0000000000021927.csv
CAN_CSV0000000000012108.csv,CAN_CSV0000000000010499.csv
CAN_CSV0000000000012108.csv,CAN_CSV0000000000022798.csv
CAN_CSV0000000000012108.csv,CAN_CSV0000000000001895.csv
CAN_CSV0000000000012108.csv,CAN_CSV0000000000016296.csv
CAN_CSV0000000000012108.csv,CAN_CSV0000000000026441.csv
CAN_CSV0000000000012108.csv,CAN_CSV0000000000007299.csv
CAN_CSV0000000000012108.csv,CAN_CSV0000000000010464.csv
CAN_CSV0000000000012108.csv,CAN_CSV0000000000001900.csv
CAN_CSV0000000000012108.csv,CAN_CSV0000000000003100.csv
CAN_CSV0000000000012108.csv,CAN_CSV0000000000015899.csv
CAN_CSV0000000000005741.csv,CAN_CSV0000000000001025.csv
CAN_CSV0000000000005741.csv,CAN_CSV0000000000013009.csv
CAN_CSV0000000000005741.csv,CAN_CSV0000000000001114.csv
CAN_CSV0000000000005741.csv,CAN_CSV0000000000015768.csv
CAN_CSV0000000000005741.csv,CAN_CSV0000000000000761.csv
CAN_CSV0000000000005741.csv,CAN_CSV0000000000013123.csv
CAN_CSV0000000000005741.csv,CAN_CSV0000000000027308.csv
CAN_CSV0000000000005741.csv,CAN_CSV0000000000012842.csv
CAN_CSV0000000000005741.csv,CAN_CSV0000000000013763.csv
CAN_CSV0000000000005741.csv,CAN_CSV0000000000001229.csv
CAN_CSV0000000000005741.csv,CAN_CSV0000000000000828.csv
CAN_CSV0000000000005741.csv,CAN_CSV0000000000000676.csv
CAN_CSV0000000000005741.csv,CAN_CSV0000000000012889.csv
CAN_CSV0000000000005741.csv,CAN_CSV0000000000000984.csv
CAN_CSV0000000000005741.csv,CAN_CSV0000000000001071.csv
CAN_CSV0000000000005741.csv,CAN_CSV0000000000000660.csv
CAN_CSV0000000000005741.csv,CAN_CSV0000000000013712.csv
CAN_CSV0000000000005741.csv,CAN_CSV0000000000000857.csv
CAN_CSV0000000000005741.csv,CAN_CSV0000000000000701.csv
CAN_CSV0000000000005741.csv,CAN_CSV0000000000000845.csv
CAN_CSV0000000000005741.csv,CAN_CSV0000000000027054.csv
CAN_CSV0000000000005741.csv,CAN_CSV0000000000000818.csv
CAN_CSV0000000000005741.csv,CAN_CSV0000000000000827.csv
CAN_CSV0000000000005741.csv,CAN_CSV0000000000005812.csv
CAN_CSV0000000000005741.csv,CAN_CSV0000000000005766.csv
CAN_CSV0000000000005741.csv,CAN_CSV0000000000005816.csv
CAN_CSV0000000000005741.csv,CAN_CSV0000000000005817.csv
CAN_CSV0000000000005741.csv,CAN_CSV0000000000007060.csv
CAN_CSV0000000000005741.csv,CAN_CSV0000000000000824.csv
CAN_CSV0000000000005741.csv,CAN_CSV0000000000000830.csv
CAN_CSV0000000000005741.csv,CAN_CSV0000000000005770.csv
CAN_CSV0000000000005741.csv,CAN_CSV0000000000005743.csv
CAN_CSV0000000000005741.csv,CAN_CSV0000000000000822.csv
CAN_CSV0000000000005741.csv,CAN_CSV0000000000005759.csv
CAN_CSV0000000000005741.csv,CAN_CSV0000000000000819.csv
CAN_CSV0000000000005741.csv,CAN_CSV0000000000000871.csv
CAN_CSV0000000000005741.csv,CAN_CSV0000000000005745.csv
CAN_CSV0000000000002131.csv,CAN_CSV0000000000027041.csv
CAN_CSV0000000000002131.csv,CAN_CSV0000000000010904.csv
CAN_CSV0000000000002131.csv,CAN_CSV0000000000015841.csv
CAN_CSV0000000000002131.csv,CAN_CSV0000000000009889.csv
CAN_CSV0000000000002131.csv,CAN_CSV0000000000018335.csv
CAN_CSV0000000000002131.csv,CAN_CSV0000000000009604.csv
CAN_CSV0000000000002131.csv,CAN_CSV0000000000001465.csv
CAN_CSV0000000000002131.csv,CAN_CSV0000000000001463.csv
CAN_CSV0000000000002131.csv,CAN_CSV0000000000002067.csv
CAN_CSV0000000000002131.csv,CAN_CSV0000000000021863.csv
CAN_CSV0000000000002131.csv,CAN_CSV0000000000001475.csv
CAN_CSV0000000000002131.csv,CAN_CSV0000000000024128.csv
CAN_CSV0000000000002131.csv,CAN_CSV0000000000001985.csv
CAN_CSV0000000000002131.csv,CAN_CSV0000000000002112.csv
CAN_CSV0000000000002131.csv,CAN_CSV0000000000025656.csv
CAN_CSV0000000000002131.csv,CAN_CSV0000000000001928.csv
CAN_CSV0000000000002131.csv,CAN_CSV0000000000024799.csv
CAN_CSV0000000000002131.csv,CAN_CSV0000000000002034.csv
CAN_CSV0000000000002131.csv,CAN_CSV0000000000002036.csv
CAN_CSV0000000000002131.csv,CAN_CSV0000000000002040.csv
CAN_CSV0000000000002131.csv,CAN_CSV0000000000009940.csv
CAN_CSV0000000000002131.csv,CAN_CSV0000000000001448.csv
CAN_CSV0000000000002131.csv,CAN_CSV0000000000002039.csv
CAN_CSV0000000000002131.csv,CAN_CSV0000000000002035.csv
CAN_CSV0000000000002131.csv,CAN_CSV0000000000001908.csv
CAN_CSV0000000000002131.csv,CAN_CSV0000000000001770.csv
CAN_CSV0000000000002131.csv,CAN_CSV0000000000001956.csv
CAN_CSV0000000000002131.csv,CAN_CSV0000000000027410.csv
CAN_CSV0000000000002131.csv,CAN_CSV0000000000001477.csv
CAN_CSV0000000000002131.csv,CAN_CSV0000000000024802.csv
CAN_CSV0000000000002131.csv,CAN_CSV0000000000024796.csv
CAN_CSV0000000000002131.csv,CAN_CSV0000000000024790.csv
CAN_CSV0000000000002131.csv,CAN_CSV0000000000007769.csv
CAN_CSV0000000000002131.csv,CAN_CSV0000000000024795.csv
CAN_CSV0000000000002131.csv,CAN_CSV0000000000024798.csv
CAN_CSV0000000000002131.csv,CAN_CSV0000000000008555.csv
CAN_CSV0000000000002131.csv,CAN_CSV0000000000024794.csv
CAN_CSV0000000000002131.csv,CAN_CSV0000000000011949.csv
CAN_CSV0000000000004753.csv,CAN_CSV0000000000001025.csv
CAN_CSV0000000000004753.csv,CAN_CSV0000000000013009.csv
CAN_CSV0000000000004753.csv,CAN_CSV0000000000001114.csv
CAN_CSV0000000000004753.csv,CAN_CSV0000000000015768.csv
CAN_CSV0000000000004753.csv,CAN_CSV0000000000000761.csv
CAN_CSV0000000000004753.csv,CAN_CSV0000000000013123.csv
CAN_CSV0000000000004753.csv,CAN_CSV0000000000027308.csv
CAN_CSV0000000000004753.csv,CAN_CSV0000000000012842.csv
CAN_CSV0000000000004753.csv,CAN_CSV0000000000013763.csv
CAN_CSV0000000000004753.csv,CAN_CSV0000000000001229.csv
CAN_CSV0000000000004753.csv,CAN_CSV0000000000000828.csv
CAN_CSV0000000000004753.csv,CAN_CSV0000000000005245.csv
CAN_CSV0000000000004753.csv,CAN_CSV0000000000027250.csv
CAN_CSV0000000000004753.csv,CAN_CSV0000000000000608.csv
CAN_CSV0000000000004753.csv,CAN_CSV0000000000000577.csv
CAN_CSV0000000000004753.csv,CAN_CSV0000000000000662.csv
CAN_CSV0000000000004753.csv,CAN_CSV0000000000005103.csv
CAN_CSV0000000000004753.csv,CAN_CSV0000000000000562.csv
CAN_CSV0000000000004753.csv,CAN_CSV0000000000005256.csv
CAN_CSV0000000000004753.csv,CAN_CSV0000000000000660.csv
CAN_CSV0000000000004753.csv,CAN_CSV0000000000005138.csv
CAN_CSV0000000000004753.csv,CAN_CSV0000000000001181.csv
CAN_CSV0000000000004753.csv,CAN_CSV0000000000005117.csv
CAN_CSV0000000000004753.csv,CAN_CSV0000000000027172.csv
CAN_CSV0000000000004753.csv,CAN_CSV0000000000027229.csv
CAN_CSV0000000000004753.csv,CAN_CSV0000000000005102.csv
CAN_CSV0000000000004753.csv,CAN_CSV0000000000004749.csv
CAN_CSV0000000000004753.csv,CAN_CSV0000000000001180.csv
CAN_CSV0000000000004753.csv,CAN_CSV0000000000000676.csv
CAN_CSV0000000000004753.csv,CAN_CSV0000000000012889.csv
CAN_CSV0000000000004753.csv,CAN_CSV0000000000000984.csv
CAN_CSV0000000000004753.csv,CAN_CSV0000000000001071.csv
CAN_CSV0000000000004753.csv,CAN_CSV0000000000013712.csv
CAN_CSV0000000000004753.csv,CAN_CSV0000000000000857.csv
CAN_CSV0000000000004753.csv,CAN_CSV0000000000000701.csv
CAN_CSV0000000000023229.csv,CAN_CSV0000000000010124.csv
CAN_CSV0000000000023229.csv,CAN_CSV0000000000024354.csv
CAN_CSV0000000000023229.csv,CAN_CSV0000000000015002.csv
CAN_CSV0000000000023229.csv,CAN_CSV0000000000017129.csv
CAN_CSV0000000000023229.csv,CAN_CSV0000000000016419.csv
CAN_CSV0000000000023229.csv,CAN_CSV0000000000011643.csv
CAN_CSV0000000000023229.csv,CAN_CSV0000000000009375.csv
CAN_CSV0000000000023229.csv,CAN_CSV0000000000009119.csv
CAN_CSV0000000000023229.csv,CAN_CSV0000000000015330.csv
CAN_CSV0000000000023229.csv,CAN_CSV0000000000012299.csv
CAN_CSV0000000000023229.csv,CAN_CSV0000000000026045.csv
CAN_CSV0000000000023229.csv,CAN_CSV0000000000026925.csv
CAN_CSV0000000000023229.csv,CAN_CSV0000000000020848.csv
CAN_CSV0000000000023229.csv,CAN_CSV0000000000007607.csv
CAN_CSV0000000000023229.csv,CAN_CSV0000000000009663.csv
CAN_CSV0000000000023229.csv,CAN_CSV0000000000022990.csv
CAN_CSV0000000000023229.csv,CAN_CSV0000000000008615.csv
CAN_CSV0000000000023229.csv,CAN_CSV0000000000021735.csv
CAN_CSV0000000000023229.csv,CAN_CSV0000000000020310.csv
CAN_CSV0000000000023229.csv,CAN_CSV0000000000010078.csv
CAN_CSV0000000000023229.csv,CAN_CSV0000000000010497.csv
CAN_CSV0000000000023229.csv,CAN_CSV0000000000025301.csv
CAN_CSV0000000000023229.csv,CAN_CSV0000000000001876.csv
CAN_CSV0000000000023229.csv,CAN_CSV0000000000015315.csv
CAN_CSV0000000000023229.csv,CAN_CSV0000000000003274.csv
CAN_CSV0000000000023229.csv,CAN_CSV0000000000011432.csv
CAN_CSV0000000000023229.csv,CAN_CSV0000000000016529.csv
CAN_CSV0000000000023229.csv,CAN_CSV0000000000017148.csv
CAN_CSV0000000000023229.csv,CAN_CSV0000000000008603.csv
CAN_CSV0000000000023229.csv,CAN_CSV0000000000017417.csv
CAN_CSV0000000000023229.csv,CAN_CSV0000000000020031.csv
CAN_CSV0000000000023229.csv,CAN_CSV0000000000023562.csv
CAN_CSV0000000000023229.csv,CAN_CSV0000000000009986.csv
CAN_CSV0000000000023229.csv,CAN_CSV0000000000003071.csv
CAN_CSV0000000000023229.csv,CAN_CSV0000000000009113.csv
CAN_CSV0000000000023229.csv,CAN_CSV0000000000025790.csv
CAN_CSV0000000000023229.csv,CAN_CSV0000000000017604.csv
CAN_CSV0000000000023229.csv,CAN_CSV0000000000007855.csv
CAN_CSV0000000000023229.csv,CAN_CSV0000000000009497.csv
CAN_CSV0000000000013397.csv,CAN_CSV0000000000001025.csv
CAN_CSV0000000000013397.csv,CAN_CSV0000000000013009.csv
CAN_CSV0000000000013397.csv,CAN_CSV0000000000001114.csv
CAN_CSV0000000000013397.csv,CAN_CSV0000000000015768.csv
CAN_CSV0000000000013397.csv,CAN_CSV0000000000000761.csv
CAN_CSV0000000000013397.csv,CAN_CSV0000000000013123.csv
CAN_CSV0000000000013397.csv,CAN_CSV0000000000027308.csv
CAN_CSV0000000000013397.csv,CAN_CSV0000000000012842.csv
CAN_CSV0000000000013397.csv,CAN_CSV0000000000013763.csv
CAN_CSV0000000000013397.csv,CAN_CSV0000000000001229.csv
CAN_CSV0000000000013397.csv,CAN_CSV0000000000000828.csv
CAN_CSV0000000000013397.csv,CAN_CSV0000000000000676.csv
CAN_CSV0000000000013397.csv,CAN_CSV0000000000012889.csv
CAN_CSV0000000000013397.csv,CAN_CSV0000000000000984.csv
CAN_CSV0000000000000474.csv,CAN_CSV0000000000001025.csv
CAN_CSV0000000000000474.csv,CAN_CSV0000000000013009.csv
CAN_CSV0000000000000474.csv,CAN_CSV0000000000001114.csv
CAN_CSV0000000000000474.csv,CAN_CSV0000000000015768.csv
CAN_CSV0000000000000474.csv,CAN_CSV0000000000000761.csv
CAN_CSV0000000000000474.csv,CAN_CSV0000000000013123.csv
CAN_CSV0000000000000474.csv,CAN_CSV0000000000027308.csv
CAN_CSV0000000000000474.csv,CAN_CSV0000000000012842.csv
CAN_CSV0000000000000474.csv,CAN_CSV0000000000013763.csv
CAN_CSV0000000000000474.csv,CAN_CSV0000000000001229.csv
CAN_CSV0000000000000474.csv,CAN_CSV0000000000000828.csv
CAN_CSV0000000000000474.csv,CAN_CSV0000000000000676.csv
CAN_CSV0000000000000474.csv,CAN_CSV0000000000012889.csv
CAN_CSV0000000000000474.csv,CAN_CSV0000000000000984.csv
CAN_CSV0000000000000474.csv,CAN_CSV0000000000015731.csv
CAN_CSV0000000000000474.csv,CAN_CSV0000000000005245.csv
CAN_CSV0000000000000474.csv,CAN_CSV0000000000015703.csv
CAN_CSV0000000000000474.csv,CAN_CSV0000000000014313.csv
CAN_CSV0000000000000474.csv,CAN_CSV0000000000013368.csv
CAN_CSV0000000000000474.csv,CAN_CSV0000000000005882.csv
CAN_CSV0000000000000474.csv,CAN_CSV0000000000001181.csv
CAN_CSV0000000000000474.csv,CAN_CSV0000000000014060.csv
CAN_CSV0000000000000474.csv,CAN_CSV0000000000002297.csv
CAN_CSV0000000000000474.csv,CAN_CSV0000000000000845.csv
CAN_CSV0000000000000474.csv,CAN_CSV0000000000001180.csv
CAN_CSV0000000000000474.csv,CAN_CSV0000000000015712.csv
CAN_CSV0000000000000474.csv,CAN_CSV0000000000014462.csv
CAN_CSV0000000000000474.csv,CAN_CSV0000000000000736.csv
CAN_CSV0000000000017519.csv,CAN_CSV0000000000020162.csv
CAN_CSV0000000000017519.csv,CAN_CSV0000000000024255.csv
CAN_CSV0000000000017519.csv,CAN_CSV0000000000026153.csv
CAN_CSV0000000000017519.csv,CAN_CSV0000000000008817.csv
CAN_CSV0000000000017519.csv,CAN_CSV0000000000011164.csv
CAN_CSV0000000000017519.csv,CAN_CSV0000000000007604.csv
CAN_CSV0000000000012002.csv,CAN_CSV0000000000023380.csv
CAN_CSV0000000000012002.csv,CAN_CSV0000000000003760.csv
CAN_CSV0000000000012002.csv,CAN_CSV0000000000016880.csv
CAN_CSV0000000000012002.csv,CAN_CSV0000000000018044.csv
CAN_CSV0000000000012002.csv,CAN_CSV0000000000025303.csv
CAN_CSV0000000000012002.csv,CAN_CSV0000000000004355.csv
CAN_CSV0000000000012002.csv,CAN_CSV0000000000018617.csv
CAN_CSV0000000000012002.csv,CAN_CSV0000000000018393.csv
CAN_CSV0000000000012002.csv,CAN_CSV0000000000021269.csv
CAN_CSV0000000000012002.csv,CAN_CSV0000000000002739.csv
CAN_CSV0000000000012002.csv,CAN_CSV0000000000021277.csv
CAN_CSV0000000000012002.csv,CAN_CSV0000000000004354.csv
CAN_CSV0000000000012002.csv,CAN_CSV0000000000023312.csv
CAN_CSV0000000000012002.csv,CAN_CSV0000000000021273.csv
CAN_CSV0000000000012002.csv,CAN_CSV0000000000020732.csv
CAN_CSV0000000000012002.csv,CAN_CSV0000000000021238.csv
CAN_CSV0000000000012002.csv,CAN_CSV0000000000004356.csv
CAN_CSV0000000000012002.csv,CAN_CSV0000000000015880.csv
CAN_CSV0000000000003274.csv,CAN_CSV0000000000010124.csv
CAN_CSV0000000000003274.csv,CAN_CSV0000000000024354.csv
CAN_CSV0000000000003274.csv,CAN_CSV0000000000015002.csv
CAN_CSV0000000000003274.csv,CAN_CSV0000000000017129.csv
CAN_CSV0000000000003274.csv,CAN_CSV0000000000016419.csv
CAN_CSV0000000000003274.csv,CAN_CSV0000000000011643.csv
CAN_CSV0000000000003274.csv,CAN_CSV0000000000009375.csv
CAN_CSV0000000000003274.csv,CAN_CSV0000000000009119.csv
CAN_CSV0000000000003274.csv,CAN_CSV0000000000015330.csv
CAN_CSV0000000000003274.csv,CAN_CSV0000000000012299.csv
CAN_CSV0000000000003274.csv,CAN_CSV0000000000026045.csv
CAN_CSV0000000000003274.csv,CAN_CSV0000000000026925.csv
CAN_CSV0000000000003274.csv,CAN_CSV0000000000009113.csv
CAN_CSV0000000000003274.csv,CAN_CSV0000000000025790.csv
CAN_CSV0000000000003274.csv,CAN_CSV0000000000017604.csv
CAN_CSV0000000000003274.csv,CAN_CSV0000000000020848.csv
CAN_CSV0000000000003274.csv,CAN_CSV0000000000007607.csv
CAN_CSV0000000000003274.csv,CAN_CSV0000000000009663.csv
CAN_CSV0000000000003274.csv,CAN_CSV0000000000011432.csv
CAN_CSV0000000000000831.csv,CAN_CSV0000000000001025.csv
CAN_CSV0000000000000831.csv,CAN_CSV0000000000013009.csv
CAN_CSV0000000000000831.csv,CAN_CSV0000000000001114.csv
CAN_CSV0000000000000831.csv,CAN_CSV0000000000015768.csv
CAN_CSV0000000000000831.csv,CAN_CSV0000000000000761.csv
CAN_CSV0000000000000831.csv,CAN_CSV0000000000013123.csv
CAN_CSV0000000000000831.csv,CAN_CSV0000000000027308.csv
CAN_CSV0000000000000831.csv,CAN_CSV0000000000012842.csv
CAN_CSV0000000000000831.csv,CAN_CSV0000000000013763.csv
CAN_CSV0000000000000831.csv,CAN_CSV0000000000001229.csv
CAN_CSV0000000000000831.csv,CAN_CSV0000000000000828.csv
CAN_CSV0000000000000831.csv,CAN_CSV0000000000000676.csv
CAN_CSV0000000000000831.csv,CAN_CSV0000000000012889.csv
CAN_CSV0000000000000831.csv,CAN_CSV0000000000000984.csv
CAN_CSV0000000000000831.csv,CAN_CSV0000000000001071.csv
CAN_CSV0000000000000831.csv,CAN_CSV0000000000000660.csv
CAN_CSV0000000000000831.csv,CAN_CSV0000000000013712.csv
CAN_CSV0000000000000831.csv,CAN_CSV0000000000000818.csv
CAN_CSV0000000000000831.csv,CAN_CSV0000000000000827.csv
CAN_CSV0000000000000831.csv,CAN_CSV0000000000005812.csv
CAN_CSV0000000000000831.csv,CAN_CSV0000000000005766.csv
CAN_CSV0000000000000831.csv,CAN_CSV0000000000005816.csv
CAN_CSV0000000000000831.csv,CAN_CSV0000000000005817.csv
CAN_CSV0000000000000831.csv,CAN_CSV0000000000007060.csv
CAN_CSV0000000000000831.csv,CAN_CSV0000000000000824.csv
CAN_CSV0000000000000831.csv,CAN_CSV0000000000005770.csv
CAN_CSV0000000000000831.csv,CAN_CSV0000000000005743.csv
CAN_CSV0000000000004959.csv,CAN_CSV0000000000004971.csv
CAN_CSV0000000000004959.csv,CAN_CSV0000000000004973.csv
CAN_CSV0000000000004959.csv,CAN_CSV0000000000004974.csv
CAN_CSV0000000000004959.csv,CAN_CSV0000000000004967.csv
CAN_CSV0000000000004959.csv,CAN_CSV0000000000004972.csv
CAN_CSV0000000000004959.csv,CAN_CSV0000000000000736.csv
CAN_CSV0000000000004959.csv,CAN_CSV0000000000004975.csv
CAN_CSV0000000000001435.csv,CAN_CSV0000000000001431.csv
CAN_CSV0000000000001435.csv,CAN_CSV0000000000001433.csv
CAN_CSV0000000000001435.csv,CAN_CSV0000000000007508.csv
CAN_CSV0000000000001435.csv,CAN_CSV0000000000001423.csv
CAN_CSV0000000000001435.csv,CAN_CSV0000000000007520.csv
CAN_CSV0000000000001435.csv,CAN_CSV0000000000001424.csv
CAN_CSV0000000000001435.csv,CAN_CSV0000000000007501.csv
CAN_CSV0000000000001435.csv,CAN_CSV0000000000001434.csv
CAN_CSV0000000000001435.csv,CAN_CSV0000000000007510.csv
CAN_CSV0000000000001435.csv,CAN_CSV0000000000001438.csv
CAN_CSV0000000000001435.csv,CAN_CSV0000000000007509.csv
CAN_CSV0000000000009663.csv,CAN_CSV0000000000010124.csv
CAN_CSV0000000000009663.csv,CAN_CSV0000000000024354.csv
CAN_CSV0000000000009663.csv,CAN_CSV0000000000015002.csv
CAN_CSV0000000000009663.csv,CAN_CSV0000000000017129.csv
CAN_CSV0000000000009663.csv,CAN_CSV0000000000016419.csv
CAN_CSV0000000000009663.csv,CAN_CSV0000000000011643.csv
CAN_CSV0000000000009663.csv,CAN_CSV0000000000009375.csv
CAN_CSV0000000000009663.csv,CAN_CSV0000000000009119.csv
CAN_CSV0000000000009663.csv,CAN_CSV0000000000015330.csv
CAN_CSV0000000000009663.csv,CAN_CSV0000000000012299.csv
CAN_CSV0000000000009663.csv,CAN_CSV0000000000026045.csv
CAN_CSV0000000000009663.csv,CAN_CSV0000000000026925.csv
CAN_CSV0000000000009663.csv,CAN_CSV0000000000020848.csv
CAN_CSV0000000000009663.csv,CAN_CSV0000000000007607.csv
CAN_CSV0000000000009663.csv,CAN_CSV0000000000003274.csv
CAN_CSV0000000000009663.csv,CAN_CSV0000000000011432.csv
CAN_CSV0000000000009663.csv,CAN_CSV0000000000022990.csv
CAN_CSV0000000000009663.csv,CAN_CSV0000000000008615.csv
CAN_CSV0000000000009663.csv,CAN_CSV0000000000021735.csv
CAN_CSV0000000000009663.csv,CAN_CSV0000000000009470.csv
CAN_CSV0000000000009663.csv,CAN_CSV0000000000020310.csv
CAN_CSV0000000000009663.csv,CAN_CSV0000000000010078.csv
CAN_CSV0000000000009663.csv,CAN_CSV0000000000023229.csv
CAN_CSV0000000000009663.csv,CAN_CSV0000000000010497.csv
CAN_CSV0000000000009663.csv,CAN_CSV0000000000025301.csv
CAN_CSV0000000000009663.csv,CAN_CSV0000000000001876.csv
CAN_CSV0000000000009663.csv,CAN_CSV0000000000015315.csv
CAN_CSV0000000000009663.csv,CAN_CSV0000000000016529.csv
CAN_CSV0000000000009663.csv,CAN_CSV0000000000017148.csv
CAN_CSV0000000000009663.csv,CAN_CSV0000000000008603.csv
CAN_CSV0000000000009663.csv,CAN_CSV0000000000017417.csv
CAN_CSV0000000000009663.csv,CAN_CSV0000000000020031.csv
CAN_CSV0000000000009663.csv,CAN_CSV0000000000023562.csv
CAN_CSV0000000000009663.csv,CAN_CSV0000000000009986.csv
CAN_CSV0000000000009663.csv,CAN_CSV0000000000009113.csv
CAN_CSV0000000000009663.csv,CAN_CSV0000000000025790.csv
CAN_CSV0000000000025245.csv,CAN_CSV0000000000016788.csv
CAN_CSV0000000000025245.csv,CAN_CSV0000000000009110.csv
CAN_CSV0000000000025245.csv,CAN_CSV0000000000016576.csv
CAN_CSV0000000000025245.csv,CAN_CSV0000000000024150.csv
CAN_CSV0000000000025245.csv,CAN_CSV0000000000022664.csv
CAN_CSV0000000000025245.csv,CAN_CSV0000000000007349.csv
CAN_CSV0000000000025245.csv,CAN_CSV0000000000024893.csv
CAN_CSV0000000000025245.csv,CAN_CSV0000000000015042.csv
CAN_CSV0000000000025245.csv,CAN_CSV0000000000024228.csv
CAN_CSV0000000000025245.csv,CAN_CSV0000000000021365.csv
CAN_CSV0000000000025245.csv,CAN_CSV0000000000014985.csv
CAN_CSV0000000000022699.csv,CAN_CSV0000000000017236.csv
CAN_CSV0000000000022699.csv,CAN_CSV0000000000021195.csv
CAN_CSV0000000000022699.csv,CAN_CSV0000000000019167.csv
CAN_CSV0000000000022699.csv,CAN_CSV0000000000012087.csv
CAN_CSV0000000000022699.csv,CAN_CSV0000000000012197.csv
CAN_CSV0000000000022699.csv,CAN_CSV0000000000022917.csv
CAN_CSV0000000000022699.csv,CAN_CSV0000000000002014.csv
CAN_CSV0000000000022699.csv,CAN_CSV0000000000008359.csv
CAN_CSV0000000000022699.csv,CAN_CSV0000000000002062.csv
CAN_CSV0000000000022699.csv,CAN_CSV0000000000001455.csv
CAN_CSV0000000000022699.csv,CAN_CSV0000000000001454.csv
CAN_CSV0000000000022699.csv,CAN_CSV0000000000001317.csv
CAN_CSV0000000000022699.csv,CAN_CSV0000000000002109.csv
CAN_CSV0000000000022699.csv,CAN_CSV0000000000009606.csv
CAN_CSV0000000000022699.csv,CAN_CSV0000000000001676.csv
CAN_CSV0000000000022699.csv,CAN_CSV0000000000008751.csv
CAN_CSV0000000000022699.csv,CAN_CSV0000000000001457.csv
CAN_CSV0000000000022699.csv,CAN_CSV0000000000011295.csv
CAN_CSV0000000000022699.csv,CAN_CSV0000000000007431.csv
CAN_CSV0000000000005102.csv,CAN_CSV0000000000005245.csv
CAN_CSV0000000000005102.csv,CAN_CSV0000000000027250.csv
CAN_CSV0000000000013953.csv,CAN_CSV0000000000001025.csv
CAN_CSV0000000000013953.csv,CAN_CSV0000000000013009.csv
CAN_CSV0000000000013953.csv,CAN_CSV0000000000001114.csv
CAN_CSV0000000000013953.csv,CAN_CSV0000000000015768.csv
CAN_CSV0000000000013953.csv,CAN_CSV0000000000000761.csv
CAN_CSV0000000000013953.csv,CAN_CSV0000000000013123.csv
CAN_CSV0000000000013953.csv,CAN_CSV0000000000027308.csv
CAN_CSV0000000000013953.csv,CAN_CSV0000000000012842.csv
CAN_CSV0000000000013953.csv,CAN_CSV0000000000013763.csv
CAN_CSV0000000000013953.csv,CAN_CSV0000000000001229.csv
CAN_CSV0000000000013953.csv,CAN_CSV0000000000000828.csv
CAN_CSV0000000000013953.csv,CAN_CSV0000000000000676.csv
CAN_CSV0000000000013953.csv,CAN_CSV0000000000012889.csv
CAN_CSV0000000000013953.csv,CAN_CSV0000000000000984.csv
CAN_CSV0000000000013953.csv,CAN_CSV0000000000001071.csv
CAN_CSV0000000000013953.csv,CAN_CSV0000000000000660.csv
CAN_CSV0000000000013953.csv,CAN_CSV0000000000013712.csv
CAN_CSV0000000000013953.csv,CAN_CSV0000000000000857.csv
CAN_CSV0000000000013953.csv,CAN_CSV0000000000000701.csv
CAN_CSV0000000000013953.csv,CAN_CSV0000000000000845.csv
CAN_CSV0000000000000642.csv,CAN_CSV0000000000001025.csv
CAN_CSV0000000000000642.csv,CAN_CSV0000000000013009.csv
CAN_CSV0000000000000642.csv,CAN_CSV0000000000001114.csv
CAN_CSV0000000000000642.csv,CAN_CSV0000000000015768.csv
CAN_CSV0000000000000642.csv,CAN_CSV0000000000000761.csv
CAN_CSV0000000000000642.csv,CAN_CSV0000000000013123.csv
CAN_CSV0000000000000642.csv,CAN_CSV0000000000027308.csv
CAN_CSV0000000000000642.csv,CAN_CSV0000000000012842.csv
CAN_CSV0000000000000642.csv,CAN_CSV0000000000013763.csv
CAN_CSV0000000000000642.csv,CAN_CSV0000000000001229.csv
CAN_CSV0000000000000642.csv,CAN_CSV0000000000000828.csv
CAN_CSV0000000000000642.csv,CAN_CSV0000000000000676.csv
CAN_CSV0000000000000642.csv,CAN_CSV0000000000012889.csv
CAN_CSV0000000000000642.csv,CAN_CSV0000000000000984.csv
CAN_CSV0000000000000642.csv,CAN_CSV0000000000001071.csv
CAN_CSV0000000000000642.csv,CAN_CSV0000000000000660.csv
CAN_CSV0000000000000642.csv,CAN_CSV0000000000013712.csv
CAN_CSV0000000000000642.csv,CAN_CSV0000000000000857.csv
CAN_CSV0000000000006344.csv,CAN_CSV0000000000001025.csv
CAN_CSV0000000000006344.csv,CAN_CSV0000000000013009.csv
CAN_CSV0000000000006344.csv,CAN_CSV0000000000001114.csv
CAN_CSV0000000000006344.csv,CAN_CSV0000000000015768.csv
CAN_CSV0000000000006344.csv,CAN_CSV0000000000000761.csv
CAN_CSV0000000000006344.csv,CAN_CSV0000000000013123.csv
CAN_CSV0000000000006344.csv,CAN_CSV0000000000027308.csv
CAN_CSV0000000000006344.csv,CAN_CSV0000000000012842.csv
CAN_CSV0000000000006344.csv,CAN_CSV0000000000013763.csv
CAN_CSV0000000000006344.csv,CAN_CSV0000000000001229.csv
CAN_CSV0000000000006344.csv,CAN_CSV0000000000000828.csv
CAN_CSV0000000000006344.csv,CAN_CSV0000000000000676.csv
CAN_CSV0000000000006344.csv,CAN_CSV0000000000012889.csv
CAN_CSV0000000000006344.csv,CAN_CSV0000000000000984.csv
CAN_CSV0000000000006344.csv,CAN_CSV0000000000001071.csv
CAN_CSV0000000000006344.csv,CAN_CSV0000000000000660.csv
CAN_CSV0000000000006344.csv,CAN_CSV0000000000013712.csv
CAN_CSV0000000000006344.csv,CAN_CSV0000000000000857.csv
CAN_CSV0000000000006344.csv,CAN_CSV0000000000000701.csv
CAN_CSV0000000000006344.csv,CAN_CSV0000000000000845.csv
CAN_CSV0000000000024921.csv,CAN_CSV0000000000008166.csv
CAN_CSV0000000000024921.csv,CAN_CSV0000000000025508.csv
CAN_CSV0000000000024921.csv,CAN_CSV0000000000018431.csv
CAN_CSV0000000000024921.csv,CAN_CSV0000000000008255.csv
CAN_CSV0000000000024921.csv,CAN_CSV0000000000008159.csv
CAN_CSV0000000000024921.csv,CAN_CSV0000000000019440.csv
CAN_CSV0000000000024921.csv,CAN_CSV0000000000008271.csv
CAN_CSV0000000000024921.csv,CAN_CSV0000000000008115.csv
CAN_CSV0000000000024921.csv,CAN_CSV0000000000019445.csv
CAN_CSV0000000000024921.csv,CAN_CSV0000000000008160.csv
CAN_CSV0000000000024921.csv,CAN_CSV0000000000001461.csv
CAN_CSV0000000000024921.csv,CAN_CSV0000000000022568.csv
CAN_CSV0000000000024921.csv,CAN_CSV0000000000022571.csv
CAN_CSV0000000000024921.csv,CAN_CSV0000000000001769.csv
CAN_CSV0000000000024921.csv,CAN_CSV0000000000001405.csv
CAN_CSV0000000000024921.csv,CAN_CSV0000000000024908.csv
CAN_CSV0000000000024921.csv,CAN_CSV0000000000001314.csv
CAN_CSV0000000000024921.csv,CAN_CSV0000000000008291.csv
CAN_CSV0000000000024921.csv,CAN_CSV0000000000018307.csv
CAN_CSV0000000000000558.csv,CAN_CSV0000000000001025.csv
CAN_CSV0000000000000558.csv,CAN_CSV0000000000013009.csv
CAN_CSV0000000000000558.csv,CAN_CSV0000000000001114.csv
CAN_CSV0000000000000558.csv,CAN_CSV0000000000015768.csv
CAN_CSV0000000000000558.csv,CAN_CSV0000000000000761.csv
CAN_CSV0000000000000558.csv,CAN_CSV0000000000013123.csv
CAN_CSV0000000000000558.csv,CAN_CSV0000000000027308.csv
CAN_CSV0000000000000558.csv,CAN_CSV0000000000012842.csv
CAN_CSV0000000000000558.csv,CAN_CSV0000000000013763.csv
CAN_CSV0000000000000558.csv,CAN_CSV0000000000001229.csv
CAN_CSV0000000000000558.csv,CAN_CSV0000000000000828.csv
CAN_CSV0000000000000558.csv,CAN_CSV0000000000000676.csv
CAN_CSV0000000000000558.csv,CAN_CSV0000000000012889.csv
CAN_CSV0000000000000558.csv,CAN_CSV0000000000000984.csv
CAN_CSV0000000000000558.csv,CAN_CSV0000000000001071.csv
CAN_CSV0000000000000558.csv,CAN_CSV0000000000000660.csv
CAN_CSV0000000000000558.csv,CAN_CSV0000000000013712.csv
CAN_CSV0000000000000558.csv,CAN_CSV0000000000000857.csv
CAN_CSV0000000000000558.csv,CAN_CSV0000000000000701.csv
CAN_CSV0000000000000558.csv,CAN_CSV0000000000000845.csv
CAN_CSV0000000000000558.csv,CAN_CSV0000000000027054.csv
CAN_CSV0000000000000558.csv,CAN_CSV0000000000005245.csv
CAN_CSV0000000000000558.csv,CAN_CSV0000000000027250.csv
CAN_CSV0000000000000558.csv,CAN_CSV0000000000000608.csv
CAN_CSV0000000000000558.csv,CAN_CSV0000000000000577.csv
CAN_CSV0000000000000558.csv,CAN_CSV0000000000000662.csv
CAN_CSV0000000000000558.csv,CAN_CSV0000000000005103.csv
CAN_CSV0000000000000558.csv,CAN_CSV0000000000000562.csv
CAN_CSV0000000000000558.csv,CAN_CSV0000000000005256.csv
CAN_CSV0000000000000558.csv,CAN_CSV0000000000005138.csv
CAN_CSV0000000000000558.csv,CAN_CSV0000000000001181.csv
CAN_CSV0000000000000558.csv,CAN_CSV0000000000005117.csv
CAN_CSV0000000000000558.csv,CAN_CSV0000000000027172.csv
CAN_CSV0000000000000581.csv,CAN_CSV0000000000001025.csv
CAN_CSV0000000000000581.csv,CAN_CSV0000000000013009.csv
CAN_CSV0000000000000581.csv,CAN_CSV0000000000001114.csv
CAN_CSV0000000000000581.csv,CAN_CSV0000000000015768.csv
CAN_CSV0000000000000581.csv,CAN_CSV0000000000000761.csv
CAN_CSV0000000000000581.csv,CAN_CSV0000000000013123.csv
CAN_CSV0000000000000581.csv,CAN_CSV0000000000027308.csv
CAN_CSV0000000000000581.csv,CAN_CSV0000000000012842.csv
CAN_CSV0000000000000581.csv,CAN_CSV0000000000013763.csv
CAN_CSV0000000000000581.csv,CAN_CSV0000000000001229.csv
CAN_CSV0000000000000581.csv,CAN_CSV0000000000000828.csv
CAN_CSV0000000000000581.csv,CAN_CSV0000000000000676.csv
CAN_CSV0000000000000581.csv,CAN_CSV0000000000012889.csv
CAN_CSV0000000000000581.csv,CAN_CSV0000000000000984.csv
CAN_CSV0000000000000581.csv,CAN_CSV0000000000005245.csv
CAN_CSV0000000000000581.csv,CAN_CSV0000000000027250.csv
CAN_CSV0000000000000581.csv,CAN_CSV0000000000000608.csv
CAN_CSV0000000000000581.csv,CAN_CSV0000000000000577.csv
CAN_CSV0000000000000581.csv,CAN_CSV0000000000000662.csv
CAN_CSV0000000000000581.csv,CAN_CSV0000000000005103.csv
CAN_CSV0000000000000581.csv,CAN_CSV0000000000000562.csv
CAN_CSV0000000000000581.csv,CAN_CSV0000000000005256.csv
CAN_CSV0000000000000581.csv,CAN_CSV0000000000000660.csv
CAN_CSV0000000000000581.csv,CAN_CSV0000000000005138.csv
CAN_CSV0000000000000581.csv,CAN_CSV0000000000001181.csv
CAN_CSV0000000000000581.csv,CAN_CSV0000000000005117.csv
CAN_CSV0000000000006872.csv,CAN_CSV0000000000001025.csv
CAN_CSV0000000000006872.csv,CAN_CSV0000000000013009.csv
CAN_CSV0000000000006872.csv,CAN_CSV0000000000001114.csv
CAN_CSV0000000000006872.csv,CAN_CSV0000000000015768.csv
CAN_CSV0000000000006872.csv,CAN_CSV0000000000000761.csv
CAN_CSV0000000000006872.csv,CAN_CSV0000000000013123.csv
CAN_CSV0000000000006872.csv,CAN_CSV0000000000027308.csv
CAN_CSV0000000000006872.csv,CAN_CSV0000000000012842.csv
CAN_CSV0000000000006872.csv,CAN_CSV0000000000013763.csv
CAN_CSV0000000000006872.csv,CAN_CSV0000000000001229.csv
CAN_CSV0000000000006872.csv,CAN_CSV0000000000000828.csv
CAN_CSV0000000000006872.csv,CAN_CSV0000000000000676.csv
CAN_CSV0000000000006872.csv,CAN_CSV0000000000012889.csv
CAN_CSV0000000000006872.csv,CAN_CSV0000000000000984.csv
CAN_CSV0000000000006872.csv,CAN_CSV0000000000001071.csv
CAN_CSV0000000000006872.csv,CAN_CSV0000000000000660.csv
CAN_CSV0000000000006872.csv,CAN_CSV0000000000013712.csv
CAN_CSV0000000000006872.csv,CAN_CSV0000000000000857.csv
CAN_CSV0000000000006872.csv,CAN_CSV0000000000000701.csv
CAN_CSV0000000000006872.csv,CAN_CSV0000000000000845.csv
CAN_CSV0000000000005070.csv,CAN_CSV0000000000005245.csv
CAN_CSV0000000000005070.csv,CAN_CSV0000000000027250.csv
CAN_CSV0000000000005070.csv,CAN_CSV0000000000000608.csv
CAN_CSV0000000000005070.csv,CAN_CSV0000000000000577.csv
CAN_CSV0000000000005070.csv,CAN_CSV0000000000000662.csv
CAN_CSV0000000000005070.csv,CAN_CSV0000000000005103.csv
CAN_CSV0000000000005070.csv,CAN_CSV0000000000000562.csv
CAN_CSV0000000000005070.csv,CAN_CSV0000000000005256.csv
CAN_CSV0000000000005070.csv,CAN_CSV0000000000005138.csv
CAN_CSV0000000000005070.csv,CAN_CSV0000000000001181.csv
CAN_CSV0000000000005070.csv,CAN_CSV0000000000005117.csv
CAN_CSV0000000000005070.csv,CAN_CSV0000000000027172.csv
CAN_CSV0000000000007018.csv,CAN_CSV0000000000001025.csv
CAN_CSV0000000000007018.csv,CAN_CSV0000000000013009.csv
CAN_CSV0000000000007018.csv,CAN_CSV0000000000001114.csv
CAN_CSV0000000000007018.csv,CAN_CSV0000000000015768.csv
CAN_CSV0000000000007018.csv,CAN_CSV0000000000000761.csv
CAN_CSV0000000000007018.csv,CAN_CSV0000000000013123.csv
CAN_CSV0000000000007018.csv,CAN_CSV0000000000027308.csv
CAN_CSV0000000000007018.csv,CAN_CSV0000000000012842.csv
CAN_CSV0000000000007018.csv,CAN_CSV0000000000013763.csv
CAN_CSV0000000000007018.csv,CAN_CSV0000000000001229.csv
CAN_CSV0000000000007018.csv,CAN_CSV0000000000000828.csv
CAN_CSV0000000000007018.csv,CAN_CSV0000000000000676.csv
CAN_CSV0000000000007018.csv,CAN_CSV0000000000012889.csv
CAN_CSV0000000000007018.csv,CAN_CSV0000000000000984.csv
CAN_CSV0000000000007018.csv,CAN_CSV0000000000001071.csv
CAN_CSV0000000000007018.csv,CAN_CSV0000000000000660.csv
CAN_CSV0000000000007018.csv,CAN_CSV0000000000013712.csv
CAN_CSV0000000000007018.csv,CAN_CSV0000000000000857.csv
CAN_CSV0000000000007018.csv,CAN_CSV0000000000000701.csv
CAN_CSV0000000000007018.csv,CAN_CSV0000000000000845.csv
CAN_CSV0000000000007018.csv,CAN_CSV0000000000027054.csv
CAN_CSV0000000000007018.csv,CAN_CSV0000000000000914.csv
CAN_CSV0000000000007018.csv,CAN_CSV0000000000006959.csv
CAN_CSV0000000000007018.csv,CAN_CSV0000000000006836.csv
CAN_CSV0000000000007018.csv,CAN_CSV0000000000006813.csv
CAN_CSV0000000000007018.csv,CAN_CSV0000000000006814.csv
CAN_CSV0000000000007018.csv,CAN_CSV0000000000012577.csv
CAN_CSV0000000000007018.csv,CAN_CSV0000000000006831.csv
CAN_CSV0000000000007018.csv,CAN_CSV0000000000012590.csv
CAN_CSV0000000000007018.csv,CAN_CSV0000000000012560.csv
CAN_CSV0000000000007018.csv,CAN_CSV0000000000000894.csv
CAN_CSV0000000000005418.csv,CAN_CSV0000000000001025.csv
CAN_CSV0000000000005418.csv,CAN_CSV0000000000013009.csv
CAN_CSV0000000000005418.csv,CAN_CSV0000000000001114.csv
CAN_CSV0000000000005418.csv,CAN_CSV0000000000015768.csv
CAN_CSV0000000000005418.csv,CAN_CSV0000000000000761.csv
CAN_CSV0000000000005418.csv,CAN_CSV0000000000013123.csv
CAN_CSV0000000000005418.csv,CAN_CSV0000000000027308.csv
CAN_CSV0000000000005418.csv,CAN_CSV0000000000012842.csv
CAN_CSV0000000000005418.csv,CAN_CSV0000000000013763.csv
CAN_CSV0000000000005418.csv,CAN_CSV0000000000001229.csv
CAN_CSV0000000000005418.csv,CAN_CSV0000000000000828.csv
CAN_CSV0000000000005418.csv,CAN_CSV0000000000000676.csv
CAN_CSV0000000000005418.csv,CAN_CSV0000000000012889.csv
CAN_CSV0000000000005418.csv,CAN_CSV0000000000000984.csv
CAN_CSV0000000000005418.csv,CAN_CSV0000000000001071.csv
CAN_CSV0000000000005418.csv,CAN_CSV0000000000000660.csv
CAN_CSV0000000000005418.csv,CAN_CSV0000000000013712.csv
CAN_CSV0000000000001963.csv,CAN_CSV0000000000021537.csv
CAN_CSV0000000000001963.csv,CAN_CSV0000000000002140.csv
CAN_CSV0000000000001963.csv,CAN_CSV0000000000020510.csv
CAN_CSV0000000000001963.csv,CAN_CSV0000000000016775.csv
CAN_CSV0000000000001963.csv,CAN_CSV0000000000001955.csv
CAN_CSV0000000000001963.csv,CAN_CSV0000000000009256.csv
CAN_CSV0000000000001963.csv,CAN_CSV0000000000008205.csv
CAN_CSV0000000000001963.csv,CAN_CSV0000000000022416.csv
CAN_CSV0000000000001963.csv,CAN_CSV0000000000001867.csv
CAN_CSV0000000000001963.csv,CAN_CSV0000000000021470.csv
CAN_CSV0000000000001963.csv,CAN_CSV0000000000022617.csv
CAN_CSV0000000000001963.csv,CAN_CSV0000000000025600.csv
CAN_CSV0000000000001963.csv,CAN_CSV0000000000011627.csv
CAN_CSV0000000000001963.csv,CAN_CSV0000000000027386.csv
CAN_CSV0000000000001963.csv,CAN_CSV0000000000001861.csv
CAN_CSV0000000000001963.csv,CAN_CSV0000000000027411.csv
CAN_CSV0000000000001963.csv,CAN_CSV0000000000001914.csv
CAN_CSV0000000000001963.csv,CAN_CSV0000000000023789.csv
CAN_CSV0000000000001963.csv,CAN_CSV0000000000021072.csv
CAN_CSV0000000000006988.csv,CAN_CSV0000000000001025.csv
CAN_CSV0000000000006988.csv,CAN_CSV0000000000013009.csv
CAN_CSV0000000000006988.csv,CAN_CSV0000000000001114.csv
CAN_CSV0000000000006988.csv,CAN_CSV0000000000015768.csv
CAN_CSV0000000000006988.csv,CAN_CSV0000000000000761.csv
CAN_CSV0000000000006988.csv,CAN_CSV0000000000013123.csv
CAN_CSV0000000000006988.csv,CAN_CSV0000000000027308.csv
CAN_CSV0000000000006988.csv,CAN_CSV0000000000012842.csv
CAN_CSV0000000000006988.csv,CAN_CSV0000000000013763.csv
CAN_CSV0000000000006988.csv,CAN_CSV0000000000001229.csv
CAN_CSV0000000000006988.csv,CAN_CSV0000000000000828.csv
CAN_CSV0000000000006988.csv,CAN_CSV0000000000000676.csv
CAN_CSV0000000000006988.csv,CAN_CSV0000000000012889.csv
CAN_CSV0000000000006988.csv,CAN_CSV0000000000000984.csv
CAN_CSV0000000000006988.csv,CAN_CSV0000000000001071.csv
CAN_CSV0000000000006988.csv,CAN_CSV0000000000000660.csv
CAN_CSV0000000000006988.csv,CAN_CSV0000000000013712.csv
CAN_CSV0000000000006988.csv,CAN_CSV0000000000000857.csv
CAN_CSV0000000000006988.csv,CAN_CSV0000000000000701.csv
CAN_CSV0000000000004720.csv,CAN_CSV0000000000001025.csv
CAN_CSV0000000000004720.csv,CAN_CSV0000000000013009.csv
CAN_CSV0000000000004720.csv,CAN_CSV0000000000001114.csv
CAN_CSV0000000000004720.csv,CAN_CSV0000000000015768.csv
CAN_CSV0000000000004720.csv,CAN_CSV0000000000000761.csv
CAN_CSV0000000000004720.csv,CAN_CSV0000000000013123.csv
CAN_CSV0000000000004720.csv,CAN_CSV0000000000027308.csv
CAN_CSV0000000000004720.csv,CAN_CSV0000000000012842.csv
CAN_CSV0000000000004720.csv,CAN_CSV0000000000013763.csv
CAN_CSV0000000000004720.csv,CAN_CSV0000000000001229.csv
CAN_CSV0000000000004720.csv,CAN_CSV0000000000000828.csv
CAN_CSV0000000000004720.csv,CAN_CSV0000000000000676.csv
CAN_CSV0000000000004720.csv,CAN_CSV0000000000012889.csv
CAN_CSV0000000000004720.csv,CAN_CSV0000000000000984.csv
CAN_CSV0000000000004720.csv,CAN_CSV0000000000001071.csv
CAN_CSV0000000000004720.csv,CAN_CSV0000000000000660.csv
CAN_CSV0000000000004720.csv,CAN_CSV0000000000013712.csv
CAN_CSV0000000000004720.csv,CAN_CSV0000000000000857.csv
CAN_CSV0000000000004720.csv,CAN_CSV0000000000000701.csv
CAN_CSV0000000000004720.csv,CAN_CSV0000000000000845.csv
CAN_CSV0000000000004720.csv,CAN_CSV0000000000005245.csv
CAN_CSV0000000000004720.csv,CAN_CSV0000000000027250.csv
CAN_CSV0000000000004720.csv,CAN_CSV0000000000000608.csv
CAN_CSV0000000000004720.csv,CAN_CSV0000000000000577.csv
CAN_CSV0000000000004720.csv,CAN_CSV0000000000000662.csv
CAN_CSV0000000000004720.csv,CAN_CSV0000000000005103.csv
CAN_CSV0000000000004720.csv,CAN_CSV0000000000000562.csv
CAN_CSV0000000000004720.csv,CAN_CSV0000000000005256.csv
CAN_CSV0000000000004720.csv,CAN_CSV0000000000005138.csv
CAN_CSV0000000000004720.csv,CAN_CSV0000000000001181.csv
CAN_CSV0000000000004720.csv,CAN_CSV0000000000005117.csv
CAN_CSV0000000000004720.csv,CAN_CSV0000000000027229.csv
CAN_CSV0000000000004720.csv,CAN_CSV0000000000005102.csv
CAN_CSV0000000000004720.csv,CAN_CSV0000000000004749.csv
CAN_CSV0000000000004720.csv,CAN_CSV0000000000001180.csv
CAN_CSV0000000000004720.csv,CAN_CSV0000000000000581.csv
CAN_CSV0000000000004720.csv,CAN_CSV0000000000000664.csv
CAN_CSV0000000000001198.csv,CAN_CSV0000000000015731.csv
CAN_CSV0000000000001198.csv,CAN_CSV0000000000005245.csv
CAN_CSV0000000000001198.csv,CAN_CSV0000000000015703.csv
CAN_CSV0000000000001198.csv,CAN_CSV0000000000014313.csv
CAN_CSV0000000000001198.csv,CAN_CSV0000000000013368.csv
CAN_CSV0000000000001198.csv,CAN_CSV0000000000005882.csv
CAN_CSV0000000000001198.csv,CAN_CSV0000000000001181.csv
CAN_CSV0000000000001198.csv,CAN_CSV0000000000014060.csv
CAN_CSV0000000000001198.csv,CAN_CSV0000000000002297.csv
CAN_CSV0000000000001198.csv,CAN_CSV0000000000000845.csv
CAN_CSV0000000000001198.csv,CAN_CSV0000000000001180.csv
CAN_CSV0000000000001198.csv,CAN_CSV0000000000015712.csv
CAN_CSV0000000000014005.csv,CAN_CSV0000000000001025.csv
CAN_CSV0000000000014005.csv,CAN_CSV0000000000013009.csv
CAN_CSV0000000000014005.csv,CAN_CSV0000000000001114.csv
CAN_CSV0000000000014005.csv,CAN_CSV0000000000015768.csv
CAN_CSV0000000000014005.csv,CAN_CSV0000000000000761.csv
CAN_CSV0000000000014005.csv,CAN_CSV0000000000013123.csv
CAN_CSV0000000000014005.csv,CAN_CSV0000000000027308.csv
CAN_CSV0000000000014005.csv,CAN_CSV0000000000012842.csv
CAN_CSV0000000000014005.csv,CAN_CSV0000000000013763.csv
CAN_CSV0000000000014005.csv,CAN_CSV0000000000001229.csv
CAN_CSV0000000000014005.csv,CAN_CSV0000000000000828.csv
CAN_CSV0000000000014005.csv,CAN_CSV0000000000000676.csv
CAN_CSV0000000000014005.csv,CAN_CSV0000000000012889.csv
CAN_CSV0000000000014005.csv,CAN_CSV0000000000000984.csv
CAN_CSV0000000000014005.csv,CAN_CSV0000000000001071.csv
CAN_CSV0000000000014005.csv,CAN_CSV0000000000000660.csv
CAN_CSV0000000000014005.csv,CAN_CSV0000000000013712.csv
CAN_CSV0000000000014005.csv,CAN_CSV0000000000000857.csv
CAN_CSV0000000000014005.csv,CAN_CSV0000000000000701.csv
CAN_CSV0000000000014005.csv,CAN_CSV0000000000000845.csv
CAN_CSV0000000000011356.csv,CAN_CSV0000000000003088.csv
CAN_CSV0000000000011356.csv,CAN_CSV0000000000011752.csv
CAN_CSV0000000000011356.csv,CAN_CSV0000000000027007.csv
CAN_CSV0000000000011356.csv,CAN_CSV0000000000007832.csv
CAN_CSV0000000000011356.csv,CAN_CSV0000000000016835.csv
CAN_CSV0000000000011356.csv,CAN_CSV0000000000020825.csv
CAN_CSV0000000000011356.csv,CAN_CSV0000000000010103.csv
CAN_CSV0000000000011356.csv,CAN_CSV0000000000009036.csv
CAN_CSV0000000000011356.csv,CAN_CSV0000000000020052.csv
CAN_CSV0000000000011356.csv,CAN_CSV0000000000009365.csv
CAN_CSV0000000000011356.csv,CAN_CSV0000000000003892.csv
CAN_CSV0000000000011356.csv,CAN_CSV0000000000009702.csv
CAN_CSV0000000000011356.csv,CAN_CSV0000000000023471.csv
CAN_CSV0000000000011356.csv,CAN_CSV0000000000026751.csv
CAN_CSV0000000000011356.csv,CAN_CSV0000000000024067.csv
CAN_CSV0000000000011356.csv,CAN_CSV0000000000024660.csv
CAN_CSV0000000000011356.csv,CAN_CSV0000000000018831.csv
CAN_CSV0000000000011356.csv,CAN_CSV0000000000002762.csv
CAN_CSV0000000000011356.csv,CAN_CSV0000000000004586.csv
CAN_CSV0000000000011356.csv,CAN_CSV0000000000003766.csv
CAN_CSV0000000000011356.csv,CAN_CSV0000000000017968.csv
CAN_CSV0000000000011356.csv,CAN_CSV0000000000003365.csv
CAN_CSV0000000000011356.csv,CAN_CSV0000000000008214.csv
CAN_CSV0000000000007677.csv,CAN_CSV0000000000007680.csv
CAN_CSV0000000000007677.csv,CAN_CSV0000000000007673.csv
CAN_CSV0000000000007677.csv,CAN_CSV0000000000007682.csv
CAN_CSV0000000000007677.csv,CAN_CSV0000000000007675.csv
CAN_CSV0000000000007677.csv,CAN_CSV0000000000007686.csv
CAN_CSV0000000000007677.csv,CAN_CSV0000000000007679.csv
CAN_CSV0000000000007677.csv,CAN_CSV0000000000007674.csv
CAN_CSV0000000000007677.csv,CAN_CSV0000000000007678.csv
CAN_CSV0000000000007677.csv,CAN_CSV0000000000007671.csv
CAN_CSV0000000000007677.csv,CAN_CSV0000000000007672.csv
CAN_CSV0000000000007677.csv,CAN_CSV0000000000007670.csv
CAN_CSV0000000000007677.csv,CAN_CSV0000000000007681.csv
CAN_CSV0000000000007677.csv,CAN_CSV0000000000007684.csv
CAN_CSV0000000000007677.csv,CAN_CSV0000000000007669.csv
CAN_CSV0000000000017604.csv,CAN_CSV0000000000016964.csv
CAN_CSV0000000000017604.csv,CAN_CSV0000000000009113.csv
CAN_CSV0000000000017604.csv,CAN_CSV0000000000010529.csv
CAN_CSV0000000000017604.csv,CAN_CSV0000000000015599.csv
CAN_CSV0000000000017604.csv,CAN_CSV0000000000009497.csv
CAN_CSV0000000000017604.csv,CAN_CSV0000000000009986.csv
CAN_CSV0000000000017604.csv,CAN_CSV0000000000010124.csv
CAN_CSV0000000000017604.csv,CAN_CSV0000000000024354.csv
CAN_CSV0000000000017604.csv,CAN_CSV0000000000015002.csv
CAN_CSV0000000000017604.csv,CAN_CSV0000000000017129.csv
CAN_CSV0000000000017604.csv,CAN_CSV0000000000016419.csv
CAN_CSV0000000000005783.csv,CAN_CSV0000000000001025.csv
CAN_CSV0000000000005783.csv,CAN_CSV0000000000013009.csv
CAN_CSV0000000000005783.csv,CAN_CSV0000000000001114.csv
CAN_CSV0000000000005783.csv,CAN_CSV0000000000015768.csv
CAN_CSV0000000000005783.csv,CAN_CSV0000000000000761.csv
CAN_CSV0000000000005783.csv,CAN_CSV0000000000013123.csv
CAN_CSV0000000000005783.csv,CAN_CSV0000000000027308.csv
CAN_CSV0000000000005783.csv,CAN_CSV0000000000012842.csv
CAN_CSV0000000000005783.csv,CAN_CSV0000000000013763.csv
CAN_CSV0000000000005783.csv,CAN_CSV0000000000001229.csv
CAN_CSV0000000000005783.csv,CAN_CSV0000000000000828.csv
CAN_CSV0000000000005783.csv,CAN_CSV0000000000000676.csv
CAN_CSV0000000000005783.csv,CAN_CSV0000000000012889.csv
CAN_CSV0000000000005783.csv,CAN_CSV0000000000000984.csv
CAN_CSV0000000000005783.csv,CAN_CSV0000000000001071.csv
CAN_CSV0000000000005783.csv,CAN_CSV0000000000000660.csv
CAN_CSV0000000000005783.csv,CAN_CSV0000000000013712.csv
CAN_CSV0000000000005783.csv,CAN_CSV0000000000000857.csv
CAN_CSV0000000000005783.csv,CAN_CSV0000000000000701.csv
CAN_CSV0000000000004391.csv,CAN_CSV0000000000023860.csv
CAN_CSV0000000000004391.csv,CAN_CSV0000000000009195.csv
CAN_CSV0000000000004391.csv,CAN_CSV0000000000018863.csv
CAN_CSV0000000000004391.csv,CAN_CSV0000000000021577.csv
CAN_CSV0000000000004391.csv,CAN_CSV0000000000016986.csv
CAN_CSV0000000000004391.csv,CAN_CSV0000000000008759.csv
CAN_CSV0000000000004391.csv,CAN_CSV0000000000022259.csv
CAN_CSV0000000000004391.csv,CAN_CSV0000000000022085.csv
CAN_CSV0000000000004391.csv,CAN_CSV0000000000026357.csv
CAN_CSV0000000000004391.csv,CAN_CSV0000000000017795.csv
CAN_CSV0000000000004391.csv,CAN_CSV0000000000010829.csv
CAN_CSV0000000000004391.csv,CAN_CSV0000000000023627.csv
CAN_CSV0000000000004391.csv,CAN_CSV0000000000007784.csv
CAN_CSV0000000000004391.csv,CAN_CSV0000000000009121.csv
CAN_CSV0000000000004391.csv,CAN_CSV0000000000011611.csv
CAN_CSV0000000000004391.csv,CAN_CSV0000000000026906.csv
CAN_CSV0000000000004391.csv,CAN_CSV0000000000011074.csv
CAN_CSV0000000000004391.csv,CAN_CSV0000000000023449.csv
CAN_CSV0000000000004391.csv,CAN_CSV0000000000011236.csv
CAN_CSV0000000000004391.csv,CAN_CSV0000000000024886.csv
CAN_CSV0000000000013124.csv,CAN_CSV0000000000013121.csv
CAN_CSV0000000000013124.csv,CAN_CSV0000000000013131.csv
CAN_CSV0000000000013124.csv,CAN_CSV0000000000013088.csv
CAN_CSV0000000000013124.csv,CAN_CSV0000000000013113.csv
CAN_CSV0000000000013124.csv,CAN_CSV0000000000001056.csv
CAN_CSV0000000000013124.csv,CAN_CSV0000000000013133.csv
CAN_CSV0000000000013124.csv,CAN_CSV0000000000013122.csv
CAN_CSV0000000000013124.csv,CAN_CSV0000000000013136.csv
CAN_CSV0000000000024792.csv,CAN_CSV0000000000009604.csv
CAN_CSV0000000000024792.csv,CAN_CSV0000000000024799.csv
CAN_CSV0000000000024792.csv,CAN_CSV0000000000024802.csv
CAN_CSV0000000000024792.csv,CAN_CSV0000000000024796.csv
CAN_CSV0000000000024792.csv,CAN_CSV0000000000024790.csv
CAN_CSV0000000000024792.csv,CAN_CSV0000000000007769.csv
CAN_CSV0000000000024792.csv,CAN_CSV0000000000024795.csv
CAN_CSV0000000000024792.csv,CAN_CSV0000000000024784.csv
CAN_CSV0000000000024792.csv,CAN_CSV0000000000024798.csv
CAN_CSV0000000000024792.csv,CAN_CSV0000000000008555.csv
CAN_CSV0000000000024792.csv,CAN_CSV0000000000024794.csv
CAN_CSV0000000000024792.csv,CAN_CSV0000000000011949.csv
CAN_CSV0000000000024792.csv,CAN_CSV0000000000010053.csv
CAN_CSV0000000000024792.csv,CAN_CSV0000000000021313.csv
CAN_CSV0000000000024792.csv,CAN_CSV0000000000024797.csv
CAN_CSV0000000000024792.csv,CAN_CSV0000000000024800.csv
CAN_CSV0000000000024792.csv,CAN_CSV0000000000027041.csv
CAN_CSV0000000000024792.csv,CAN_CSV0000000000015841.csv
CAN_CSV0000000000024792.csv,CAN_CSV0000000000001463.csv
CAN_CSV0000000000024792.csv,CAN_CSV0000000000001475.csv
CAN_CSV0000000000024792.csv,CAN_CSV0000000000001985.csv
CAN_CSV0000000000024792.csv,CAN_CSV0000000000002034.csv
CAN_CSV0000000000024792.csv,CAN_CSV0000000000002036.csv
CAN_CSV0000000000024792.csv,CAN_CSV0000000000002131.csv
CAN_CSV0000000000024792.csv,CAN_CSV0000000000010904.csv
CAN_CSV0000000000024792.csv,CAN_CSV0000000000009889.csv
CAN_CSV0000000000024792.csv,CAN_CSV0000000000018335.csv
CAN_CSV0000000000024792.csv,CAN_CSV0000000000001465.csv
CAN_CSV0000000000024792.csv,CAN_CSV0000000000002067.csv
CAN_CSV0000000000024792.csv,CAN_CSV0000000000021863.csv
CAN_CSV0000000000024792.csv,CAN_CSV0000000000024128.csv
CAN_CSV0000000000024792.csv,CAN_CSV0000000000002112.csv
CAN_CSV0000000000024792.csv,CAN_CSV0000000000001928.csv
CAN_CSV0000000000024792.csv,CAN_CSV0000000000011050.csv
CAN_CSV0000000000024792.csv,CAN_CSV0000000000002040.csv
CAN_CSV0000000000024792.csv,CAN_CSV0000000000016611.csv
CAN_CSV0000000000024792.csv,CAN_CSV0000000000024789.csv
CAN_CSV0000000000024792.csv,CAN_CSV0000000000024791.csv
CAN_CSV0000000000006882.csv,CAN_CSV0000000000001025.csv
CAN_CSV0000000000006882.csv,CAN_CSV0000000000013009.csv
CAN_CSV0000000000006882.csv,CAN_CSV0000000000001114.csv
CAN_CSV0000000000006882.csv,CAN_CSV0000000000015768.csv
CAN_CSV0000000000006882.csv,CAN_CSV0000000000000761.csv
CAN_CSV0000000000006882.csv,CAN_CSV0000000000013123.csv
CAN_CSV0000000000006882.csv,CAN_CSV0000000000027308.csv
CAN_CSV0000000000006882.csv,CAN_CSV0000000000012842.csv
CAN_CSV0000000000006882.csv,CAN_CSV0000000000013763.csv
CAN_CSV0000000000006882.csv,CAN_CSV0000000000001229.csv
CAN_CSV0000000000006882.csv,CAN_CSV0000000000000828.csv
CAN_CSV0000000000006882.csv,CAN_CSV0000000000000676.csv
CAN_CSV0000000000006882.csv,CAN_CSV0000000000012889.csv
CAN_CSV0000000000006882.csv,CAN_CSV0000000000000984.csv
CAN_CSV0000000000006882.csv,CAN_CSV0000000000001071.csv
CAN_CSV0000000000006882.csv,CAN_CSV0000000000000660.csv
CAN_CSV0000000000006882.csv,CAN_CSV0000000000013712.csv
CAN_CSV0000000000006882.csv,CAN_CSV0000000000000857.csv
CAN_CSV0000000000006882.csv,CAN_CSV0000000000000701.csv
CAN_CSV0000000000006882.csv,CAN_CSV0000000000000845.csv
CAN_CSV0000000000022503.csv,CAN_CSV0000000000001367.csv
CAN_CSV0000000000022503.csv,CAN_CSV0000000000027416.csv
CAN_CSV0000000000022503.csv,CAN_CSV0000000000017039.csv
CAN_CSV0000000000022503.csv,CAN_CSV0000000000015908.csv
CAN_CSV0000000000022503.csv,CAN_CSV0000000000020165.csv
CAN_CSV0000000000022503.csv,CAN_CSV0000000000016186.csv
CAN_CSV0000000000022503.csv,CAN_CSV0000000000020974.csv
CAN_CSV0000000000022503.csv,CAN_CSV0000000000002026.csv
CAN_CSV0000000000022503.csv,CAN_CSV0000000000003436.csv
CAN_CSV0000000000022503.csv,CAN_CSV0000000000019550.csv
CAN_CSV0000000000022503.csv,CAN_CSV0000000000023436.csv
CAN_CSV0000000000022503.csv,CAN_CSV0000000000026190.csv
CAN_CSV0000000000022503.csv,CAN_CSV0000000000009444.csv
CAN_CSV0000000000022503.csv,CAN_CSV0000000000025864.csv
CAN_CSV0000000000022503.csv,CAN_CSV0000000000001442.csv
CAN_CSV0000000000022503.csv,CAN_CSV0000000000016209.csv
CAN_CSV0000000000022503.csv,CAN_CSV0000000000001686.csv
CAN_CSV0000000000022503.csv,CAN_CSV0000000000021405.csv
CAN_CSV0000000000022503.csv,CAN_CSV0000000000027417.csv
CAN_CSV0000000000005583.csv,CAN_CSV0000000000001025.csv
CAN_CSV0000000000005583.csv,CAN_CSV0000000000013009.csv
CAN_CSV0000000000005583.csv,CAN_CSV0000000000001114.csv
CAN_CSV0000000000005583.csv,CAN_CSV0000000000015768.csv
CAN_CSV0000000000005583.csv,CAN_CSV0000000000000761.csv
CAN_CSV0000000000005583.csv,CAN_CSV0000000000013123.csv
CAN_CSV0000000000005583.csv,CAN_CSV0000000000027308.csv
CAN_CSV0000000000005583.csv,CAN_CSV0000000000012842.csv
CAN_CSV0000000000005583.csv,CAN_CSV0000000000013763.csv
CAN_CSV0000000000005583.csv,CAN_CSV0000000000001229.csv
CAN_CSV0000000000005583.csv,CAN_CSV0000000000000828.csv
CAN_CSV0000000000005583.csv,CAN_CSV0000000000000676.csv
CAN_CSV0000000000005583.csv,CAN_CSV0000000000012889.csv
CAN_CSV0000000000005583.csv,CAN_CSV0000000000000984.csv
CAN_CSV0000000000005583.csv,CAN_CSV0000000000001071.csv
CAN_CSV0000000000005583.csv,CAN_CSV0000000000000660.csv
CAN_CSV0000000000027051.csv,CAN_CSV0000000000001025.csv
CAN_CSV0000000000027051.csv,CAN_CSV0000000000013009.csv
CAN_CSV0000000000027051.csv,CAN_CSV0000000000001114.csv
CAN_CSV0000000000027051.csv,CAN_CSV0000000000015768.csv
CAN_CSV0000000000027051.csv,CAN_CSV0000000000000761.csv
CAN_CSV0000000000027051.csv,CAN_CSV0000000000013123.csv
CAN_CSV0000000000027051.csv,CAN_CSV0000000000027308.csv
CAN_CSV0000000000027051.csv,CAN_CSV0000000000012842.csv
CAN_CSV0000000000027051.csv,CAN_CSV0000000000013763.csv
CAN_CSV0000000000027051.csv,CAN_CSV0000000000001229.csv
CAN_CSV0000000000027051.csv,CAN_CSV0000000000000828.csv
CAN_CSV0000000000027051.csv,CAN_CSV0000000000000676.csv
CAN_CSV0000000000027051.csv,CAN_CSV0000000000012889.csv
CAN_CSV0000000000027051.csv,CAN_CSV0000000000000984.csv
CAN_CSV0000000000027051.csv,CAN_CSV0000000000001071.csv
CAN_CSV0000000000027051.csv,CAN_CSV0000000000000660.csv
CAN_CSV0000000000027051.csv,CAN_CSV0000000000013712.csv
CAN_CSV0000000000027051.csv,CAN_CSV0000000000000857.csv
CAN_CSV0000000000027051.csv,CAN_CSV0000000000000701.csv
CAN_CSV0000000000027051.csv,CAN_CSV0000000000000845.csv
CAN_CSV0000000000009606.csv,CAN_CSV0000000000021195.csv
CAN_CSV0000000000009606.csv,CAN_CSV0000000000019167.csv
CAN_CSV0000000000009606.csv,CAN_CSV0000000000012087.csv
CAN_CSV0000000000009606.csv,CAN_CSV0000000000012197.csv
CAN_CSV0000000000009606.csv,CAN_CSV0000000000022917.csv
CAN_CSV0000000000009606.csv,CAN_CSV0000000000002014.csv
CAN_CSV0000000000009606.csv,CAN_CSV0000000000008359.csv
CAN_CSV0000000000009606.csv,CAN_CSV0000000000002062.csv
CAN_CSV0000000000009606.csv,CAN_CSV0000000000001455.csv
CAN_CSV0000000000009606.csv,CAN_CSV0000000000001454.csv
CAN_CSV0000000000009606.csv,CAN_CSV0000000000001317.csv
CAN_CSV0000000000009606.csv,CAN_CSV0000000000002109.csv
CAN_CSV0000000000009606.csv,CAN_CSV0000000000018607.csv
CAN_CSV0000000000009606.csv,CAN_CSV0000000000001676.csv
CAN_CSV0000000000009606.csv,CAN_CSV0000000000022699.csv
CAN_CSV0000000000009606.csv,CAN_CSV0000000000008751.csv
CAN_CSV0000000000009606.csv,CAN_CSV0000000000001457.csv
CAN_CSV0000000000009606.csv,CAN_CSV0000000000011295.csv
CAN_CSV0000000000009606.csv,CAN_CSV0000000000007431.csv
CAN_CSV0000000000013725.csv,CAN_CSV0000000000001117.csv
CAN_CSV0000000000013725.csv,CAN_CSV0000000000027141.csv
CAN_CSV0000000000013725.csv,CAN_CSV0000000000027155.csv
CAN_CSV0000000000013725.csv,CAN_CSV0000000000015770.csv
CAN_CSV0000000000013725.csv,CAN_CSV0000000000013599.csv
CAN_CSV0000000000013725.csv,CAN_CSV0000000000013593.csv
CAN_CSV0000000000013725.csv,CAN_CSV0000000000027139.csv
CAN_CSV0000000000013725.csv,CAN_CSV0000000000004700.csv
CAN_CSV0000000000013725.csv,CAN_CSV0000000000013508.csv
CAN_CSV0000000000003356.csv,CAN_CSV0000000000003100.csv
CAN_CSV0000000000003356.csv,CAN_CSV0000000000012108.csv
CAN_CSV0000000000003356.csv,CAN_CSV0000000000020036.csv
CAN_CSV0000000000003356.csv,CAN_CSV0000000000023602.csv
CAN_CSV0000000000003356.csv,CAN_CSV0000000000016370.csv
CAN_CSV0000000000003356.csv,CAN_CSV0000000000008699.csv
CAN_CSV0000000000003356.csv,CAN_CSV0000000000021927.csv
CAN_CSV0000000000003356.csv,CAN_CSV0000000000010499.csv
CAN_CSV0000000000003356.csv,CAN_CSV0000000000022798.csv
CAN_CSV0000000000003356.csv,CAN_CSV0000000000001895.csv
CAN_CSV0000000000003356.csv,CAN_CSV0000000000016296.csv
CAN_CSV0000000000003356.csv,CAN_CSV0000000000026441.csv
CAN_CSV0000000000003356.csv,CAN_CSV0000000000007299.csv
CAN_CSV0000000000003356.csv,CAN_CSV0000000000010464.csv
CAN_CSV0000000000003356.csv,CAN_CSV0000000000001900.csv
CAN_CSV0000000000001058.csv,CAN_CSV0000000000001025.csv
CAN_CSV0000000000001058.csv,CAN_CSV0000000000013009.csv
CAN_CSV0000000000001058.csv,CAN_CSV0000000000001114.csv
CAN_CSV0000000000001058.csv,CAN_CSV0000000000015768.csv
CAN_CSV0000000000001058.csv,CAN_CSV0000000000000761.csv
CAN_CSV0000000000001058.csv,CAN_CSV0000000000013123.csv
CAN_CSV0000000000001058.csv,CAN_CSV0000000000027308.csv
CAN_CSV0000000000001058.csv,CAN_CSV0000000000012842.csv
CAN_CSV0000000000001058.csv,CAN_CSV0000000000013763.csv
CAN_CSV0000000000001058.csv,CAN_CSV0000000000001229.csv
CAN_CSV0000000000001058.csv,CAN_CSV0000000000000828.csv
CAN_CSV0000000000001058.csv,CAN_CSV0000000000000676.csv
CAN_CSV0000000000001058.csv,CAN_CSV0000000000012889.csv
CAN_CSV0000000000001058.csv,CAN_CSV0000000000000984.csv
CAN_CSV0000000000001058.csv,CAN_CSV0000000000001071.csv
CAN_CSV0000000000001058.csv,CAN_CSV0000000000000660.csv
CAN_CSV0000000000001058.csv,CAN_CSV0000000000013712.csv
CAN_CSV0000000000001058.csv,CAN_CSV0000000000000857.csv
CAN_CSV0000000000017175.csv,CAN_CSV0000000000023322.csv
CAN_CSV0000000000017175.csv,CAN_CSV0000000000001326.csv
CAN_CSV0000000000017175.csv,CAN_CSV0000000000001758.csv
CAN_CSV0000000000017175.csv,CAN_CSV0000000000001441.csv
CAN_CSV0000000000017175.csv,CAN_CSV0000000000001995.csv
CAN_CSV0000000000017175.csv,CAN_CSV0000000000009592.csv
CAN_CSV0000000000017175.csv,CAN_CSV0000000000001310.csv
CAN_CSV0000000000017175.csv,CAN_CSV0000000000027335.csv
CAN_CSV0000000000017175.csv,CAN_CSV0000000000027369.csv
CAN_CSV0000000000000629.csv,CAN_CSV0000000000001025.csv
CAN_CSV0000000000000629.csv,CAN_CSV0000000000013009.csv
CAN_CSV0000000000000629.csv,CAN_CSV0000000000001114.csv
CAN_CSV0000000000000629.csv,CAN_CSV0000000000015768.csv
CAN_CSV0000000000000629.csv,CAN_CSV0000000000000761.csv
CAN_CSV0000000000000629.csv,CAN_CSV0000000000013123.csv
CAN_CSV0000000000000629.csv,CAN_CSV0000000000027308.csv
CAN_CSV0000000000000629.csv,CAN_CSV0000000000012842.csv
CAN_CSV0000000000000629.csv,CAN_CSV0000000000013763.csv
CAN_CSV0000000000000629.csv,CAN_CSV0000000000001229.csv
CAN_CSV0000000000000629.csv,CAN_CSV0000000000000828.csv
CAN_CSV0000000000000629.csv,CAN_CSV0000000000000676.csv
CAN_CSV0000000000000629.csv,CAN_CSV0000000000012889.csv
CAN_CSV0000000000000629.csv,CAN_CSV0000000000000984.csv
CAN_CSV0000000000000629.csv,CAN_CSV0000000000001071.csv
CAN_CSV0000000000000629.csv,CAN_CSV0000000000000660.csv
CAN_CSV0000000000000629.csv,CAN_CSV0000000000013712.csv
CAN_CSV0000000000000629.csv,CAN_CSV0000000000000857.csv
CAN_CSV0000000000000629.csv,CAN_CSV0000000000000701.csv
CAN_CSV0000000000000629.csv,CAN_CSV0000000000000845.csv
CAN_CSV0000000000000965.csv,CAN_CSV0000000000001025.csv
CAN_CSV0000000000000965.csv,CAN_CSV0000000000013009.csv
CAN_CSV0000000000000965.csv,CAN_CSV0000000000001114.csv
CAN_CSV0000000000000965.csv,CAN_CSV0000000000015768.csv
CAN_CSV0000000000000965.csv,CAN_CSV0000000000000761.csv
CAN_CSV0000000000000965.csv,CAN_CSV0000000000013123.csv
CAN_CSV0000000000000965.csv,CAN_CSV0000000000027308.csv
CAN_CSV0000000000000965.csv,CAN_CSV0000000000012842.csv
CAN_CSV0000000000000965.csv,CAN_CSV0000000000013763.csv
CAN_CSV0000000000000965.csv,CAN_CSV0000000000001229.csv
CAN_CSV0000000000000965.csv,CAN_CSV0000000000000828.csv
CAN_CSV0000000000000965.csv,CAN_CSV0000000000000676.csv
CAN_CSV0000000000000965.csv,CAN_CSV0000000000012889.csv
CAN_CSV0000000000000965.csv,CAN_CSV0000000000000984.csv
CAN_CSV0000000000000965.csv,CAN_CSV0000000000001071.csv
CAN_CSV0000000000000965.csv,CAN_CSV0000000000000660.csv
CAN_CSV0000000000000965.csv,CAN_CSV0000000000013712.csv
CAN_CSV0000000000000965.csv,CAN_CSV0000000000000964.csv
CAN_CSV0000000000000965.csv,CAN_CSV0000000000000957.csv
CAN_CSV0000000000000965.csv,CAN_CSV0000000000000961.csv
CAN_CSV0000000000000965.csv,CAN_CSV0000000000001000.csv
CAN_CSV0000000000000965.csv,CAN_CSV0000000000001023.csv
CAN_CSV0000000000000965.csv,CAN_CSV0000000000000958.csv
CAN_CSV0000000000000965.csv,CAN_CSV0000000000000959.csv
CAN_CSV0000000000000965.csv,CAN_CSV0000000000000977.csv
CAN_CSV0000000000000965.csv,CAN_CSV0000000000000970.csv
CAN_CSV0000000000000965.csv,CAN_CSV0000000000000960.csv
CAN_CSV0000000000000965.csv,CAN_CSV0000000000000963.csv
CAN_CSV0000000000009951.csv,CAN_CSV0000000000019175.csv
CAN_CSV0000000000009951.csv,CAN_CSV0000000000011363.csv
CAN_CSV0000000000009951.csv,CAN_CSV0000000000008029.csv
CAN_CSV0000000000009951.csv,CAN_CSV0000000000010708.csv
CAN_CSV0000000000009951.csv,CAN_CSV0000000000022964.csv
CAN_CSV0000000000009951.csv,CAN_CSV0000000000011182.csv
CAN_CSV0000000000009951.csv,CAN_CSV0000000000017912.csv
CAN_CSV0000000000009951.csv,CAN_CSV0000000000021027.csv
CAN_CSV0000000000009951.csv,CAN_CSV0000000000024654.csv
CAN_CSV0000000000009951.csv,CAN_CSV0000000000004005.csv
CAN_CSV0000000000009951.csv,CAN_CSV0000000000023713.csv
CAN_CSV0000000000009951.csv,CAN_CSV0000000000022491.csv
CAN_CSV0000000000009951.csv,CAN_CSV0000000000018035.csv
CAN_CSV0000000000009951.csv,CAN_CSV0000000000016233.csv
CAN_CSV0000000000009951.csv,CAN_CSV0000000000023177.csv
CAN_CSV0000000000009951.csv,CAN_CSV0000000000010468.csv
CAN_CSV0000000000009951.csv,CAN_CSV0000000000019754.csv
CAN_CSV0000000000000732.csv,CAN_CSV0000000000001025.csv
CAN_CSV0000000000000732.csv,CAN_CSV0000000000013009.csv
CAN_CSV0000000000000732.csv,CAN_CSV0000000000001114.csv
CAN_CSV0000000000000732.csv,CAN_CSV0000000000015768.csv
CAN_CSV0000000000000732.csv,CAN_CSV0000000000000761.csv
CAN_CSV0000000000000732.csv,CAN_CSV0000000000013123.csv
CAN_CSV0000000000000732.csv,CAN_CSV0000000000027308.csv
CAN_CSV0000000000000732.csv,CAN_CSV0000000000012842.csv
CAN_CSV0000000000000732.csv,CAN_CSV0000000000013763.csv
CAN_CSV0000000000000732.csv,CAN_CSV0000000000001229.csv
CAN_CSV0000000000000732.csv,CAN_CSV0000000000000828.csv
CAN_CSV0000000000000732.csv,CAN_CSV0000000000000676.csv
CAN_CSV0000000000000732.csv,CAN_CSV0000000000012889.csv
CAN_CSV0000000000000732.csv,CAN_CSV0000000000000984.csv
CAN_CSV0000000000000732.csv,CAN_CSV0000000000001071.csv
CAN_CSV0000000000000732.csv,CAN_CSV0000000000000660.csv
CAN_CSV0000000000000732.csv,CAN_CSV0000000000013712.csv
CAN_CSV0000000000000732.csv,CAN_CSV0000000000000857.csv
CAN_CSV0000000000023436.csv,CAN_CSV0000000000001367.csv
CAN_CSV0000000000023436.csv,CAN_CSV0000000000027416.csv
CAN_CSV0000000000023436.csv,CAN_CSV0000000000017039.csv
CAN_CSV0000000000023436.csv,CAN_CSV0000000000015908.csv
CAN_CSV0000000000023436.csv,CAN_CSV0000000000020165.csv
CAN_CSV0000000000023436.csv,CAN_CSV0000000000016186.csv
CAN_CSV0000000000023436.csv,CAN_CSV0000000000020974.csv
CAN_CSV0000000000023436.csv,CAN_CSV0000000000002026.csv
CAN_CSV0000000000023436.csv,CAN_CSV0000000000003436.csv
CAN_CSV0000000000023436.csv,CAN_CSV0000000000019550.csv
CAN_CSV0000000000023436.csv,CAN_CSV0000000000026190.csv
CAN_CSV0000000000023436.csv,CAN_CSV0000000000009444.csv
CAN_CSV0000000000023436.csv,CAN_CSV0000000000025864.csv
CAN_CSV0000000000023436.csv,CAN_CSV0000000000001442.csv
CAN_CSV0000000000023436.csv,CAN_CSV0000000000016209.csv
CAN_CSV0000000000023436.csv,CAN_CSV0000000000001686.csv
CAN_CSV0000000000023436.csv,CAN_CSV0000000000021405.csv
CAN_CSV0000000000023436.csv,CAN_CSV0000000000022208.csv
CAN_CSV0000000000023436.csv,CAN_CSV0000000000022503.csv
CAN_CSV0000000000013008.csv,CAN_CSV0000000000001025.csv
CAN_CSV0000000000013008.csv,CAN_CSV0000000000013009.csv
CAN_CSV0000000000013008.csv,CAN_CSV0000000000001114.csv
CAN_CSV0000000000013008.csv,CAN_CSV0000000000015768.csv
CAN_CSV0000000000013008.csv,CAN_CSV0000000000000761.csv
CAN_CSV0000000000013008.csv,CAN_CSV0000000000013123.csv
CAN_CSV0000000000013008.csv,CAN_CSV0000000000027308.csv
CAN_CSV0000000000013008.csv,CAN_CSV0000000000012842.csv
CAN_CSV0000000000013008.csv,CAN_CSV0000000000013763.csv
CAN_CSV0000000000013008.csv,CAN_CSV0000000000001229.csv
CAN_CSV0000000000013008.csv,CAN_CSV0000000000000828.csv
CAN_CSV0000000000013008.csv,CAN_CSV0000000000000676.csv
CAN_CSV0000000000013008.csv,CAN_CSV0000000000012889.csv
CAN_CSV0000000000013008.csv,CAN_CSV0000000000000984.csv
CAN_CSV0000000000013008.csv,CAN_CSV0000000000001071.csv
CAN_CSV0000000000013008.csv,CAN_CSV0000000000000660.csv
CAN_CSV0000000000013008.csv,CAN_CSV0000000000013712.csv
CAN_CSV0000000000013008.csv,CAN_CSV0000000000000857.csv
CAN_CSV0000000000013008.csv,CAN_CSV0000000000000701.csv
CAN_CSV0000000000013008.csv,CAN_CSV0000000000000845.csv
CAN_CSV0000000000007014.csv,CAN_CSV0000000000000914.csv
CAN_CSV0000000000007014.csv,CAN_CSV0000000000006959.csv
CAN_CSV0000000000007014.csv,CAN_CSV0000000000006836.csv
CAN_CSV0000000000007014.csv,CAN_CSV0000000000006813.csv
CAN_CSV0000000000007014.csv,CAN_CSV0000000000006814.csv
CAN_CSV0000000000007014.csv,CAN_CSV0000000000012577.csv
CAN_CSV0000000000007014.csv,CAN_CSV0000000000006831.csv
CAN_CSV0000000000007014.csv,CAN_CSV0000000000012590.csv
CAN_CSV0000000000007014.csv,CAN_CSV0000000000012560.csv
CAN_CSV0000000000007014.csv,CAN_CSV0000000000000894.csv
CAN_CSV0000000000007014.csv,CAN_CSV0000000000006752.csv
CAN_CSV0000000000007014.csv,CAN_CSV0000000000006807.csv
CAN_CSV0000000000007014.csv,CAN_CSV0000000000012678.csv
CAN_CSV0000000000007014.csv,CAN_CSV0000000000006750.csv
CAN_CSV0000000000014052.csv,CAN_CSV0000000000001025.csv
CAN_CSV0000000000014052.csv,CAN_CSV0000000000013009.csv
CAN_CSV0000000000014052.csv,CAN_CSV0000000000001114.csv
CAN_CSV0000000000014052.csv,CAN_CSV0000000000015768.csv
CAN_CSV0000000000014052.csv,CAN_CSV0000000000000761.csv
CAN_CSV0000000000014052.csv,CAN_CSV0000000000013123.csv
CAN_CSV0000000000014052.csv,CAN_CSV0000000000027308.csv
CAN_CSV0000000000014052.csv,CAN_CSV0000000000012842.csv
CAN_CSV0000000000014052.csv,CAN_CSV0000000000013763.csv
CAN_CSV0000000000014052.csv,CAN_CSV0000000000001229.csv
CAN_CSV0000000000014052.csv,CAN_CSV0000000000000828.csv
CAN_CSV0000000000014052.csv,CAN_CSV0000000000000676.csv
CAN_CSV0000000000014052.csv,CAN_CSV0000000000012889.csv
CAN_CSV0000000000014052.csv,CAN_CSV0000000000000984.csv
CAN_CSV0000000000014052.csv,CAN_CSV0000000000001071.csv
CAN_CSV0000000000014052.csv,CAN_CSV0000000000000660.csv
CAN_CSV0000000000014052.csv,CAN_CSV0000000000013712.csv
CAN_CSV0000000000014052.csv,CAN_CSV0000000000000857.csv
CAN_CSV0000000000014052.csv,CAN_CSV0000000000000701.csv
CAN_CSV0000000000014052.csv,CAN_CSV0000000000000845.csv
CAN_CSV0000000000014052.csv,CAN_CSV0000000000027054.csv
CAN_CSV0000000000009256.csv,CAN_CSV0000000000021537.csv
CAN_CSV0000000000009256.csv,CAN_CSV0000000000002140.csv
CAN_CSV0000000000009256.csv,CAN_CSV0000000000017825.csv
CAN_CSV0000000000009256.csv,CAN_CSV0000000000020510.csv
CAN_CSV0000000000009256.csv,CAN_CSV0000000000016775.csv
CAN_CSV0000000000009256.csv,CAN_CSV0000000000001955.csv
CAN_CSV0000000000009256.csv,CAN_CSV0000000000001963.csv
CAN_CSV0000000000009256.csv,CAN_CSV0000000000008205.csv
CAN_CSV0000000000009256.csv,CAN_CSV0000000000022416.csv
CAN_CSV0000000000009256.csv,CAN_CSV0000000000001867.csv
CAN_CSV0000000000009256.csv,CAN_CSV0000000000021470.csv
CAN_CSV0000000000009256.csv,CAN_CSV0000000000022617.csv
CAN_CSV0000000000009256.csv,CAN_CSV0000000000025600.csv
CAN_CSV0000000000009256.csv,CAN_CSV0000000000011627.csv
CAN_CSV0000000000009256.csv,CAN_CSV0000000000021072.csv
CAN_CSV0000000000009256.csv,CAN_CSV0000000000027386.csv
CAN_CSV0000000000009256.csv,CAN_CSV0000000000001861.csv
CAN_CSV0000000000009256.csv,CAN_CSV0000000000027411.csv
CAN_CSV0000000000001636.csv,CAN_CSV0000000000001644.csv
CAN_CSV0000000000001636.csv,CAN_CSV0000000000001568.csv
CAN_CSV0000000000001636.csv,CAN_CSV0000000000001562.csv
CAN_CSV0000000000001636.csv,CAN_CSV0000000000002507.csv
CAN_CSV0000000000001636.csv,CAN_CSV0000000000002506.csv
CAN_CSV0000000000001636.csv,CAN_CSV0000000000001654.csv
CAN_CSV0000000000001636.csv,CAN_CSV0000000000002491.csv
CAN_CSV0000000000001636.csv,CAN_CSV0000000000002523.csv
CAN_CSV0000000000001636.csv,CAN_CSV0000000000002486.csv
CAN_CSV0000000000001636.csv,CAN_CSV0000000000002477.csv
CAN_CSV0000000000001636.csv,CAN_CSV0000000000001637.csv
CAN_CSV0000000000001636.csv,CAN_CSV0000000000002498.csv
CAN_CSV0000000000001636.csv,CAN_CSV0000000000002509.csv
CAN_CSV0000000000001636.csv,CAN_CSV0000000000001622.csv
CAN_CSV0000000000001636.csv,CAN_CSV0000000000001566.csv
CAN_CSV0000000000001636.csv,CAN_CSV0000000000002508.csv
CAN_CSV0000000000001636.csv,CAN_CSV0000000000001565.csv
CAN_CSV0000000000001636.csv,CAN_CSV0000000000001531.csv
CAN_CSV0000000000001636.csv,CAN_CSV0000000000001633.csv
CAN_CSV0000000000001636.csv,CAN_CSV0000000000001627.csv
CAN_CSV0000000000001636.csv,CAN_CSV0000000000001561.csv
CAN_CSV0000000000001636.csv,CAN_CSV0000000000001600.csv
CAN_CSV0000000000001636.csv,CAN_CSV0000000000001540.csv
CAN_CSV0000000000001636.csv,CAN_CSV0000000000002364.csv
CAN_CSV0000000000001636.csv,CAN_CSV0000000000001643.csv
CAN_CSV0000000000001636.csv,CAN_CSV0000000000001641.csv
CAN_CSV0000000000001636.csv,CAN_CSV0000000000001660.csv
CAN_CSV0000000000001636.csv,CAN_CSV0000000000002531.csv
CAN_CSV0000000000001636.csv,CAN_CSV0000000000002505.csv
CAN_CSV0000000000015762.csv,CAN_CSV0000000000001025.csv
CAN_CSV0000000000015762.csv,CAN_CSV0000000000013009.csv
CAN_CSV0000000000015762.csv,CAN_CSV0000000000001114.csv
CAN_CSV0000000000015762.csv,CAN_CSV0000000000015768.csv
CAN_CSV0000000000015762.csv,CAN_CSV0000000000000761.csv
CAN_CSV0000000000015762.csv,CAN_CSV0000000000013123.csv
CAN_CSV0000000000015762.csv,CAN_CSV0000000000027308.csv
CAN_CSV0000000000015762.csv,CAN_CSV0000000000012842.csv
CAN_CSV0000000000015762.csv,CAN_CSV0000000000013763.csv
CAN_CSV0000000000015762.csv,CAN_CSV0000000000001229.csv
CAN_CSV0000000000015762.csv,CAN_CSV0000000000000828.csv
CAN_CSV0000000000015762.csv,CAN_CSV0000000000000676.csv
CAN_CSV0000000000015762.csv,CAN_CSV0000000000012889.csv
CAN_CSV0000000000015762.csv,CAN_CSV0000000000000984.csv
CAN_CSV0000000000015762.csv,CAN_CSV0000000000001071.csv
CAN_CSV0000000000015762.csv,CAN_CSV0000000000000660.csv
CAN_CSV0000000000015762.csv,CAN_CSV0000000000013712.csv
CAN_CSV0000000000015762.csv,CAN_CSV0000000000000857.csv
CAN_CSV0000000000015762.csv,CAN_CSV0000000000000701.csv
CAN_CSV0000000000015762.csv,CAN_CSV0000000000000845.csv
CAN_CSV0000000000015762.csv,CAN_CSV0000000000027054.csv
CAN_CSV0000000000005783.csv,CAN_CSV0000000000000818.csv
CAN_CSV0000000000005783.csv,CAN_CSV0000000000000827.csv
CAN_CSV0000000000005783.csv,CAN_CSV0000000000005812.csv
CAN_CSV0000000000005783.csv,CAN_CSV0000000000005766.csv
CAN_CSV0000000000005783.csv,CAN_CSV0000000000005816.csv
CAN_CSV0000000000005783.csv,CAN_CSV0000000000005817.csv
CAN_CSV0000000000005783.csv,CAN_CSV0000000000007060.csv
CAN_CSV0000000000005783.csv,CAN_CSV0000000000000824.csv
CAN_CSV0000000000005783.csv,CAN_CSV0000000000000830.csv
CAN_CSV0000000000005783.csv,CAN_CSV0000000000005770.csv
CAN_CSV0000000000005783.csv,CAN_CSV0000000000005743.csv
CAN_CSV0000000000005783.csv,CAN_CSV0000000000000822.csv
CAN_CSV0000000000005783.csv,CAN_CSV0000000000005759.csv
CAN_CSV0000000000005783.csv,CAN_CSV0000000000000819.csv
CAN_CSV0000000000005783.csv,CAN_CSV0000000000000871.csv
CAN_CSV0000000000005783.csv,CAN_CSV0000000000005745.csv
CAN_CSV0000000000000634.csv,CAN_CSV0000000000001025.csv
CAN_CSV0000000000000634.csv,CAN_CSV0000000000013009.csv
CAN_CSV0000000000000634.csv,CAN_CSV0000000000001114.csv
CAN_CSV0000000000000634.csv,CAN_CSV0000000000015768.csv
CAN_CSV0000000000000634.csv,CAN_CSV0000000000000761.csv
CAN_CSV0000000000000634.csv,CAN_CSV0000000000013123.csv
CAN_CSV0000000000000634.csv,CAN_CSV0000000000027308.csv
CAN_CSV0000000000000634.csv,CAN_CSV0000000000012842.csv
CAN_CSV0000000000000634.csv,CAN_CSV0000000000013763.csv
CAN_CSV0000000000000634.csv,CAN_CSV0000000000001229.csv
CAN_CSV0000000000000634.csv,CAN_CSV0000000000000828.csv
CAN_CSV0000000000000634.csv,CAN_CSV0000000000000676.csv
CAN_CSV0000000000000634.csv,CAN_CSV0000000000012889.csv
CAN_CSV0000000000000634.csv,CAN_CSV0000000000000984.csv
CAN_CSV0000000000000634.csv,CAN_CSV0000000000001071.csv
CAN_CSV0000000000000634.csv,CAN_CSV0000000000000660.csv
CAN_CSV0000000000000634.csv,CAN_CSV0000000000013712.csv
CAN_CSV0000000000000634.csv,CAN_CSV0000000000000857.csv
CAN_CSV0000000000003274.csv,CAN_CSV0000000000026372.csv
CAN_CSV0000000000003274.csv,CAN_CSV0000000000022990.csv
CAN_CSV0000000000003274.csv,CAN_CSV0000000000008615.csv
CAN_CSV0000000000003274.csv,CAN_CSV0000000000021735.csv
CAN_CSV0000000000003274.csv,CAN_CSV0000000000009470.csv
CAN_CSV0000000000003274.csv,CAN_CSV0000000000025606.csv
CAN_CSV0000000000003274.csv,CAN_CSV0000000000017572.csv
CAN_CSV0000000000003274.csv,CAN_CSV0000000000019300.csv
CAN_CSV0000000000003274.csv,CAN_CSV0000000000015163.csv
CAN_CSV0000000000003274.csv,CAN_CSV0000000000017552.csv
CAN_CSV0000000000003274.csv,CAN_CSV0000000000023751.csv
CAN_CSV0000000000003274.csv,CAN_CSV0000000000020098.csv
CAN_CSV0000000000002295.csv,CAN_CSV0000000000001025.csv
CAN_CSV0000000000002295.csv,CAN_CSV0000000000013009.csv
CAN_CSV0000000000002295.csv,CAN_CSV0000000000001114.csv
CAN_CSV0000000000002295.csv,CAN_CSV0000000000015768.csv
CAN_CSV0000000000002295.csv,CAN_CSV0000000000000761.csv
CAN_CSV0000000000002295.csv,CAN_CSV0000000000013123.csv
CAN_CSV0000000000002295.csv,CAN_CSV0000000000027308.csv
CAN_CSV0000000000002295.csv,CAN_CSV0000000000012842.csv
CAN_CSV0000000000002295.csv,CAN_CSV0000000000013763.csv
CAN_CSV0000000000002295.csv,CAN_CSV0000000000001229.csv
CAN_CSV0000000000002295.csv,CAN_CSV0000000000000828.csv
CAN_CSV0000000000002295.csv,CAN_CSV0000000000000676.csv
CAN_CSV0000000000002295.csv,CAN_CSV0000000000012889.csv
CAN_CSV0000000000002295.csv,CAN_CSV0000000000000984.csv
CAN_CSV0000000000002295.csv,CAN_CSV0000000000001071.csv
CAN_CSV0000000000002295.csv,CAN_CSV0000000000000660.csv
CAN_CSV0000000000002295.csv,CAN_CSV0000000000013712.csv
CAN_CSV0000000000002295.csv,CAN_CSV0000000000000857.csv
CAN_CSV0000000000002295.csv,CAN_CSV0000000000000701.csv
CAN_CSV0000000000002295.csv,CAN_CSV0000000000000845.csv
CAN_CSV0000000000001018.csv,CAN_CSV0000000000001025.csv
CAN_CSV0000000000001018.csv,CAN_CSV0000000000013009.csv
CAN_CSV0000000000001018.csv,CAN_CSV0000000000001114.csv
CAN_CSV0000000000001018.csv,CAN_CSV0000000000015768.csv
CAN_CSV0000000000001018.csv,CAN_CSV0000000000000761.csv
CAN_CSV0000000000001018.csv,CAN_CSV0000000000013123.csv
CAN_CSV0000000000001018.csv,CAN_CSV0000000000027308.csv
CAN_CSV0000000000001018.csv,CAN_CSV0000000000012842.csv
CAN_CSV0000000000001018.csv,CAN_CSV0000000000013763.csv
CAN_CSV0000000000001018.csv,CAN_CSV0000000000001229.csv
CAN_CSV0000000000001018.csv,CAN_CSV0000000000000828.csv
CAN_CSV0000000000001018.csv,CAN_CSV0000000000000676.csv
CAN_CSV0000000000001018.csv,CAN_CSV0000000000012889.csv
CAN_CSV0000000000001018.csv,CAN_CSV0000000000000984.csv
CAN_CSV0000000000001018.csv,CAN_CSV0000000000001071.csv
CAN_CSV0000000000001018.csv,CAN_CSV0000000000000660.csv
CAN_CSV0000000000001018.csv,CAN_CSV0000000000013712.csv
CAN_CSV0000000000024695.csv,CAN_CSV0000000000019350.csv
CAN_CSV0000000000024695.csv,CAN_CSV0000000000008595.csv
CAN_CSV0000000000024695.csv,CAN_CSV0000000000025491.csv
CAN_CSV0000000000024695.csv,CAN_CSV0000000000019386.csv
CAN_CSV0000000000024695.csv,CAN_CSV0000000000016474.csv
CAN_CSV0000000000024695.csv,CAN_CSV0000000000021699.csv
CAN_CSV0000000000024695.csv,CAN_CSV0000000000014829.csv
CAN_CSV0000000000024695.csv,CAN_CSV0000000000020206.csv
CAN_CSV0000000000024695.csv,CAN_CSV0000000000026749.csv
CAN_CSV0000000000024695.csv,CAN_CSV0000000000025234.csv
CAN_CSV0000000000024695.csv,CAN_CSV0000000000020497.csv
CAN_CSV0000000000024695.csv,CAN_CSV0000000000024531.csv
CAN_CSV0000000000024695.csv,CAN_CSV0000000000025003.csv
CAN_CSV0000000000024695.csv,CAN_CSV0000000000016010.csv
CAN_CSV0000000000024695.csv,CAN_CSV0000000000025470.csv
CAN_CSV0000000000024695.csv,CAN_CSV0000000000010686.csv
CAN_CSV0000000000008165.csv,CAN_CSV0000000000008166.csv
CAN_CSV0000000000008165.csv,CAN_CSV0000000000025508.csv
CAN_CSV0000000000008165.csv,CAN_CSV0000000000024921.csv
CAN_CSV0000000000008165.csv,CAN_CSV0000000000018431.csv
CAN_CSV0000000000008165.csv,CAN_CSV0000000000008255.csv
CAN_CSV0000000000008165.csv,CAN_CSV0000000000019440.csv
CAN_CSV0000000000008165.csv,CAN_CSV0000000000008271.csv
CAN_CSV0000000000008165.csv,CAN_CSV0000000000008115.csv
CAN_CSV0000000000008165.csv,CAN_CSV0000000000019445.csv
CAN_CSV0000000000008165.csv,CAN_CSV0000000000008160.csv
CAN_CSV0000000000008165.csv,CAN_CSV0000000000001461.csv
CAN_CSV0000000000008165.csv,CAN_CSV0000000000022568.csv
CAN_CSV0000000000008165.csv,CAN_CSV0000000000022571.csv
CAN_CSV0000000000008165.csv,CAN_CSV0000000000001769.csv
CAN_CSV0000000000008165.csv,CAN_CSV0000000000001405.csv
CAN_CSV0000000000008165.csv,CAN_CSV0000000000024908.csv
CAN_CSV0000000000008165.csv,CAN_CSV0000000000001314.csv
CAN_CSV0000000000008165.csv,CAN_CSV0000000000008291.csv
CAN_CSV0000000000007676.csv,CAN_CSV0000000000007673.csv
CAN_CSV0000000000007676.csv,CAN_CSV0000000000007677.csv
CAN_CSV0000000000007676.csv,CAN_CSV0000000000007682.csv
CAN_CSV0000000000007676.csv,CAN_CSV0000000000007675.csv
CAN_CSV0000000000007676.csv,CAN_CSV0000000000007686.csv
CAN_CSV0000000000007676.csv,CAN_CSV0000000000007679.csv
CAN_CSV0000000000007676.csv,CAN_CSV0000000000007674.csv
CAN_CSV0000000000007676.csv,CAN_CSV0000000000007678.csv
CAN_CSV0000000000007676.csv,CAN_CSV0000000000007671.csv
CAN_CSV0000000000007676.csv,CAN_CSV0000000000007672.csv
CAN_CSV0000000000007676.csv,CAN_CSV0000000000007670.csv
CAN_CSV0000000000007676.csv,CAN_CSV0000000000007681.csv
CAN_CSV0000000000007676.csv,CAN_CSV0000000000007684.csv
CAN_CSV0000000000007676.csv,CAN_CSV0000000000007669.csv
CAN_CSV0000000000001090.csv,CAN_CSV0000000000001025.csv
CAN_CSV0000000000001090.csv,CAN_CSV0000000000013009.csv
CAN_CSV0000000000001090.csv,CAN_CSV0000000000001114.csv
CAN_CSV0000000000001090.csv,CAN_CSV0000000000015768.csv
CAN_CSV0000000000001090.csv,CAN_CSV0000000000000761.csv
CAN_CSV0000000000001090.csv,CAN_CSV0000000000013123.csv
CAN_CSV0000000000001090.csv,CAN_CSV0000000000027308.csv
CAN_CSV0000000000001090.csv,CAN_CSV0000000000012842.csv
CAN_CSV0000000000001090.csv,CAN_CSV0000000000013763.csv
CAN_CSV0000000000001090.csv,CAN_CSV0000000000001229.csv
CAN_CSV0000000000001090.csv,CAN_CSV0000000000000828.csv
CAN_CSV0000000000001090.csv,CAN_CSV0000000000000676.csv
CAN_CSV0000000000001090.csv,CAN_CSV0000000000012889.csv
CAN_CSV0000000000001090.csv,CAN_CSV0000000000000984.csv
CAN_CSV0000000000001090.csv,CAN_CSV0000000000001071.csv
CAN_CSV0000000000001090.csv,CAN_CSV0000000000000660.csv
CAN_CSV0000000000001090.csv,CAN_CSV0000000000013712.csv
CAN_CSV0000000000001090.csv,CAN_CSV0000000000000857.csv
CAN_CSV0000000000021131.csv,CAN_CSV0000000000024770.csv
CAN_CSV0000000000021131.csv,CAN_CSV0000000000023066.csv
CAN_CSV0000000000021131.csv,CAN_CSV0000000000019161.csv
CAN_CSV0000000000021131.csv,CAN_CSV0000000000009265.csv
CAN_CSV0000000000021131.csv,CAN_CSV0000000000010611.csv
CAN_CSV0000000000021131.csv,CAN_CSV0000000000004648.csv
CAN_CSV0000000000021131.csv,CAN_CSV0000000000022177.csv
CAN_CSV0000000000021131.csv,CAN_CSV0000000000026997.csv
CAN_CSV0000000000021131.csv,CAN_CSV0000000000016992.csv
CAN_CSV0000000000021131.csv,CAN_CSV0000000000024041.csv
CAN_CSV0000000000021131.csv,CAN_CSV0000000000003595.csv
CAN_CSV0000000000021131.csv,CAN_CSV0000000000021070.csv
CAN_CSV0000000000021131.csv,CAN_CSV0000000000009726.csv
CAN_CSV0000000000021131.csv,CAN_CSV0000000000021102.csv
CAN_CSV0000000000021131.csv,CAN_CSV0000000000024866.csv
CAN_CSV0000000000021131.csv,CAN_CSV0000000000015295.csv
CAN_CSV0000000000021131.csv,CAN_CSV0000000000026380.csv
CAN_CSV0000000000003595.csv,CAN_CSV0000000000021131.csv
CAN_CSV0000000000003595.csv,CAN_CSV0000000000024770.csv
CAN_CSV0000000000003595.csv,CAN_CSV0000000000023066.csv
CAN_CSV0000000000003595.csv,CAN_CSV0000000000019161.csv
CAN_CSV0000000000003595.csv,CAN_CSV0000000000009265.csv
CAN_CSV0000000000003595.csv,CAN_CSV0000000000010611.csv
CAN_CSV0000000000003595.csv,CAN_CSV0000000000009120.csv
CAN_CSV0000000000003595.csv,CAN_CSV0000000000004648.csv
CAN_CSV0000000000003595.csv,CAN_CSV0000000000022177.csv
CAN_CSV0000000000003595.csv,CAN_CSV0000000000026997.csv
CAN_CSV0000000000003595.csv,CAN_CSV0000000000016992.csv
CAN_CSV0000000000003595.csv,CAN_CSV0000000000024041.csv
CAN_CSV0000000000003595.csv,CAN_CSV0000000000021070.csv
CAN_CSV0000000000003595.csv,CAN_CSV0000000000009726.csv
CAN_CSV0000000000003595.csv,CAN_CSV0000000000021102.csv
CAN_CSV0000000000003595.csv,CAN_CSV0000000000024866.csv
CAN_CSV0000000000003595.csv,CAN_CSV0000000000015295.csv
CAN_CSV0000000000003595.csv,CAN_CSV0000000000017787.csv
CAN_CSV0000000000003595.csv,CAN_CSV0000000000017606.csv
CAN_CSV0000000000003595.csv,CAN_CSV0000000000010608.csv
CAN_CSV0000000000022798.csv,CAN_CSV0000000000003356.csv
CAN_CSV0000000000022798.csv,CAN_CSV0000000000012108.csv
CAN_CSV0000000000022798.csv,CAN_CSV0000000000020036.csv
CAN_CSV0000000000022798.csv,CAN_CSV0000000000023602.csv
CAN_CSV0000000000022798.csv,CAN_CSV0000000000016370.csv
CAN_CSV0000000000022798.csv,CAN_CSV0000000000008699.csv
CAN_CSV0000000000022798.csv,CAN_CSV0000000000021927.csv
CAN_CSV0000000000022798.csv,CAN_CSV0000000000010499.csv
CAN_CSV0000000000022798.csv,CAN_CSV0000000000001895.csv
CAN_CSV0000000000022798.csv,CAN_CSV0000000000016296.csv
CAN_CSV0000000000022798.csv,CAN_CSV0000000000026441.csv
CAN_CSV0000000000022798.csv,CAN_CSV0000000000007299.csv
CAN_CSV0000000000022798.csv,CAN_CSV0000000000010464.csv
CAN_CSV0000000000022798.csv,CAN_CSV0000000000003100.csv
CAN_CSV0000000000022798.csv,CAN_CSV0000000000015899.csv
CAN_CSV0000000000001185.csv,CAN_CSV0000000000001025.csv
CAN_CSV0000000000001185.csv,CAN_CSV0000000000013009.csv
CAN_CSV0000000000001185.csv,CAN_CSV0000000000001114.csv
CAN_CSV0000000000001185.csv,CAN_CSV0000000000015768.csv
CAN_CSV0000000000001185.csv,CAN_CSV0000000000000761.csv
CAN_CSV0000000000001185.csv,CAN_CSV0000000000013123.csv
CAN_CSV0000000000001185.csv,CAN_CSV0000000000027308.csv
CAN_CSV0000000000001185.csv,CAN_CSV0000000000012842.csv
CAN_CSV0000000000001185.csv,CAN_CSV0000000000013763.csv
CAN_CSV0000000000001185.csv,CAN_CSV0000000000001229.csv
CAN_CSV0000000000001185.csv,CAN_CSV0000000000000828.csv
CAN_CSV0000000000001185.csv,CAN_CSV0000000000000676.csv
CAN_CSV0000000000001185.csv,CAN_CSV0000000000012889.csv
CAN_CSV0000000000001185.csv,CAN_CSV0000000000000984.csv
CAN_CSV0000000000001185.csv,CAN_CSV0000000000001071.csv
CAN_CSV0000000000001185.csv,CAN_CSV0000000000000660.csv
CAN_CSV0000000000001185.csv,CAN_CSV0000000000013712.csv
CAN_CSV0000000000001185.csv,CAN_CSV0000000000000857.csv
CAN_CSV0000000000001185.csv,CAN_CSV0000000000000701.csv
CAN_CSV0000000000001185.csv,CAN_CSV0000000000000845.csv
CAN_CSV0000000000001857.csv,CAN_CSV0000000000008055.csv
CAN_CSV0000000000001857.csv,CAN_CSV0000000000019127.csv
CAN_CSV0000000000001857.csv,CAN_CSV0000000000001998.csv
CAN_CSV0000000000001857.csv,CAN_CSV0000000000004427.csv
CAN_CSV0000000000001857.csv,CAN_CSV0000000000002088.csv
CAN_CSV0000000000001857.csv,CAN_CSV0000000000021150.csv
CAN_CSV0000000000001857.csv,CAN_CSV0000000000001406.csv
CAN_CSV0000000000001857.csv,CAN_CSV0000000000027420.csv
CAN_CSV0000000000001857.csv,CAN_CSV0000000000002097.csv
CAN_CSV0000000000001857.csv,CAN_CSV0000000000027338.csv
CAN_CSV0000000000001857.csv,CAN_CSV0000000000001967.csv
CAN_CSV0000000000014315.csv,CAN_CSV0000000000015731.csv
CAN_CSV0000000000014315.csv,CAN_CSV0000000000005245.csv
CAN_CSV0000000000014315.csv,CAN_CSV0000000000015703.csv
CAN_CSV0000000000014315.csv,CAN_CSV0000000000014313.csv
CAN_CSV0000000000014315.csv,CAN_CSV0000000000013368.csv
CAN_CSV0000000000014315.csv,CAN_CSV0000000000005882.csv
CAN_CSV0000000000014315.csv,CAN_CSV0000000000001181.csv
CAN_CSV0000000000014315.csv,CAN_CSV0000000000014060.csv
CAN_CSV0000000000014315.csv,CAN_CSV0000000000002297.csv
CAN_CSV0000000000014315.csv,CAN_CSV0000000000001180.csv
CAN_CSV0000000000014315.csv,CAN_CSV0000000000015712.csv
CAN_CSV0000000000014315.csv,CAN_CSV0000000000014462.csv
CAN_CSV0000000000014315.csv,CAN_CSV0000000000000736.csv
CAN_CSV0000000000014315.csv,CAN_CSV0000000000013890.csv
CAN_CSV0000000000014315.csv,CAN_CSV0000000000004971.csv
CAN_CSV0000000000014315.csv,CAN_CSV0000000000015617.csv
CAN_CSV0000000000014315.csv,CAN_CSV0000000000001231.csv
CAN_CSV0000000000014315.csv,CAN_CSV0000000000014316.csv
CAN_CSV0000000000014315.csv,CAN_CSV0000000000001233.csv
CAN_CSV0000000000014315.csv,CAN_CSV0000000000005045.csv
CAN_CSV0000000000014315.csv,CAN_CSV0000000000001227.csv
CAN_CSV0000000000014315.csv,CAN_CSV0000000000014319.csv
CAN_CSV0000000000014315.csv,CAN_CSV0000000000027219.csv
CAN_CSV0000000000014315.csv,CAN_CSV0000000000001230.csv
CAN_CSV0000000000014315.csv,CAN_CSV0000000000014314.csv
CAN_CSV0000000000014315.csv,CAN_CSV0000000000001221.csv
CAN_CSV0000000000014315.csv,CAN_CSV0000000000001213.csv
CAN_CSV0000000000014315.csv,CAN_CSV0000000000001223.csv
CAN_CSV0000000000014315.csv,CAN_CSV0000000000001209.csv
CAN_CSV0000000000014315.csv,CAN_CSV0000000000001217.csv
CAN_CSV0000000000014315.csv,CAN_CSV0000000000001215.csv
CAN_CSV0000000000014315.csv,CAN_CSV0000000000001222.csv
CAN_CSV0000000000014315.csv,CAN_CSV0000000000001236.csv
CAN_CSV0000000000014315.csv,CAN_CSV0000000000001232.csv
CAN_CSV0000000000013788.csv,CAN_CSV0000000000001025.csv
CAN_CSV0000000000013788.csv,CAN_CSV0000000000013009.csv
CAN_CSV0000000000013788.csv,CAN_CSV0000000000001114.csv
CAN_CSV0000000000013788.csv,CAN_CSV0000000000015768.csv
CAN_CSV0000000000013788.csv,CAN_CSV0000000000000761.csv
CAN_CSV0000000000013788.csv,CAN_CSV0000000000013123.csv
CAN_CSV0000000000013788.csv,CAN_CSV0000000000027308.csv
CAN_CSV0000000000013788.csv,CAN_CSV0000000000012842.csv
CAN_CSV0000000000013788.csv,CAN_CSV0000000000013763.csv
CAN_CSV0000000000013788.csv,CAN_CSV0000000000001229.csv
CAN_CSV0000000000013788.csv,CAN_CSV0000000000000828.csv
CAN_CSV0000000000013788.csv,CAN_CSV0000000000000676.csv
CAN_CSV0000000000013788.csv,CAN_CSV0000000000012889.csv
CAN_CSV0000000000013788.csv,CAN_CSV0000000000000984.csv
CAN_CSV0000000000013788.csv,CAN_CSV0000000000001071.csv
CAN_CSV0000000000013788.csv,CAN_CSV0000000000000660.csv
CAN_CSV0000000000013788.csv,CAN_CSV0000000000013712.csv
CAN_CSV0000000000013788.csv,CAN_CSV0000000000000857.csv
CAN_CSV0000000000013788.csv,CAN_CSV0000000000000701.csv
