country_tag,type,difficulty,success,r_rsc_id,s_rsc_id,r_pkg_id,s_pkg_id,r_rsc_name,s_rsc_name,r_col_name,s_col_name,sql,nl,sql_success,sql_time,sql_n_rev,sql_review,sql_intok,sql_outok,nl_time,nl_n_rev,nl_review,nl_intok,nl_outok,tot_time
UK,single-table,simple,true,daabf87c-ac22-49c7-8812-8dd59ddc25a0,,4971bfb5-310b-464a-b557-8cf84038b46c,,Natura2000-tranche50-designations.csv,,,,SELECT * FROM R WHERE country_code = 'e';,"Could you show me the details of Natura 2000 sites in England, including their designation types and any associated protected area statuses?",success,4.733,0,,1283,231,6.028,0,,2522,146,10.761
UK,single-table,simple,true,17059225-f673-41ba-9224-c2a6722b9216,,f24c1e1c-f20f-4e31-979e-db929771bdaf,,"",,,,"SELECT species, COUNT(*) AS number_of_tests FROM R WHERE year_test_approved = 2012 GROUP BY species;",How many different tests were conducted on each type of bird in 2012 as part of the statutory exotic viruses research by the Animal and Plant Health Agency?,success,5.612,0,,1503,261,5.653,0,,1812,162,11.265
UK,single-table,simple,true,e27296d6-0d62-4f95-84cb-7efb9b43ec01,,ea639e00-f6af-4f7f-926b-9c7530350015,,,,,,"SELECT department_family, entity FROM R WHERE expense_type = 'hospitalty';","Which departments and entities within the Ministry of Housing, Communities and Local Government have incurred hospitality expenses?",success,6.682,0,,1818,281,4.498,0,,1700,130,11.18
UK,multi-table-join,moderate,true,d996bf42-fabe-4236-93b1-df4402ef3f39,b5b04166-cee5-4472-8fc1-57bee087f39a,87e88687-e6f8-4710-b32b-1b11665e206a,dd2a5b45-9849-47be-89b1-6d41e40c05e7,,,generic_job_title,generic_job_title,"SELECT R.generic_job_title, AVG(R.payscale_minimum__a_) AS avg_min_salary_R, AVG(S.payscale_maximum__a_) AS avg_max_salary_S FROM R JOIN S ON R.generic_job_title = S.generic_job_title GROUP BY R.generic_job_title","What are the average minimum salaries at the Veterinary Medicines Directorate and the average maximum salaries at the Department for Environment, Food and Rural Affairs for the same job titles?",success,8.226,0,,2968,294,7.228,0,,3435,172,15.454
UK,single-table,challenging,true,e67b73ea-884b-42e6-bfdc-6f327dac6f90,,fff4cc89-d266-42dd-a9e3-9877db1e05fc,,,,,,"WITH RankedPosts AS ( SELECT *, ROW_NUMBER() OVER (PARTITION BY ""parent_department"" ORDER BY ""actual_pay_ceiling__a_"" DESC) as rn FROM R ) SELECT * FROM RankedPosts WHERE rn = 1;",Who holds the highest paying position in each parent department within the Ministry of Defence based on the actual pay ceiling?,success,7.197,0,,2719,267,5.935,0,,2644,151,13.132
UK,single-table,moderate,true,145598cc-ca1c-4eb5-ae01-c6a3d7f513e6,,fd6b5da5-0398-487d-8886-f60f83872333,,CSV,,,,"SELECT ""lep17_nm1"", COUNT(*) as count FROM R GROUP BY ""lep17_nm1"" ORDER BY count DESC LIMIT 1",Which Local Enterprise Partnership in England has the highest number of associated Lower Layer Super Output Areas according to the best fit lookup as of April 2017?,success,23.624,2,,4230,1014,8.172,0,,3663,177,31.796
UK,multi-table-join,challenging,true,e1140797-2771-41d1-9d39-6f8332772b6d,fdd27ce0-2a54-45dd-9a15-5a8593b51b38,65786ddd-819e-4cf1-b6c5-311313f8db73,f1092221-b5b3-4a96-ab03-51e88176c6d4,"","",county,unnamed:_0,"SELECT R.county, AVG(R.number_of_births) AS avg_births, MAX(CAST(S.""number_of_animals"" AS INTEGER)) AS max_animals FROM R JOIN S ON R.county = S.""unnamed:_0"" GROUP BY R.county HAVING COUNT(*) > 1 ORDER BY avg_births DESC","Which Scottish counties had more than one birth application for non-dairy cattle in December 2015, and what were the average number of births and the maximum number of animals registered per county? Please list them starting with the highest average number of births.",success,7.814,0,,2265,313,7.634,0,,2868,199,15.448
UK,single-table,simple,true,f1b23ce6-b985-463c-951b-fcd0ff9c3329,,bd104e33-9ef3-41c9-b45c-b9f96cbc3a20,,CSV,,,,"SELECT ""wd16_nm"", ""lad16_nm"" FROM R WHERE ""wd16_nm"" = 'monk fryston' AND ""lad16_nm"" = 'selby';",What is the ward name and local authority district name where the ward name is 'monk fryston' and the local authority district name is 'selby'?,success,30.609,3,,5171,1312,6.988,0,,3571,138,37.597
UK,single-table,challenging,true,ed53f68e-ba45-4af7-a0ca-850d01159bb9,,6e2333b8-d8cb-464f-b8b6-ff9f032f7100,,CSV,,,,"WITH RankedAreas AS ( SELECT ifid, lad14_nm, shape__area, ROW_NUMBER() OVER (ORDER BY shape__area DESC) as area_rank FROM R ) SELECT ifid, lad14_nm, shape__area FROM RankedAreas WHERE area_rank <= 5;","Which five local authority districts in Great Britain had the largest areas as of December 2014, according to the boundaries provided by the Office for National Statistics?",success,6.594,0,,1597,278,7.713,0,,3658,159,14.307
UK,single-table,moderate,true,d99e4fc9-c50b-4b6d-b9af-889319662cfd,,60c26934-ac70-4a77-86c0-de317a02a68d,,"",,,,"SELECT species_class, COUNT(*) AS number_of_species FROM R GROUP BY species_class",How many distinct avian species were tested in each class at the Animal and Plant Health Agency’s laboratories in 2013?,success,4.406,0,,1199,223,17.443,2,,5554,512,21.849
UK,single-table,moderate,true,ddddb36d-e89d-4e2d-b8f1-54dd39d630b7,,89c33424-e918-4968-9560-5b4bcc16bfe3,,2022-06-30 Organogram (Junior),,,,"SELECT SUM(""payscale_minimum__a_"" + ""payscale_maximum__a_"") / 2 AS average_salary, ""office_region"" FROM R WHERE ""grade"" = 'grade 7' AND ""generic_job_title"" LIKE '%engineering and science%' GROUP BY ""office_region"";",What is the average salary for Grade 7 positions in engineering and science roles across different office regions within the Head Office and Corporate Services of the Ministry of Defence?,success,26.075,2,,4948,1140,5.385,0,,2033,148,31.46
UK,single-table,challenging,true,4c918a8e-9d90-4175-8419-63c47a55c317,,f13d7a3d-5ad1-49dd-8ea4-8169e07a5704,,CSV,,,,"WITH RankedRegions AS ( SELECT ""rgn20_nm"", COUNT(""fid"") AS ""region_count"", ROW_NUMBER() OVER (PARTITION BY ""ctry20_nm"" ORDER BY COUNT(""fid"") DESC) AS ""rank"" FROM R GROUP BY ""rgn20_nm"", ""ctry20_nm"" ) SELECT * FROM RankedRegions WHERE ""rank"" = 1;","According to the Office for National Statistics' December 2020 administrative boundaries lookup, which region has the highest number of wards within each country in the United Kingdom?",success,7.469,0,,1814,310,8.183,0,,4539,139,15.652000000000001
UK,single-table,simple,true,d262630c-d22b-4659-a552-2735223a9186,,736da925-f409-49b8-99c8-6ea7a57641d0,,2022-03-31 Organogram (Senior),,,,"SELECT name, job_title FROM R WHERE organisation = 'home office';",What are the names and job titles of individuals working within the Home Office?,success,6.317,0,,2518,238,12.485,1,,5536,301,18.802
UK,single-table,moderate,true,e96e43bd-1ea4-4d09-8d09-ec27cfc3110c,,89c33424-e918-4968-9560-5b4bcc16bfe3,,2022-10-31 Organogram (Junior),,,,"SELECT organisation, COUNT(*) AS number_of_units FROM R GROUP BY organisation ORDER BY number_of_units DESC;","How many units does each organization within the Head Office and Corporate Services have, ordered from most to least units?",success,6.219,0,,1678,253,5.889,0,,1937,162,12.108
UK,single-table,challenging,true,f9c5071c-c159-4fe8-afb4-1f50020ddb9f,,f95c431d-b1ee-48bc-bdb8-d87b0e871751,,2022-12-31 Organogram (Junior),,,,"WITH RankedPosts AS ( SELECT *, ROW_NUMBER() OVER (PARTITION BY ""organisation"", ""generic_job_title"" ORDER BY ""payscale_maximum__a_"" DESC) as rn FROM R ) SELECT * FROM RankedPosts WHERE rn = 1;","Which job titles in the Valuation Office Agency have the highest maximum pay scales within each organizational unit, and what are their corresponding regions and grades?",success,6.206,0,,1906,273,5.435,0,,2213,151,11.641
UK,single-table,moderate,true,f57a9ff2-aa84-4729-aeff-ac0de2383182,,736da925-f409-49b8-99c8-6ea7a57641d0,,,,,,"SELECT parent_department, COUNT(*) AS number_of_posts FROM R GROUP BY parent_department ORDER BY number_of_posts DESC;",Which department within the Home Office has the most posts according to their organizational chart?,success,7.119,0,,2655,265,5.135,0,,2802,118,12.254
UK,single-table,moderate,true,1c71947e-9cb8-4aaf-82c1-b444a7229fec,,736da925-f409-49b8-99c8-6ea7a57641d0,,,,,,"SELECT ""organisation"", AVG(""payscale_maximum__a_"") AS avg_max_payscale FROM R GROUP BY ""organisation"" HAVING COUNT(*) > 1;",What is the average maximum pay scale for each department within the Home Office that has more than one position listed?,success,14.029,1,,3000,661,5.584,0,,1931,163,19.613
UK,single-table,challenging,true,5f5c9494-b5a4-4710-a4df-e2e709e77d33,,fff4cc89-d266-42dd-a9e3-9877db1e05fc,,2022-10-29 Organogram (Junior),,,,"WITH RankedJobs AS ( SELECT *, ROW_NUMBER() OVER (PARTITION BY ""generic_job_title"" ORDER BY ""payscale_maximum__a_"" DESC) as rn FROM R ) SELECT * FROM RankedJobs WHERE rn = 1","For each job title within the Defence Infrastructure Organisation's organogram from 2022-10-29, which position has the highest maximum pay scale?",success,6.64,0,,1910,274,5.833,0,,2043,159,12.472999999999999
UK,single-table,moderate,true,a6d87913-41bc-4bb7-8cdc-e8242f017dab,,7a02d1d9-6e8d-46ad-8717-aeec1e1877c5,,CSV,,,,"SELECT pfa17nm, COUNT(*) AS area_count FROM R GROUP BY pfa17nm ORDER BY SUM(shape__area) DESC;","Which police force areas in England and Wales, as of December 2017, cover the largest total area, and how many distinct areas are there for each?",success,28.184,3,,6612,1176,8.401,0,,3940,174,36.585
UK,single-table,challenging,true,e96e43bd-1ea4-4d09-8d09-ec27cfc3110c,,89c33424-e918-4968-9560-5b4bcc16bfe3,,2022-10-31 Organogram (Junior),,,,"WITH RankedPosts AS ( SELECT *, ROW_NUMBER() OVER (PARTITION BY office_region ORDER BY payscale_maximum__a_ DESC) as rank FROM R ) SELECT * FROM RankedPosts WHERE rank = 1;",What are the highest paying roles in each office region for the Head Office and Corporate Services at the Ministry of Defence?,success,6.508,0,,1799,264,5.739,0,,2028,156,12.247
UK,single-table,simple,true,2013c2bd-3e64-40d2-8d30-d32514d005eb,,d67f7b1b-89f3-47a6-95a4-5f7c240c4874,,Contracts Finder OCDS 2024-09-26,,,,"SELECT uri, published_date FROM R WHERE version = 1.1",Can you show me the links and publication dates for Contracts Finder notices that use version 1.1 of the Open Contracting Data Standard?,success,7.26,0,,3485,239,6.591,0,,3358,145,13.850999999999999
UK,multi-table-join,challenging,true,d996bf42-fabe-4236-93b1-df4402ef3f39,b5b04166-cee5-4472-8fc1-57bee087f39a,87e88687-e6f8-4710-b32b-1b11665e206a,dd2a5b45-9849-47be-89b1-6d41e40c05e7,,,generic_job_title,generic_job_title,"SELECT R.""generic_job_title"", COUNT(DISTINCT R.""organisation"") AS unique_organisations_in_R, COUNT(DISTINCT S.""organisation"") AS unique_organisations_in_S FROM R JOIN S ON R.""generic_job_title"" = S.""generic_job_title"" GROUP BY R.""generic_job_title""","Which job titles are shared between staff at the Veterinary Medicines Directorate and the Department for Environment, Food and Rural Affairs, and how many unique organizations within each department hold those positions?",success,42.611,3,,10455,1649,6.461,0,,3460,144,49.071999999999996
UK,single-table,moderate,true,b9305ee6-edfd-46a9-b3ee-16753b650a9a,,5dcf1a8e-4bad-4d9c-b90b-41f1a3dce03b,,,,,,"SELECT ""organisation"", ""unit"", COUNT(*) AS number_of_units FROM R GROUP BY ""organisation"", ""unit"" ORDER BY number_of_units DESC;","Which units within each organisation in the Ministry of Defence have the most roles, and how many roles do they have?",success,15.283,1,,3394,643,5.855,0,,2312,154,21.137999999999998
UK,multi-table-join,challenging,true,e8b18ad8-91b8-49d2-be61-9ef5c6aaa66a,af83d357-7270-42e9-b033-1916242e3c49,37a1a24b-5934-4617-beae-ebd90f7793cd,d75f8904-5ebc-45de-b81d-e113c7bd1998,CSV,CSV,lau125_nm,lad23_nm,"SELECT R.lau125_nm, AVG(S.shape__area) as avg_area FROM R JOIN S ON R.lau125_nm = S.lad23_nm GROUP BY R.lau125_nm ORDER BY avg_area DESC;",Which local administrative units level 1 in the UK as of January 2025 have the largest average area based on their corresponding Local Authority Districts boundaries from December 2023? Please list them in descending order of average area.,success,46.94,3,,9311,1638,11.232,0,,5957,177,58.172
UK,multi-table-join,simple,true,f40016fc-b605-4ea0-a634-3be841abb909,90cfa9b2-3e53-4eb4-b267-ebce6026a67a,a62d9c58-4fd2-4dba-a7bb-523415f040a0,5359dd6e-64ad-49f8-9dda-3dc740f95635,2022-06-30 Organogram (Junior),2024-01-25 Organogram (Junior),grade,grade,"SELECT R.grade, R.generic_job_title AS job_title_in_R, S.generic_job_title AS job_title_in_S FROM R JOIN S ON R.grade = S.grade",Which job titles in Air Command and Strategic Command have the same grade level within the Ministry of Defence?,success,7.472,0,,2892,263,6.284,0,,3131,136,13.756
UK,single-table,simple,true,dd58a323-d8d2-4aa2-a840-1e7f58b1a4fe,,04427362-663e-49e0-9103-8bc01dcaa2c7,,DHSC 2022-03-31 Organogram (Senior),,,,"SELECT name, job_title FROM R WHERE organisation = 'department of health and social care';",Can you provide the names and job titles of individuals who work at the Department of Health and Social Care?,success,5.492,0,,2483,210,5.825,0,,2870,132,11.317
UK,single-table,simple,true,eb18eeb7-213f-48b4-86cc-b09a89ec5b67,,3bbde6f7-4c7a-4704-82f6-9622e0249f3d,,Contracts Finder OCDS 2024-10-02,,,,"SELECT uri, published_date FROM R WHERE version = 1.1",Can you show me the URLs and publication dates of the Contracts Finder notices that use version 1.1 of the Open Contracting Data Standard?,success,7.291,0,,3472,237,6.645,0,,3341,146,13.936
UK,single-table,simple,true,de364786-9d96-4ae6-b343-61c09452e328,,ce58a8e5-bad4-43e0-8008-267f8817a458,,,,,,SELECT * FROM R WHERE grade = 'grade 6';,"In the Identity & Passport Service’s organizational chart (organogram), which roles are designated with Grade 6?",success,5.621,0,,1603,251,16.998,2,,5767,492,22.619
UK,multi-table-union,simple,true,fb470fbf-72d6-49d8-a2b7-6264725a1571,dc4b8b4a-010b-4421-b748-2323cd55745c,bba6c748-6023-4b57-a169-b0ac8f0eed15,7920b8ad-ad68-46cb-b82f-7147d8fd7b39,CSV,CSV,y1930s,y1904,"SELECT ""y"", ""y1980s"", ""y1990s"", ""current_us"", ""y1950s"", ""ih_history"", ""y_coordina"", ""ix"", ""x_coordina"", ""y1970s"", ""post_town"", ""objectid"", ""y1904"", ""dbid"", ""site_id"", ""y1930s"", ""address_1"", ""descriptio"", ""y1960s"", ""id"" FROM R UNION SELECT ""y"", ""y1980s"", ""y1990s"", ""current_us"", ""y1950s"", ""ih_history"", ""y_coordina"", ""ix"", ""x_coordina"", ""y1970s"", ""post_town"", ""objectid"", ""y1904"", ""dbid"", ""site_id"", ""y1930s"", ""address_1"", ""descriptio"", ""y1960s"", ""id"" FROM S","Could you provide detailed information on industrial sites in Northern Ireland, including their coordinates (x and y), historical uses from different decades such as the 1980s and 1990s, current usage, descriptions of the site's history, post towns, object identifiers, database IDs, site IDs, addresses, and details from other relevant periods like the 1950s, 1960s, 1970s, and early 1900s? I'm interested in understanding how these sites have evolved over time.",success,10.223,0,,978,491,60.75,3,,30369,950,70.973
UK,single-table,moderate,true,f5582630-5645-4df8-a6a3-bf36a85d675a,,708572e1-7cb8-4907-bfa3-7c1a0c2dc3dc,,CSV,,,,"SELECT ""lad16_nm"", AVG(""shape__length"") AS avg_shape_length FROM R GROUP BY ""lad16_nm""",What is the average boundary length for each Local Authority District in the UK as of December 2016 according to the Office for National Statistics data?,success,21.175,2,,5166,882,7.727,0,,4297,138,28.902
UK,multi-table-join,simple,true,fbfe8cdf-e5f9-428b-a3ad-aae566cf21f1,269a2257-a3fa-47a6-b6d2-d429d18a5345,91ba4016-b143-4c92-b899-121fd760f742,5d21756f-35d2-48a7-b381-f27643659c1f,,2019-09-30 Organogram (Junior),grade,grade,"SELECT R.parent_department, S.organisation FROM R JOIN S ON R.grade = S.grade LIMIT 5;",How do the parent departments of Rural Payments Agency compare with the organisations in Department for International Development for roles that share the same grade? Please provide details for five such comparisons.,success,7.245,0,,2744,268,6.458,0,,3137,145,13.703
UK,single-table,challenging,true,d3096580-5e22-4898-b2cd-33853184607f,,4940dcb0-49cc-4a66-844c-2c813b66f27c,,,,,,"WITH DepartmentSalaryStats AS ( SELECT parent_department, AVG(payscale_maximum__a_ - payscale_minimum__a_) AS avg_salary_range, COUNT(*) AS number_of_posts FROM R GROUP BY parent_department ) SELECT ds.parent_department, ds.avg_salary_range, ds.number_of_posts, ROW_NUMBER() OVER (ORDER BY ds.avg_salary_range DESC) AS salary_rank FROM DepartmentSalaryStats ds;","What is the average salary range for different departments within the Forestry Commission, and how do these departments rank based on their average salary ranges?",success,16.969,1,,3174,713,6.575,0,,2039,192,23.544
UK,multi-table-join,simple,true,e8b18ad8-91b8-49d2-be61-9ef5c6aaa66a,af83d357-7270-42e9-b033-1916242e3c49,37a1a24b-5934-4617-beae-ebd90f7793cd,d75f8904-5ebc-45de-b81d-e113c7bd1998,CSV,CSV,lau125_nm,lad23_nm,"SELECT R.ilau125_cd, R.lau125_nm, S.ifid, S.lad23_cd FROM R JOIN S ON R.lau125_nm = S.lad23_nm;",Which local administrative units level 1 codes and names from January 2025 match with their corresponding IDs and Local Authority District codes from December 2023 boundaries in the UK?,success,7.664,0,,2337,267,11.295,0,,5934,171,18.959
UK,multi-table-join,moderate,true,d79b3207-b7e1-4204-981e-b70e3e4e162c,c624c1d2-2142-4419-bb6b-e8dffed29101,92f6d480-8b99-4136-bd0d-ff8055dbbadc,734ab211-f439-4306-8769-cc4098914082,CSV,CSV,rgn11_cd,rgn19_cd,"SELECT R.""rgn11_nm"", COUNT(DISTINCT R.""lad17_cd"") AS ""unique_local_authorities"" FROM R INNER JOIN S ON R.""rgn11_cd"" = S.""rgn19_cd"" GROUP BY R.""rgn11_nm""","How many unique local authorities are associated with each region in Great Britain as of December 2017, considering the relationship between regions from the Workplace Zone to Middle Layer Super Output Area to Local Authority District Lookup (2011-2017) and the regions from the Covid Infection Survey Geography to Regions lookup for the UK (2020)?",success,8.609,0,,2921,298,13.094,0,,7243,189,21.703
UK,single-table,simple,true,fb02a8ef-21d4-4529-83dc-e294d80d4d3f,,81769fb1-3737-4f02-a333-c12ad841854e,,,,,,"SELECT name, job_title FROM R WHERE organisation = 'the pensions regulator';",Could you show me the names and job titles of individuals who work at The Pensions Regulator?,success,5.239,0,,2370,208,5.96,0,,2537,150,11.199
UK,single-table,moderate,true,ddb4a905-ede9-42c4-a82a-7d503c5ef370,,bd294ec3-4ddc-4d8a-9522-7a3033a7611b,,2022-03-31 Organogram (Junior),,,,"SELECT organisation, COUNT(*) AS number_of_units FROM R GROUP BY organisation ORDER BY number_of_units DESC;","Which organizations within the Department for Business, Energy and Industrial Strategy have the most units, and how many units do they have?",success,5.791,0,,1756,251,5.474,0,,2234,147,11.265
UK,single-table,moderate,true,d880eb6a-31fe-45ce-9cb8-09df7b9c5b37,,65e60625-1ec1-4ab0-a450-6f460aaf014f,,,,,,"SELECT organisation, COUNT(*) AS number_of_units FROM R GROUP BY organisation;",How many units does each organization within the Security Industry Authority have according to their published organogram?,success,5.499,0,,1582,225,4.392,0,,1779,128,9.891
UK,single-table,simple,true,d697d950-ce4b-42cd-92c2-c8d2e9d31e7e,,45526f3f-5ddb-4cf8-881d-fc403333876b,,2024-09-30 Organogram (Junior),,,,SELECT * FROM R WHERE office_region = 'london';,"Can you show me the roles and positions within the Ministry of Housing, Communities and Local Government that are based in London?",success,5.442,0,,1794,237,4.96,0,,2087,134,10.402000000000001
UK,single-table,moderate,true,ed53f68e-ba45-4af7-a0ca-850d01159bb9,,6e2333b8-d8cb-464f-b8b6-ff9f032f7100,,CSV,,,,"SELECT lad14_cd, COUNT(*) AS area_count FROM R GROUP BY lad14_cd HAVING SUM(shape__area) > 1e8;","How many areas are covered by each local authority district in Great Britain as of December 2014, where the total area exceeds 100 square kilometers, according to the Office for National Statistics?",success,6.779,0,,1503,283,7.956,0,,3535,168,14.735
UK,single-table,challenging,true,412a5856-a311-4b8a-a38b-4be734cfa331,,a0335d5d-56d0-4181-a3d5-bbe7a52e4c07,,CSV,,,,"WITH RankedAreas AS (SELECT ""lad14_nm"", ""shape__area"", ROW_NUMBER() OVER (ORDER BY ""shape__area"" DESC) as rank FROM R) SELECT * FROM RankedAreas WHERE rank <= 3;",Which three Local Authority Districts in Great Britain have the largest areas according to the December 2014 boundaries data by the Office for National Statistics?,success,6.137,0,,1611,265,7.308,0,,3632,145,13.445
UK,single-table,moderate,true,6449acca-29f0-4683-9072-1f372d0ce903,,a90a9f70-e28c-4a95-a7a7-f79d12fbe219,,,,,,"SELECT organisation, COUNT(*) AS number_of_units FROM R GROUP BY organisation ORDER BY number_of_units DESC;","How many units does each organization within the Ministry of Justice have, listed in descending order?",success,5.501,0,,1613,249,4.578,0,,1948,131,10.079
UK,single-table,simple,true,39ed6afb-0c26-498c-9507-649bf38bf408,,b0bb8fd7-26e2-4a4b-b1e5-7e9bbf4932bc,,,,,,SELECT * FROM R WHERE location = 'tun';,"What were the Government Procurement Card transactions made by the Foreign and Commonwealth Office where the location is coded as 'tun', representing Tunisia?",success,4.519,0,,1363,218,9.599,1,,3490,288,14.118
UK,single-table,challenging,true,32a4e106-1da7-4b8c-ab9b-8155d3917a04,,b1cd2ae3-d089-43e8-bbed-f5927e98f970,,CSV,,,,"SELECT ipar22_cd, par22_nm, lat, long, RANK() OVER (PARTITION BY SUBSTR(par22_nm, 1, 3) ORDER BY shape__area DESC) as rank_by_area FROM R WHERE lat > 50.0","Can you provide a list of parishes in England and Wales with their unique codes and coordinates where the latitude is greater than 50.0 degrees, ranked by area size within each group of parishes that share the same first three letters in their names?",success,13.314,0,,2057,268,9.579,0,,3618,215,22.893
UK,multi-table-join,challenging,true,d3096580-5e22-4898-b2cd-33853184607f,6f7bfd48-d723-497f-a506-aa65018251e6,4940dcb0-49cc-4a66-844c-2c813b66f27c,17d5c23d-f431-48e8-802a-b987431c8d92,,,grade,grade,"SELECT R.grade, COUNT(DISTINCT R.generic_job_title) AS unique_titles_in_R, COUNT(DISTINCT S.generic_job_title) AS unique_titles_in_S FROM R JOIN S ON R.grade = S.grade GROUP BY R.grade HAVING COUNT(DISTINCT R.generic_job_title) > 1 AND COUNT(DISTINCT S.generic_job_title) > 1",Which job grades have more than one unique job title in both the Forestry Commission and Department for Transport organizations?,success,8.37,0,,2887,299,6.156,0,,3231,132,14.526
UK,multi-table-join,challenging,true,ee9deec8-ed99-4508-9c8d-b13f02942e18,b63edcf0-9e6e-4418-8890-c69c08916d07,60ac7752-a0fe-4235-ab73-e9ca8dacec85,f4a9b48f-9a11-47bd-8e5d-43a1a49e78e5,CSV,CSV,long,long,"SELECT R.isicbl22_cd, S.ccg21_nm, ROW_NUMBER() OVER (PARTITION BY R.long ORDER BY R.shape__area DESC) as row_num FROM R JOIN S ON R.long = S.long;","Which Sub-Integrated Care Board locations from July 2022 are associated with Clinical Commissioning Groups from April 2021 based on their longitude, and can you list them along with the corresponding CCG names, ordered by the area size of these Sub-ICB locations in descending order? Please include a row number for each location sharing the same longitude.",success,8.979,0,,3442,276,13.282,0,,7174,187,22.261
UK,single-table,simple,true,dbf766df-3814-4b22-8aa3-870ee280b1c5,,00948609-245c-4852-9b8f-3197983b7c7a,,FCDO (FCO) GPC transactions February 2022,,,,SELECT * FROM R WHERE location = 'png';,"What were the specific transactions made by the Foreign, Commonwealth and Development Office in Papua New Guinea (PNG) using their government procurement card in February 2022?",success,5.223,0,,1584,231,4.893,0,,1626,146,10.116
UK,single-table,challenging,true,cf21f5d0-22e9-40fa-a405-866b8a17a81d,,43f569b4-1f00-4861-8bf9-e5821b72ce7c,,CSV,,,,"WITH RankedAreas AS ( SELECT ""iobjectid"", ""pfa16nm"", ""shape__area"", ROW_NUMBER() OVER (PARTITION BY ""pfa16cd"" ORDER BY ""shape__area"" DESC) as area_rank FROM R ) SELECT ""iobjectid"", ""pfa16nm"", ""shape__area"" FROM RankedAreas WHERE area_rank = 1",Which Police Force Areas in England and Wales have the largest area according to the December 2016 boundaries provided by the Office for National Statistics?,success,7.817,0,,1921,315,9.073,0,,4125,177,16.89
UK,multi-table-join,challenging,true,de364786-9d96-4ae6-b343-61c09452e328,1c71947e-9cb8-4aaf-82c1-b444a7229fec,ce58a8e5-bad4-43e0-8008-267f8817a458,736da925-f409-49b8-99c8-6ea7a57641d0,,,grade,grade,"SELECT R.""grade"", COUNT(DISTINCT R.""generic_job_title"") AS ""unique_titles_R"", COUNT(DISTINCT S.""generic_job_title"") AS ""unique_titles_S"" FROM R JOIN S ON R.""grade"" = S.""grade"" GROUP BY R.""grade"" HAVING COUNT(DISTINCT R.""generic_job_title"") > 1 AND COUNT(DISTINCT S.""generic_job_title"") > 1",How many different job titles are there for each grade in both the Identity & Passport Service and Home Office departments where the number of unique job titles is more than one?,success,9.254,0,,2999,350,6.59,0,,3178,143,15.844
UK,single-table,simple,true,f7ce4f52-1e14-4258-ac3c-277d3e43bdf5,,36842a6c-f374-401d-acd4-fdf7a9c5ed95,,,,,,"SELECT department_family, entity FROM R WHERE expense_type = 'vehicle hire';","Which department families and entities within the Ministry of Housing, Communities and Local Government have incurred expenses specifically for vehicle hire?",success,5.712,0,,2294,224,24.113,3,,10234,641,29.825
UK,single-table,moderate,true,d8044e95-9f2b-4f53-b711-ce1e90ec8b82,,5161398b-c0f9-45b9-8451-893face3a9ab,,,,,,"SELECT COUNT(*) AS total_posts, parent_department FROM R GROUP BY parent_department ORDER BY total_posts DESC;","Could you provide a list showing how many posts each parent department has within High Speed Two Limited, ordered from the highest number of posts to the lowest?",success,5.751,0,,2383,228,5.644,0,,2555,141,11.395
UK,single-table,challenging,true,f6bf5ac9-099a-45f5-af07-faef2a4e5f1b,,db2d6390-df7c-4fbe-95d4-425053e3bf75,,CSV,,,,"WITH RankedAreas AS ( SELECT R.""lad18nm"", R.""shape__area"", RANK() OVER (PARTITION BY SUBSTR(R.""lad18cd"", 1, 3) ORDER BY R.""shape__area"" DESC) as area_rank FROM R ) SELECT ""lad18nm"", ""shape__area"", area_rank FROM RankedAreas WHERE area_rank <= 2;","Which Local Authority Districts in the United Kingdom had the largest areas as of December 2018, specifically listing only the top two districts within each region?",success,36.062,2,,6167,1376,8.355,0,,3984,162,44.417
UK,single-table,moderate,true,e112a67d-d4c1-4ee6-95b5-2a3fbe4759d5,,b0bb8fd7-26e2-4a4b-b1e5-7e9bbf4932bc,,,,,,"SELECT ""merchant_category_group"", SUM(CAST(REPLACE(""amount"", ',', '') AS FLOAT)) AS total_amount FROM R WHERE ""amount"" ~ '^\d+(\.\d+)?$' GROUP BY ""merchant_category_group""","Could you provide a summary of the total spending by the Foreign and Commonwealth Office (FCO) in different merchant category groups, such as catering or general retail, based on their Government Procurement Card transactions over £500? The summary should show the sum of amounts for each category.",success,13.641,1,,2772,614,21.354,2,,5987,650,34.995
UK,multi-table-join,challenging,true,e67b73ea-884b-42e6-bfdc-6f327dac6f90,377caa6b-70c2-43ac-9793-52147270b2e4,fff4cc89-d266-42dd-a9e3-9877db1e05fc,5359dd6e-64ad-49f8-9dda-3dc740f95635,,2019-03-31 Organogram (Junior),professional/occupational_group,professional/occupational_group,"SELECT R.name, COUNT(DISTINCT S.generic_job_title) AS distinct_job_titles_count FROM R JOIN S ON R.""professional/occupational_group"" = S.""professional/occupational_group"" GROUP BY R.name HAVING COUNT(DISTINCT S.generic_job_title) > 1",Which individuals in the Defence Infrastructure Organisation have more than one distinct job title associated with their professional or occupational group within Air Command?,success,8.969,0,,3809,292,7.35,0,,3735,161,16.319
UK,multi-table-join,challenging,true,f6b48a1a-41d0-4517-b840-4322b3500549,8aaabd93-2c70-4072-a80b-13afd1fe699d,723ef91a-e7b1-40ce-b665-6cc11a8dee8a,e1caf9de-3af4-4396-95ab-de40cc0e9b2d,CSV,CSV,pcon24_nmw,senc24_nmw,"SELECT R.pcon24_nm, S.senc24_nm, AVG(R.shape__area) AS avg_shape_area FROM R JOIN S ON R.pcon24_nmw = S.senc24_nmw GROUP BY R.pcon24_nm, S.senc24_nm HAVING COUNT(*) > 1 ORDER BY avg_shape_area DESC;","Which Westminster Parliamentary Constituencies overlap with Senedd Cymru constituencies in Wales as of December 2024, and what are the average areas of these overlapping constituencies? Please list them in descending order of their average area, but only include those pairs that have more than one shared ward.",success,10.102,0,,3356,314,15.009,0,,8485,194,25.111
UK,multi-table-join,moderate,true,f6c68973-9f1d-44b5-81e5-00b25a90a616,42c6e351-fe93-4069-8664-4c43f94f3d2f,dc1b664c-5c48-44c9-b69f-2544bda76f6b,c1717d9f-3fe3-4371-b464-cd5d15d7e359,"","",test_code,test_code,"SELECT R.""species"", R.""test_code"", SUM(R.""no._tests"") + SUM(S.""no._tests"") AS total_tests FROM R JOIN S ON R.""test_code"" = S.""test_code"" GROUP BY R.""species"", R.""test_code""","What is the total number of tests performed for each species and test code across both pig and cattle samples in 2006 according to the Animal and Plant Health Agency's laboratory data, where the total is the sum of tests from both types of samples?",success,36.748,3,,7221,1583,31.917,3,,11247,823,68.66499999999999
UK,single-table,moderate,true,f2681f35-f5e3-4a2c-b04f-af9d42cf5664,,bcbf189e-6f3f-404b-b291-342c88a69957,,CSV,,,,"SELECT regd21_nm, COUNT(*) as count FROM R GROUP BY regd21_nm ORDER BY count DESC",Which registration districts in England and Wales have the most occurrences based on the December 2021 boundaries data from the Office for National Statistics?,success,7.205,0,,1830,285,7.625,0,,3900,140,14.83
UK,single-table,challenging,true,f1881f9a-184b-4995-8217-328a3df0b0bf,,995e4dff-4162-4e58-aeb2-3516188d8638,,"",,,,"SELECT ""species_class"", species AS ""species_name"", COUNT(*) AS total_tests, RANK() OVER (PARTITION BY ""species_class"" ORDER BY COUNT(*) DESC) as rank FROM R WHERE year_test_approved >= 2010 GROUP BY ""species_class"", species;","Which species within each class of birds had the highest number of tests conducted since 2010 under commercial contracts by the Animal and Plant Health Agency, and what is the total count for those top species?",success,25.082,2,,4407,1081,5.904,0,,1897,167,30.986
UK,single-table,challenging,true,d348fd0e-8dab-411b-933c-07c841833472,,55393295-0b2f-44b6-bde8-0551a76fb253,,CSV,,,,"WITH csp_aggregates AS (     SELECT          csp20_nm,         AVG(fid) AS average_fid,         SUM(fid) AS total_fid     FROM R     GROUP BY csp20_nm ) SELECT      csp20_nm,     average_fid,     ROW_NUMBER() OVER (ORDER BY total_fid DESC) as rank FROM csp_aggregates;","How does the average feature ID vary among different community safety partnerships in the lookup file between Local Authority Districts, Community Safety Partnerships, and Police Force Areas for England and Wales as of December 2020, and what is their ranking based on the total feature IDs?",success,18.739,1,,2871,783,8.221,0,,3706,187,26.96
UK,single-table,moderate,true,d20f7ecb-be24-47ac-810f-dc59345ca0f6,,d17d9852-d19c-47e9-a2ae-d4bda1080df1,,,,,,"SELECT ""professional/occupational_group"", AVG(""grade"") AS average_grade FROM R WHERE ""organisation"" = 'royal armouries' GROUP BY ""professional/occupational_group""",What is the average grade for each occupational group in the published organogram of the Royal Armouries?,success,5.736,0,,1728,262,10.446,1,,4138,303,16.182
UK,multi-table-join,moderate,true,d3096580-5e22-4898-b2cd-33853184607f,6f7bfd48-d723-497f-a506-aa65018251e6,4940dcb0-49cc-4a66-844c-2c813b66f27c,17d5c23d-f431-48e8-802a-b987431c8d92,,,grade,grade,"SELECT R.grade, AVG(R.payscale_maximum__a_) AS avg_max_payscale_R, AVG(S.payscale_maximum__a_) AS avg_max_payscale_S FROM R JOIN S ON R.grade = S.grade GROUP BY R.grade","For each grade level in both the Forestry Commission and the Department for Transport, what are the average maximum payscales from their respective organograms?",success,8.062,0,,2768,288,31.561,3,,13402,757,39.623
UK,single-table,moderate,true,f8b0594b-2dd7-4243-8332-3e70b6755449,,04f4f410-f736-4d11-906d-461cd0f262df,,licensed-taxi-vehicles-at-30-june-2024,,,,"SELECT COUNT(*), vehicle_class FROM R GROUP BY vehicle_class","How many licensed taxi vehicles are there in each class, such as Class A and Class C, across different postal districts in Northern Ireland, based on data from OpenDataNI's licensed-taxi-vehicles package?",success,4.805,0,,1379,229,29.107,3,,10287,798,33.912
UK,single-table,simple,true,352a7d72-32aa-407e-8706-d99c922da93a,,3c16edb8-b2a0-46aa-a754-aa0612163e89,,2024-09-30 Organogram (Junior),,,,SELECT * FROM R WHERE office_region = 'south west';,Which roles and positions are available in the south west region within the Ministry of Defence's organogram?,success,5.067,0,,1714,221,5.154,0,,1881,139,10.221
UK,single-table,moderate,true,f1881f9a-184b-4995-8217-328a3df0b0bf,,995e4dff-4162-4e58-aeb2-3516188d8638,,"",,,,"SELECT test_delivery_area, AVG(""no._tests"") AS average_tests FROM R WHERE year_test_approved >= 2010 GROUP BY test_delivery_area",What is the average number of tests performed for each delivery area since 2010 in the Animal and Plant Health Agency's commercial avian sample testing?,success,11.111,1,,2436,521,5.344,0,,1773,153,16.455000000000002
UK,single-table,challenging,true,6bf09e82-e623-434d-a2ce-c82ff6ddcaf9,,19d3b4cd-30a5-4a32-8926-2a2bc8d1a0e7,,CSV,,,,"WITH RankedAreas AS ( SELECT ""ifid"", ""ctyua22_nm"", ""shape__area"", ROW_NUMBER() OVER (PARTITION BY ""ctyua22_cd"" ORDER BY ""shape__area"" DESC) as area_rank FROM R ) SELECT ""ifid"", ""ctyua22_nm"", ""shape__area"" FROM RankedAreas WHERE area_rank = 1;","According to the Office for National Statistics, which Counties and Unitary Authorities in the United Kingdom have the largest area based on the December 2022 administrative boundaries?",success,7.908,0,,2115,311,8.068,0,,4159,146,15.975999999999999
UK,single-table,simple,true,f5bf59dd-fee8-4664-886a-6a16bf813238,,f0bf18ca-996f-4402-b266-f0dddcf2c5e1,,,,,,"SELECT ""job_title"" FROM R WHERE ""grade__or_equivalent_"" = 'scs1' AND ""job_title"" = 'head of policy';","What are the job titles for Senior Civil Servants (SCS1) in the Child Maintenance and Enforcement Commission with the specific role of ""Head of Policy""?",success,34.832,3,,8001,1429,5.625,0,,2462,142,40.457
UK,single-table,challenging,true,af83d357-7270-42e9-b033-1916242e3c49,,d75f8904-5ebc-45de-b81d-e113c7bd1998,,CSV,,,,"SELECT ""lad23_nm"", ""lad23_cd"" FROM R WHERE ""shape__area"" > 1000 AND ""bng_e"" < 500000;","Which local authority districts in the United Kingdom, as of December 2023, have an area larger than 1000 square units and are located west of the 500000 Easting coordinate?",success,27.518,2,,5546,1046,8.386,0,,3874,159,35.903999999999996
UK,single-table,moderate,true,412a5856-a311-4b8a-a38b-4be734cfa331,,a0335d5d-56d0-4181-a3d5-bbe7a52e4c07,,CSV,,,,"SELECT lad14_nm, SUM(shape__area) AS total_area FROM R WHERE lad14_cd = 'e07000089' GROUP BY lad14_nm;",What is the total area of the local authority district named 'Hart' as per the December 2014 boundaries data by the Office for National Statistics?,success,23.608,2,,4459,974,7.617,0,,3542,159,31.225
UK,single-table,moderate,true,90cfa9b2-3e53-4eb4-b267-ebce6026a67a,,5359dd6e-64ad-49f8-9dda-3dc740f95635,,2024-01-25 Organogram (Junior),,,,"SELECT ""parent_department"", COUNT(*) AS ""number_of_units"" FROM R GROUP BY ""parent_department"" ORDER BY ""number_of_units"" DESC;",How many units does each parent department have within the Air Command's organogram data?,success,6.1,0,,1705,272,4.873,0,,1902,137,10.972999999999999
UK,single-table,moderate,true,d1f97049-503b-4b85-b673-a35ed29541aa,,fcbe6337-addf-4348-90af-93ad4ddd469d,,2024-03-31 Organogram (Junior),,,,"SELECT organisation, COUNT(*) AS number_of_units FROM R GROUP BY organisation ORDER BY number_of_units DESC;","How many units are there in each organization within 'Defence Equipment and Support', part of the Ministry of Defence, as shown in the organogram data released quarterly? Please sort the results by the number of units in descending order.",success,5.32,0,,1721,235,17.344,2,,6302,497,22.664
UK,single-table,moderate,true,f7ce4f52-1e14-4258-ac3c-277d3e43bdf5,,36842a6c-f374-401d-acd4-fdf7a9c5ed95,,,,,,"SELECT expense_area, SUM(CAST(REPLACE(amount_in_sterling, ',', '') AS FLOAT)) AS total_amount FROM R GROUP BY expense_area",How much money has the Department for Communities and Local Government spent in total on different expense areas during the Financial Year 2014/5?,success,6.514,0,,2346,249,5.958,0,,2508,156,12.472000000000001
UK,single-table,moderate,true,d58f3eb0-5f74-4d06-b7c3-69e398050f46,,80920690-3390-42ed-ad58-4b2f2c0f5928,,CSV,,,,"SELECT ""lpa22_cd"", COUNT(*) AS ""count"" FROM R GROUP BY ""lpa22_cd"" ORDER BY ""count"" DESC LIMIT 5;",What are the top 5 local planning authorities by count in the United Kingdom as of April 2022 according to the Office for National Statistics data?,success,5.412,0,,1283,259,6.768,0,,3174,151,12.18
UK,single-table,challenging,true,f8b0594b-2dd7-4243-8332-3e70b6755449,,04f4f410-f736-4d11-906d-461cd0f262df,,licensed-taxi-vehicles-at-30-june-2024,,,,"SELECT vrn, make_and_model, issue_date, expiry_date, DATEDIFF('day', STRPTIME(issue_date, '%d/%m/%Y'), STRPTIME(expiry_date, '%d/%m/%Y')) AS validity_period_days FROM R WHERE vehicle_class = 'classa' AND postcode_area LIKE 'bt%' ORDER BY validity_period_days DESC;","Which Class A taxi vehicles have the longest validity periods for their licenses in postal districts starting with ""BT"", including their vehicle registration numbers, make and models, issue dates, expiry dates, and the number of days until they expire?",success,25.463,2,,4663,1074,6.676,0,,2624,178,32.139
UK,single-table,simple,true,d58f3eb0-5f74-4d06-b7c3-69e398050f46,,80920690-3390-42ed-ad58-4b2f2c0f5928,,CSV,,,,"SELECT ""lad22_nm"" FROM R WHERE ""coterm"" = 'y' AND ""lad22_nm"" = 'hartlepool';",Which local authority district in Hartlepool is coterminal with its local planning authority as of April 2022?,success,28.787,3,,5296,1287,6.117,0,,3110,132,34.903999999999996
UK,single-table,challenging,true,d262630c-d22b-4659-a552-2735223a9186,,736da925-f409-49b8-99c8-6ea7a57641d0,,2022-03-31 Organogram (Senior),,,,"WITH RankedPosts AS ( SELECT *, ROW_NUMBER() OVER (PARTITION BY ""parent_department"" ORDER BY ""salary_cost_of_reports__a_"" DESC) as rank FROM R WHERE ""valid?"" = 1 ) SELECT * FROM RankedPosts WHERE rank <= 3;","What are the top three roles within each division of the Home Office that have the highest salary cost for their reports, and what are their job titles and contact details?",success,7.342,0,,2759,266,6.391,0,,2836,155,13.733
UK,single-table,challenging,true,497d2e86-c9e1-49b2-a751-343bf9accc07,,b75bc237-5cfc-4b7d-89b3-9de475c33fd5,,CSV,,,,"WITH RankedAreas AS ( SELECT ""wd15nm"", ""lad15nm"", shape__area, ROW_NUMBER() OVER (PARTITION BY ""lad15nm"" ORDER BY shape__area DESC) as rank FROM R ) SELECT ""wd15nm"", ""lad15nm"", shape__area FROM RankedAreas WHERE rank = 1;",Which ward in each local area had the largest geographical size as of December 2015 according to the Office for National Statistics data?,success,8.385,0,,1973,334,8.595,0,,4023,169,16.98
UK,multi-table-join,simple,true,e67b73ea-884b-42e6-bfdc-6f327dac6f90,377caa6b-70c2-43ac-9793-52147270b2e4,fff4cc89-d266-42dd-a9e3-9877db1e05fc,5359dd6e-64ad-49f8-9dda-3dc740f95635,,2019-03-31 Organogram (Junior),professional/occupational_group,professional/occupational_group,"SELECT R.name, S.generic_job_title FROM R JOIN S ON R.""professional/occupational_group"" = S.""professional/occupational_group""",Which employees from the Defence Infrastructure Organisation have similar job titles to those in Air Command based on their professional or occupational group?,success,7.937,0,,3607,260,6.552,0,,3678,133,14.489
UK,multi-table-union,challenging,true,d5243754-f2ca-48e6-b07b-60cc1243b3cc,cad3aa1c-7677-41e9-9b0d-264ceb43ea01,883e6524-9f8d-4626-a493-5b42c474ff15,c7e5c55c-dc93-4a46-8c95-1b1b7f0d0a26,Contracts Finder OCDS 2018-03-16,Contracts Finder OCDS 2018-04-04,releases/0/buyer/name,releases/0/buyer/name,"SELECT ""publication_policy"", ""releases/0/title"", ""releases/0/id"", ""releases/0/ocid"", ""publisher/uid"", ""uri"", ""deadline_date"", ""releases/0/description"", ""releases/0/initiation_type"", ""published_date"", ""license"", ""releases/0/tag/0"", ""releases/0/tender/id"", ""extensions/0"", ""publisher/scheme"", ""publisher/uri"", ""releases/0/language"", ""version"", ""publisher/name"", ""releases/0/date"" FROM R WHERE ""releases/0/initiation_type"" = 'tender' UNION SELECT ""publication_policy"", ""releases/0/title"", ""releases/0/id"", ""releases/0/ocid"", ""publisher/uid"", ""uri"", ""deadline_date"", ""releases/0/description"", ""releases/0/initiation_type"", ""published_date"", ""license"", ""releases/0/tag/0"", ""releases/0/tender/id"", ""extensions/0"", ""publisher/scheme"", ""publisher/uri"", ""releases/0/language"", ""version"", ""publisher/name"", ""releases/0/date"" FROM S WHERE ""releases/0/initiation_type"" = 'planning'","Can you provide a list of contracts where the initiation type is specifically 'tender'? The information should include the publication policy, title, ID, OCID, publisher's name and UID, URI, deadline date, description, published date, license, tag, tender ID, extensions, scheme, language, version, and release date for entries from both March 16th and April 4th of 2018.",success,13.932,0,,2335,600,57.661,3,,27443,1014,71.593
UK,single-table,simple,true,f6f13ee8-2b51-41b8-9c8d-6d147b3f3b6e,,266bf631-117c-456f-9ee6-2125515aa069,,,,,,"SELECT ""parent_department"", COUNT(*) AS number_of_entries, AVG(""payscale_minimum__a_"") AS avg_payscale_min FROM R GROUP BY ""parent_department"" HAVING COUNT(*) > 1 ORDER BY avg_payscale_min DESC;",Which parent department in the Defence Nuclear Organisation has more than one entry and what is the average minimum pay scale for each of these departments? Please list them in descending order based on their average minimum pay scale.,success,15.361,1,,3299,653,5.574,0,,1922,159,20.935000000000002
UK,single-table,simple,true,d39b410c-71f2-4e35-8387-f5c7f95c625d,,4bb1ea7d-4ffe-49f6-91e4-7342ea9f79af,,CSV,,,,"SELECT ""lad21_nm"" FROM R WHERE ""lad21_cd"" = 'e06000059';",What is the name of the local authority district with the code 'e06000059' in England and Wales as of December 2021?,success,19.926,2,,3718,855,8.056,0,,3204,175,27.982
UK,single-table,challenging,true,e115d093-0f8c-4774-b1c5-95e1cfb9e248,,7401228f-ac0c-4b5e-8cd7-aea3089f7f13,,1993-NHM-Sullom-Voe-sublittoral-survey.csv,,,,"WITH SpeciesCount AS ( SELECT survey_name, species, COUNT(*) AS sample_count FROM R GROUP BY survey_name, species ) SELECT * FROM SpeciesCount;",How many times did each species appear in every survey during the 1993 NHM Sullom Voe Sublittoral Survey conducted by the Joint Nature Conservation Committee?,success,30.975,2,,7317,1145,7.122,0,,3250,155,38.097
UK,multi-table-join,simple,true,ddddb36d-e89d-4e2d-b8f1-54dd39d630b7,5e3c5eef-b82f-45c4-8c07-17b463afcdf0,89c33424-e918-4968-9560-5b4bcc16bfe3,fcbe6337-addf-4348-90af-93ad4ddd469d,2022-06-30 Organogram (Junior),,grade,grade,"SELECT R.grade, R.generic_job_title AS job_title_in_R, S.generic_job_title AS job_title_in_S FROM R JOIN S ON R.grade = S.grade",Which job titles in Head Office and Corporate Services (MOD) and Defence Equipment and Support share the same grade level within the Ministry of Defence?,success,7.196,0,,2804,258,6.496,0,,3105,147,13.692
UK,single-table,challenging,true,8aaabd93-2c70-4072-a80b-13afd1fe699d,,e1caf9de-3af4-4396-95ab-de40cc0e9b2d,,CSV,,,,"WITH AggregatedSenc24 AS ( SELECT ua24_nm, senc24_nm, COUNT(*) as cnt FROM R GROUP BY ua24_nm, senc24_nm ), RankedSenc24 AS ( SELECT ua24_nm, senc24_nm, ROW_NUMBER() OVER (PARTITION BY ua24_nm ORDER BY cnt DESC) as rn FROM AggregatedSenc24 ) SELECT ua24_nm, senc24_nm FROM RankedSenc24 WHERE rn = 1;","For each unitary authority in Wales as of December 2024, which Senedd Cymru constituency has the highest number of associated wards according to the Office for National Statistics' latest lookup file?",success,22.349,1,,3640,821,21.56,1,,11032,377,43.909
UK,single-table,simple,true,28c2df2e-e50d-4d0b-a018-c89cd222db0c,,fff4cc89-d266-42dd-a9e3-9877db1e05fc,,2023-01-31 Organogram (Junior),,,,"SELECT * FROM R WHERE ""grade"" = 'executive officer' AND ""generic_job_title"" IN ('project delivery', 'engineering');",Which roles with the grade of executive officer are involved in project delivery or engineering within the Defence Infrastructure Organisation?,success,31.528,3,,7080,1317,5.069,0,,1912,144,36.597
UK,single-table,moderate,true,f40016fc-b605-4ea0-a634-3be841abb909,,a62d9c58-4fd2-4dba-a7bb-523415f040a0,,2022-06-30 Organogram (Junior),,,,"SELECT AVG(payscale_minimum__a_) AS avg_min_payscale, MAX(payscale_maximum__a_) AS max_max_payscale, COUNT(*) AS total_posts FROM R WHERE grade LIKE '%executive%' AND office_region = 'south east' GROUP BY ""professional/occupational_group""","What are the average minimum pay scales, maximum pay scales, and total number of posts for executive roles in the South East region within the Ministry of Defence's Strategic Command?",success,16.396,1,,3740,669,5.631,0,,2005,159,22.027
UK,single-table,simple,true,e115d093-0f8c-4774-b1c5-95e1cfb9e248,,7401228f-ac0c-4b5e-8cd7-aea3089f7f13,,1993-NHM-Sullom-Voe-sublittoral-survey.csv,,,,"SELECT survey_name, COUNT(*) AS sample_count FROM R GROUP BY survey_name",How many samples were collected during each survey as part of the 1993 NHM Sullom Voe Sublittoral Survey conducted by the Joint Nature Conservation Committee?,success,6.406,0,,2741,229,7.622,0,,3062,178,14.027999999999999
UK,single-table,challenging,true,dd34f75c-5b63-476f-bc23-6022329959f1,,0cb4d81a-8a2b-47c1-a3a5-53257f05b095,,Prosecutions and convictions,,,,"WITH RankedEthnicities AS (     SELECT         ethnicity,         SUM(numerator__convictions_and_magistrates_court_and_crown_court_) AS total_convictions,         RANK() OVER (PARTITION BY time ORDER BY SUM(numerator__convictions_and_magistrates_court_and_crown_court_) DESC) as rank     FROM R     WHERE sex = 'all' AND age_group = 'all'     GROUP BY ethnicity, time ) SELECT     ethnicity,     total_convictions,     rank FROM RankedEthnicities WHERE rank <= 3","According to the Race Disparity Unit’s data, which three ethnicities have the highest number of convictions over time when we consider both sexes ('all') and all age groups ('all'), and what are their respective conviction counts?",success,8.867,0,,2104,363,6.227,0,,2421,173,15.094000000000001
UK,single-table,moderate,true,352a7d72-32aa-407e-8706-d99c922da93a,,3c16edb8-b2a0-46aa-a754-aa0612163e89,,2024-09-30 Organogram (Junior),,,,"SELECT organisation, COUNT(*) AS number_of_units FROM R GROUP BY organisation ORDER BY number_of_units DESC;","How many units does each organisation within the Army Command have, ordered from highest to lowest?",success,5.884,0,,1704,256,4.634,0,,1939,120,10.518
UK,single-table,moderate,true,f9c5071c-c159-4fe8-afb4-1f50020ddb9f,,f95c431d-b1ee-48bc-bdb8-d87b0e871751,,2022-12-31 Organogram (Junior),,,,"SELECT organisation, AVG(payscale_minimum__a_) AS avg_min_payscale, AVG(payscale_maximum__a_) AS avg_max_payscale FROM R GROUP BY organisation",What are the average minimum and maximum pay scales for roles within the Valuation Office Agency (VOA) under HM Revenue & Customs?,success,5.379,0,,1783,236,11.417,1,,4484,324,16.796
UK,multi-table-join,moderate,true,fbfe8cdf-e5f9-428b-a3ad-aae566cf21f1,269a2257-a3fa-47a6-b6d2-d429d18a5345,91ba4016-b143-4c92-b899-121fd760f742,5d21756f-35d2-48a7-b381-f27643659c1f,,2019-09-30 Organogram (Junior),grade,grade,"SELECT R.generic_job_title, AVG(R.payscale_maximum__a_) AS avg_max_payscale_R, AVG(S.payscale_maximum__a_) AS avg_max_payscale_S FROM R JOIN S ON R.grade = S.grade GROUP BY R.generic_job_title",What are the average maximum pay scales for the same job grades between the Rural Payments Agency and the Department for International Development? Please provide the generic job titles along with the averages from both organizations.,success,7.584,0,,2823,272,7.374,0,,3199,175,14.957999999999998
UK,single-table,simple,true,e64a81e0-65e1-43b2-8284-b4f54174780f,,f52ef1e6-2fe4-4991-8b1a-5dfe841ffb8f,,2022-09-30 Organogram (Senior),,,,"SELECT name, job_title FROM R WHERE organisation = 'crown prosecution service';",Who are the individuals and what are their job titles within the Crown Prosecution Service?,success,6.404,0,,2511,239,5.376,0,,2620,128,11.780000000000001
UK,multi-table-union,simple,true,ddecc046-9732-4db0-a1b3-a21960b9b9b6,9791d82c-84c9-4def-93f4-3e59e3beceeb,052f2f57-cee9-4391-81c3-633634e9e32e,7d26ce27-3226-4a8a-9183-47b3960fd8cf,Departmental Expenditure March 2023,DOF Departmental Spend May 2024,expense_type,expense_type,"SELECT ""invoice_number"", ""check_date"", ""organisation"", ""supplier"", ""postcode"", ""expense_type"", ""department"", ""invoice_amount"" FROM R UNION SELECT ""invoice_number"", ""check_date"", ""organisation"", ""supplier"", ""postcode"", ""expense_type"", ""department"", ""invoice_amount"" FROM S","Can you show me a combined list of financial transactions over £25,000 made by the Department of Finance in March 2023 and May 2024, including details like invoice number, check date, organisation, supplier, postcode, expense type, department, and invoice amount? This information is part of Northern Ireland's commitment to transparency in public sector spending.",success,4.996,0,,685,297,10.414,0,,4703,206,15.41
UK,multi-table-join,challenging,true,ddb4a905-ede9-42c4-a82a-7d503c5ef370,28c2df2e-e50d-4d0b-a018-c89cd222db0c,bd294ec3-4ddc-4d8a-9522-7a3033a7611b,fff4cc89-d266-42dd-a9e3-9877db1e05fc,2022-03-31 Organogram (Junior),2023-01-31 Organogram (Junior),office_region,office_region,"SELECT R.office_region, COUNT(DISTINCT R.unit) AS unique_units_in_R, COUNT(DISTINCT S.unit) AS unique_units_in_S FROM R JOIN S ON R.office_region = S.office_region GROUP BY R.office_region HAVING COUNT(DISTINCT R.unit) > COUNT(DISTINCT S.unit);","In which regions does the Department for Business, Energy and Industrial Strategy have more unique units than the Defence Infrastructure Organisation? Please consider only those regions where the former indeed has a greater number of distinct units compared to the latter.",success,8.53,0,,3175,291,7.023,0,,3545,150,15.552999999999999
UK,single-table,moderate,true,d79b3207-b7e1-4204-981e-b70e3e4e162c,,92f6d480-8b99-4136-bd0d-ff8055dbbadc,,CSV,,,,"SELECT msoa11_nm, AVG(fid) AS average_fid FROM R WHERE rgn11_nm LIKE '%south%' GROUP BY msoa11_nm",What is the average value of fid for each Middle Layer Super Output Area in regions that include 'south' in their names according to the 2017 classifications by the Office for National Statistics?,success,7.042,0,,2132,265,8.8,0,,4534,164,15.842
UK,multi-table-join,moderate,true,f5bf59dd-fee8-4664-886a-6a16bf813238,f1bd3ae7-e040-4b17-9198-c4e78d61ecf1,f0bf18ca-996f-4402-b266-f0dddcf2c5e1,4cea95d3-14bf-443f-bff9-512807460960,,,professional/occupational_group,professional/occupational_group,"SELECT R.parent_department, AVG(R.fte) AS average_fte, COUNT(DISTINCT S.generic_job_title) AS number_of_generic_titles FROM R JOIN S ON R.""professional/occupational_group"" = S.""professional/occupational_group"" GROUP BY R.parent_department",What is the average full-time equivalent (fte) staff and number of different job titles in each parent department where the professional or occupational group matches between the Child Maintenance and Enforcement Commission and Care Quality Commission?,success,18.53,1,,5948,659,7.432,0,,3643,158,25.962000000000003
UK,single-table,simple,true,cad3aa1c-7677-41e9-9b0d-264ceb43ea01,,c7e5c55c-dc93-4a46-8c95-1b1b7f0d0a26,,Contracts Finder OCDS 2018-04-04,,,,"SELECT ""uri"", ""published_date"" FROM R WHERE ""publisher/name"" = 'uk shared business services limited';",Which contracts were published by UK Shared Business Services Limited and what are their publication dates?,success,8.317,0,,3754,268,7.015,0,,3392,151,15.332
UK,multi-table-join,moderate,true,f9c5071c-c159-4fe8-afb4-1f50020ddb9f,d1f97049-503b-4b85-b673-a35ed29541aa,f95c431d-b1ee-48bc-bdb8-d87b0e871751,fcbe6337-addf-4348-90af-93ad4ddd469d,2022-12-31 Organogram (Junior),2024-03-31 Organogram (Junior),office_region,office_region,"SELECT R.office_region, AVG(R.payscale_maximum__a_) AS avg_max_payscale_R, AVG(S.payscale_maximum__a_) AS avg_max_payscale_S FROM R JOIN S ON R.office_region = S.office_region GROUP BY R.office_region;",What is the average maximum payscale for staff in each office region when comparing the Valuation Office Agency (VOA) and Defence Equipment and Support? Could you provide a comparison of these averages between the two organizations based on their shared office regions?,success,7.964,0,,3080,279,7.242,0,,3397,170,15.206
UK,single-table,challenging,true,f57a9ff2-aa84-4729-aeff-ac0de2383182,,736da925-f409-49b8-99c8-6ea7a57641d0,,,,,,"WITH RankedPosts AS ( SELECT *, ROW_NUMBER() OVER (PARTITION BY parent_department ORDER BY actual_pay_ceiling__a_ DESC) as rn FROM R ) SELECT * FROM RankedPosts WHERE rn = 1;",What are the highest paid roles in each parent department listed in the Home Office's organogram?,success,7.26,0,,2869,267,6.309,0,,2881,159,13.568999999999999
UK,single-table,moderate,true,269a2257-a3fa-47a6-b6d2-d429d18a5345,,5d21756f-35d2-48a7-b381-f27643659c1f,,2019-09-30 Organogram (Junior),,,,"SELECT SUM(number_of_posts_in_fte) AS total_posts, ""professional/occupational_group"" FROM R GROUP BY ""professional/occupational_group""",How many full-time equivalent posts are there in each professional or occupational group within the Department for International Development?,success,12.461,1,,3055,556,6.426,0,,2024,186,18.887
UK,single-table,moderate,true,eb18eeb7-213f-48b4-86cc-b09a89ec5b67,,3bbde6f7-4c7a-4704-82f6-9622e0249f3d,,Contracts Finder OCDS 2024-10-02,,,,"SELECT ""publisher/name"", COUNT(*) as release_count FROM R GROUP BY ""publisher/name"" ORDER BY release_count DESC","How many Contracts Finder notices were published by each organization according to the Open Contracting Data Standard on October 2nd, 2024? Please list the organizations in descending order of their notice count.",success,7.269,0,,3459,238,34.067,3,,14415,808,41.336
UK,single-table,simple,true,f8b0594b-2dd7-4243-8332-3e70b6755449,,04f4f410-f736-4d11-906d-461cd0f262df,,licensed-taxi-vehicles-at-30-june-2024,,,,SELECT * FROM R WHERE vehicle_class = 'classa';,What information is available for all licensed taxi vehicles classified as Class A across different postal districts in Northern Ireland?,success,6.43,0,,1392,285,12.72,1,,4980,343,19.15
UK,single-table,moderate,true,6f7bfd48-d723-497f-a506-aa65018251e6,,17d5c23d-f431-48e8-802a-b987431c8d92,,,,,,"SELECT parent_department, organisation, unit, SUM(number_of_posts_in_fte) AS total_posts, ""professional/occupational_group"" FROM R GROUP BY parent_department, organisation, unit, ""professional/occupational_group""","According to the organogram data published by the Department for Transport from the package `organogram-department-for-transport`, what is the total number of full-time equivalent posts in each unit, grouped by parent department, organisation, and professional or occupational group?",success,23.673,2,,5027,1001,27.726,3,,8601,812,51.399
UK,multi-table-join,moderate,true,e27296d6-0d62-4f95-84cb-7efb9b43ec01,46d784b1-9d95-4761-a253-10d2275fbe34,ea639e00-f6af-4f7f-926b-9c7530350015,6665fb5b-0ba0-40be-9fff-8f2433cdc656,,,expense_type,expense_type,"SELECT R.expense_type, COUNT(DISTINCT R.supplier) AS unique_suppliers_R, COUNT(DISTINCT S.supplier) AS unique_suppliers_S FROM R JOIN S ON R.expense_type = S.expense_type GROUP BY R.expense_type",How many unique suppliers are associated with each type of expense for both Government Offices for the regions and the Department for Communities and Local Government in their financial transactions? Could you also show this comparison based on the expenses they share?,success,28.211,0,,3146,280,7.625,0,,3351,177,35.836
UK,single-table,simple,true,f2681f35-f5e3-4a2c-b04f-af9d42cf5664,,bcbf189e-6f3f-404b-b291-342c88a69957,,CSV,,,,SELECT regd21_nm FROM R WHERE bng_e > 500000,Which registration districts in England and Wales have an easting coordinate greater than 500000 according to the December 2021 boundaries?,success,5.996,0,,1792,238,8.171,0,,3831,157,14.167
UK,single-table,simple,true,d5856c95-a1a3-403e-9190-6ab8c78705ad,,bb300a71-9e9c-40b5-966f-681a1e395cd6,,CSV,,,,SELECT par24_nm FROM R WHERE lat > 53.0,Which parishes in England and Wales have a latitude greater than 53.0 degrees?,success,5.097,0,,1861,207,6.74,0,,3571,122,11.837
UK,single-table,simple,true,e96e43bd-1ea4-4d09-8d09-ec27cfc3110c,,89c33424-e918-4968-9560-5b4bcc16bfe3,,2022-10-31 Organogram (Junior),,,,SELECT * FROM R WHERE office_region = 'london';,Which roles in the Head Office and Corporate Services at the Ministry of Defence are based in London?,success,25.817,0,,1687,254,23.225,0,,1876,136,49.042
UK,single-table,moderate,true,dcf60014-5c2f-4691-932c-473f73c86c06,,fd07cee9-b563-4716-9115-b9bb3025335c,,CSV,,,,"SELECT COUNT(*), SUBSTR(lep20_cd, 1, 3) AS region_code_prefix FROM R GROUP BY region_code_prefix ORDER BY COUNT(*) DESC;","How many Local Enterprise Partnerships (LEPs) are there in each region of England as of April 2020, categorized by the first three characters of their codes, and which region has the most LEPs?",success,5.259,0,,903,262,8.849,0,,3127,217,14.108
UK,single-table,simple,true,377caa6b-70c2-43ac-9793-52147270b2e4,,5359dd6e-64ad-49f8-9dda-3dc740f95635,,2019-03-31 Organogram (Junior),,,,"SELECT ""parent_department"", ""organisation"", ""unit"", ""reporting_senior_post"", ""grade"", ""payscale_minimum__a_"", ""payscale_maximum__a_"", ""generic_job_title"", ""number_of_posts_in_fte"", ""professional/occupational_group"" FROM R WHERE ""generic_job_title"" = 'performance management' AND ""grade"" = 'd';","What are the details including parent department, organisation, unit, reporting senior post, grade, payscale minimum and maximum, generic job title, number of posts in FTE, and professional/occupational group for performance management roles graded as D within Air Command under the Ministry of Defence?",success,23.686,2,,4799,1056,26.946,3,,8359,814,50.632000000000005
UK,single-table,moderate,true,b26812d0-d306-4c9c-b47a-d796741db2c3,,a3690074-f651-4cab-bf3a-0ae02274f937,,,,,,"SELECT expense_area, SUM(CAST(REPLACE(amount_in_sterling, ',', '') AS FLOAT)) AS total_amount FROM R GROUP BY expense_area",How much money was spent by the Department for Communities and Local Government on different expense areas during the financial year 2013-2014?,success,6.299,0,,2069,251,6.37,0,,2291,162,12.669
UK,multi-table-union,simple,true,f6f13ee8-2b51-41b8-9c8d-6d147b3f3b6e,fc0c8315-7ded-47b4-898f-5f5aad277234,266bf631-117c-456f-9ee6-2125515aa069,fff4cc89-d266-42dd-a9e3-9877db1e05fc,,,grade,grade,"SELECT ""organisation"", ""number_of_posts_in_fte"", ""parent_department"", ""reporting_senior_post"", ""grade"", ""payscale_maximum__a_"", ""professional/occupational_group"", ""unit"", ""generic_job_title"", ""payscale_minimum__a_"" FROM R UNION SELECT ""organisation"", ""number_of_posts_in_fte"", ""parent_department"", ""reporting_senior_post"", ""grade"", ""payscale_maximum__a_"", ""professional/occupational_group"", ""unit"", ""generic_job_title"", ""payscale_minimum__a_"" FROM S","Could you show me the details of job roles including organisation name, number of posts in FTE, parent department, reporting senior post, grade, pay scale minimum and maximum, professional or occupational group, unit, and generic job title for both the Defence Nuclear Organisation and the Defence Infrastructure Organisation?",success,6.74,0,,796,362,7.236,0,,3235,169,13.975999999999999
UK,single-table,simple,true,e54f47df-9aa4-41b8-b7bb-3f3b471a1738,,b0bb8fd7-26e2-4a4b-b1e5-7e9bbf4932bc,,,,,,SELECT * FROM R WHERE location = 'gbr';,Can you show me all transactions where the Foreign and Commonwealth Office spent over £500 at locations with the code GBR?,success,17.668,0,,1327,245,25.167,3,,7193,745,42.835
UK,single-table,moderate,true,564f8ec8-d96a-4d7a-a297-04ce55702f0a,,082cca2b-985c-4ab8-9728-2913d04fe9fb,,CSV,,,,"SELECT SUM(shape__area) AS total_area, AVG(shape__length) AS average_length FROM R GROUP BY SUBSTR(lau115cd, 1, 3)",What is the total area and average boundary length of Local Administrative Units Level 1 (LAU1) in England and Wales grouped by their first three characters of the LAU1 code as of January 2015?,success,14.26,1,,2929,599,8.09,0,,3807,163,22.35
UK,single-table,challenging,true,d8044e95-9f2b-4f53-b711-ce1e90ec8b82,,5161398b-c0f9-45b9-8451-893face3a9ab,,,,,,"WITH RankedPosts AS ( SELECT *, ROW_NUMBER() OVER (PARTITION BY job_title ORDER BY actual_pay_ceiling__a_ DESC) as rn FROM R WHERE ""valid?"" = 1 ) SELECT name, job_title, actual_pay_ceiling__a_ FROM RankedPosts WHERE rn = 1;",Can you show me the names and job titles of the employees at High Speed Two Limited who have the highest pay ceiling in their respective roles?,success,16.733,1,,4311,660,5.653,0,,2697,136,22.386
UK,single-table,challenging,true,f2681f35-f5e3-4a2c-b04f-af9d42cf5664,,bcbf189e-6f3f-404b-b291-342c88a69957,,CSV,,,,"SELECT ""regd21_nm"", avg_area, ROW_NUMBER() OVER (ORDER BY avg_area DESC) as rank FROM ( SELECT ""regd21_nm"", AVG(shape__area) AS avg_area FROM R GROUP BY ""regd21_nm"" )","What are the average areas of each registration district in England and Wales as per the December 2021 boundaries, and how do they rank from largest to smallest average area according to the Office for National Statistics data?",success,15.101,1,,3470,612,8.635,0,,4029,171,23.736
UK,multi-table-join,simple,true,f5bf59dd-fee8-4664-886a-6a16bf813238,f1bd3ae7-e040-4b17-9198-c4e78d61ecf1,f0bf18ca-996f-4402-b266-f0dddcf2c5e1,4cea95d3-14bf-443f-bff9-512807460960,,,professional/occupational_group,professional/occupational_group,"SELECT R.name, S.generic_job_title FROM R JOIN S ON R.""professional/occupational_group"" = S.""professional/occupational_group""","What are the names of Senior Civil Servants in the Child Maintenance and Enforcement Commission, and what are the similar job titles at the Care Quality Commission for those who belong to the same professional/occupational groups?",success,7.889,0,,3463,264,26.199,2,,11269,602,34.088
UK,multi-table-join,simple,true,dd58a323-d8d2-4aa2-a840-1e7f58b1a4fe,7cf34504-5424-43dc-ba3d-7dc786940b97,04427362-663e-49e0-9103-8bc01dcaa2c7,fff4cc89-d266-42dd-a9e3-9877db1e05fc,DHSC 2022-03-31 Organogram (Senior),2021-12-31 Organogram (Junior),office_region,office_region,"SELECT R.post_unique_reference, S.generic_job_title FROM R JOIN S ON R.office_region = S.office_region",Which unique reference posts from the Department of Health and Social Care align with job titles from the Defence Infrastructure Organisation based on their shared office regions?,success,7.564,0,,3739,239,7.905,0,,4153,155,15.469000000000001
UK,multi-table-join,simple,true,ebc04ca0-8ad2-4aee-a84b-f4bbd069066c,7baca545-44cf-46af-bb25-7903afc924c1,fcd82afe-d8fd-417a-ac0a-b3acd7d8a422,bec90bfb-bb29-48f8-91f9-be05f92d6f46,CSV,CSV,lad11cd,lad11_cd,"SELECT R.iobjectid, R.cmwd11nm, S.oa11_cd FROM R JOIN S ON R.lad11cd = S.lad11_cd","Which Output Areas (OAs) are associated with each Census Merged Ward in England and Wales as of December 2011? Please provide the ward's ID, name, and corresponding OA code.",success,9.166,0,,2963,297,12.783,0,,7419,163,21.948999999999998
UK,single-table,simple,true,9791d82c-84c9-4def-93f4-3e59e3beceeb,,7d26ce27-3226-4a8a-9183-47b3960fd8cf,,DOF Departmental Spend May 2024,,,,"WITH CleanedData AS ( SELECT department, expense_type, CAST(REPLACE(SUBSTR(check_date, 1, 10), '/', '-') AS DATE) AS check_date, CAST(REPLACE(trim(invoice_amount, '£'), ',', '') AS DECIMAL(15,2)) AS invoice_amount FROM R ) SELECT department, COUNT(*) AS entry_count FROM CleanedData WHERE expense_type LIKE '%software maintenance%' GROUP BY department;",How many entries related to software maintenance expenses does the Department of Finance have in their monthly expenditure list?,success,27.003,2,,4642,1161,5.847,0,,2727,135,32.85
UK,single-table,challenging,true,d59189c1-e82b-4a41-b24d-6fc0392da188,,00948609-245c-4852-9b8f-3197983b7c7a,,FCDO (FCO) GPC transactions February 2021,,,,"WITH MonthlyTransactions AS ( SELECT CAST(SUBSTR(transaction_date, -4) || '-' || SUBSTR(transaction_date, 4, 2) || '-' || SUBSTR(transaction_date, 1, 2) AS DATE) AS transaction_month, SUM(amount) AS total_amount FROM R GROUP BY transaction_month ) SELECT transaction_month, total_amount, LAG(total_amount) OVER (ORDER BY transaction_month) AS previous_month_total, total_amount - LAG(total_amount) OVER (ORDER BY transaction_month) AS month_over_month_change FROM MonthlyTransactions ORDER BY transaction_month;","How has the monthly spending changed over time for the Foreign, Commonwealth and Development Office's government procurement card transactions in February 2021, including the total amount spent each month and the difference compared to the previous month?",success,7.927,0,,1587,338,5.468,0,,1981,155,13.395
UK,multi-table-join,simple,true,e3f65db8-c4eb-4482-9791-f34368eeab9e,4c918a8e-9d90-4175-8419-63c47a55c317,c134d765-92c6-4ed9-a4de-39a635d294b6,f13d7a3d-5ad1-49dd-8ea4-8169e07a5704,CSV,CSV,gor10_cd,rgn20_cd,"SELECT R.wd17_nm, S.wd20_nm FROM R JOIN S ON R.gor10_cd = S.rgn20_cd",Which wards from December 2017 are associated with the same regions as wards from December 2020 in the United Kingdom?,success,9.555,0,,2943,317,13.007,0,,8174,141,22.561999999999998
UK,multi-table-join,challenging,true,e27296d6-0d62-4f95-84cb-7efb9b43ec01,b26812d0-d306-4c9c-b47a-d796741db2c3,ea639e00-f6af-4f7f-926b-9c7530350015,a3690074-f651-4cab-bf3a-0ae02274f937,,,expense_type,expense_type,"SELECT R.expense_type, AVG(CAST(REPLACE(R.amount_in_sterling, ',', '') AS FLOAT)) AS avg_amount_R, AVG(CAST(REPLACE(S.amount_in_sterling, ',', '') AS FLOAT)) AS avg_amount_S FROM R JOIN S ON R.expense_type = S.expense_type GROUP BY R.expense_type HAVING COUNT(DISTINCT R.supplier) > 1 AND COUNT(DISTINCT S.supplier) > 1",What are the average spending amounts for each expense type where multiple suppliers have been paid by both the Government Offices for the regions and the Department for Communities and Local Government in their respective financial transactions? Please consider only those expense types that appear in both sets of transactions.,success,9.638,0,,3360,321,7.703,0,,3475,175,17.341
UK,multi-table-join,moderate,true,d59bd8c4-fa90-4865-9c6a-9e48fd86b363,a678cd75-7ff8-4f3d-a502-7961059a5066,7c590663-2e85-4606-a60b-ab1bd103edcf,3c16edb8-b2a0-46aa-a754-aa0612163e89,2024-10-30 Organogram (Senior),2024-01-25 Organogram (Junior),office_region,office_region,"SELECT R.job_title, R.office_region, AVG(S.payscale_minimum__a_) AS avg_min_salary, AVG(S.payscale_maximum__a_) AS avg_max_salary FROM R JOIN S ON R.office_region = S.office_region GROUP BY R.job_title, R.office_region",What are the average minimum and maximum salaries for different job titles in each office region when comparing staff roles from the Environment Agency's organogram with those from the Army Command's organogram?,success,22.282,1,,6597,762,8.094,0,,3994,172,30.375999999999998
UK,single-table,challenging,true,7cf34504-5424-43dc-ba3d-7dc786940b97,,fff4cc89-d266-42dd-a9e3-9877db1e05fc,,2021-12-31 Organogram (Junior),,,,"SELECT ""parent_department"", ""organisation"", ""generic_job_title"", ""office_region"", SUM(""number_of_posts_in_fte"") AS total_posts, RANK() OVER (PARTITION BY ""office_region"" ORDER BY SUM(""number_of_posts_in_fte"") DESC) as rank_by_region FROM R GROUP BY ""parent_department"", ""organisation"", ""generic_job_title"", ""office_region""","Which generic job titles have the highest total number of full-time equivalent posts in each office region within the Defence Infrastructure Organisation under the Ministry of Defence, and what are those totals?",success,18.492,1,,3804,782,5.591,0,,2108,153,24.083000000000002
UK,single-table,challenging,true,b9305ee6-edfd-46a9-b3ee-16753b650a9a,,5dcf1a8e-4bad-4d9c-b90b-41f1a3dce03b,,,,,,"WITH DepartmentGrades AS ( SELECT parent_department, grade, SUM(number_of_posts_in_fte) AS total_posts FROM R GROUP BY parent_department, grade), RankedDepartments AS ( SELECT parent_department, grade, total_posts, RANK() OVER (PARTITION BY parent_department ORDER BY total_posts DESC) AS ""department_rank"" FROM DepartmentGrades) SELECT parent_department, grade, total_posts FROM RankedDepartments WHERE ""department_rank"" = 1;","Could you provide the grade with the highest number of positions for each department within the Ministry of Defence organogram, along with the total posts in full-time equivalents?",success,19.805,1,,3456,799,6.067,0,,2495,154,25.872
UK,single-table,simple,true,f0fb4f86-d0cd-4204-b852-2d63e3ff210b,,883e6524-9f8d-4626-a493-5b42c474ff15,,Contracts Finder OCDS 2018-03-08,,,,"SELECT ""publisher/name"", COUNT(*) AS record_count FROM R WHERE ""published_date"" > '2018-03-07t00:00:00z' GROUP BY ""publisher/name"" ORDER BY record_count DESC","Which organizations published the most notices on Contracts Finder after March 7th, 2018?",success,18.764,1,,6157,653,6.905,0,,3417,153,25.669
UK,single-table,moderate,true,e80ba204-f84e-4cee-a877-2573e9152ae8,,5b1dab40-bb00-4c45-8039-e0240bf24f31,,Contracts Finder OCDS 2024-02-21,,,,"SELECT ""published_date"", COUNT(*) as release_count FROM R GROUP BY ""published_date"" ORDER BY release_count DESC LIMIT 5;","Which dates had the highest number of contract notices published by the Crown Commercial Service in February 2024, and how many were published on those dates?",success,7.585,0,,3424,254,6.683,0,,3346,145,14.268
UK,single-table,challenging,true,1c71947e-9cb8-4aaf-82c1-b444a7229fec,,736da925-f409-49b8-99c8-6ea7a57641d0,,,,,,"WITH RankedGrades AS ( SELECT *, ROW_NUMBER() OVER (PARTITION BY ""grade"" ORDER BY ""payscale_maximum__a_"" DESC) as rn FROM R ) SELECT * FROM RankedGrades WHERE rn = 1;",Which roles within the Home Office have the highest maximum payscale for each grade level?,success,6.688,0,,1753,285,5.486,0,,2000,156,12.174
UK,multi-table-join,challenging,true,f483711f-d0af-477a-9183-6c9e0b60de61,ed53f68e-ba45-4af7-a0ca-850d01159bb9,590dd982-7774-4ef1-8ac1-d63a582a4b2c,6e2333b8-d8cb-464f-b8b6-ff9f032f7100,CSV,CSV,lad15cd,lad14_cd,"SELECT R.wd15nm, S.lad14_nm, (R.shape__area + S.shape__area) AS total_shape_area FROM R JOIN S ON R.lad15cd = S.lad14_cd ORDER BY total_shape_area DESC","Which wards from December 2015 are associated with their respective local authority districts from December 2014, and what is the combined area of each ward and its corresponding district in Great Britain? Please list them in order of the largest total area to the smallest.",success,111.63,2,,7731,1244,13.349,0,,6837,206,124.979
UK,multi-table-join,simple,true,de364786-9d96-4ae6-b343-61c09452e328,1c71947e-9cb8-4aaf-82c1-b444a7229fec,ce58a8e5-bad4-43e0-8008-267f8817a458,736da925-f409-49b8-99c8-6ea7a57641d0,,,grade,grade,"SELECT R.""grade"", R.""generic_job_title"" AS ""job_title_R"", S.""generic_job_title"" AS ""job_title_S"" FROM R JOIN S ON R.""grade"" = S.""grade""",Which job titles in the Identity & Passport Service have the same grade as those in the Home Office? Please provide the grades along with their corresponding job titles from both services.,success,23.046,2,,6761,939,7.099,0,,3093,168,30.145
UK,single-table,simple,true,e080cb0e-039e-4541-877a-a61660eb3d99,,7e205366-40a7-4e7a-a837-1b8718895660,,CSV,,,,SELECT lsoa21_nm FROM R WHERE lad22_nm = 'cornwall';,What are the names of the Lower Layer Super Output Areas (LSOAs) located within Cornwall?,success,23.715,2,,5463,955,16.117,1,,9306,277,39.832
UK,multi-table-join,simple,true,f5e630c0-74c6-4264-bc71-26d3cfe74f29,cf21f5d0-22e9-40fa-a405-866b8a17a81d,36fe0c84-771b-4e1b-a33e-459a85236826,43f569b4-1f00-4861-8bf9-e5821b72ce7c,CSV,CSV,pfa17_cd,pfa16cd,"SELECT R.pfa17_nm, S.pfa16nm FROM R JOIN S ON R.pfa17_cd = S.pfa16cd;","Which police force areas from January 2017 correspond to the police force areas listed in December 2016, considering both are for England and Wales?",success,9.256,0,,2599,351,11.484,0,,6893,144,20.740000000000002
UK,multi-table-join,moderate,true,ee7a20f3-39c2-43a7-abc4-5cc1278c0e15,b9305ee6-edfd-46a9-b3ee-16753b650a9a,e038c4cd-ff81-4d64-91f8-2941897f32a3,5dcf1a8e-4bad-4d9c-b90b-41f1a3dce03b,,,professional/occupational_group,professional/occupational_group,"SELECT R.""organisation"", S.""organisation"", AVG(R.""payscale_maximum__a_"" - R.""payscale_minimum__a_"") AS avg_range_R, AVG(S.""payscale_maximum__a_"" - S.""payscale_minimum__a_"") AS avg_range_S FROM R JOIN S ON R.""professional/occupational_group"" = S.""professional/occupational_group"" GROUP BY R.""organisation"", S.""organisation""",What is the average salary range for similar job roles in the Department for Work and Pensions and Ministry of Defence? Could you provide this comparison between these two organizations based on their professional groups?,success,8.995,0,,3091,339,7.563,0,,3843,161,16.558
UK,single-table,moderate,true,f6c68973-9f1d-44b5-81e5-00b25a90a616,,dc1b664c-5c48-44c9-b69f-2544bda76f6b,,"",,,,"SELECT test_code, AVG(""no._tests"") AS average_tests FROM R WHERE species_class = 'pigs' GROUP BY test_code",What is the average number of tests performed for each test code on pigs in 2006 according to the Animal and Plant Health Agency's laboratory data?,success,11.655,1,,2345,559,5.026,0,,1677,147,16.680999999999997
UK,single-table,challenging,true,c62eef86-ae5d-474a-879c-e83ee51e89d0,,77fcc38e-dc40-4371-bd63-791612a0fa10,,2021-06-30 Organogram (Junior),,,,"SELECT ""grade"", SUM(""number_of_posts_in_fte"") AS total_posts, AVG(""payscale_maximum__a_"") AS avg_max_payscale FROM R WHERE ""organisation"" = 'ministry of defence' AND ""unit"" = 'navy command' GROUP BY ""grade"" HAVING COUNT(*) > 1 ORDER BY total_posts DESC;","Could you provide a breakdown of the different grades within the Navy Command unit at the Ministry of Defence, showing the total number of posts in FTE and the average maximum payscale for each grade, but only for those grades that have more than one role listed? Please order the results by the total number of posts in descending order.",success,8.374,0,,1820,362,6.736,0,,2114,203,15.11
UK,single-table,simple,true,d5657914-39e3-4ee5-9f0e-cc010f280fe6,,44ff28ad-4608-4a9f-9104-399d4e73f717,,Contracts Finder OCDS 2022-07-12,,,,"SELECT uri, published_date FROM R WHERE version = 1.1",Can you show me the links and publication dates for notices that use version 1.1 of the Open Contracting Data Standard?,success,8.175,0,,3761,259,6.529,0,,3352,142,14.704
UK,multi-table-join,moderate,true,d20f7ecb-be24-47ac-810f-dc59345ca0f6,6331642c-02a7-4ba4-bd85-4e2794fd98da,d17d9852-d19c-47e9-a2ae-d4bda1080df1,89c33424-e918-4968-9560-5b4bcc16bfe3,,,professional/occupational_group,professional/occupational_group,"SELECT R.""organisation"", COUNT(DISTINCT S.""post_unique_reference"") AS ""unique_posts_count"" FROM R JOIN S ON R.""professional/occupational_group"" = S.""professional/occupational_group"" GROUP BY R.""organisation""",How many distinct job roles are associated with each organization when considering the shared professional or occupational groups between Royal Armouries and Head Office and Corporate Services MOD?,success,8.407,0,,3815,286,16.115,1,,7967,357,24.522
UK,multi-table-join,moderate,true,f8b0594b-2dd7-4243-8332-3e70b6755449,1a818327-2552-4105-a1ab-886ed6412f2e,04f4f410-f736-4d11-906d-461cd0f262df,83dd0dd8-d238-44ac-8bcb-9098d3d6587e,licensed-taxi-vehicles-at-30-june-2024,licensed-taxi-drivers-at-31-march-2024,postcode_area,postcode_area,"SELECT R.tvl_no, S.tdl_number, R.vehicle_class, S.postcode_area FROM R JOIN S ON R.postcode_area = S.postcode_area WHERE STRPTIME(R.issue_date, '%d/%m/%Y') <= CURRENT_DATE AND STRPTIME(S.issue_date, '%d/%m/%Y') <= CURRENT_DATE AND STRPTIME(R.expiry_date, '%d/%m/%Y') >= CURRENT_DATE AND STRPTIME(S.expiry_date, '%d/%m/%Y') >= CURRENT_DATE;","Which taxi vehicles and drivers are currently licensed in Northern Ireland, considering their postal districts? Could you provide me with the vehicle numbers, driver license numbers, types of vehicles, and their respective postal areas? Please ensure that both the vehicles and drivers have active licenses as of today.",success,42.849,3,,8900,1628,8.19,0,,4027,174,51.038999999999994
UK,multi-table-join,challenging,true,def9a544-8605-4c8a-a7eb-01586df940dc,daabf87c-ac22-49c7-8812-8dd59ddc25a0,255acc10-3c75-4860-b2a1-855eceae5a0c,4971bfb5-310b-464a-b557-8cf84038b46c,Natura2000-tranche50-admin-regions.csv,Natura2000-tranche50-designations.csv,site_name,site_name,"SELECT R.site_name, R.country_code, S.national_dtype_code, ROW_NUMBER() OVER (PARTITION BY R.country_code ORDER BY S.national_dtype_cover DESC) AS rank FROM R JOIN S ON R.site_name = S.site_name;","Which protected sites in the UK have specific national designations and what are their country codes along with the type of national designation they hold? Additionally, could you rank these sites within each country based on the coverage of their national designation types, from highest to lowest coverage? Please include information related to Natura 2000 sites as advised by the Joint Nature Conservation Committee.",success,8.972,0,,2138,342,9.549,0,,4464,196,18.521
UK,single-table,challenging,true,a678cd75-7ff8-4f3d-a502-7961059a5066,,3c16edb8-b2a0-46aa-a754-aa0612163e89,,2024-01-25 Organogram (Junior),,,,"WITH RankedPosts AS ( SELECT *, ROW_NUMBER() OVER (PARTITION BY office_region ORDER BY payscale_maximum__a_ DESC) as rank FROM R ) SELECT * FROM RankedPosts WHERE rank = 1;",What are the roles with the highest maximum pay in each office region within the Ministry of Defence's organogram?,success,6.344,0,,1765,271,5.338,0,,1963,152,11.682
UK,multi-table-join,challenging,true,db0441af-7708-438d-a43b-66dbd360ece1,564f8ec8-d96a-4d7a-a297-04ce55702f0a,3375ee24-daaa-419d-ad5b-9e699f0e025f,082cca2b-985c-4ab8-9728-2913d04fe9fb,CSV,CSV,lad18_nm,lau115nm,"SELECT R.iwd18_cd, R.wd18_nm, R.regd18_nm, S.lau115cd, COUNT(*) AS match_count FROM R JOIN S ON R.lad18_nm = S.lau115nm GROUP BY R.iwd18_cd, R.wd18_nm, R.regd18_nm, S.lau115cd ORDER BY match_count DESC;","Which electoral wards in England and Wales are associated with both a specific registration district and local administrative unit level 1 (LAU1) as of December 2018? I'm particularly interested in seeing which combinations occur most frequently together, considering the data from January 2015 for LAU1 boundaries. Could you provide this information including the ward code, ward name, registration district name, and LAU1 code sorted by their frequency of occurrence?",success,36.074,2,,6702,1275,14.06,0,,7205,215,50.134
UK,single-table,simple,true,8aaabd93-2c70-4072-a80b-13afd1fe699d,,e1caf9de-3af4-4396-95ab-de40cc0e9b2d,,CSV,,,,"SELECT wd24_nm, ua24_nm FROM R WHERE senc24_nm = 'carmarthen east and dinefwr';",Which wards are part of Carmarthen East and Dinefwr constituency and what are their corresponding unitary authorities in Wales as of December 2024?,success,6.141,0,,1712,258,10.293,0,,5107,184,16.433999999999997
UK,single-table,simple,true,90cfa9b2-3e53-4eb4-b267-ebce6026a67a,,5359dd6e-64ad-49f8-9dda-3dc740f95635,,2024-01-25 Organogram (Junior),,,,"SELECT * FROM R WHERE ""organisation"" = 'ministry of defence' AND ""office_region"" = 'east of england';",Which staff roles within the Ministry of Defence organisation are based in the East of England?,success,5.782,0,,1687,257,22.931,3,,8011,653,28.713
UK,multi-table-union,simple,true,e80ba204-f84e-4cee-a877-2573e9152ae8,4abf4e7d-0dbb-4244-b27c-f2b098bf6761,5b1dab40-bb00-4c45-8039-e0240bf24f31,44ff28ad-4608-4a9f-9104-399d4e73f717,Contracts Finder OCDS 2024-02-21,Contracts Finder OCDS 2022-07-07,releases/0/tender/procurement_method_details,releases/0/tender/procurement_method_details,"SELECT ""publisher/name"", ""extensions/3"", ""releases/0/id"", ""releases/0/ocid"", ""license"", ""published_date"", ""releases/0/date"", ""publisher/uid"", ""publisher/scheme"", ""releases/0/language"", ""publisher/uri"", ""uri"", ""version"", ""extensions/5"", ""extensions/0"", ""extensions/2"", ""extensions/4"", ""extensions/1"", ""extensions/6"", ""publication_policy"" FROM R UNION SELECT ""publisher/name"", ""extensions/3"", ""releases/0/id"", ""releases/0/ocid"", ""license"", ""published_date"", ""releases/0/date"", ""publisher/uid"", ""publisher/scheme"", ""releases/0/language"", ""publisher/uri"", ""uri"", ""version"", ""extensions/5"", ""extensions/0"", ""extensions/2"", ""extensions/4"", ""extensions/1"", ""extensions/6"", ""publication_policy"" FROM S","Can you show me the details of Contracts Finder notices from both February 2024 and July 2022, including information about the publisher's name, specific extensions, release IDs, OCIDs, license type, publication dates, language used, URI, version, and other relevant details? I'm particularly interested in understanding how these elements compare between the two different time periods.",success,10.567,0,,1559,515,54.491,3,,26467,1017,65.05799999999999
UK,multi-table-join,simple,true,e27296d6-0d62-4f95-84cb-7efb9b43ec01,b26812d0-d306-4c9c-b47a-d796741db2c3,ea639e00-f6af-4f7f-926b-9c7530350015,a3690074-f651-4cab-bf3a-0ae02274f937,,,expense_type,expense_type,"SELECT R.expense_type, SUM(CAST(REPLACE(R.amount_in_sterling, ',', '') AS FLOAT)) AS total_amount_R, SUM(CAST(REPLACE(S.amount_in_sterling, ',', '') AS FLOAT)) AS total_amount_S FROM R JOIN S ON R.expense_type = S.expense_type GROUP BY R.expense_type","How do the total spending amounts for different expense types compare between the financial transactions over £500 made by Government Offices for the regions and those over £250 made by the Department for Communities and Local Government in the Financial Year 2013? Please consider the Ministry of Housing, Communities and Local Government's efforts towards transparency in expenditure.",success,8.458,0,,3106,288,8.787,0,,3438,206,17.245
UK,multi-table-join,challenging,true,f2681f35-f5e3-4a2c-b04f-af9d42cf5664,d074a90d-1376-4f1c-89b7-2f6f52fde907,bcbf189e-6f3f-404b-b291-342c88a69957,5066c40e-7cd8-49e7-bbf4-6cb8166c7350,CSV,CSV,regd21_cd,regd20_cd,"SELECT R.regd21_cd, S.regd20_cd, R.regd21_nm, S.regd20_nm, COUNT(*) as match_count FROM R JOIN S ON R.regd21_cd = S.regd20_cd GROUP BY R.regd21_cd, S.regd20_cd, R.regd21_nm, S.regd20_nm",How many times do registration district codes and names from December 2021 match with those from December 2020 in England and Wales according to the Office for National Statistics data? Please provide the codes and names for both years where matches occur.,success,42.274,3,,11083,1470,13.419,0,,7365,182,55.693
UK,multi-table-union,moderate,true,ddaa7e87-8a7b-4450-b2b5-4abb9659dee7,d52c203c-8dd5-4acf-9919-33b450b02831,5b937732-c088-43ed-805d-efa1dc60dd01,25cb6f60-ea40-4fda-ad29-5f7b68647930,,,main_subject,main_subject,"SELECT ""citation"", ""author"", ""subject"", ""year"", ""type"", ""keywords"", ""notes"", ""title"", ""main_subject"", ""url"", ""collaborators"" FROM R WHERE ""year"" > 2010 UNION SELECT ""citation"", ""author"", ""subject"", ""year"", ""type"", ""keywords"", ""notes"", ""title"", ""main_subject"", ""url"", ""collaborators"" FROM S WHERE ""year"" < 2010","Could you show me the details of publications by Animal and Plant Health Agency staff from years after 2010 along with those before 2010 including the citation, authors involved, subject matter, year of publication, type of journal, associated keywords, any notes, title of the article, main subject category, URL if available, and collaborating organizations?",success,7.677,0,,1036,384,8.056,0,,3876,171,15.732999999999999
UK,multi-table-join,moderate,true,f2681f35-f5e3-4a2c-b04f-af9d42cf5664,d074a90d-1376-4f1c-89b7-2f6f52fde907,bcbf189e-6f3f-404b-b291-342c88a69957,5066c40e-7cd8-49e7-bbf4-6cb8166c7350,CSV,CSV,regd21_cd,regd20_cd,"SELECT R.""regd21_nm"", S.""regd20_nm"", SUM(R.""shape__area"") AS total_area FROM R INNER JOIN S ON R.""regd21_cd"" = S.""regd20_cd"" GROUP BY R.""regd21_nm"", S.""regd20_nm"";","What is the total area for each registration district in December 2021 compared to their corresponding districts from December 2020, as defined by the Office for National Statistics? Please provide the names of both the 2021 and 2020 registration districts in your answer.",success,11.188,0,,3381,370,13.333,0,,7353,171,24.521
UK,single-table,challenging,true,fdd27ce0-2a54-45dd-9a15-5a8593b51b38,,f1092221-b5b3-4a96-ab03-51e88176c6d4,,"",,,,"SELECT ""unnamed:_0"", RANK() OVER (ORDER BY CAST(""number_of_animals"" AS INTEGER) DESC) as rank FROM R WHERE REGEXP_MATCHES(""number_of_animals"", '^\d+$')","Which counties have the highest cattle populations as reported to the Rural Payments Agency, ranked by their total numbers when only considering entries with numeric values in the number of animals field?",success,5.568,0,,1318,267,5.058,0,,1760,152,10.626
UK,single-table,moderate,true,86d6fe37-6a1e-4215-8d37-99bf4a03030a,,c7e5c55c-dc93-4a46-8c95-1b1b7f0d0a26,,Contracts Finder OCDS 2018-04-26,,,,"SELECT ""publisher/name"", COUNT(*) as release_count FROM R GROUP BY ""publisher/name"" ORDER BY release_count DESC LIMIT 5;",Which organizations published the most notices in April 2018 according to Contracts Finder? Please list the top five along with their publication counts.,success,7.42,0,,3438,245,6.833,0,,3331,156,14.253
UK,single-table,simple,true,f6bf5ac9-099a-45f5-af07-faef2a4e5f1b,,db2d6390-df7c-4fbe-95d4-425053e3bf75,,CSV,,,,"SELECT lad18nm, lat FROM R WHERE long > -1.0","Which Local Authority Districts in the United Kingdom have a longitude greater than -1.0, and what are their respective latitudes according to the December 2018 boundaries?",success,5.214,0,,1897,213,8.189,0,,3869,169,13.403
UK,single-table,challenging,true,23b48f3a-e80d-4659-9e34-0e20e7954ad2,,7c688af3-7820-4a4b-9f82-be5830b1b8c7,,,,,,"WITH CleanedData AS ( SELECT *, CAST(REPLACE(SUBSTR(""amount_in_sterling"", 2), ',', '') AS FLOAT) AS cleaned_amount FROM R ), RankedExpenses AS ( SELECT *, ROW_NUMBER() OVER(PARTITION BY ""department_family"" ORDER BY cleaned_amount DESC) as rn FROM CleanedData ) SELECT ""department_family"", ""supplier"", ""expense_type"", cleaned_amount FROM RankedExpenses WHERE rn = 1","For each department family, which supplier received the highest amount in sterling from the Ministry of Housing, Communities and Local Government for any expense type among the monthly-updated financial transactions over £250 made during the Financial Year 2015/6?",success,7.665,0,,2392,305,31.14,3,,11556,812,38.805
UK,single-table,moderate,true,d3096580-5e22-4898-b2cd-33853184607f,,4940dcb0-49cc-4a66-844c-2c813b66f27c,,,,,,"SELECT organisation, COUNT(*) AS number_of_units FROM R GROUP BY organisation;",How many units does each organisation within the Forestry Commission have?,success,5.246,0,,1569,236,4.64,0,,1868,129,9.886
UK,multi-table-join,moderate,true,f1b23ce6-b985-463c-951b-fcd0ff9c3329,38834675-84ae-47af-83a8-eac6334a592a,bd104e33-9ef3-41c9-b45c-b9f96cbc3a20,2a116a6a-6d54-4ccd-8b31-a4c5e044bd6e,CSV,CSV,lad16_cd,ilad18_cd,"SELECT R.ioa11_cd, R.wd16_nm, S.lad18_nm, SUM(R.fid) AS total_fid FROM R JOIN S ON R.lad16_cd = S.ilad18_cd GROUP BY R.ioa11_cd, R.wd16_nm, S.lad18_nm;","Which Output Area code (from 2011) is associated with each ward name (from 2016), local authority district name (from 2018), and what is the total sum of feature identifiers for these areas, considering the best fit lookup between output areas, wards, and local authority districts in England and Wales as well as the lookup between local authority districts and countries in the UK?",success,8.072,0,,1911,303,13.189,0,,6304,216,21.261
UK,multi-table-join,challenging,true,e82bf5c3-34c6-4c5a-8212-f16dee3d5bdc,f6bf5ac9-099a-45f5-af07-faef2a4e5f1b,88384885-1b3f-4117-811e-2543264c9795,db2d6390-df7c-4fbe-95d4-425053e3bf75,CSV,CSV,lad16cd,lad18cd,"SELECT R.iobjectid, R.lad16nm, S.lad18nm, ROW_NUMBER() OVER (PARTITION BY R.lad16cd ORDER BY R.shape__area DESC) as row_num FROM R JOIN S ON R.lad16cd = S.lad18cd","How do the names of local authority districts in December 2016 compare with their counterparts in December 2018, considering their area sizes? Specifically, I'm interested in seeing the ID, the name from 2016, the name from 2018, and a ranking based on the size of the areas for each district code, ordered by largest to smallest area.",success,10.188,0,,3499,310,14.087,0,,7539,195,24.275
UK,single-table,moderate,true,e67b73ea-884b-42e6-bfdc-6f327dac6f90,,fff4cc89-d266-42dd-a9e3-9877db1e05fc,,,,,,"SELECT parent_department, COUNT(*) AS number_of_posts FROM R GROUP BY parent_department ORDER BY number_of_posts DESC;",Which department within the Ministry of Defence has the most posts according to the organogram data?,success,6.569,0,,2503,246,5.213,0,,2554,129,11.782
UK,single-table,moderate,true,f5bf59dd-fee8-4664-886a-6a16bf813238,,f0bf18ca-996f-4402-b266-f0dddcf2c5e1,,,,,,"SELECT ""parent_department"", COUNT(*) AS ""number_of_posts"" FROM R GROUP BY ""parent_department"" ORDER BY ""number_of_posts"" DESC;",Which department within the Child Maintenance and Enforcement Commission has the highest number of job positions?,success,6.801,0,,2384,271,18.519,2,,7979,470,25.32
UK,single-table,simple,true,e67b73ea-884b-42e6-bfdc-6f327dac6f90,,fff4cc89-d266-42dd-a9e3-9877db1e05fc,,,,,,"SELECT name, job_title FROM R WHERE organisation = 'ministry of defence';",Could you list the names and job titles of individuals who are employed by the Ministry of Defence?,success,6.425,0,,2464,245,12.027,1,,5393,306,18.451999999999998
UK,multi-table-join,simple,true,f9c5071c-c159-4fe8-afb4-1f50020ddb9f,d1f97049-503b-4b85-b673-a35ed29541aa,f95c431d-b1ee-48bc-bdb8-d87b0e871751,fcbe6337-addf-4348-90af-93ad4ddd469d,2022-12-31 Organogram (Junior),2024-03-31 Organogram (Junior),office_region,office_region,"SELECT R.office_region, COUNT(*) AS total_units FROM R JOIN S ON R.office_region = S.office_region GROUP BY R.office_region;","How many units are present in each common office region when comparing the Valuation Office Agency’s and Defence Equipment and Support’s organizational structures, where regions match?",success,7.063,0,,2983,250,32.24,3,,14024,783,39.303000000000004
UK,single-table,challenging,true,d58f3eb0-5f74-4d06-b7c3-69e398050f46,,80920690-3390-42ed-ad58-4b2f2c0f5928,,CSV,,,,"WITH LPA_Count AS (     SELECT ""lpa22_nm"", ""coterm"",            COUNT(""object_id"") as object_count     FROM R     GROUP BY ""coterm"", ""lpa22_nm"" ), RankedLPA AS (     SELECT ""lpa22_nm"", ""coterm"",            ROW_NUMBER() OVER (PARTITION BY ""coterm"" ORDER BY object_count DESC) as rank     FROM LPA_Count ) SELECT ""lpa22_nm"", ""coterm"" FROM RankedLPA WHERE rank = 1;",Which local planning authority has the highest number of entries for each coterm status as of April 2022 according to the Office for National Statistics data?,success,33.305,2,,4700,1392,6.958,0,,3388,151,40.263
UK,single-table,simple,true,f6b48a1a-41d0-4517-b840-4322b3500549,,723ef91a-e7b1-40ce-b665-6cc11a8dee8a,,CSV,,,,"SELECT pcon24_nm, bng_e, bng_n, ifid FROM R WHERE bng_e > 400000;","Which Westminster Parliamentary Constituencies in the United Kingdom have an easting coordinate greater than 400000, and what are their names, easting coordinates, northing coordinates, and identifiers?",success,36.818,3,,6943,1493,9.03,0,,3941,184,45.848
UK,single-table,challenging,true,d1f97049-503b-4b85-b673-a35ed29541aa,,fcbe6337-addf-4348-90af-93ad4ddd469d,,2024-03-31 Organogram (Junior),,,,"SELECT ""organisation"", ""parent_department"", ""professional/occupational_group"", ""payscale_maximum__a_"", ""generic_job_title"", ""grade"", ""office_region"", MAX(""payscale_maximum__a_"") OVER (PARTITION BY ""office_region"") AS max_payscale_per_region FROM R WHERE ""office_region"" = 'wales' ORDER BY ""payscale_maximum__a_"" DESC LIMIT 1","Could you provide the details of the role with the highest pay scale maximum in Wales, including the organisation, parent department, professional/occupational group, payscale maximum, generic job title, grade, and office region?",success,32.3,2,,5603,1346,5.429,0,,2198,152,37.729
UK,single-table,simple,true,d59189c1-e82b-4a41-b24d-6fc0392da188,,00948609-245c-4852-9b8f-3197983b7c7a,,FCDO (FCO) GPC transactions February 2021,,,,SELECT * FROM R WHERE location = 'gbr';,"Which transactions took place in Great Britain (GBR) for the Foreign, Commonwealth and Development Office's government procurement card spending over £500 in February 2021?",success,4.644,0,,1422,220,4.779,0,,1635,141,9.423
UK,multi-table-join,moderate,true,ed53f68e-ba45-4af7-a0ca-850d01159bb9,ff26f251-4fff-442a-9b3f-718ac74fb31d,6e2333b8-d8cb-464f-b8b6-ff9f032f7100,c6da1573-83fe-4cb0-8e6a-799ee73ff24e,CSV,CSV,lad14_nm,lad12_nm,"SELECT R.ifid AS r_ifid, S.ifid AS s_ifid, R.lad14_nm, R.shape__area AS r_shape_area, S.shape__area AS s_shape_area FROM R JOIN S ON R.lad14_nm = S.lad12_nm WHERE R.shape__area > 5e7 AND S.shape__area > 5e7;","Which local authority districts from December 2014 and December 2012 have areas larger than 50,000 square units and share the same name? Please provide their names along with their respective area sizes for both years.",success,8.839,0,,2704,304,11.065,0,,6437,151,19.904
UK,multi-table-join,moderate,true,f5e630c0-74c6-4264-bc71-26d3cfe74f29,cf21f5d0-22e9-40fa-a405-866b8a17a81d,36fe0c84-771b-4e1b-a33e-459a85236826,43f569b4-1f00-4861-8bf9-e5821b72ce7c,CSV,CSV,pfa17_cd,pfa16cd,"SELECT R.pfa17_nm, AVG(S.shape__area) AS average_area FROM R JOIN S ON R.pfa17_cd = S.pfa16cd GROUP BY R.pfa17_nm;","What is the average area of the Police Force Areas in England and Wales as of December 2016 for each police force name listed in the lookup file between Local Authority Districts, Community Safety Partnerships, and Police Force Areas from January 2017? Please provide the information grouped by the names of these police forces.",success,7.568,0,,2674,256,13.461,0,,6949,208,21.029
UK,multi-table-join,challenging,true,f1881f9a-184b-4995-8217-328a3df0b0bf,dc67e5a8-a3f7-43bd-b1b8-b10431c224a3,995e4dff-4162-4e58-aeb2-3516188d8638,88fea32b-8b3b-4110-a6a3-de8642781b30,"","",species,species,"SELECT R.""species"", AVG(R.""no._tests"") AS ""avg_tests_R"", AVG(S.""no._tests"") AS ""avg_tests_S"" FROM R JOIN S ON R.""species"" = S.""species"" GROUP BY R.""species"" HAVING COUNT(DISTINCT R.""test_code"") > 1 AND COUNT(DISTINCT S.""test_code"") > 1;","Which species of birds had more than one type of test conducted in both 2010 and 2012 by the Animal and Plant Health Agency, and what were the average numbers of tests performed for each species across those years?",success,7.975,0,,2216,338,6.353,0,,2826,150,14.328
UK,single-table,moderate,true,fb940e11-1206-4a29-ae9a-2c890293df70,,736da925-f409-49b8-99c8-6ea7a57641d0,,2023-03-31 Organogram (Senior),,,,"SELECT COUNT(*) AS total_posts, AVG(fte) AS average_fte FROM R WHERE ""valid?"" = 1;","How many valid posts are there in the Home Office organogram, and what is the average full-time equivalent (FTE) for these positions?",success,34.663,3,,8389,1381,5.985,0,,2722,143,40.647999999999996
UK,single-table,challenging,true,f6f13ee8-2b51-41b8-9c8d-6d147b3f3b6e,,266bf631-117c-456f-9ee6-2125515aa069,,,,,,"SELECT ""parent_department"", ""grade"", COUNT(*), AVG(""payscale_minimum__a_"") FROM R WHERE ""grade"" = 'b2' GROUP BY ""parent_department"", ""grade""",What is the average minimum pay scale for grade B2 positions within each parent department in the Defence Nuclear Organisation?,success,33.021,3,,6524,1482,6.284,0,,2065,177,39.305
UK,multi-table-join,challenging,true,e3f65db8-c4eb-4482-9791-f34368eeab9e,4c918a8e-9d90-4175-8419-63c47a55c317,c134d765-92c6-4ed9-a4de-39a635d294b6,f13d7a3d-5ad1-49dd-8ea4-8169e07a5704,CSV,CSV,gor10_cd,rgn20_cd,"SELECT R.wd17_nm, S.wd20_nm, COUNT(S.wd20_nm) AS num_wds_in_gor FROM R JOIN S ON R.gor10_cd = S.rgn20_cd WHERE R.ctry17_cd = 'e92000001' GROUP BY R.wd17_nm, S.wd20_nm","How many wards from 2020 correspond to each ward from 2017 within the same region in England? Could you provide a list showing the name of the 2017 ward, the name of the 2020 ward, and the count of such corresponding wards?",success,40.967,2,,8113,1234,14.292,0,,8285,174,55.259
UK,single-table,challenging,true,d79b3207-b7e1-4204-981e-b70e3e4e162c,,92f6d480-8b99-4136-bd0d-ff8055dbbadc,,CSV,,,,"WITH RankedRegions AS ( SELECT rgn11_nm, SUM(fid) AS total_fid, ROW_NUMBER() OVER (ORDER BY SUM(fid) DESC) AS rank FROM R WHERE ctry11_nm = 'england' GROUP BY rgn11_nm ) SELECT rgn11_nm, total_fid FROM RankedRegions WHERE rank <= 3;",Which three regions in England have the highest total fid values based on the 2017 workplace zone classifications from the Office for National Statistics?,success,22.173,1,,4213,864,9.077,0,,4675,167,31.25
UK,single-table,simple,true,86d6fe37-6a1e-4215-8d37-99bf4a03030a,,c7e5c55c-dc93-4a46-8c95-1b1b7f0d0a26,,Contracts Finder OCDS 2018-04-26,,,,"SELECT ""uri"", ""published_date"" FROM R WHERE ""publisher/name"" = 'cherwell district council';",Could you provide the URIs and publication dates for notices where the publisher is 'Cherwell District Council'?,success,22.887,2,,8239,858,13.794,1,,6783,317,36.681
UK,single-table,simple,true,d880eb6a-31fe-45ce-9cb8-09df7b9c5b37,,65e60625-1ec1-4ab0-a450-6f460aaf014f,,,,,,SELECT * FROM R WHERE grade = 'grade f';,Which roles within the Organogram (organization chart) published by the Security Industry Authority are at the Grade F level?,success,60.173,0,,1591,217,44.799,2,,5576,435,104.97200000000001
UK,multi-table-join,challenging,true,dcf60014-5c2f-4691-932c-473f73c86c06,145598cc-ca1c-4eb5-ae01-c6a3d7f513e6,fd07cee9-b563-4716-9115-b9bb3025335c,fd6b5da5-0398-487d-8886-f60f83872333,CSV,CSV,lep20_cd,lep17_cd1,"SELECT R.""lep20_nm"", COUNT(DISTINCT S.""ilsoa11_cd"") AS ""unique_lsoas"" FROM R JOIN S ON R.""lep20_cd"" = S.""lep17_cd1"" GROUP BY R.""lep20_nm"" HAVING COUNT(DISTINCT S.""ilsoa11_cd"") > 5","How many unique Lower Layer Super Output Areas (LSOAs) are associated with each Local Enterprise Partnership (LEP) in England as of April 2017, if we consider only those LEPs that have more than 5 distinct LSOAs linked to them? Please refer to the data from Office for National Statistics.",success,8.171,0,,1918,333,11.591,0,,6141,191,19.762
UK,multi-table-union,simple,true,ed378d3e-25fc-4a76-88b0-92c912f793bf,5c5546fc-93d1-4ff4-9080-407fdc08a3f9,3bbde6f7-4c7a-4704-82f6-9622e0249f3d,4f1e708d-62ef-4597-95e3-ccf0a440bf15,Contracts Finder OCDS 2024-10-04,Contracts Finder OCDS 2024-11-21,releases/0/tender/procurement_method_details,releases/0/tender/procurement_method_details,"SELECT ""publication_policy"", ""releases/0/id"", ""releases/0/ocid"", ""extensions/6"", ""publisher/uid"", ""uri"", ""extensions/3"", ""published_date"", ""license"", ""extensions/5"", ""extensions/1"", ""extensions/0"", ""publisher/scheme"", ""publisher/uri"", ""extensions/4"", ""releases/0/language"", ""version"", ""extensions/2"", ""publisher/name"", ""releases/0/date"" FROM R UNION SELECT ""publication_policy"", ""releases/0/id"", ""releases/0/ocid"", ""extensions/6"", ""publisher/uid"", ""uri"", ""extensions/3"", ""published_date"", ""license"", ""extensions/5"", ""extensions/1"", ""extensions/0"", ""publisher/scheme"", ""publisher/uri"", ""extensions/4"", ""releases/0/language"", ""version"", ""extensions/2"", ""publisher/name"", ""releases/0/date"" FROM S","Could you provide details including publication policy, release IDs (releases/0/id), OCIDs (releases/0/ocid), extensions from 0 to 6, publisher UID and URI, notice URI, license information, published date, language version, for Contracts Finder notices from October 4th, 2024, and November 21st, 2024?",success,10.577,0,,1516,510,57.271,3,,26604,1028,67.848
UK,single-table,challenging,true,ebc04ca0-8ad2-4aee-a84b-f4bbd069066c,,fcd82afe-d8fd-417a-ac0a-b3acd7d8a422,,CSV,,,,"WITH RankedAreas AS ( SELECT cmwd11nm, lad11nm, shape__area, ROW_NUMBER() OVER (PARTITION BY lad11nm ORDER BY shape__area DESC) as rank FROM R ) SELECT cmwd11nm, lad11nm, shape__area FROM RankedAreas WHERE rank = 1",Which Census Merged Ward in each local authority district had the largest area as of December 2011 in England and Wales?,success,7.114,0,,1932,265,8.047,0,,4290,142,15.161000000000001
UK,single-table,moderate,true,fb02a8ef-21d4-4529-83dc-e294d80d4d3f,,81769fb1-3737-4f02-a333-c12ad841854e,,,,,,"SELECT parent_department, COUNT(*) AS number_of_posts FROM R GROUP BY parent_department ORDER BY number_of_posts DESC;","Which department within The Pensions Regulator has the most posts, and how many posts does each department have?",success,6.747,0,,2411,248,5.884,0,,2597,146,12.631
UK,single-table,moderate,true,eaca4795-3624-46b8-9472-2d195b4218b3,,1e10be47-e1bf-4ee4-b2ed-d8546d632177,,"",,,,"SELECT breed_type, AVG(number_of_births) AS avg_births FROM R WHERE birth_year BETWEEN 2014 AND 2016 GROUP BY breed_type;",What is the average number of cattle births for each breed type registered in Wales between 2014 and 2016 as reported to the Rural Payments Agency?,success,6.04,0,,1495,262,6.254,0,,1910,175,12.294
UK,single-table,moderate,true,d996bf42-fabe-4236-93b1-df4402ef3f39,,87e88687-e6f8-4710-b32b-1b11665e206a,,,,,,"SELECT organisation, AVG(payscale_minimum__a_) AS avg_min_payscale, AVG(payscale_maximum__a_) AS avg_max_payscale FROM R GROUP BY organisation;","According to the Veterinary Medicines Directorate’s published organogram for 31st March, what are the average minimum and maximum pay scales across different roles within each organizational unit?",success,5.331,0,,1705,238,18.314,2,,6667,529,23.645
UK,single-table,simple,true,f9286b65-bdb8-4b45-8300-d8207f695bab,,da25a137-0c3f-4261-9714-1b8128ac1123,,CSV,,,,SELECT ctyua21_nm FROM R WHERE bng_e > 500000,"Which counties or unitary authorities in the United Kingdom have an easting coordinate greater than 500,000 as of December 2021?",success,5.166,0,,1909,207,8.018,0,,3733,157,13.184000000000001
UK,single-table,moderate,true,d5856c95-a1a3-403e-9190-6ab8c78705ad,,bb300a71-9e9c-40b5-966f-681a1e395cd6,,CSV,,,,"SELECT par24_nm, COUNT(*) as count FROM R GROUP BY par24_nm HAVING COUNT(*) > 1","How many times does each parish name appear in the list of Parishes for May 2024 boundaries in England and Wales, if the name appears more than once?",success,6.446,0,,1903,253,8.086,0,,3644,165,14.532
UK,multi-table-join,challenging,true,d262630c-d22b-4659-a552-2735223a9186,41a70138-e749-49a3-9fb2-02b68f8da9b1,736da925-f409-49b8-99c8-6ea7a57641d0,a62d9c58-4fd2-4dba-a7bb-523415f040a0,2022-03-31 Organogram (Senior),2024-04-22 Organogram (Junior),office_region,office_region,"SELECT R.name, S.generic_job_title, R.job_title, R.fte, R.office_region, avg_fte_per_region FROM ( SELECT *, ROW_NUMBER() OVER (PARTITION BY office_region ORDER BY fte DESC) as rank_by_fte FROM R ) AS R JOIN ( SELECT office_region, AVG(fte) AS avg_fte_per_region FROM R GROUP BY office_region ) AS AvgFTE ON R.office_region = AvgFTE.office_region JOIN S ON R.office_region = S.office_region WHERE R.rank_by_fte <= 3;","For each office region covered by both the Home Office and Joint Forces Command, can you identify the top three roles in terms of full-time equivalent (FTE) staff from the Senior Organogram? Please provide details such as the name, generic job title from the Junior Organogram, specific job title, FTE value, office region, and compare these with the regional average FTE.",success,53.498,3,,12966,1820,35.493,2,,13070,834,88.991
UK,multi-table-join,challenging,true,d697d950-ce4b-42cd-92c2-c8d2e9d31e7e,5f5c9494-b5a4-4710-a4df-e2e709e77d33,45526f3f-5ddb-4cf8-881d-fc403333876b,fff4cc89-d266-42dd-a9e3-9877db1e05fc,2024-09-30 Organogram (Junior),2022-10-29 Organogram (Junior),office_region,office_region,"SELECT R.office_region,         SUM(R.number_of_posts_in_fte) AS total_fte_R,         SUM(CASE WHEN S.number_of_posts_in_fte = '<5' THEN 0                  WHEN REGEXP_MATCHES(S.number_of_posts_in_fte, '^[0-9]+(\.[0-9]+)?$') THEN CAST(S.number_of_posts_in_fte AS FLOAT)                  ELSE 0 END) AS total_fte_S,         (SUM(R.number_of_posts_in_fte) - SUM(CASE WHEN S.number_of_posts_in_fte = '<5' THEN 0                                                  WHEN REGEXP_MATCHES(S.number_of_posts_in_fte, '^[0-9]+(\.[0-9]+)?$') THEN CAST(S.number_of_posts_in_fte AS FLOAT)                                                  ELSE 0 END)) AS difference  FROM R JOIN S ON R.office_region = S.office_region  GROUP BY R.office_region  ORDER BY difference DESC;","How does the total number of full-time equivalent (FTE) staff in each office region for the Ministry of Housing, Communities and Local Government compare with that of the Defence Infrastructure Organisation? Specifically, I am interested in knowing the difference in FTE numbers between these two organizations across different regions, sorted by the largest differences.",success,71.296,3,,12422,2471,8.743,0,,3763,202,80.039
UK,multi-table-join,moderate,true,e3f65db8-c4eb-4482-9791-f34368eeab9e,4c918a8e-9d90-4175-8419-63c47a55c317,c134d765-92c6-4ed9-a4de-39a635d294b6,f13d7a3d-5ad1-49dd-8ea4-8169e07a5704,CSV,CSV,gor10_cd,rgn20_cd,"SELECT R.wd17_nm, COUNT(S.wd20_nm) AS num_wds_in_region FROM R JOIN S ON R.gor10_cd = S.rgn20_cd GROUP BY R.wd17_nm","How many wards from 2020 are in each region that corresponds to a ward from December 2017, according to the Office for National Statistics' administrative lookups?",success,9.451,0,,3012,292,12.779,0,,8213,131,22.23
UK,multi-table-union,simple,true,d880eb6a-31fe-45ce-9cb8-09df7b9c5b37,da6d0ff2-0152-414c-9ba9-7a9462384c16,65e60625-1ec1-4ab0-a450-6f460aaf014f,a90a9f70-e28c-4a95-a7a7-f79d12fbe219,,,professional/occupational_group,professional/occupational_group,"SELECT ""payscale_maximum__a_"", ""professional/occupational_group"", ""payscale_minimum__a_"", ""parent_department"", ""organisation"", ""unit"", ""reporting_senior_post"", ""number_of_posts_in_fte"", ""generic_job_title"", ""grade"" FROM R UNION SELECT ""payscale_maximum__a_"", ""professional/occupational_group"", ""payscale_minimum__a_"", ""parent_department"", ""organisation"", ""unit"", ""reporting_senior_post"", ""number_of_posts_in_fte"", ""generic_job_title"", ""grade"" FROM S","Could you show me the details of job roles including maximum and minimum pay scales, professional groups, parent departments, organizations, units, senior reporting posts, number of full-time equivalent positions, generic job titles, and grades for both Security Industry Authority and Ministry of Justice?",success,6.929,0,,887,368,6.729,0,,3253,160,13.658000000000001
UK,single-table,challenging,true,fb940e11-1206-4a29-ae9a-2c890293df70,,736da925-f409-49b8-99c8-6ea7a57641d0,,2023-03-31 Organogram (Senior),,,,"WITH RankedPosts AS ( SELECT *, ROW_NUMBER() OVER (PARTITION BY ""parent_department"" ORDER BY ""actual_pay_ceiling__a_"" DESC) as rank FROM R WHERE ""valid?"" = 1 ) SELECT * FROM RankedPosts WHERE rank <= 3;","What are the top three highest paying job roles within each department at the Home Office, and what are their respective salary ceilings?",success,7.143,0,,2746,262,6.334,0,,2836,152,13.477
UK,single-table,moderate,true,e3f65db8-c4eb-4482-9791-f34368eeab9e,,c134d765-92c6-4ed9-a4de-39a635d294b6,,CSV,,,,"SELECT ""gor10_nm"", COUNT(*) AS ""num_districts"" FROM R WHERE ""ctry17_nm"" = 'england' GROUP BY ""gor10_nm"" ORDER BY ""num_districts"" DESC;","Which regions in England have the most local authority districts, and how many are there in each region?",success,7.094,0,,1816,289,9.166,0,,4615,167,16.26
UK,single-table,simple,true,5abe5e9c-c170-4f6c-8524-71c26db12a70,,0641fa43-8738-48dc-8d5c-c93bc892e496,,CSV,,,,SELECT sicbl23_nm FROM R WHERE nhser23_nm = 'london';,Which Sub Integrated Care Board Locations are within the London NHS England Region?,success,5.934,0,,1815,241,7.91,0,,4395,133,13.844000000000001
UK,multi-table-join,moderate,true,d8044e95-9f2b-4f53-b711-ce1e90ec8b82,e8085633-c691-43c9-9b97-c322d844e92a,5161398b-c0f9-45b9-8451-893face3a9ab,5dcf1a8e-4bad-4d9c-b90b-41f1a3dce03b,,,professional/occupational_group,professional/occupational_group,"SELECT R.post_unique_reference, S.post_unique_reference, COUNT(*) as count_of_shared_groups FROM R JOIN S ON R.""professional/occupational_group"" = S.""professional/occupational_group"" GROUP BY R.post_unique_reference, S.post_unique_reference",How many times do professional groups overlap between roles in High Speed 2 Limited and the Ministry of Defence? Could you show me the unique references for each role from both organizations where these overlaps occur?,success,9.998,0,,4365,302,8.732,0,,4716,164,18.729999999999997
UK,multi-table-join,simple,true,d8044e95-9f2b-4f53-b711-ce1e90ec8b82,e8085633-c691-43c9-9b97-c322d844e92a,5161398b-c0f9-45b9-8451-893face3a9ab,5dcf1a8e-4bad-4d9c-b90b-41f1a3dce03b,,,professional/occupational_group,professional/occupational_group,"SELECT R.post_unique_reference, S.post_unique_reference, R.job_title, S.job_title FROM R JOIN S ON R.""professional/occupational_group"" = S.""professional/occupational_group""",Which roles in High Speed 2 Limited and Ministry of Defence share the same professional or occupational group? Could you provide me with their unique post references and job titles from both organizations?,success,47.421,3,,13511,1611,7.866,0,,4691,135,55.287
UK,multi-table-join,simple,true,d5856c95-a1a3-403e-9190-6ab8c78705ad,32a4e106-1da7-4b8c-ab9b-8155d3917a04,bb300a71-9e9c-40b5-966f-681a1e395cd6,b1cd2ae3-d089-43e8-bbed-f5927e98f970,CSV,CSV,par24_cd,ipar22_cd,"SELECT R.ifid, R.par24_nm, S.par22_nm FROM R JOIN S ON R.par24_cd = S.ipar22_cd;",How do the names of parishes in England and Wales from May 2024 compare with their corresponding names from December 2022 based on their unique identifiers?,success,19.881,0,,3365,345,11.46,0,,6379,156,31.341
UK,single-table,challenging,true,7baca545-44cf-46af-bb25-7903afc924c1,,bec90bfb-bb29-48f8-91f9-be05f92d6f46,,CSV,,,,"SELECT lad16_nm, SUM(shape__area) AS total_area, RANK() OVER (ORDER BY SUM(shape__area) DESC) as area_rank FROM R GROUP BY lad16_nm","Which local authority districts in England and Wales had the largest total area of output areas as of December 2011 according to the Office for National Statistics data, and what is their ranking based on this total area?",success,6.522,0,,1689,260,9.061,0,,4155,181,15.583
UK,multi-table-join,simple,true,e324d302-158a-4d6e-b3b1-89091017b512,28e4eac0-7904-485a-8c2e-c1b1e0605cda,341b971a-6c7c-4b50-9455-3498533dbdc4,d69c37e0-e356-4b01-b8c1-91a950d53cc4,CSV,CSV,long,long,"SELECT R.iobjectid, S.lad16_nm FROM R JOIN S ON R.long = S.long",Which local authority districts from December 2016 share the same longitude as the counties and unitary authorities in Great Britain as of April 2019? Please refer to the Office for National Statistics data for both sets of boundaries.,success,8.944,0,,3256,285,12.83,0,,7169,186,21.774
UK,single-table,moderate,true,2e9da07c-8fa5-4757-85d1-5c5490dc1a2a,,a90a9f70-e28c-4a95-a7a7-f79d12fbe219,,,,,,"SELECT SUM(number_of_posts_in_fte) AS total_posts, ""professional/occupational_group"" FROM R GROUP BY ""professional/occupational_group""",How many full-time equivalent posts are there in each professional or occupational group within the Ministry of Justice's organogram?,success,19.326,0,,1665,256,4.842,0,,2008,132,24.168
UK,single-table,simple,true,def9a544-8605-4c8a-a7eb-01586df940dc,,255acc10-3c75-4860-b2a1-855eceae5a0c,,Natura2000-tranche50-admin-regions.csv,,,,"SELECT ""site_name"" FROM R WHERE ""country_code"" = 'ew' AND ""site_name"" = 'severn estuary/ môr hafren';",Can you show me the name of the Special Area of Conservation in England that is called 'severn estuary/ môr hafren'?,success,20.254,2,,3581,916,5.877,0,,2496,147,26.131
UK,single-table,simple,true,e8085633-c691-43c9-9b97-c322d844e92a,,5dcf1a8e-4bad-4d9c-b90b-41f1a3dce03b,,,,,,"SELECT ""name"", ""job_title"" FROM R WHERE ""name"" = 'maj gen jim hockenhull';",What is the job title of Maj Gen Jim Hockenhull within the Ministry of Defence?,success,21.853,2,,6011,899,5.711,0,,2772,130,27.564
UK,multi-table-join,simple,true,f6c68973-9f1d-44b5-81e5-00b25a90a616,42c6e351-fe93-4069-8664-4c43f94f3d2f,dc1b664c-5c48-44c9-b69f-2544bda76f6b,c1717d9f-3fe3-4371-b464-cd5d15d7e359,"","",test_code,test_code,"SELECT R.""test_code"", R.""test_description"", S.""no._tests"" FROM R JOIN S ON R.""test_code"" = S.""test_code""","Which pig test codes and descriptions from APHA's 2006 tests have corresponding cattle test volumes, and what are those volumes?",success,24.532,2,,5221,1041,6.465,0,,2581,159,30.997
UK,single-table,challenging,true,ee9deec8-ed99-4508-9c8d-b13f02942e18,,60ac7752-a0fe-4235-ab73-e9ca8dacec85,,CSV,,,,"WITH RankedAreas AS ( SELECT isicbl22_cd, sicbl22_nm, shape__area, ROW_NUMBER() OVER (PARTITION BY sicbl22_nm ORDER BY shape__area DESC) as area_rank FROM R ) SELECT isicbl22_cd, sicbl22_nm, shape__area FROM RankedAreas WHERE area_rank = 1",Which Sub-Integrated Care Board Locations in England have the largest area as of July 2022 according to the Office for National Statistics data?,success,7.87,0,,2033,299,8.188,0,,4285,144,16.058
UK,single-table,moderate,true,de364786-9d96-4ae6-b343-61c09452e328,,ce58a8e5-bad4-43e0-8008-267f8817a458,,,,,,"SELECT organisation, SUM(number_of_posts_in_fte) AS total_posts FROM R GROUP BY organisation ORDER BY total_posts DESC;",Which department within the Identity & Passport Service has the highest total number of full-time equivalent posts?,success,5.845,0,,1611,259,5.496,0,,1824,160,11.341000000000001
UK,multi-table-join,moderate,true,e96e43bd-1ea4-4d09-8d09-ec27cfc3110c,352a7d72-32aa-407e-8706-d99c922da93a,89c33424-e918-4968-9560-5b4bcc16bfe3,3c16edb8-b2a0-46aa-a754-aa0612163e89,2022-10-31 Organogram (Junior),2024-09-30 Organogram (Junior),grade,grade,"SELECT R.grade, AVG(R.payscale_maximum__a_) AS avg_max_payscale_R, AVG(S.payscale_maximum__a_) AS avg_max_payscale_S FROM R JOIN S ON R.grade = S.grade WHERE R.organisation = 'ministry of defence' AND S.organisation = 'ministry of defence' GROUP BY R.grade","What are the average maximum pay scales for each grade in roles within the Ministry of Defence, comparing data from Head Office and Corporate Services MOD with Army Command?",success,8.682,0,,3061,298,6.998,0,,3258,156,15.68
UK,multi-table-join,moderate,true,f5582630-5645-4df8-a6a3-bf36a85d675a,4f5ee2d2-6a8c-4edb-b10f-9dc5e9974290,708572e1-7cb8-4907-bfa3-7c1a0c2dc3dc,0ad17598-4b88-4573-a0ac-1282f8db7c69,CSV,CSV,lad16_cd,lad17_cd,"SELECT R.""lad16_cd"", S.""lad17_cd"", COUNT(*) FROM R LEFT JOIN S ON R.""lad16_cd"" = S.""lad17_cd"" GROUP BY R.""lad16_cd"", S.""lad17_cd""","For each Local Authority District code from December 2016 (LAD16) and its corresponding code from December 2017 (LAD17), how many times do they match within the context of electoral boundaries in the United Kingdom? Include all codes from LAD16 even if there is no matching code from LAD17.",success,28.146,2,,7710,1023,63.517,3,,31357,1002,91.66300000000001
UK,single-table,simple,true,f6f2b41b-20a2-42c9-8b25-71832f330fa7,,46ec5188-fc54-49db-b77e-4b671c58f891,,Contracts Finder OCDS 2024-06-26,,,,"SELECT uri, published_date FROM R WHERE ""publisher/name"" = 'cabinet office';",Can you show me the links and publication dates for Contracts Finder notices that were published by the Cabinet Office?,success,7.298,0,,3491,240,6.279,0,,3361,133,13.577
UK,single-table,simple,true,d5243754-f2ca-48e6-b07b-60cc1243b3cc,,883e6524-9f8d-4626-a493-5b42c474ff15,,Contracts Finder OCDS 2018-03-16,,,,"SELECT ""uri"", ""published_date"" FROM R WHERE ""publisher/name"" = 'crown commercial service';",Which contracts were published by the Crown Commercial Service and what are their publication dates?,success,12.013,0,,3752,386,6.791,0,,3361,143,18.804000000000002
UK,multi-table-join,simple,true,efb00da1-0262-4335-b211-c707796b1518,fba675bd-069e-4ed4-bc75-a95307dfc605,b0bb8fd7-26e2-4a4b-b1e5-7e9bbf4932bc,00948609-245c-4852-9b8f-3197983b7c7a,,"FCDO government procurement card spend over £500, October 2022",merchant_category_code_description,merchant_category_code_description2,SELECT * FROM R JOIN S ON R.merchant_category_code_description = S.merchant_category_code_description2;,"Which procurement transactions from both the Foreign and Commonwealth Office before September 2020 and the Foreign, Commonwealth and Development Office in October 2022 share the same type of merchant category code description? Please consider the spending over £500 for both periods.",success,8.185,0,,2730,324,7.83,0,,2753,201,16.015
UK,single-table,simple,true,b26812d0-d306-4c9c-b47a-d796741db2c3,,a3690074-f651-4cab-bf3a-0ae02274f937,,,,,,"SELECT department_family, entity FROM R WHERE expense_type = 'agency staff';",What are the departments and entities involved in transactions where the expense type is specifically related to agency staff?,success,5.018,0,,2019,210,17.867,2,,7034,470,22.885
UK,single-table,challenging,true,d39b410c-71f2-4e35-8387-f5c7f95c625d,,4bb1ea7d-4ffe-49f6-91e4-7342ea9f79af,,CSV,,,,"WITH RankedLADs AS (    SELECT ""lad21_cd"", ""lad21_nm"", COUNT(DISTINCT ""wd21_cd"") AS ""ward_count"",           SUM(""object_id"") AS ""total_object_id"",           RANK() OVER (ORDER BY COUNT(DISTINCT ""wd21_cd"") DESC) AS ""rank""    FROM R    WHERE ""wd21_nm"" LIKE '%south%' OR ""wd21_nm"" LIKE '%north%'    GROUP BY ""lad21_cd"", ""lad21_nm"")SELECT * FROM RankedLADs WHERE ""ward_count"" >= 5 ORDER BY ""rank"" LIMIT 3;","Which local authority districts in England and Wales have at least five wards with names containing 'south' or 'north', ordered by the number of distinct wards they contain? Please provide the top three ranked districts along with their total object ID sum as of December 2021.",success,38.354,2,,4945,1533,8.391,0,,3567,181,46.745
UK,single-table,moderate,true,cad3aa1c-7677-41e9-9b0d-264ceb43ea01,,c7e5c55c-dc93-4a46-8c95-1b1b7f0d0a26,,Contracts Finder OCDS 2018-04-04,,,,"SELECT ""publisher/name"", COUNT(*) as release_count FROM R GROUP BY ""publisher/name"" ORDER BY release_count DESC LIMIT 5;","Which organizations published the most contracts on Contracts Finder in April 2018, and how many did each release?",success,8.129,0,,3547,263,7.892,0,,3441,177,16.021
UK,single-table,moderate,true,8b44808e-29d3-459c-9aea-8cc2fffd618a,,d67f7b1b-89f3-47a6-95a4-5f7c240c4874,,Contracts Finder OCDS 2024-09-12,,,,"SELECT ""publisher/name"", COUNT(*) as release_count FROM R GROUP BY ""publisher/name"" ORDER BY release_count DESC","How many Contracts Finder notices were published on September 12, 2024 by each publisher, listed from highest to lowest count?",success,7.851,0,,3534,258,16.556,1,,7190,366,24.407
UK,single-table,challenging,true,f0b0a3b3-ec9c-47de-83bf-b2dd0f8d4aa1,,71df9161-49b2-40fb-9533-b85d95a3b186,,,,,,"SELECT ""parent_department"", ""organisation"", ""unit"", COUNT(*) AS total_posts, SUM(""number_of_posts_in_fte"") AS total_fte FROM R WHERE ""organisation"" = 'homes and communities agency' GROUP BY ""parent_department"", ""organisation"", ""unit"" HAVING COUNT(*) > 1 ORDER BY total_fte DESC;","Which units within the Homes and Communities Agency have more than one position listed, and what are the total number of posts and full-time equivalent (FTE) staff for each unit under their respective parent departments? Please list them in order of highest FTE total.",success,8.445,0,,2022,353,6.307,0,,2296,181,14.752
UK,single-table,moderate,true,f6f2b41b-20a2-42c9-8b25-71832f330fa7,,46ec5188-fc54-49db-b77e-4b671c58f891,,Contracts Finder OCDS 2024-06-26,,,,"SELECT ""published_date"", COUNT(*) as release_count FROM R GROUP BY ""published_date"" ORDER BY release_count DESC LIMIT 5;","Which dates had the highest number of Contracts Finder notices published in June 2024, and how many notices were released on those dates?",success,7.688,0,,3505,256,7.328,0,,3429,166,15.016
UK,single-table,simple,true,6331642c-02a7-4ba4-bd85-4e2794fd98da,,89c33424-e918-4968-9560-5b4bcc16bfe3,,,,,,"SELECT name, job_title FROM R WHERE organisation = 'ministry of defence';",Can you show me the names and job titles of individuals who work at the Ministry of Defence?,success,6.561,0,,2521,247,5.4,0,,2581,136,11.961
UK,single-table,simple,true,e324d302-158a-4d6e-b3b1-89091017b512,,341b971a-6c7c-4b50-9455-3498533dbdc4,,CSV,,,,SELECT ctyua19nm FROM R WHERE iobjectid = 73.0,What is the name of the county or unitary authority with an object ID of 73 in the April 2019 boundaries for Great Britain?,success,6.113,0,,1898,246,7.288,0,,3913,137,13.401
UK,single-table,challenging,true,f5bf59dd-fee8-4664-886a-6a16bf813238,,f0bf18ca-996f-4402-b266-f0dddcf2c5e1,,,,,,"WITH RankedPosts AS ( SELECT *, ROW_NUMBER() OVER (PARTITION BY ""job_title"" ORDER BY ""salary_cost_of_reports__a_"" DESC) as rn FROM R ) SELECT * FROM RankedPosts WHERE rn = 1;",What are the job titles with the highest salary cost for their reports in the Child Maintenance and Enforcement Commission?,success,7.466,0,,2652,282,6.082,0,,2584,155,13.548
UK,single-table,simple,true,2e9da07c-8fa5-4757-85d1-5c5490dc1a2a,,a90a9f70-e28c-4a95-a7a7-f79d12fbe219,,,,,,SELECT * FROM R WHERE organisation = 'legal aid agency';,Can you show me the details of roles within the Legal Aid Agency under the Ministry of Justice?,success,17.174,0,,1712,229,4.436,0,,1926,121,21.61
UK,single-table,moderate,true,dd58a323-d8d2-4aa2-a840-1e7f58b1a4fe,,04427362-663e-49e0-9103-8bc01dcaa2c7,,DHSC 2022-03-31 Organogram (Senior),,,,"SELECT parent_department, COUNT(*) AS number_of_posts FROM R GROUP BY parent_department ORDER BY number_of_posts DESC;","Which parent department within the Department of Health and Social Care has the highest number of posts, and how many posts do they have?",success,6.381,0,,2526,238,6.765,0,,2929,163,13.146
UK,multi-table-join,moderate,true,de364786-9d96-4ae6-b343-61c09452e328,1c71947e-9cb8-4aaf-82c1-b444a7229fec,ce58a8e5-bad4-43e0-8008-267f8817a458,736da925-f409-49b8-99c8-6ea7a57641d0,,,grade,grade,"SELECT R.""grade"", AVG(R.""payscale_maximum__a_"") AS ""avg_max_payscale_R"", AVG(S.""payscale_maximum__a_"") AS ""avg_max_payscale_S"" FROM R JOIN S ON R.""grade"" = S.""grade"" GROUP BY R.""grade""","For each grade of positions within both the Identity & Passport Service and Home Office departments, what are the average maximum pay scales?",success,8.228,0,,2856,315,31.349,3,,13108,748,39.577
UK,multi-table-join,simple,true,d996bf42-fabe-4236-93b1-df4402ef3f39,b5b04166-cee5-4472-8fc1-57bee087f39a,87e88687-e6f8-4710-b32b-1b11665e206a,dd2a5b45-9849-47be-89b1-6d41e40c05e7,,,generic_job_title,generic_job_title,"SELECT R.generic_job_title, R.grade AS grade_in_R, S.grade AS grade_in_S FROM R JOIN S ON R.generic_job_title = S.generic_job_title","How do job titles and their corresponding grades in the Veterinary Medicines Directorate compare with those in the Department for Environment, Food and Rural Affairs? Specifically, I'm interested in seeing the grade levels for the same roles across both organizations.",success,6.456,0,,2879,234,7.703,0,,3408,190,14.159
UK,single-table,simple,true,f5e630c0-74c6-4264-bc71-26d3cfe74f29,,36fe0c84-771b-4e1b-a33e-459a85236826,,CSV,,,,"SELECT lad17_nm, fid FROM R WHERE csp17_nm = 'ashford';",Which local authority district and corresponding identifier have a community safety partnership named Ashford according to the data from January 2017?,success,5.263,0,,1268,240,6.627,0,,3605,130,11.89
UK,multi-table-join,simple,true,f6e0edcf-09ed-4bd9-8c01-6d76572f1b58,a9c9722e-0d7b-415c-8b55-26e8176554ce,fe464210-cc4e-4ef2-9602-ebda18088e2f,7b8d68eb-f934-4b84-9c08-e9dfdde5262b,Footway Condition Survey 2021,Road Condition Survey 2017,surface_ty,surface_ty,"SELECT R.objectid, S.objectid FROM R JOIN S ON R.""surface_ty"" = S.""surface_ty""",Which footway and road object IDs in York have the same surface type according to the City of York Council's surveys from 2017 and 2021?,success,32.897,0,,2830,254,23.155,0,,3437,151,56.052
UK,single-table,moderate,true,7baca545-44cf-46af-bb25-7903afc924c1,,bec90bfb-bb29-48f8-91f9-be05f92d6f46,,CSV,,,,"SELECT lad16_cd, AVG(shape__area) AS average_area FROM R GROUP BY lad16_cd",What is the average area of output areas for each local authority district code as of December 2011 in England and Wales according to the Office for National Statistics data?,success,5.397,0,,1626,224,8.214,0,,4042,154,13.611
UK,single-table,simple,true,4c918a8e-9d90-4175-8419-63c47a55c317,,f13d7a3d-5ad1-49dd-8ea4-8169e07a5704,,CSV,,,,"SELECT ""rgn20_nm"" FROM R WHERE ""rgn20_nm"" = 'north east';","According to the Office for National Statistics, what is the name of the region that matches exactly ""north east"" in the December 2020 administrative boundaries lookup?",success,21.491,2,,4661,904,28.91,2,,13451,563,50.400999999999996
UK,multi-table-union,simple,true,d5657914-39e3-4ee5-9f0e-cc010f280fe6,f6f2b41b-20a2-42c9-8b25-71832f330fa7,44ff28ad-4608-4a9f-9104-399d4e73f717,46ec5188-fc54-49db-b77e-4b671c58f891,Contracts Finder OCDS 2022-07-12,Contracts Finder OCDS 2024-06-26,releases/0/tender/procurement_method_details,releases/0/tender/procurement_method_details,"SELECT ""publisher/name"", ""extensions/3"", ""releases/0/id"", ""releases/0/ocid"", ""license"", ""published_date"", ""releases/0/date"", ""publisher/uid"", ""publisher/scheme"", ""releases/0/language"", ""publisher/uri"", ""uri"", ""version"", ""extensions/5"", ""extensions/0"", ""extensions/2"", ""extensions/4"", ""extensions/1"", ""extensions/6"", ""publication_policy"" FROM R UNION SELECT ""publisher/name"", ""extensions/3"", ""releases/0/id"", ""releases/0/ocid"", ""license"", ""published_date"", ""releases/0/date"", ""publisher/uid"", ""publisher/scheme"", ""releases/0/language"", ""publisher/uri"", ""uri"", ""version"", ""extensions/5"", ""extensions/0"", ""extensions/2"", ""extensions/4"", ""extensions/1"", ""extensions/6"", ""publication_policy"" FROM S","Can you provide details about the contracts notices published by the Crown Commercial Service in July 2022 and June 2024? Specifically, I am interested in information such as the publisher's name, specific extensions used (e.g., extension 3), release IDs, OCIDs, license type, publication dates, language of releases, publisher UID and scheme, URI links for both notices and publishers, version numbers, and publication policy.",success,9.475,0,,1320,484,57.57,3,,27001,1098,67.045
UK,single-table,moderate,true,e27296d6-0d62-4f95-84cb-7efb9b43ec01,,ea639e00-f6af-4f7f-926b-9c7530350015,,,,,,"SELECT department_family, SUM(CAST(REPLACE(amount_in_sterling, ',', '') AS FLOAT)) AS total_amount FROM R GROUP BY department_family","What is the total amount spent by each department family in the Ministry of Housing, Communities and Local Government on various expenses?",success,5.447,0,,1504,250,5.249,0,,1773,155,10.696
UK,single-table,challenging,true,eaca4795-3624-46b8-9472-2d195b4218b3,,1e10be47-e1bf-4ee4-b2ed-d8546d632177,,"",,,,"SELECT county, SUM(CASE WHEN sex = 'f' THEN number_of_births ELSE 0 END) AS female_births, SUM(CASE WHEN sex = 'm' THEN number_of_births ELSE 0 END) AS male_births FROM R WHERE birth_year = 2015 GROUP BY county ORDER BY (female_births + male_births) DESC LIMIT 3;","Which three counties in Wales had the highest total number of cattle births (both male and female) registered with the Rural Payments Agency in October 2015, and how many male and female births were there in each?",success,7.133,0,,1606,299,6.144,0,,2078,168,13.277000000000001
UK,single-table,challenging,true,d52c203c-8dd5-4acf-9919-33b450b02831,,25cb6f60-ea40-4fda-ad29-5f7b68647930,,,,,,"WITH CollaboratorCount AS ( SELECT author, COUNT(DISTINCT collaborators) AS collaborator_count FROM R WHERE collaborators IS NOT NULL GROUP BY author ) SELECT author, collaborator_count, RANK() OVER (ORDER BY collaborator_count DESC) as rank FROM CollaboratorCount ORDER BY rank LIMIT 5;","According to the Animal and Plant Health Agency's publications list for 2012, which authors have collaborated with the most distinct collaborators, and how many distinct collaborators do they each have? Please provide a ranked list of the top five authors.",success,8.417,0,,1949,341,5.962,0,,2366,157,14.379
UK,multi-table-join,moderate,true,f1881f9a-184b-4995-8217-328a3df0b0bf,dc67e5a8-a3f7-43bd-b1b8-b10431c224a3,995e4dff-4162-4e58-aeb2-3516188d8638,88fea32b-8b3b-4110-a6a3-de8642781b30,"","",species,species,"SELECT R.""species"", COUNT(R.""no._tests"") AS ""total_tests_R"", COUNT(S.""no._tests"") AS ""total_tests_S"" FROM R JOIN S ON R.""species"" = S.""species"" GROUP BY R.""species"";",What is the count of laboratory tests conducted on avian samples for each species in 2010 compared to the count of such tests in 2012 by the Animal and Plant Health Agency?,success,8.976,0,,2076,371,31.89,3,,11754,790,40.866
UK,single-table,challenging,true,a6d87913-41bc-4bb7-8cdc-e8242f017dab,,7a02d1d9-6e8d-46ad-8717-aeec1e1877c5,,CSV,,,,"WITH RankedAreas AS ( SELECT *, ROW_NUMBER() OVER (PARTITION BY pfa17cd ORDER BY shape__area DESC) as area_rank FROM R ) SELECT * FROM RankedAreas WHERE area_rank = 1;",Could you provide details on the largest police force area in terms of land size for each region in England and Wales as of December 2017?,success,6.621,0,,1943,260,8.526,0,,4035,175,15.147
UK,single-table,moderate,true,8aaabd93-2c70-4072-a80b-13afd1fe699d,,e1caf9de-3af4-4396-95ab-de40cc0e9b2d,,CSV,,,,"SELECT ua24_cd, COUNT(*) AS count FROM R GROUP BY ua24_cd ORDER BY count DESC LIMIT 5;","Which five unitary authorities in Wales have the highest number of wards associated with them as of December 2024, according to the Office for National Statistics' latest lookup file?",success,6.377,0,,1761,263,9.657,0,,5170,164,16.034
UK,single-table,moderate,true,d62c755a-d3b9-421e-89f1-f3b986ab9686,,9fb64db7-5bad-420c-93b1-c5ba752b8193,,London Building Stock Model - Sutton Data,,,,"SELECT ward, AVG(estimated_floor_count) AS avg_floor_count FROM R GROUP BY ward ORDER BY avg_floor_count DESC;",Which wards in Sutton have the highest average number of floors for buildings according to the London Building Stock Model developed by the Greater London Authority and UCL Energy Institute? Please provide details on up to five wards.,success,7.033,0,,2636,244,23.046,2,,9176,527,30.079
UK,multi-table-join,simple,true,dbf766df-3814-4b22-8aa3-870ee280b1c5,e112a67d-d4c1-4ee6-95b5-2a3fbe4759d5,00948609-245c-4852-9b8f-3197983b7c7a,b0bb8fd7-26e2-4a4b-b1e5-7e9bbf4932bc,FCDO (FCO) GPC transactions February 2022,,merchant_category_group_description3,merchant_category_group,"SELECT R.unique_reference_number, S.date, R.merchant_category_code_description2, S.merchant_category_code FROM R JOIN S ON R.merchant_category_group_description3 = S.merchant_category_group","Which transactions from the Foreign, Commonwealth and Development Office's procurement card spending over £500 in February 2022 match with similar transactions from previous years based on their merchant category group? Could you provide me with the unique reference number, date of transaction, description of the merchant category code, and the specific merchant category code for these matching entries?",success,7.649,0,,2464,285,7.684,0,,2734,203,15.333
UK,multi-table-join,moderate,true,d39b410c-71f2-4e35-8387-f5c7f95c625d,1729f1c1-76d4-444e-b2d1-bb5d95e0692c,4bb1ea7d-4ffe-49f6-91e4-7342ea9f79af,64e8e67f-71e3-4c7b-b30c-b9fef2187187,CSV,CSV,lad21_cd,lad21_cd,"SELECT R.""lad21_cd"", R.""wd21_nm"", AVG(S.""shape__area"") AS ""average_area"" FROM R JOIN S ON R.""lad21_cd"" = S.""lad21_cd"" GROUP BY R.""lad21_cd"", R.""wd21_nm"";","What is the average area of local authority districts in England and Wales as of May 2021, grouped by their respective ward names and local authority district codes? Please consider the best fit lookup between output areas from December 2011 and wards/local authority districts from December 2021.",success,9.189,0,,2816,329,12.068,0,,6444,177,21.256999999999998
UK,single-table,simple,true,269a2257-a3fa-47a6-b6d2-d429d18a5345,,5d21756f-35d2-48a7-b381-f27643659c1f,,2019-09-30 Organogram (Junior),,,,SELECT * FROM R WHERE organisation = 'dfid' AND grade = 'g7';,What are the roles with grade G7 within the Department for International Development (DFID)?,success,4.999,0,,1615,224,5.139,0,,1957,146,10.138
UK,single-table,moderate,true,fba675bd-069e-4ed4-bc75-a95307dfc605,,00948609-245c-4852-9b8f-3197983b7c7a,,"FCDO government procurement card spend over £500, October 2022",,,,"SELECT ""location"", SUM(""amount"") AS total_spent FROM R WHERE ""merchant_category_group_description3"" = 'general retail and wholesale' GROUP BY ""location"";","How much did the Foreign, Commonwealth and Development Office spend in total on general retail and wholesale purchases in different locations using their government procurement cards in October 2022?",success,14.51,1,,3136,688,5.657,0,,1711,172,20.167
UK,single-table,simple,true,ed53f68e-ba45-4af7-a0ca-850d01159bb9,,6e2333b8-d8cb-464f-b8b6-ff9f032f7100,,CSV,,,,SELECT lad14_nm FROM R WHERE shape__area > 5e7;,"Which local authority districts in Great Britain, as of December 2014, have an area larger than 50,000 square meters according to the Office for National Statistics?",success,5.021,0,,1631,225,8.5,0,,3433,188,13.521
UK,single-table,challenging,true,e64a81e0-65e1-43b2-8284-b4f54174780f,,f52ef1e6-2fe4-4991-8b1a-5dfe841ffb8f,,2022-09-30 Organogram (Senior),,,,"WITH RankedPosts AS ( SELECT *, ROW_NUMBER() OVER (PARTITION BY office_region ORDER BY actual_pay_ceiling__a_ DESC) as rn FROM R ) SELECT * FROM RankedPosts WHERE rn = 1;","What are the highest salary ceilings for positions in each office region within the Crown Prosecution Service, and what are the details of those roles including job titles and office regions?",success,7.324,0,,2839,265,7.353,0,,2781,191,14.677
UK,multi-table-join,moderate,true,f9c8e91b-a2b2-4c01-ad25-0f4e8e9cb1c0,64191ff4-6cdd-4364-944b-f89447693937,fd7d3529-5ecb-4cad-9f7b-3bf2e5a89117,5c087cd3-04bb-4f8b-a69d-fa8463ccc7b2,CSV,CSV,long,long,"SELECT R.ctyua17nm, AVG(S.shape__area) AS avg_shape_area FROM R JOIN S ON R.long = S.long GROUP BY R.ctyua17nm","Which Counties or Unitary Authorities from Great Britain as of December 2017 have corresponding Local Administrative Units Level 1 in the UK as of January 2018 based on their longitude, and what is the average area of these matching Local Administrative Units? Please consider this information is provided by the Office for National Statistics.",success,8.204,0,,3278,255,14.017,0,,7610,188,22.221
UK,multi-table-join,simple,true,d7fc66c0-fc86-45db-b8a7-188c5098778d,6449acca-29f0-4683-9072-1f372d0ce903,dd2a5b45-9849-47be-89b1-6d41e40c05e7,a90a9f70-e28c-4a95-a7a7-f79d12fbe219,2021-07-22 Organogram (Senior),,professional/occupational_group,professional/occupational_group,"SELECT R.name, S.generic_job_title FROM R JOIN S ON R.""professional/occupational_group"" = S.""professional/occupational_group""","Which individuals from the Department for Environment, Food and Rural Affairs have roles that match job titles in the Ministry of Justice based on their professional occupational groups?",success,7.531,0,,3707,244,7.205,0,,4046,144,14.736
UK,single-table,moderate,true,f483711f-d0af-477a-9183-6c9e0b60de61,,590dd982-7774-4ef1-8ac1-d63a582a4b2c,,CSV,,,,"SELECT ""wd15nm"", COUNT(*) AS ""count"" FROM R GROUP BY ""wd15nm"" ORDER BY ""count"" DESC LIMIT 5;",What are the top 5 most frequently occurring ward names in Great Britain based on the December 2015 electoral ward boundaries provided by the Office for National Statistics?,success,16.519,0,,1765,262,8.674,0,,4019,173,25.192999999999998
UK,single-table,moderate,true,d59bd8c4-fa90-4865-9c6a-9e48fd86b363,,7c590663-2e85-4606-a60b-ab1bd103edcf,,2024-10-30 Organogram (Senior),,,,"SELECT ""organisation"", COUNT(*) AS ""number_of_posts"" FROM R GROUP BY ""organisation"" ORDER BY ""number_of_posts"" DESC;",How many posts does each organisation have in the Environment Agency's organogram data?,success,6.409,0,,2589,245,5.926,0,,2765,144,12.335
UK,single-table,moderate,true,d697d950-ce4b-42cd-92c2-c8d2e9d31e7e,,45526f3f-5ddb-4cf8-881d-fc403333876b,,2024-09-30 Organogram (Junior),,,,"SELECT organisation, COUNT(*) AS number_of_units FROM R GROUP BY organisation ORDER BY number_of_units DESC;","How many units does each organization within the Ministry of Housing, Communities and Local Government have, listed from largest to smallest?",success,5.899,0,,1773,253,5.343,0,,2155,145,11.242
UK,single-table,moderate,true,e080cb0e-039e-4541-877a-a61660eb3d99,,7e205366-40a7-4e7a-a837-1b8718895660,,CSV,,,,"SELECT msoa21_nm, COUNT(*) AS count_lsoas FROM R GROUP BY msoa21_nm ORDER BY count_lsoas DESC;","How many Lower Layer Super Output Areas (LSOAs) are associated with each Middle Layer Super Output Area (MSOA) in England, and which MSOA has the highest number of LSOAs? Please provide the names of the MSOAs as well.",success,6.199,0,,1931,251,8.892,0,,4669,167,15.091
UK,single-table,simple,true,eaca4795-3624-46b8-9472-2d195b4218b3,,1e10be47-e1bf-4ee4-b2ed-d8546d632177,,"",,,,"SELECT country, COUNT(*) AS total_births FROM R WHERE birth_year = 2015 GROUP BY country;",How many cattle births were registered in each country during the year 2015 as reported to the Rural Payments Agency?,success,6.296,0,,1433,314,17.869,2,,5969,496,24.165
UK,multi-table-join,simple,true,e080cb0e-039e-4541-877a-a61660eb3d99,dcf60014-5c2f-4691-932c-473f73c86c06,7e205366-40a7-4e7a-a837-1b8718895660,fd07cee9-b563-4716-9115-b9bb3025335c,CSV,CSV,lep21_cd1,lep20_cd,SELECT * FROM R JOIN S ON R.lep21_cd1 = S.lep20_cd;,"How do Local Enterprise Partnership (LEP) names and codes from May 2022 relate to those from April 2020 within England, when matching the LEP codes?",success,6.668,0,,2338,244,55.661,3,,28575,842,62.329
UK,multi-table-join,simple,true,d348fd0e-8dab-411b-933c-07c841833472,f5e630c0-74c6-4264-bc71-26d3cfe74f29,55393295-0b2f-44b6-bde8-0551a76fb253,36fe0c84-771b-4e1b-a33e-459a85236826,CSV,CSV,csp20_nm,csp17_nm,"SELECT R.csp20_nm, S.csp17_nm FROM R JOIN S ON R.csp20_nm = S.csp17_nm;",Which community safety partnerships from December 2020 have the same names as those from January 2017 in England and Wales?,success,7.114,0,,2130,270,10.521,0,,6409,142,17.635
UK,single-table,simple,true,5c5546fc-93d1-4ff4-9080-407fdc08a3f9,,4f1e708d-62ef-4597-95e3-ccf0a440bf15,,Contracts Finder OCDS 2024-11-21,,,,"SELECT uri, published_date FROM R WHERE ""publisher/name"" = 'cabinet office' LIMIT 5;",Could you provide the links and publication dates for up to five Contracts Finder notices published by the Cabinet Office?,success,6.672,0,,3400,218,22.604,2,,10384,504,29.276
UK,multi-table-join,simple,true,e64a81e0-65e1-43b2-8284-b4f54174780f,f40016fc-b605-4ea0-a634-3be841abb909,f52ef1e6-2fe4-4991-8b1a-5dfe841ffb8f,a62d9c58-4fd2-4dba-a7bb-523415f040a0,2022-09-30 Organogram (Senior),2022-06-30 Organogram (Junior),office_region,office_region,"SELECT R.post_unique_reference, R.name, S.generic_job_title, R.job_title, R.grade__or_equivalent_, S.payscale_minimum__a_, S.payscale_maximum__a_ FROM R JOIN S ON R.office_region = S.office_region WHERE R.office_region = 'london' AND R.job_title LIKE '%prosecutor%'",Which prosecutor roles in London have corresponding generic job titles and pay scales in both the Crown Prosecution Service's senior organogram and the UK Strategic Command's junior organogram?,success,45.263,3,,12016,1670,7.818,0,,4021,160,53.080999999999996
UK,multi-table-join,simple,true,f0b0a3b3-ec9c-47de-83bf-b2dd0f8d4aa1,f57a9ff2-aa84-4729-aeff-ac0de2383182,71df9161-49b2-40fb-9533-b85d95a3b186,736da925-f409-49b8-99c8-6ea7a57641d0,,,professional/occupational_group,professional/occupational_group,"SELECT R.""organisation"", S.""job_title"" FROM R JOIN S ON R.""professional/occupational_group"" = S.""professional/occupational_group""",Which job titles in the Home Office have the same professional occupational group as the roles listed in the Homes England organisation chart?,success,7.704,0,,3856,251,7.359,0,,4158,147,15.062999999999999
UK,multi-table-join,moderate,true,ee9deec8-ed99-4508-9c8d-b13f02942e18,5abe5e9c-c170-4f6c-8524-71c26db12a70,60ac7752-a0fe-4235-ab73-e9ca8dacec85,0641fa43-8738-48dc-8d5c-c93bc892e496,CSV,CSV,isicbl22_cd,sicbl23_cd,"SELECT R.isicbl22_cd, R.sicbl22_nm, S.sicbl23_nm, COUNT(*) as count FROM R JOIN S ON R.isicbl22_cd = S.sicbl23_cd GROUP BY R.isicbl22_cd, R.sicbl22_nm, S.sicbl23_nm;","How many Output Areas are associated with each Sub-Integrated Care Board Location from July 2022 (SICBL) in comparison to their corresponding names as of April 2023? Specifically, I'm interested in seeing the count for each SICBL code and name from both time periods.",success,9.608,0,,3407,291,14.862,0,,7940,206,24.47
UK,single-table,challenging,true,f6f2b41b-20a2-42c9-8b25-71832f330fa7,,46ec5188-fc54-49db-b77e-4b671c58f891,,Contracts Finder OCDS 2024-06-26,,,,"WITH LatestReleases AS (     SELECT uri, ""releases/0/date"",            ROW_NUMBER() OVER (PARTITION BY ""publisher/name"" ORDER BY STRPTIME(REPLACE(""releases/0/date"", 't', ' '), '%Y-%m-%d %H:%M:%S%z') DESC) as rn     FROM R ) SELECT uri, ""releases/0/date"" FROM LatestReleases WHERE rn = 1;",Can you provide the most recent publication date and link for Contracts Finder notices published by each organization in June 2024?,success,54.381,3,,12617,1955,7.099,0,,3612,151,61.480000000000004
UK,single-table,challenging,true,d20f7ecb-be24-47ac-810f-dc59345ca0f6,,d17d9852-d19c-47e9-a2ae-d4bda1080df1,,,,,,"WITH RankedGrades AS (SELECT *, ROW_NUMBER() OVER (PARTITION BY ""generic_job_title"" ORDER BY ""grade"" DESC) as rn FROM R WHERE ""organisation"" = 'royal armouries') SELECT ""generic_job_title"", MAX(""payscale_maximum__a_"") - MIN(""payscale_minimum__a_"") AS pay_scale_range, COUNT(*) AS job_count FROM RankedGrades WHERE rn = 1 GROUP BY ""generic_job_title"" ORDER BY pay_scale_range DESC","For each job title at the Royal Armouries, what is the range between the highest maximum pay scale and lowest minimum pay scale for the top grade positions, and how many such positions exist, ordered by the largest pay scale range?",success,8.67,0,,1872,377,5.83,0,,2104,172,14.5
UK,multi-table-join,moderate,true,efb00da1-0262-4335-b211-c707796b1518,fba675bd-069e-4ed4-bc75-a95307dfc605,b0bb8fd7-26e2-4a4b-b1e5-7e9bbf4932bc,00948609-245c-4852-9b8f-3197983b7c7a,,"FCDO government procurement card spend over £500, October 2022",merchant_category_code_description,merchant_category_code_description2,"SELECT R.unique_reference_number, R.transaction_date AS r_transaction_date, S.transaction_date AS s_transaction_date, R.location AS r_location, S.location AS s_location, R.net_amount, S.amount FROM R JOIN S ON R.merchant_category_code_description = S.merchant_category_code_description2 WHERE R.location != S.location;","Which transactions have been made in different locations but with the same merchant category code description between the Foreign and Commonwealth Office's procurement card spending over £500 before September 2020 and the Foreign, Commonwealth and Development Office's spending over £500 in October 2022? Please provide the unique reference number, transaction dates for both periods, locations for both periods, and the net amount spent.",success,7.389,0,,2487,275,7.494,0,,2869,191,14.883
UK,single-table,simple,true,e9ca6b8f-77ac-4f1b-a1e4-dc4027f54548,,50a3f00f-80fd-4056-a165-9d18ae77423d,,Contracts Finder OCDS 2022-12-06,,,,"SELECT uri, published_date FROM R WHERE version = 1.1",Can you show me the links and publication dates for Contracts Finder notices that use version 1.1 of the Open Contracting Data Standard?,success,7.26,0,,3407,236,6.919,0,,3295,150,14.178999999999998
UK,single-table,simple,true,ed378d3e-25fc-4a76-88b0-92c912f793bf,,3bbde6f7-4c7a-4704-82f6-9622e0249f3d,,Contracts Finder OCDS 2024-10-04,,,,"SELECT uri, published_date FROM R WHERE ""publisher/name"" = 'cabinet office';",Can you show me the links and publication dates for Contracts Finder notices that were published by the Cabinet Office?,success,7.995,0,,3463,262,7.504,0,,3348,168,15.498999999999999
UK,single-table,moderate,true,d52c203c-8dd5-4acf-9919-33b450b02831,,25cb6f60-ea40-4fda-ad29-5f7b68647930,,,,,,"SELECT main_subject, COUNT(*) as publication_count FROM R WHERE year >= 2010 GROUP BY main_subject ORDER BY publication_count DESC;","Which main subjects have the most publications from APHA staff since 2010, based on the Animal and Plant Health Agency's publications list?",success,6.669,0,,1823,277,6.08,0,,2219,162,12.748999999999999
UK,single-table,moderate,true,f0b0a3b3-ec9c-47de-83bf-b2dd0f8d4aa1,,71df9161-49b2-40fb-9533-b85d95a3b186,,,,,,"SELECT ""parent_department"", ""organisation"", ""unit"", AVG(""payscale_minimum__a_"") AS avg_min_payscale, AVG(""payscale_maximum__a_"") AS avg_max_payscale FROM R WHERE ""organisation"" = 'homes and communities agency' GROUP BY ""parent_department"", ""organisation"", ""unit"";",What are the average minimum and maximum pay scales for different units within the Homes and Communities Agency under various parent departments?,success,6.908,0,,1884,309,5.379,0,,2211,150,12.286999999999999
UK,single-table,challenging,true,dd58a323-d8d2-4aa2-a840-1e7f58b1a4fe,,04427362-663e-49e0-9103-8bc01dcaa2c7,,DHSC 2022-03-31 Organogram (Senior),,,,"WITH RankedPosts AS ( SELECT *, ROW_NUMBER() OVER (PARTITION BY ""parent_department"" ORDER BY ""actual_pay_ceiling__a_"" DESC) as rn FROM R ) SELECT * FROM RankedPosts WHERE rn = 1;",What are the job titles and details of the highest-paid positions within each parent department at the Department of Health and Social Care?,success,7.493,0,,2690,269,7.126,0,,3030,168,14.619
UK,multi-table-union,moderate,true,e9ca6b8f-77ac-4f1b-a1e4-dc4027f54548,8b44808e-29d3-459c-9aea-8cc2fffd618a,50a3f00f-80fd-4056-a165-9d18ae77423d,d67f7b1b-89f3-47a6-95a4-5f7c240c4874,Contracts Finder OCDS 2022-12-06,Contracts Finder OCDS 2024-09-12,releases/0/tender/procurement_method_details,releases/0/tender/procurement_method_details,"SELECT ""publication_policy"", ""releases/0/id"", ""releases/0/ocid"", ""extensions/6"", ""publisher/uid"", ""uri"", ""extensions/3"", ""published_date"", ""license"", ""extensions/5"", ""extensions/1"", ""extensions/0"", ""publisher/scheme"", ""publisher/uri"", ""extensions/4"", ""releases/0/language"", ""version"", ""extensions/2"", ""publisher/name"", ""releases/0/date"" FROM R WHERE ""published_date"" > '2023-01-01' UNION SELECT ""publication_policy"", ""releases/0/id"", ""releases/0/ocid"", ""extensions/6"", ""publisher/uid"", ""uri"", ""extensions/3"", ""published_date"", ""license"", ""extensions/5"", ""extensions/1"", ""extensions/0"", ""publisher/scheme"", ""publisher/uri"", ""extensions/4"", ""releases/0/language"", ""version"", ""extensions/2"", ""publisher/name"", ""releases/0/date"" FROM S WHERE ""published_date"" <= '2023-01-01'","Can you show me the details of contracts published by the Crown Commercial Service, including their publication policies, release IDs, OCIDs, extensions, publisher information, URIs, licenses, versions, and dates? I'm interested in both contracts published after January 1, 2023, and those published before or on that date.",success,12.282,0,,1739,557,11.979,0,,6661,187,24.261
UK,multi-table-join,challenging,true,ee7a20f3-39c2-43a7-abc4-5cc1278c0e15,b9305ee6-edfd-46a9-b3ee-16753b650a9a,e038c4cd-ff81-4d64-91f8-2941897f32a3,5dcf1a8e-4bad-4d9c-b90b-41f1a3dce03b,,,professional/occupational_group,professional/occupational_group,"SELECT R.""professional/occupational_group"", COUNT(DISTINCT R.""generic_job_title"") AS unique_titles_R, COUNT(DISTINCT S.""generic_job_title"") AS unique_titles_S FROM R JOIN S ON R.""professional/occupational_group"" = S.""professional/occupational_group"" GROUP BY R.""professional/occupational_group"" HAVING COUNT(DISTINCT R.""generic_job_title"") > 5 OR COUNT(DISTINCT S.""generic_job_title"") > 5",Which professional or occupational groups have more than five unique job titles in both the Department for Work and Pensions and the Ministry of Defence? Please include the number of distinct job titles for each group from both departments.,success,9.873,0,,3261,356,7.645,0,,3869,163,17.518
UK,single-table,moderate,true,dfd29876-e8a0-4367-9e12-acd9fec21e8c,,3c16edb8-b2a0-46aa-a754-aa0612163e89,,,,,,"SELECT ""parent_department"", ""organisation"", ""unit"", AVG(""payscale_maximum__a_"" - ""payscale_minimum__a_"") AS avg_payscale_range FROM R GROUP BY ""parent_department"", ""organisation"", ""unit""","What is the average difference between the maximum and minimum pay scales for roles within each department, organization, and unit in the Army Command of the Ministry of Defence?",success,5.744,0,,1709,270,27.264,3,,8521,825,33.007999999999996
UK,single-table,simple,true,d52c203c-8dd5-4acf-9919-33b450b02831,,25cb6f60-ea40-4fda-ad29-5f7b68647930,,,,,,"SELECT title, author FROM R WHERE year = 2012 AND type = 'periodical article';",What are the titles and authors of periodical articles published in 2012 by APHA staff according to the Animal and Plant Health Agency's publications list?,success,6.159,0,,1815,264,5.909,0,,2144,161,12.068
UK,multi-table-join,challenging,true,e27296d6-0d62-4f95-84cb-7efb9b43ec01,46d784b1-9d95-4761-a253-10d2275fbe34,ea639e00-f6af-4f7f-926b-9c7530350015,6665fb5b-0ba0-40be-9fff-8f2433cdc656,,,expense_type,expense_type,"SELECT R.expense_type, AVG(CAST(REPLACE(R.amount_in_sterling, ',', '') AS FLOAT)) AS avg_amount_R, AVG(CAST(REPLACE(S.amount_in_sterling, ',', '') AS FLOAT)) AS avg_amount_S FROM R JOIN S ON R.expense_type = S.expense_type GROUP BY R.expense_type HAVING COUNT(DISTINCT R.supplier) > 1 AND COUNT(DISTINCT S.supplier) > 1","What are the average spending amounts for each expense type where multiple suppliers have been paid by both the Government Offices for the regions and the Department for Communities and Local Government in their respective financial transactions? Please consider this in light of the Ministry of Housing, Communities and Local Government's commitment to transparency in expenditure.",success,33.268,0,,3309,327,7.877,0,,3449,183,41.145
UK,single-table,moderate,true,a678cd75-7ff8-4f3d-a502-7961059a5066,,3c16edb8-b2a0-46aa-a754-aa0612163e89,,2024-01-25 Organogram (Junior),,,,"SELECT organisation, COUNT(*) AS number_of_units FROM R GROUP BY organisation ORDER BY number_of_units DESC;","How many units does each organisation within the Army Command have, ordered from highest to lowest?",success,5.733,0,,1652,253,4.698,0,,1877,130,10.431000000000001
UK,single-table,challenging,true,e8b18ad8-91b8-49d2-be61-9ef5c6aaa66a,,37a1a24b-5934-4617-beae-ebd90f7793cd,,CSV,,,,"SELECT SUBSTRING(ilau125_cd, 1, 3) AS prefix, COUNT(*) AS number_of_entries FROM R GROUP BY prefix","How many local administrative units at level 1 are there for each three-letter prefix of their codes in the UK as of January 2025, according to the Office for National Statistics' data?",success,33.031,3,,5141,1415,6.42,0,,2842,148,39.451
UK,single-table,simple,true,42c6e351-fe93-4069-8664-4c43f94f3d2f,,c1717d9f-3fe3-4371-b464-cd5d15d7e359,,"",,,,"SELECT species, COUNT(*) FROM R WHERE year_test_approved = 2006 GROUP BY species;",How many tests were conducted on each species in 2006 by the Animal and Plant Health Agency?,success,4.969,0,,1112,240,16.78,2,,5191,488,21.749000000000002
UK,multi-table-join,challenging,true,dfd29876-e8a0-4367-9e12-acd9fec21e8c,c62eef86-ae5d-474a-879c-e83ee51e89d0,3c16edb8-b2a0-46aa-a754-aa0612163e89,77fcc38e-dc40-4371-bd63-791612a0fa10,,2021-06-30 Organogram (Junior),professional/occupational_group,professional/occupational_group,"SELECT R.parent_department, S.unit, COUNT(*) AS total_posts_in_fte FROM R JOIN S ON R.""professional/occupational_group"" = S.""professional/occupational_group"" GROUP BY R.parent_department, S.unit HAVING SUM(R.number_of_posts_in_fte + S.number_of_posts_in_fte) > 100",How many total posts in full-time equivalent are there for each parent department in the Army Command and corresponding unit in the Navy Command where the professional or occupational groups match and the combined number of posts exceeds 100? Please consider data from both the Ministry of Defence's Army and Navy commands.,success,8.952,0,,3015,317,7.847,0,,3143,197,16.799
UK,single-table,challenging,true,145598cc-ca1c-4eb5-ae01-c6a3d7f513e6,,fd6b5da5-0398-487d-8886-f60f83872333,,CSV,,,,"WITH LepCounts AS (     SELECT ""lep17_nm1"", COUNT(*) as cnt     FROM R     GROUP BY ""lep17_nm1"" ), RankedLep AS (     SELECT ""lep17_nm1"", ROW_NUMBER() OVER (ORDER BY cnt DESC) as rn     FROM LepCounts ) SELECT ""lep17_nm1"" FROM RankedLep WHERE rn = 1;",Which Local Enterprise Partnership in England includes the most Lower Layer Super Output Areas based on the best fit lookup from April 2017 by the Office for National Statistics?,success,18.286,1,,2878,766,8.212,0,,3829,169,26.498
UK,single-table,simple,true,d8044e95-9f2b-4f53-b711-ce1e90ec8b82,,5161398b-c0f9-45b9-8451-893face3a9ab,,,,,,"SELECT name, job_title FROM R WHERE organisation = 'high speed two ltd';",Can you show me the names and job titles of employees at High Speed Two Limited?,success,6.23,0,,2346,246,5.278,0,,2496,128,11.508
UK,multi-table-join,simple,true,dfd29876-e8a0-4367-9e12-acd9fec21e8c,c62eef86-ae5d-474a-879c-e83ee51e89d0,3c16edb8-b2a0-46aa-a754-aa0612163e89,77fcc38e-dc40-4371-bd63-791612a0fa10,,2021-06-30 Organogram (Junior),professional/occupational_group,professional/occupational_group,"SELECT R.parent_department, S.unit FROM R JOIN S ON R.""professional/occupational_group"" = S.""professional/occupational_group""","Which parent departments in the Ministry of Defence have similar professional/occupational groups, and what are the corresponding units in both Army Command and Navy Command?",success,6.696,0,,2787,252,30.335,3,,12848,761,37.031
UK,single-table,challenging,true,e82bf5c3-34c6-4c5a-8212-f16dee3d5bdc,,88384885-1b3f-4117-811e-2543264c9795,,CSV,,,,"SELECT lad16nm, region_code, avg_area, rank FROM ( SELECT lad16nm, SUBSTR(lad16cd, 1, 3) AS region_code, AVG(shape__area) AS avg_area, ROW_NUMBER() OVER (PARTITION BY SUBSTR(lad16cd, 1, 3) ORDER BY AVG(shape__area) DESC) as rank FROM R GROUP BY lad16nm, SUBSTR(lad16cd, 1, 3) ) ORDER BY region_code, rank;","How do the average areas of different local authority districts in the UK compare within their respective regions as defined by the first three characters of their codes according to the December 2016 boundaries? Please list them by region and rank within each region based on their average area, from largest to smallest.",success,52.496,3,,8636,1933,9.263,0,,4461,175,61.759
UK,multi-table-join,simple,true,d697d950-ce4b-42cd-92c2-c8d2e9d31e7e,5f5c9494-b5a4-4710-a4df-e2e709e77d33,45526f3f-5ddb-4cf8-881d-fc403333876b,fff4cc89-d266-42dd-a9e3-9877db1e05fc,2024-09-30 Organogram (Junior),2022-10-29 Organogram (Junior),office_region,office_region,"SELECT R.office_region, COUNT(*) AS total_posts FROM R JOIN S ON R.office_region = S.office_region GROUP BY R.office_region;","How many posts are there in each office region when comparing the staff roles from the Ministry of Housing, Communities and Local Government with those from the Defence Infrastructure Organisation?",success,7.415,0,,3003,260,7.013,0,,3397,155,14.428
UK,multi-table-join,simple,true,dcf60014-5c2f-4691-932c-473f73c86c06,145598cc-ca1c-4eb5-ae01-c6a3d7f513e6,fd07cee9-b563-4716-9115-b9bb3025335c,fd6b5da5-0398-487d-8886-f60f83872333,CSV,CSV,lep20_cd,lep17_cd1,"SELECT ""lsoa11_nm"" FROM R JOIN S ON R.""lep20_cd"" = S.""lep17_cd1""",Which Lower Layer Super Output Areas (LSOAs) are associated with Local Enterprise Partnerships (LEPs) as of April 2017 in England? Please consider the LEP names from the list provided for April 2020.,success,21.508,2,,4675,873,11.541,0,,6036,186,33.049
UK,single-table,challenging,true,eb18eeb7-213f-48b4-86cc-b09a89ec5b67,,3bbde6f7-4c7a-4704-82f6-9622e0249f3d,,Contracts Finder OCDS 2024-10-02,,,,"SELECT ""publisher/name"", AVG(version) AS avg_version, COUNT(DISTINCT ""releases/0/id"") AS unique_releases FROM R WHERE CAST(REPLACE(""published_date"", 't', ' ') AS TIMESTAMP) >= CAST('2024-10-02' AS DATE) GROUP BY ""publisher/name"" HAVING COUNT(*) > 3 ORDER BY avg_version DESC","Can you provide the average version number and the number of unique releases for each publisher that has more than three Contracts Finder notices published on or after October 2nd, 2024? Please list them in descending order based on the average version number.",success,35.032,2,,8918,1227,7.344,0,,3628,160,42.376
UK,multi-table-join,challenging,true,d7fc66c0-fc86-45db-b8a7-188c5098778d,6449acca-29f0-4683-9072-1f372d0ce903,dd2a5b45-9849-47be-89b1-6d41e40c05e7,a90a9f70-e28c-4a95-a7a7-f79d12fbe219,2021-07-22 Organogram (Senior),,professional/occupational_group,professional/occupational_group,"SELECT R.name, S.generic_job_title, R.""valid?"" FROM R JOIN S ON R.""professional/occupational_group"" = S.""professional/occupational_group"" WHERE R.""valid?"" = 1;","Which names of valid staff members in the Department for Environment, Food and Rural Affairs have corresponding generic job titles in the Ministry of Justice, given that they share similar professional occupational groups and are marked as valid?",success,35.402,3,,11910,1288,36.291,3,,17084,820,71.693
UK,single-table,challenging,true,695a7214-ce7c-45a4-8a74-9e8d3fec6aec,,fd714875-0766-4734-829e-3baa3b520839,,CSV,,,,"WITH RankedAreas AS ( SELECT ""lep14nm"", ""shape__area"", ROW_NUMBER() OVER (PARTITION BY SUBSTR(""lep14nm"", 1, 3) ORDER BY ""shape__area"" DESC) as rank FROM R ) SELECT * FROM RankedAreas WHERE rank = 1",Which Local Enterprise Partnership (LEP) region in England had the largest area for each unique three-letter starting code of their names as of December 2014?,success,6.825,0,,1588,292,9.022,0,,4015,185,15.847000000000001
UK,multi-table-join,simple,true,e82bf5c3-34c6-4c5a-8212-f16dee3d5bdc,f6bf5ac9-099a-45f5-af07-faef2a4e5f1b,88384885-1b3f-4117-811e-2543264c9795,db2d6390-df7c-4fbe-95d4-425053e3bf75,CSV,CSV,lad16cd,lad18cd,"SELECT R.iobjectid, R.lad16nm, S.lad18nm FROM R JOIN S ON R.lad16cd = S.lad18cd","Which Local Authority Districts from December 2016 still have corresponding districts in December 2018, and what are their names for both periods according to the Office for National Statistics data?",success,10.316,0,,3293,321,12.922,0,,7452,160,23.238
UK,multi-table-join,moderate,true,db0441af-7708-438d-a43b-66dbd360ece1,564f8ec8-d96a-4d7a-a297-04ce55702f0a,3375ee24-daaa-419d-ad5b-9e699f0e025f,082cca2b-985c-4ab8-9728-2913d04fe9fb,CSV,CSV,lad18_nm,lau115nm,"SELECT R.iwd18_cd, R.wd18_nm, S.shape__area FROM R JOIN S ON R.lad18_nm = S.lau115nm ORDER BY S.shape__area DESC;","Which electoral ward codes and names have the largest local administrative unit areas in England and Wales as of December 2015? Please list them from the largest area to the smallest, considering the relationship between wards and their corresponding local authority districts.",success,7.541,0,,2315,268,12.596,0,,7090,176,20.137
UK,single-table,challenging,true,0eb921ed-cfc5-4aab-b1e4-f6b7f0ba4554,,a9284074-dc6c-49d3-b5b7-2a966231558c,,CSV,,,,"WITH RankedAreas AS ( SELECT lad19nm, st_areasha, ROW_NUMBER() OVER (PARTITION BY lad19nm ORDER BY st_areasha DESC) as rn FROM R ) SELECT lad19nm, MAX(st_areasha) as max_area FROM RankedAreas WHERE rn = 1 GROUP BY lad19nm;","Which Local Authority Districts in the United Kingdom had the largest area as of December 2019, according to the boundaries provided by the Office for National Statistics?",success,8.004,0,,2290,288,8.547,0,,4385,146,16.551000000000002
UK,multi-table-join,simple,true,f6b48a1a-41d0-4517-b840-4322b3500549,8aaabd93-2c70-4072-a80b-13afd1fe699d,723ef91a-e7b1-40ce-b665-6cc11a8dee8a,e1caf9de-3af4-4396-95ab-de40cc0e9b2d,CSV,CSV,pcon24_nmw,senc24_nmw,SELECT * FROM R JOIN S ON R.pcon24_nmw = S.senc24_nmw;,"Retrieve all details of Westminster Parliamentary Constituencies (from the July 2024 boundaries) that have corresponding Senedd Cymru constituencies in Wales as of December 2024, based on matching constituency names.",success,8.345,0,,3273,263,60.437,3,,34132,769,68.782
UK,multi-table-join,simple,true,d3096580-5e22-4898-b2cd-33853184607f,6f7bfd48-d723-497f-a506-aa65018251e6,4940dcb0-49cc-4a66-844c-2c813b66f27c,17d5c23d-f431-48e8-802a-b987431c8d92,,,grade,grade,"SELECT R.grade, R.generic_job_title AS job_title_in_R, S.generic_job_title AS job_title_in_S FROM R JOIN S ON R.grade = S.grade",How do job titles in roles of the same grade compare between staff at the Forestry Commission and the Department for Transport?,success,7.217,0,,2683,267,6.223,0,,3151,138,13.44
UK,single-table,moderate,true,c62eef86-ae5d-474a-879c-e83ee51e89d0,,77fcc38e-dc40-4371-bd63-791612a0fa10,,2021-06-30 Organogram (Junior),,,,"SELECT SUM(number_of_posts_in_fte) AS total_posts, AVG(payscale_maximum__a_) AS avg_max_payscale FROM R WHERE organisation = 'ministry of defence' AND unit = 'navy command';",What is the total number of posts in full-time equivalent (FTE) and the average maximum payscale for roles within the Navy Command unit at the Ministry of Defence?,success,6.519,0,,1699,280,11.89,1,,4306,346,18.409
UK,single-table,moderate,true,5c5546fc-93d1-4ff4-9080-407fdc08a3f9,,4f1e708d-62ef-4597-95e3-ccf0a440bf15,,Contracts Finder OCDS 2024-11-21,,,,"SELECT ""published_date"", COUNT(*) as release_count FROM R GROUP BY ""published_date"" ORDER BY release_count DESC LIMIT 10;","Which date in November 2024 had the highest number of Contracts Finder notices published by the Cabinet Office, and how many were published on that day? Could you provide this information for the top ten dates with the most publications?",success,7.563,0,,3415,246,7.936,0,,3372,180,15.498999999999999
UK,single-table,challenging,true,eacaeb23-be78-4923-aff7-0f1d63cbb559,,3356897d-c795-4f64-a4eb-7289f50594c4,,CSV,,,,"WITH RankedAreas AS (SELECT ""lad11_nm"", ""shape__area"", ROW_NUMBER() OVER (PARTITION BY SUBSTR(""lad11_cd"", 1, 3) ORDER BY ""shape__area"" DESC) as rank FROM R) SELECT * FROM RankedAreas WHERE rank = 1;",Which local authority district within each region in Great Britain had the largest area as of December 2011 according to the Office for National Statistics' boundaries data?,success,6.722,0,,1725,280,7.821,0,,3936,151,14.543
UK,multi-table-join,moderate,true,d7fc66c0-fc86-45db-b8a7-188c5098778d,6449acca-29f0-4683-9072-1f372d0ce903,dd2a5b45-9849-47be-89b1-6d41e40c05e7,a90a9f70-e28c-4a95-a7a7-f79d12fbe219,2021-07-22 Organogram (Senior),,professional/occupational_group,professional/occupational_group,"SELECT R.""professional/occupational_group"", AVG(R.fte) AS average_fte, COUNT(DISTINCT R.post_unique_reference) AS number_of_posts FROM R JOIN S ON R.""professional/occupational_group"" = S.""professional/occupational_group"" GROUP BY R.""professional/occupational_group""","How many posts and what is the average full-time equivalent (fte) for each professional or occupational group in the Department for Environment, Food and Rural Affairs that also appear in the Ministry of Justice? Please consider only unique positions.",success,20.476,1,,6446,730,8.618,0,,4129,192,29.094
UK,multi-table-join,moderate,true,e324d302-158a-4d6e-b3b1-89091017b512,28e4eac0-7904-485a-8c2e-c1b1e0605cda,341b971a-6c7c-4b50-9455-3498533dbdc4,d69c37e0-e356-4b01-b8c1-91a950d53cc4,CSV,CSV,long,long,"SELECT R.ctyua19nm, AVG(S.shape__area) AS avg_shape_area FROM R JOIN S ON R.long = S.long GROUP BY R.ctyua19nm",What is the average area of local authority districts that share the same longitude as each county or unitary authority in Great Britain as of April 2019? Please consider the boundaries data from both December 2016 for local authority districts and April 2019 for counties and unitary authorities.,success,7.952,0,,3127,253,14.177,0,,7212,225,22.128999999999998
UK,multi-table-join,challenging,true,fbfe8cdf-e5f9-428b-a3ad-aae566cf21f1,269a2257-a3fa-47a6-b6d2-d429d18a5345,91ba4016-b143-4c92-b899-121fd760f742,5d21756f-35d2-48a7-b381-f27643659c1f,,2019-09-30 Organogram (Junior),grade,grade,"SELECT R.grade, COUNT(DISTINCT R.unit) AS unique_units_R, COUNT(DISTINCT S.unit) AS unique_units_S FROM R JOIN S ON R.grade = S.grade GROUP BY R.grade HAVING COUNT(DISTINCT R.unit) > 1 AND COUNT(DISTINCT S.unit) > 1","How many unique units share the same grade in both the Rural Payments Agency's organogram and the Department for International Development's junior staff list, where each grade has more than one distinct unit in both organizations?",success,8.236,0,,2933,287,6.941,0,,3228,158,15.177
UK,multi-table-join,moderate,true,dfd29876-e8a0-4367-9e12-acd9fec21e8c,c62eef86-ae5d-474a-879c-e83ee51e89d0,3c16edb8-b2a0-46aa-a754-aa0612163e89,77fcc38e-dc40-4371-bd63-791612a0fa10,,2021-06-30 Organogram (Junior),professional/occupational_group,professional/occupational_group,"SELECT R.organisation, AVG(R.payscale_maximum__a_) AS avg_max_payscale_R, AVG(S.payscale_maximum__a_) AS avg_max_payscale_S FROM R JOIN S ON R.""professional/occupational_group"" = S.""professional/occupational_group"" GROUP BY R.organisation","For each organisation within Army Command and Navy Command, what are the average maximum payscales for roles in the same professional or occupational group? Please provide this information considering the organisational structure of the Ministry of Defence.",success,8.023,0,,2893,290,36.147,3,,13365,951,44.17
UK,single-table,moderate,true,0eb921ed-cfc5-4aab-b1e4-f6b7f0ba4554,,a9284074-dc6c-49d3-b5b7-2a966231558c,,CSV,,,,"SELECT lad19nm, AVG(st_areasha) AS avg_area FROM R GROUP BY lad19nm;",What is the average area of each Local Authority District in the United Kingdom as of December 2019 according to the Office for National Statistics data?,success,34.313,3,,7648,1368,8.186,0,,4236,145,42.499
UK,single-table,moderate,true,e54f47df-9aa4-41b8-b7bb-3f3b471a1738,,b0bb8fd7-26e2-4a4b-b1e5-7e9bbf4932bc,,,,,,"SELECT merchant_category_group, SUM(amount) AS total_amount FROM R GROUP BY merchant_category_group ORDER BY total_amount DESC;","Which category of merchant groups has the highest total spending by the Foreign and Commonwealth Office, and how much did they spend in each group?",success,18.426,0,,1333,252,5.596,0,,1712,165,24.022
UK,single-table,challenging,true,ddb4a905-ede9-42c4-a82a-7d503c5ef370,,bd294ec3-4ddc-4d8a-9522-7a3033a7611b,,2022-03-31 Organogram (Junior),,,,"WITH DepartmentStats AS ( SELECT parent_department, SUM(CAST(REPLACE(number_of_posts_in_fte, '<', '') AS FLOAT)) AS total_fte FROM R GROUP BY parent_department ) SELECT ds.parent_department, ds.total_fte, ROW_NUMBER() OVER (ORDER BY ds.total_fte DESC) AS department_rank FROM DepartmentStats ds;","Could you provide a ranked list of departments within the Department for Business, Energy and Industrial Strategy based on their total full-time equivalent staff numbers?",success,16.949,1,,3441,705,5.415,0,,2385,138,22.364
UK,multi-table-join,moderate,true,ddb4a905-ede9-42c4-a82a-7d503c5ef370,28c2df2e-e50d-4d0b-a018-c89cd222db0c,bd294ec3-4ddc-4d8a-9522-7a3033a7611b,fff4cc89-d266-42dd-a9e3-9877db1e05fc,2022-03-31 Organogram (Junior),2023-01-31 Organogram (Junior),office_region,office_region,"SELECT R.office_region, AVG(R.payscale_maximum__a_) AS avg_max_payscale_R, AVG(S.payscale_maximum__a_) AS avg_max_payscale_S FROM R JOIN S ON R.office_region = S.office_region GROUP BY R.office_region;","What is the average maximum payscale for staff in each office region when comparing the Department for Business, Energy and Industrial Strategy with the Defence Infrastructure Organisation?",success,7.948,0,,3065,273,6.726,0,,3507,139,14.674
UK,multi-table-join,moderate,true,e82bf5c3-34c6-4c5a-8212-f16dee3d5bdc,f6bf5ac9-099a-45f5-af07-faef2a4e5f1b,88384885-1b3f-4117-811e-2543264c9795,db2d6390-df7c-4fbe-95d4-425053e3bf75,CSV,CSV,lad16cd,lad18cd,"SELECT R.lad16cd, S.lad18cd, SUM(R.shape__area) AS total_area FROM R JOIN S ON R.lad16cd = S.lad18cd GROUP BY R.lad16cd, S.lad18cd",What is the total area for each matching local authority district code between the December 2016 and December 2018 boundaries in the UK as provided by the Office for National Statistics?,success,33.696,2,,8369,1115,13.105,0,,7487,164,46.801
UK,single-table,moderate,true,ed378d3e-25fc-4a76-88b0-92c912f793bf,,3bbde6f7-4c7a-4704-82f6-9622e0249f3d,,Contracts Finder OCDS 2024-10-04,,,,"SELECT ""published_date"", COUNT(*) as release_count FROM R GROUP BY ""published_date"" ORDER BY release_count DESC LIMIT 5;","Which dates had the highest number of Contracts Finder notices published in October 2024, and how many notices were released on those dates?",success,7.841,0,,3474,254,7.703,0,,3416,170,15.544
UK,single-table,challenging,true,b5b04166-cee5-4472-8fc1-57bee087f39a,,dd2a5b45-9849-47be-89b1-6d41e40c05e7,,,,,,"WITH DepartmentSalaryStats AS (SELECT ""parent_department"", AVG((""payscale_minimum__a_"" + ""payscale_maximum__a_"") / 2) AS average_salary, COUNT(*) AS num_units FROM R GROUP BY ""parent_department"") SELECT dss.""parent_department"", dss.average_salary, dss.num_units, ROW_NUMBER() OVER (ORDER BY dss.average_salary DESC) as salary_rank FROM DepartmentSalaryStats dss","How does the Department for Environment, Food and Rural Affairs rank its departments based on the average midpoint salary, which is calculated as the average of the payscale minimum and maximum values? Additionally, how many units are there in each department?",success,7.792,0,,1875,332,5.877,0,,2261,168,13.669
UK,multi-table-union,moderate,true,d5243754-f2ca-48e6-b07b-60cc1243b3cc,cad3aa1c-7677-41e9-9b0d-264ceb43ea01,883e6524-9f8d-4626-a493-5b42c474ff15,c7e5c55c-dc93-4a46-8c95-1b1b7f0d0a26,Contracts Finder OCDS 2018-03-16,Contracts Finder OCDS 2018-04-04,releases/0/buyer/name,releases/0/buyer/name,"SELECT ""publication_policy"", ""releases/0/title"", ""releases/0/id"", ""releases/0/ocid"", ""publisher/uid"", ""uri"", ""deadline_date"", ""releases/0/description"", ""releases/0/initiation_type"", ""published_date"", ""license"", ""releases/0/tag/0"", ""releases/0/tender/id"", ""extensions/0"", ""publisher/scheme"", ""publisher/uri"", ""releases/0/language"", ""version"", ""publisher/name"", ""releases/0/date"" FROM R WHERE ""deadline_date"" > '2023-01-01' UNION SELECT ""publication_policy"", ""releases/0/title"", ""releases/0/id"", ""releases/0/ocid"", ""publisher/uid"", ""uri"", ""deadline_date"", ""releases/0/description"", ""releases/0/initiation_type"", ""published_date"", ""license"", ""releases/0/tag/0"", ""releases/0/tender/id"", ""extensions/0"", ""publisher/scheme"", ""publisher/uri"", ""releases/0/language"", ""version"", ""publisher/name"", ""releases/0/date"" FROM S WHERE ""deadline_date"" < '2023-12-31'","Can you provide details of contracts published by the Crown Commercial Service where the deadline is either after January 1, 2023 or before December 31, 2023? Specifically, I need information on the publication policy, title, ID, OCID, description, initiation type, publication date, license, tag, tender ID, extension URL, publisher scheme, publisher URI, language, version, and release date for each contract.",success,12.939,0,,1666,578,58.267,3,,27481,1030,71.206
UK,multi-table-join,moderate,true,d79b3207-b7e1-4204-981e-b70e3e4e162c,497d2e86-c9e1-49b2-a751-343bf9accc07,92f6d480-8b99-4136-bd0d-ff8055dbbadc,b75bc237-5cfc-4b7d-89b3-9de475c33fd5,CSV,CSV,lad17_cd,lad15cd,"SELECT R.lad17_cd, S.lad15cd, COUNT(*) AS area_count FROM R JOIN S ON R.lad17_cd = S.lad15cd GROUP BY R.lad17_cd, S.lad15cd","How many areas are associated with each local authority district in Great Britain as of December 2017, considering the classification data from workplace zones and comparing it with the ward boundaries data from December 2015? Please provide the local authority district codes for both years to see if there have been any changes.",success,8.84,0,,3406,266,14.164,0,,7783,189,23.003999999999998
UK,multi-table-join,moderate,true,dcf60014-5c2f-4691-932c-473f73c86c06,145598cc-ca1c-4eb5-ae01-c6a3d7f513e6,fd07cee9-b563-4716-9115-b9bb3025335c,fd6b5da5-0398-487d-8886-f60f83872333,CSV,CSV,lep20_cd,lep17_cd1,"SELECT COUNT(*) AS ""total_lsoas"", R.""lep20_nm"" FROM R JOIN S ON R.""lep20_cd"" = S.""lep17_cd1"" GROUP BY R.""lep20_nm""",How many Lower Layer Super Output Areas (LSOAs) are associated with each Local Enterprise Partnership (LEP) as of April 2017 in England? Please provide the LEP names from the list available for April 2020.,success,6.943,0,,1803,294,11.413,0,,6069,182,18.356
UK,single-table,moderate,true,def9a544-8605-4c8a-a7eb-01586df940dc,,255acc10-3c75-4860-b2a1-855eceae5a0c,,Natura2000-tranche50-admin-regions.csv,,,,"SELECT ""region_name"", COUNT(*) AS ""site_count"" FROM R GROUP BY ""region_name"" ORDER BY ""site_count"" DESC;",Which administrative regions have the highest number of protected sites like Special Areas of Conservation or SPAs under the Habitats Directive in the UK?,success,5.848,0,,1221,284,5.915,0,,2540,147,11.763
UK,multi-table-join,simple,true,ee9deec8-ed99-4508-9c8d-b13f02942e18,5abe5e9c-c170-4f6c-8524-71c26db12a70,60ac7752-a0fe-4235-ab73-e9ca8dacec85,0641fa43-8738-48dc-8d5c-c93bc892e496,CSV,CSV,isicbl22_cd,sicbl23_cd,"SELECT R.isicbl22_cd, R.sicbl22_nm, S.sicbl23_nm FROM R JOIN S ON R.isicbl22_cd = S.sicbl23_cd;","Which Sub-Integrated Care Board Locations from July 2022 still have corresponding names in April 2023, based on their unique codes?",success,7.984,0,,3286,243,12.608,0,,7855,142,20.592
UK,multi-table-join,simple,true,ddb4a905-ede9-42c4-a82a-7d503c5ef370,28c2df2e-e50d-4d0b-a018-c89cd222db0c,bd294ec3-4ddc-4d8a-9522-7a3033a7611b,fff4cc89-d266-42dd-a9e3-9877db1e05fc,2022-03-31 Organogram (Junior),2023-01-31 Organogram (Junior),office_region,office_region,"SELECT R.office_region, COUNT(*) AS total_units FROM R JOIN S ON R.office_region = S.office_region GROUP BY R.office_region;","How many units are there in each office region when comparing the staff roles from the Department for Business, Energy and Industrial Strategy with those from the Defence Infrastructure Organisation?",success,7.543,0,,3137,254,7.203,0,,3461,158,14.746
UK,multi-table-join,moderate,true,f9286b65-bdb8-4b45-8300-d8207f695bab,3fc50538-0dbb-485b-857c-ec80951e3db5,da25a137-0c3f-4261-9714-1b8128ac1123,380dd47e-b7b6-449a-980c-6175f1b5225c,CSV,CSV,ctyua21_cd,ctyua22_cd,"SELECT R.ctyua21_nm, S.ctyua22_nm, SUM(R.shape__area) AS total_area FROM R JOIN S ON R.ctyua21_cd = S.ctyua22_cd GROUP BY R.ctyua21_nm, S.ctyua22_nm;",How has the total area changed for each county or unitary authority between December 2021 and December 2022 according to the Office for National Statistics' administrative boundaries data? Please provide the names of these authorities from both years.,success,9.192,0,,3503,277,12.184,0,,7063,156,21.375999999999998
UK,single-table,simple,true,d79b3207-b7e1-4204-981e-b70e3e4e162c,,92f6d480-8b99-4136-bd0d-ff8055dbbadc,,CSV,,,,"SELECT wzc11_nm, COUNT(*) FROM R WHERE ctry11_nm = 'england' GROUP BY wzc11_nm",How many instances are there of each type of workplace zone in England based on the 2017 classifications from the Office for National Statistics?,success,6.468,0,,2070,250,25.698,2,,13759,464,32.166
UK,single-table,simple,true,d59bd8c4-fa90-4865-9c6a-9e48fd86b363,,7c590663-2e85-4606-a60b-ab1bd103edcf,,2024-10-30 Organogram (Senior),,,,"SELECT ""name"", ""job_title"" FROM R WHERE ""name"" = 'norman robinson' AND ""job_title"" = 'director west central';",What is the name and job title of Norman Robinson at the Environment Agency who holds the position as Director West Central?,success,23.241,2,,6438,939,5.459,0,,2732,130,28.7
UK,single-table,moderate,true,f9c8e91b-a2b2-4c01-ad25-0f4e8e9cb1c0,,fd7d3529-5ecb-4cad-9f7b-3bf2e5a89117,,CSV,,,,"SELECT AVG(shape__area) AS average_area, ctyua17cd FROM R GROUP BY ctyua17cd",What is the average area of the boundaries for each county or unitary authority in Great Britain as of December 2017?,success,6.458,0,,1916,256,8.837,0,,3926,175,15.295
UK,single-table,challenging,true,5abe5e9c-c170-4f6c-8524-71c26db12a70,,0641fa43-8738-48dc-8d5c-c93bc892e496,,CSV,,,,"WITH ICBCounts AS ( SELECT icb23_nm, nhser23_nm, COUNT(*) as cnt FROM R GROUP BY icb23_nm, nhser23_nm ), RankedICB AS ( SELECT icb23_nm, nhser23_nm, ROW_NUMBER() OVER (PARTITION BY nhser23_nm ORDER BY cnt DESC) as rn FROM ICBCounts ) SELECT icb23_nm, nhser23_nm FROM RankedICB WHERE rn = 1;",Which Integrated Care Boards have the highest number of associated Output Areas within each NHS England Region as of April 2023 according to the Office for National Statistics data?,success,21.117,1,,3715,794,8.834,0,,4659,156,29.951
UK,single-table,challenging,true,6f7bfd48-d723-497f-a506-aa65018251e6,,17d5c23d-f431-48e8-802a-b987431c8d92,,,,,,"SELECT parent_department, organisation, unit, AVG(payscale_minimum__a_) AS avg_min_payscale, AVG(payscale_maximum__a_) AS avg_max_payscale, COUNT(*) AS job_count FROM R WHERE ""professional/occupational_group"" = 'law' GROUP BY parent_department, organisation, unit HAVING SUM(number_of_posts_in_fte) > 5 ORDER BY avg_min_payscale DESC","For units within the Department for Transport where the professional or occupational group is law and the total number of full-time equivalent posts exceeds five, what are the average minimum and maximum pay scales? Please provide this information grouped by parent department, organisation, and unit in order of highest to lowest average minimum pay scale.",success,8.184,0,,1821,337,22.51,2,,7046,642,30.694000000000003
UK,single-table,challenging,true,d697d950-ce4b-42cd-92c2-c8d2e9d31e7e,,45526f3f-5ddb-4cf8-881d-fc403333876b,,2024-09-30 Organogram (Junior),,,,"WITH RankedGrades AS ( SELECT *, ROW_NUMBER() OVER (PARTITION BY office_region ORDER BY payscale_maximum__a_ DESC) as rn FROM R ) SELECT * FROM RankedGrades WHERE rn = 1;","What are the highest paying roles in each office region within the Ministry of Housing, Communities and Local Government?",success,6.531,0,,1899,277,5.155,0,,2250,131,11.686
UK,single-table,challenging,true,b63edcf0-9e6e-4418-8890-c69c08916d07,,f4a9b48f-9a11-47bd-8e5d-43a1a49e78e5,,CSV,,,,"SELECT ""ccg21_nm"", AVG(""shape__area"") AS avg_shape_area, RANK() OVER (ORDER BY AVG(""shape__area"") DESC) as rank FROM R GROUP BY ""ccg21_nm""","What are the average areas of different Clinical Commissioning Groups in England according to the boundaries data from April 2021, and how do they rank when ordered by these averages?",success,27.76,2,,5445,1115,16.868,1,,7897,337,44.628
UK,single-table,moderate,true,e115d093-0f8c-4774-b1c5-95e1cfb9e248,,7401228f-ac0c-4b5e-8cd7-aea3089f7f13,,1993-NHM-Sullom-Voe-sublittoral-survey.csv,,,,"SELECT location_name, AVG(latitude) AS avg_latitude, AVG(longitude) AS avg_longitude FROM R GROUP BY location_name",What are the average latitude and longitude for each location where samples were collected as part of the 1993 NHM Sullom Voe Sublittoral Survey conducted by the Joint Nature Conservation Committee?,success,6.616,0,,2796,231,7.045,0,,3158,155,13.661
UK,single-table,moderate,true,d39b410c-71f2-4e35-8387-f5c7f95c625d,,4bb1ea7d-4ffe-49f6-91e4-7342ea9f79af,,CSV,,,,"SELECT ""wd21_nm"", COUNT(*) AS ""ward_count"" FROM R GROUP BY ""wd21_nm"" ORDER BY ""ward_count"" DESC LIMIT 5;",Which five wards in England and Wales have the highest number of output areas associated with them according to the best fit lookup as of December 2021?,success,5.757,0,,1275,264,6.898,0,,3289,142,12.655
UK,multi-table-join,simple,true,f2681f35-f5e3-4a2c-b04f-af9d42cf5664,d074a90d-1376-4f1c-89b7-2f6f52fde907,bcbf189e-6f3f-404b-b291-342c88a69957,5066c40e-7cd8-49e7-bbf4-6cb8166c7350,CSV,CSV,regd21_cd,regd20_cd,"SELECT R.""regd21_nm"", S.""regd20_nm"" FROM R INNER JOIN S ON R.""regd21_cd"" = S.""regd20_cd""; -- This query joins tables R and S on the columns regd21_cd and regd20_cd, respectively, and selects the names from both tables (regd21_nm and regd20_nm).",Which registration district names in December 2021 correspond to the same codes as those from December 2020 for England and Wales?,success,31.97,2,,7954,1113,12.524,0,,7355,152,44.494
UK,single-table,challenging,true,f5582630-5645-4df8-a6a3-bf36a85d675a,,708572e1-7cb8-4907-bfa3-7c1a0c2dc3dc,,CSV,,,,"SELECT ""lad16_nm"", COUNT(*) OVER (PARTITION BY SUBSTR(""lad16_cd"", 1, 3)) AS count_by_prefix, AVG(""shape__area"") OVER (PARTITION BY SUBSTR(""lad16_cd"", 1, 3)) AS avg_area_by_prefix FROM R","How many local authority districts share the same first three characters in their codes, and what is the average area of these districts according to the December 2016 boundaries from the Office for National Statistics?",success,6.996,0,,2027,283,8.298,0,,4441,153,15.294
UK,single-table,simple,true,a099e004-280b-4593-87c3-7fa4d193e563,,ce1608eb-7fca-4d07-9226-cfab5a4f0471,,"",,,,"SELECT test_delivery_area, COUNT(*) FROM R WHERE year_test_approved = 2014 GROUP BY test_delivery_area",How many tests were conducted in each area of food and environmental safety surveillance by the Animal and Plant Health Agency in 2014?,success,4.694,0,,1275,232,5.421,0,,1761,157,10.115
UK,single-table,moderate,true,17059225-f673-41ba-9224-c2a6722b9216,,f24c1e1c-f20f-4e31-979e-db929771bdaf,,"",,,,"SELECT ""no._tests"" FROM R WHERE ""no._tests"" > 10",Which avian species had more than ten tests conducted on them in 2012 as part of the statutory exotic viruses research by the Animal and Plant Health Agency?,success,13.92,1,,2528,656,5.379,0,,1865,152,19.299
UK,single-table,challenging,true,ee7a20f3-39c2-43a7-abc4-5cc1278c0e15,,e038c4cd-ff81-4d64-91f8-2941897f32a3,,,,,,"WITH DepartmentSalaryStats AS (    SELECT        parent_department,        SUM(number_of_posts_in_fte) AS total_posts,        AVG(payscale_minimum__a_) AS avg_min_payscale,        AVG(payscale_maximum__a_) AS avg_max_payscale    FROM R    GROUP BY parent_department),RankedDepartments AS (    SELECT        parent_department,        total_posts,        avg_min_payscale,        avg_max_payscale,        ROW_NUMBER() OVER (ORDER BY total_posts DESC) AS department_rank    FROM DepartmentSalaryStats)SELECT * FROM RankedDepartments WHERE department_rank <= 5;",How many posts and what are the average minimum and maximum payscales for the top 5 departments within the Department for Work and Pensions based on the number of positions?,success,8.767,0,,1957,349,6.338,0,,2409,170,15.105
UK,multi-table-join,simple,true,ee7a20f3-39c2-43a7-abc4-5cc1278c0e15,b9305ee6-edfd-46a9-b3ee-16753b650a9a,e038c4cd-ff81-4d64-91f8-2941897f32a3,5dcf1a8e-4bad-4d9c-b90b-41f1a3dce03b,,,professional/occupational_group,professional/occupational_group,"SELECT R.""generic_job_title"", S.""generic_job_title"" FROM R JOIN S ON R.""professional/occupational_group"" = S.""professional/occupational_group""",Which job titles from the Department for Work and Pensions share the same professional or occupational group as those in the Ministry of Defence?,success,6.975,0,,2944,259,7.291,0,,3725,153,14.266
UK,single-table,simple,true,a678cd75-7ff8-4f3d-a502-7961059a5066,,3c16edb8-b2a0-46aa-a754-aa0612163e89,,2024-01-25 Organogram (Junior),,,,SELECT * FROM R WHERE office_region = 'scotland';,Which roles and positions are available in Scotland within the Ministry of Defence's organogram?,success,4.922,0,,1662,217,5.014,0,,1822,141,9.936
UK,multi-table-join,simple,true,e96e43bd-1ea4-4d09-8d09-ec27cfc3110c,352a7d72-32aa-407e-8706-d99c922da93a,89c33424-e918-4968-9560-5b4bcc16bfe3,3c16edb8-b2a0-46aa-a754-aa0612163e89,2022-10-31 Organogram (Junior),2024-09-30 Organogram (Junior),grade,grade,"SELECT R.grade, R.generic_job_title AS job_title_in_R, S.generic_job_title AS job_title_in_S FROM R JOIN S ON R.grade = S.grade WHERE R.organisation = 'ministry of defence' AND S.organisation = 'ministry of defence'",Which job titles in Head Office and Corporate Services (part of the Ministry of Defence) match the same grade levels as those in Army Command (also part of the Ministry of Defence)?,success,20.407,1,,5130,745,6.801,0,,3235,151,27.208
UK,multi-table-join,simple,true,d39b410c-71f2-4e35-8387-f5c7f95c625d,1729f1c1-76d4-444e-b2d1-bb5d95e0692c,4bb1ea7d-4ffe-49f6-91e4-7342ea9f79af,64e8e67f-71e3-4c7b-b30c-b9fef2187187,CSV,CSV,lad21_cd,lad21_cd,"SELECT R.""lad21_cd"", R.""wd21_nm"", S.""bng_e"", S.""bng_n"" FROM R JOIN S ON R.""lad21_cd"" = S.""lad21_cd"";","Which wards in England and Wales are associated with specific local authority districts as of December 2021, and what are their respective British National Grid (BNG) easting and northing coordinates according to the May 2021 boundaries?",success,25.334,2,,6615,980,11.605,0,,6406,167,36.939
UK,single-table,simple,true,8b44808e-29d3-459c-9aea-8cc2fffd618a,,d67f7b1b-89f3-47a6-95a4-5f7c240c4874,,Contracts Finder OCDS 2024-09-12,,,,"SELECT uri, published_date FROM R WHERE STRPTIME(REPLACE(published_date, 't', 'T'), '%Y-%m-%dT%H:%M:%S%z') = '2024-09-12T10:23:38+01:00'","Can you show me the URIs and publication dates of the Contracts Finder notices that were published exactly at 10:23:38 on September 12, 2024?",success,46.491,3,,11872,1443,7.752,0,,3440,168,54.243
UK,single-table,simple,true,d3096580-5e22-4898-b2cd-33853184607f,,4940dcb0-49cc-4a66-844c-2c813b66f27c,,,,,,SELECT * FROM R WHERE grade = 'pb5';,Which positions within the Forestry Commission have a grade of PB5?,success,5.478,0,,1584,245,4.793,0,,1831,138,10.271
UK,multi-table-join,simple,true,f8b0594b-2dd7-4243-8332-3e70b6755449,1a818327-2552-4105-a1ab-886ed6412f2e,04f4f410-f736-4d11-906d-461cd0f262df,83dd0dd8-d238-44ac-8bcb-9098d3d6587e,licensed-taxi-vehicles-at-30-june-2024,licensed-taxi-drivers-at-31-march-2024,postcode_area,postcode_area,"WITH ValidDates AS ( SELECT R.tvl_no, S.tdl_number, COALESCE(STRPTIME(R.issue_date, '%d/%m/%Y'), STRPTIME(R.issue_date, '%d-%m-%Y')) AS r_issue_date, COALESCE(STRPTIME(R.expiry_date, '%d/%m/%Y'), STRPTIME(R.expiry_date, '%d-%m-%Y')) AS r_expiry_date, COALESCE(STRPTIME(S.issue_date, '%d/%m/%Y'), STRPTIME(S.issue_date, '%d-%m-%Y')) AS s_issue_date, COALESCE(STRPTIME(S.expiry_date, '%d/%m/%Y'), STRPTIME(S.expiry_date, '%d-%m-%Y')) AS s_expiry_date, R.postcode_area FROM R JOIN S ON R.postcode_area = S.postcode_area ) SELECT tvl_no, tdl_number FROM ValidDates WHERE r_issue_date <= CURRENT_DATE AND r_expiry_date >= CURRENT_DATE AND s_issue_date <= CURRENT_DATE AND s_expiry_date >= CURRENT_DATE;",Which taxi vehicles and drivers with valid licenses are currently operating in the same postal districts as of today? Please consider both the vehicle and driver license issue and expiry dates for Class A and Class C taxis in Northern Ireland.,success,46.367,2,,6568,1803,8.179,0,,4253,164,54.546
UK,single-table,simple,true,e2df4863-89f7-4f6a-8ad4-0a6125fac90f,,334f2d5b-71cd-485e-8750-66b0d527cb9e,,Contracts Finder OCDS 2024-03-25,,,,"SELECT uri, published_date FROM R WHERE ""publisher/name"" = 'cabinet office';",Can you show me the links and publication dates for Contracts Finder notices published by the 'Cabinet Office'?,success,7.37,0,,3394,243,28.303,3,,13635,646,35.673
UK,multi-table-union,simple,true,e2df4863-89f7-4f6a-8ad4-0a6125fac90f,c4e47a5c-7ab7-4fa3-a45e-24fcb7ffe44a,334f2d5b-71cd-485e-8750-66b0d527cb9e,c4938aa9-45c2-48fb-8aeb-58fe7e61c68c,Contracts Finder OCDS 2024-03-25,Contracts Finder OCDS 2024-05-10,releases/0/tender/procurement_method_details,releases/0/tender/procurement_method_details,"SELECT ""publisher/name"", ""extensions/3"", ""releases/0/id"", ""releases/0/ocid"", ""license"", ""published_date"", ""releases/0/date"", ""publisher/uid"", ""publisher/scheme"", ""releases/0/language"", ""publisher/uri"", ""uri"", ""version"", ""extensions/5"", ""extensions/0"", ""extensions/2"", ""extensions/4"", ""extensions/1"", ""extensions/6"", ""publication_policy"" FROM R UNION SELECT ""publisher/name"", ""extensions/3"", ""releases/0/id"", ""releases/0/ocid"", ""license"", ""published_date"", ""releases/0/date"", ""publisher/uid"", ""publisher/scheme"", ""releases/0/language"", ""publisher/uri"", ""uri"", ""version"", ""extensions/5"", ""extensions/0"", ""extensions/2"", ""extensions/4"", ""extensions/1"", ""extensions/6"", ""publication_policy"" FROM S","Can you provide a consolidated view of contracts published by the Cabinet Office in March and May 2024, including details such as publisher name, extension number three, release IDs, OCIDs, licenses, publication dates, release dates, publisher UID, scheme, language, URIs for both the contract and publisher, version, other specific extensions, and publication policy?",success,9.391,0,,1308,485,57.291,3,,26704,1125,66.682
UK,single-table,simple,true,ebc04ca0-8ad2-4aee-a84b-f4bbd069066c,,fcd82afe-d8fd-417a-ac0a-b3acd7d8a422,,CSV,,,,"SELECT cmwd11nm, lad11nm FROM R WHERE shape__area > 5000000","Which wards in England and Wales, as of December 2011, have an area larger than 5 million square units, and what are their corresponding local authority districts?",success,6.795,0,,1784,241,8.401,0,,4061,160,15.196
UK,single-table,simple,true,e3f65db8-c4eb-4482-9791-f34368eeab9e,,c134d765-92c6-4ed9-a4de-39a635d294b6,,CSV,,,,"SELECT ""wd17_nm"", ""lad17_nm"" FROM R WHERE ""wd17_nm"" = 'west craven' AND ""lad17_nm"" = 'craven';",What are the ward name and local authority district name where the ward is called 'west craven' and the local authority district is 'craven'?,success,21.907,2,,4803,911,8.727,0,,4548,154,30.634
UK,single-table,simple,true,ddb4a905-ede9-42c4-a82a-7d503c5ef370,,bd294ec3-4ddc-4d8a-9522-7a3033a7611b,,2022-03-31 Organogram (Junior),,,,SELECT * FROM R WHERE office_region = 'london';,"Could you show me the details of all staff roles located in London within the Department for Business, Energy and Industrial Strategy?",success,5.441,0,,1765,238,5.131,0,,2165,138,10.572
UK,single-table,challenging,true,46d784b1-9d95-4761-a253-10d2275fbe34,,6665fb5b-0ba0-40be-9fff-8f2433cdc656,,,,,,"SELECT ""grant?"" FROM R WHERE expense_type = 'mobile phone costs';",Are there any grants involved in the expenses related to mobile phone costs within the Department for Communities and Local Government's spending data for 2011-2012?,success,82.626,2,,5971,996,5.504,0,,2289,140,88.13000000000001
UK,single-table,simple,true,ee7a20f3-39c2-43a7-abc4-5cc1278c0e15,,e038c4cd-ff81-4d64-91f8-2941897f32a3,,,,,,SELECT * FROM R WHERE grade = 'band e (london inner)';,Which roles within the Department for Work and Pensions are classified under the Band E (London Inner) grade?,success,7.321,0,,2320,290,4.691,0,,2089,124,12.012
UK,single-table,challenging,true,a099e004-280b-4593-87c3-7fa4d193e563,,ce1608eb-7fca-4d07-9226-cfab5a4f0471,,"",,,,"SELECT species, test_code, SUM(""no._tests"") OVER (PARTITION BY species ORDER BY year_test_approved) AS cumulative_tests FROM R WHERE year_test_approved >= 2014","For each species monitored under food and environmental safety surveillance since 2014, what are the test codes and the cumulative number of tests conducted by the Animal and Plant Health Agency?",success,6.343,0,,1397,285,5.058,0,,1916,139,11.401
UK,single-table,challenging,true,577cc8e3-ea71-4ba5-b9d5-b6f48ff40c7c,,43f44b73-dc6d-4969-b7b0-c1f3d0f15439,,"",,,,"SELECT breed_type, AVG(CAST(REPLACE(number_of_deaths, ',', '') AS INTEGER)) AS avg_deaths FROM R WHERE country = 'wales' GROUP BY breed_type HAVING AVG(CAST(REPLACE(number_of_deaths, ',', '') AS INTEGER)) > 5 ORDER BY avg_deaths DESC;","What is the average number of cattle deaths for dairy and non-dairy breeds in Wales, where the average exceeds 5 deaths, ordered by the highest averages first?",success,6.44,0,,1554,285,5.693,0,,2072,159,12.133
UK,single-table,simple,true,d7fc66c0-fc86-45db-b8a7-188c5098778d,,dd2a5b45-9849-47be-89b1-6d41e40c05e7,,2021-07-22 Organogram (Senior),,,,"SELECT ""name"", ""job_title"" FROM R WHERE ""organisation"" = 'department for environment, food and rural affairs';","What are the names and job titles of individuals listed in the organogram for the Department for Environment, Food and Rural Affairs?",success,29.289,3,,8461,1189,12.602,1,,5796,313,41.891000000000005
UK,single-table,moderate,true,1a818327-2552-4105-a1ab-886ed6412f2e,,83dd0dd8-d238-44ac-8bcb-9098d3d6587e,,licensed-taxi-drivers-at-31-march-2024,,,,"SELECT ""postcode_area"", COUNT(*) as count FROM R GROUP BY ""postcode_area"" ORDER BY count DESC LIMIT 1",Which postal district in Northern Ireland has the highest number of licensed taxi drivers?,success,13.123,1,,2501,611,5.281,0,,2105,144,18.404
UK,single-table,challenging,true,fc0c8315-7ded-47b4-898f-5f5aad277234,,fff4cc89-d266-42dd-a9e3-9877db1e05fc,,,,,,"WITH DepartmentStats AS (    SELECT        ""parent_department"",        COUNT(*) AS total_units,        SUM(""number_of_posts_in_fte"") AS total_fte    FROM R    GROUP BY ""parent_department""),RankedDepartments AS (    SELECT        *,        ROW_NUMBER() OVER (ORDER BY total_fte DESC) AS department_rank    FROM DepartmentStats)SELECT * FROM RankedDepartments WHERE department_rank <= 5;","Which five departments within the Defence Infrastructure Organisation have the highest total number of full-time equivalent posts, and how many units do they each contain? Please list them in order from the highest to the lowest FTE total.",success,7.974,0,,1885,330,5.698,0,,2038,161,13.672
UK,multi-table-union,moderate,true,e80ba204-f84e-4cee-a877-2573e9152ae8,4abf4e7d-0dbb-4244-b27c-f2b098bf6761,5b1dab40-bb00-4c45-8039-e0240bf24f31,44ff28ad-4608-4a9f-9104-399d4e73f717,Contracts Finder OCDS 2024-02-21,Contracts Finder OCDS 2022-07-07,releases/0/tender/procurement_method_details,releases/0/tender/procurement_method_details,"SELECT ""publisher/name"", ""extensions/3"", ""releases/0/id"", ""releases/0/ocid"", ""license"", CAST(""published_date"" AS DATE), ""releases/0/date"", ""publisher/uid"", ""publisher/scheme"", ""releases/0/language"", ""publisher/uri"", ""uri"", ""version"", ""extensions/5"", ""extensions/0"", ""extensions/2"", ""extensions/4"", ""extensions/1"", ""extensions/6"", ""publication_policy"" FROM R UNION SELECT ""publisher/name"", ""extensions/3"", ""releases/0/id"", ""releases/0/ocid"", ""license"", CAST(""published_date"" AS DATE), ""releases/0/date"", ""publisher/uid"", ""publisher/scheme"", ""releases/0/language"", ""publisher/uri"", ""uri"", ""version"", ""extensions/5"", ""extensions/0"", ""extensions/2"", ""extensions/4"", ""extensions/1"", ""extensions/6"", ""publication_policy"" FROM S","Can you provide details from Contracts Finder notices for both February 21, 2024, and July 7, 2022? Specifically, I need information about the publisher's name, certain extensions, release IDs and OCIDs, license type, publication dates, publisher UID and scheme, language used, publisher URI, overall URI, version number, and publication policy.",success,10.426,0,,1739,505,11.782,0,,6426,198,22.208
UK,single-table,moderate,true,e61239a4-038b-46dc-b5ff-697f52aa9730,,632bfc40-72bb-479d-92d6-ceccf7545c1d,,CSV,,,,"SELECT gltla22_cd, AVG(shape__area) AS average_area FROM R GROUP BY gltla22_cd","What is the average area of the Grouped Lower Tier Local Authorities in England and Wales as of December 2022, categorized by their unique codes?",success,5.949,0,,1919,235,7.36,0,,3469,151,13.309000000000001
UK,single-table,simple,true,32a4e106-1da7-4b8c-ab9b-8155d3917a04,,b1cd2ae3-d089-43e8-bbed-f5927e98f970,,CSV,,,,"SELECT ipar22_cd, par22_nm FROM R WHERE lat > 53.0;","Which parishes in England and Wales have a latitude greater than 53.0 degrees, and what are their unique codes?",success,25.102,1,,3775,560,7.286,0,,3400,148,32.388
UK,single-table,moderate,true,42c6e351-fe93-4069-8664-4c43f94f3d2f,,c1717d9f-3fe3-4371-b464-cd5d15d7e359,,"",,,,"SELECT test_code, AVG(""no._tests"") AS average_tests FROM R WHERE year_test_approved >= 2005 AND species_class = 'cattle' GROUP BY test_code HAVING COUNT(*) > 1;","According to the data from the Animal and Plant Health Agency, what are the average numbers of different laboratory tests performed on cattle samples since 2005, where each test was conducted more than once?",success,14.035,1,,2375,619,28.7,3,,7511,861,42.735
UK,multi-table-join,challenging,true,f7ce4f52-1e14-4258-ac3c-277d3e43bdf5,23b48f3a-e80d-4659-9e34-0e20e7954ad2,36842a6c-f374-401d-acd4-fdf7a9c5ed95,7c688af3-7820-4a4b-9f82-be5830b1b8c7,,,expense_type,expense_type,"SELECT R.expense_type, AVG(CAST(REPLACE(R.amount_in_sterling, ',', '') AS FLOAT)) AS avg_amount_R, AVG(CAST(REPLACE(S.amount_in_sterling, ',', '') AS FLOAT)) AS avg_amount_S, COUNT(DISTINCT R.supplier) AS unique_suppliers_R, COUNT(DISTINCT S.supplier) AS unique_suppliers_S FROM R JOIN S ON R.expense_type = S.expense_type GROUP BY R.expense_type HAVING AVG(CAST(REPLACE(R.amount_in_sterling, ',', '') AS FLOAT)) > 1000","What are the types of expenses where the average spending exceeds £1000 in both financial years 2014-2015 and 2015-2016 for the Department for Communities and Local Government? Additionally, provide the average amount spent on each expense type for both years along with the count of unique suppliers for each expense type.",success,13.547,0,,4420,356,9.131,0,,4400,184,22.678
UK,single-table,simple,true,ddaa7e87-8a7b-4450-b2b5-4abb9659dee7,,5b937732-c088-43ed-805d-efa1dc60dd01,,,,,,"SELECT ""title"", ""author"" FROM R WHERE ""year"" = 2014;",What are the titles and authors of publications produced by APHA staff in 2014?,success,20.361,2,,5191,870,5.393,0,,2181,140,25.754
UK,single-table,moderate,true,ddaa7e87-8a7b-4450-b2b5-4abb9659dee7,,5b937732-c088-43ed-805d-efa1dc60dd01,,,,,,"SELECT ""main_subject"", COUNT(*) as count FROM R GROUP BY ""main_subject"" ORDER BY count DESC;",Which main subject areas were most represented in the publications produced by Animal and Plant Health Agency staff in 2014?,success,5.922,0,,1868,255,5.793,0,,2232,158,11.715
UK,single-table,challenging,true,c4e47a5c-7ab7-4fa3-a45e-24fcb7ffe44a,,c4938aa9-45c2-48fb-8aeb-58fe7e61c68c,,Contracts Finder OCDS 2024-05-10,,,,"SELECT ""publisher/name"", COUNT(DISTINCT ""releases/0/ocid"") AS unique_releases, AVG(""version"") AS average_version FROM R WHERE CAST(REPLACE(SUBSTR(""published_date"", 1, 19), 't', ' ') AS DATETIME) >= '2024-05-10 10:00:00' GROUP BY ""publisher/name"" HAVING COUNT(DISTINCT ""releases/0/ocid"") > 3 ORDER BY unique_releases DESC;","Can you provide a list of organizations involved with Contracts Finder notices, specifically from the Crown Commercial Service, along with the number of unique contract releases they published after 10:00 AM on May 10, 2024, and their average version number? Please include only those organizations that have more than three unique releases. Order the results by the number of unique releases in descending order.",success,9.734,0,,3622,321,41.331,3,,15532,1006,51.065000000000005
UK,single-table,moderate,true,ed7f8bac-970f-4936-a750-6923b8b75c60,,bd608bb5-a748-4632-8e69-b0be9d8358eb,,2024-01-31 Organogram (Junior),,,,"SELECT COUNT(*), ""office_region"" FROM R WHERE ""organisation"" = 'dvla' GROUP BY ""office_region""",How many staff members are there in each office region within the Driver and Vehicle Licensing Agency?,success,24.16,2,,4787,1070,18.206,2,,6608,498,42.366
UK,single-table,challenging,true,d5657914-39e3-4ee5-9f0e-cc010f280fe6,,44ff28ad-4608-4a9f-9104-399d4e73f717,,Contracts Finder OCDS 2022-07-12,,,,"SELECT ""publisher/name"", AVG(version) AS avg_version, COUNT(DISTINCT ""releases/0/id"") AS unique_releases FROM R WHERE CAST(REPLACE(REPLACE(""published_date"", 't', ' '), 'z', '') AS TIMESTAMP) >= '2022-07-12 14:00:00' GROUP BY ""publisher/name"" HAVING avg_version > 1.0 ORDER BY unique_releases DESC","For notices published after 2:00 PM on July 12th, 2022, can you provide the average version number of the Open Contracting Data Standard used by each publisher (publisher name), along with the count of unique releases they have made? Please list them in descending order based on the number of unique releases and only include publishers whose average version is greater than 1.0.",success,25.111,1,,6345,875,32.637,2,,11567,817,57.748000000000005
UK,single-table,moderate,true,5f5c9494-b5a4-4710-a4df-e2e709e77d33,,fff4cc89-d266-42dd-a9e3-9877db1e05fc,,2022-10-29 Organogram (Junior),,,,"SELECT ""office_region"", COUNT(*) AS total_jobs, AVG(""payscale_minimum__a_"") AS avg_min_payscale FROM R GROUP BY ""office_region""","For each office region within the Defence Infrastructure Organisation's organogram from 2022-10-29, what is the total number of jobs and the average minimum pay scale?",success,15.977,1,,3589,665,26.296,3,,8424,738,42.272999999999996
UK,single-table,simple,true,0eb921ed-cfc5-4aab-b1e4-f6b7f0ba4554,,a9284074-dc6c-49d3-b5b7-2a966231558c,,CSV,,,,"SELECT lad19nm, lat FROM R WHERE long > -0.5;","Which local authority districts in the United Kingdom have a longitude greater than -0.5 degrees, and what are their respective latitudes?",success,5.373,0,,2168,207,7.88,0,,4168,136,13.253
UK,single-table,simple,true,dd34f75c-5b63-476f-bc23-6022329959f1,,0cb4d81a-8a2b-47c1-a3a5-53257f05b095,,Prosecutions and convictions,,,,"SELECT measure, ethnicity, time FROM R WHERE sex = 'all' AND age_group = 'all' AND measure = 'percentage of defendants convicted out of all those prosecuted (conviction ratio)'","According to the Race Disparity Unit’s data, what are the conviction ratios (percentage of defendants convicted out of all those prosecuted) for each ethnicity over time when considering both sexes ('all') and all age groups ('all')?",success,22.497,2,,5224,972,28.818,3,,9126,844,51.315
UK,single-table,moderate,true,695a7214-ce7c-45a4-8a74-9e8d3fec6aec,,fd714875-0766-4734-829e-3baa3b520839,,CSV,,,,"SELECT ""lep14cd"", SUM(""shape__area"") AS total_area FROM R GROUP BY ""lep14cd"" ORDER BY total_area DESC","What is the total area covered by each Local Enterprise Partnership (LEP) region identified by its LEP code, as of December 2014, listed from largest to smallest?",success,6.089,0,,1630,269,36.865,3,,16199,774,42.954
UK,single-table,challenging,true,f1bd3ae7-e040-4b17-9198-c4e78d61ecf1,,4cea95d3-14bf-443f-bff9-512807460960,,,,,,"SELECT ""organisation"", ""parent_department"", ""unit"", COUNT(DISTINCT ""generic_job_title"") AS distinct_titles_count, SUM(""number_of_posts_in_fte"") AS total_headcount FROM R GROUP BY ""organisation"", ""parent_department"", ""unit"" HAVING COUNT(DISTINCT ""generic_job_title"") > 1","How many different job roles and total staff positions are there in each unit of the Care Quality Commission under the Department of Health, excluding units with only one type of job role?",success,28.987,2,,5649,1204,5.862,0,,1922,172,34.849
UK,multi-table-union,simple,true,eb18eeb7-213f-48b4-86cc-b09a89ec5b67,2013c2bd-3e64-40d2-8d30-d32514d005eb,3bbde6f7-4c7a-4704-82f6-9622e0249f3d,d67f7b1b-89f3-47a6-95a4-5f7c240c4874,Contracts Finder OCDS 2024-10-02,Contracts Finder OCDS 2024-09-26,releases/0/parties/0/address/country_name,releases/0/parties/0/address/country_name,"SELECT ""publisher/name"", ""extensions/3"", ""releases/0/id"", ""releases/0/ocid"", ""license"", ""published_date"", ""releases/0/date"", ""publisher/uid"", ""publisher/scheme"", ""releases/0/language"", ""publisher/uri"", ""uri"", ""version"", ""extensions/5"", ""extensions/0"", ""extensions/2"", ""extensions/4"", ""extensions/1"", ""extensions/6"", ""publication_policy"" FROM R UNION SELECT ""publisher/name"", ""extensions/3"", ""releases/0/id"", ""releases/0/ocid"", ""license"", ""published_date"", ""releases/0/date"", ""publisher/uid"", ""publisher/scheme"", ""releases/0/language"", ""publisher/uri"", ""uri"", ""version"", ""extensions/5"", ""extensions/0"", ""extensions/2"", ""extensions/4"", ""extensions/1"", ""extensions/6"", ""publication_policy"" FROM S","Can you provide a combined list of contract notices from both October 2nd, 2024, and September 26th, 2024, including details such as the publisher's name, extensions used, release IDs, OCIDs, license information, publication dates, language, publisher's unique identifier, scheme, URI, version, and publication policy? This information is published by the Crown Commercial Service under the Cabinet Office.",success,10.252,0,,1311,516,12.411,0,,6511,217,22.663
UK,multi-table-join,moderate,true,ebc04ca0-8ad2-4aee-a84b-f4bbd069066c,7baca545-44cf-46af-bb25-7903afc924c1,fcd82afe-d8fd-417a-ac0a-b3acd7d8a422,bec90bfb-bb29-48f8-91f9-be05f92d6f46,CSV,CSV,lad11cd,lad11_cd,"SELECT R.cmwd11nm, SUM(S.shape__area) AS total_area FROM R JOIN S ON R.lad11cd = S.lad11_cd GROUP BY R.cmwd11nm","What is the total area of Output Areas for each Census Merged Ward in England and Wales as of December 2011, grouped by the ward name? Please consider that these boundaries are part of the data provided by the Office for National Statistics related to the 2011 census.",success,8.336,0,,3034,258,12.967,0,,7447,166,21.303
UK,single-table,simple,true,f29adddd-b8c5-41ce-838c-6b52451f6cd4,,70743902-1036-4036-a3a0-1de6a95a62ab,,CSV,,,,SELECT fieldname FROM R WHERE shape_st_area > 3e7;,Which onshore oil and gas fields determined by the North Sea Transition Authority have an area larger than 30 million square meters?,success,4.557,0,,1207,226,4.967,0,,1899,142,9.524000000000001
UK,multi-table-join,challenging,true,f1b23ce6-b985-463c-951b-fcd0ff9c3329,38834675-84ae-47af-83a8-eac6334a592a,bd104e33-9ef3-41c9-b45c-b9f96cbc3a20,2a116a6a-6d54-4ccd-8b31-a4c5e044bd6e,CSV,CSV,lad16_cd,ilad18_cd,"WITH AggregatedData AS (     SELECT R.ioa11_cd, R.wd16_nm, S.lad18_nm, S.ctry18_nm, SUM(R.fid) AS total_fid     FROM R JOIN S ON R.lad16_cd = S.ilad18_cd     GROUP BY R.ioa11_cd, R.wd16_nm, S.lad18_nm, S.ctry18_nm ) SELECT ioa11_cd, wd16_nm, lad18_nm, ctry18_nm, total_fid,        ROW_NUMBER() OVER (PARTITION BY ctry18_nm ORDER BY total_fid DESC) as rank FROM AggregatedData;","Which Output Area is associated with each Ward name in England and Wales, and what are the corresponding Local Authority District names and Country names? Additionally, can you provide a ranking of these areas by their total FID values within each country? This information should be based on the best-fit lookups between Output Areas (December 2011), electoral wards/divisions, and local authority districts as at December 2016, combined with the lookup file between Local Authority Districts and Countries in the UK as of April 2018.",success,45.971,2,,6517,1613,13.622,0,,6468,229,59.592999999999996
UK,single-table,challenging,true,e324d302-158a-4d6e-b3b1-89091017b512,,341b971a-6c7c-4b50-9455-3498533dbdc4,,CSV,,,,"WITH AvgShapeArea AS (     SELECT ctyua19nm, AVG(shape__area) AS avg_area     FROM R     WHERE bng_e > 400000 AND bng_n < 500000     GROUP BY ctyua19nm ) SELECT ctyua19nm, avg_area, ROW_NUMBER() OVER (ORDER BY avg_area DESC) as row_num FROM AvgShapeArea;","Could you provide a list of counties or unitary authorities in Great Britain (as of April 2019) that have an easting coordinate greater than 400,000 and a northing coordinate less than 500,000? Additionally, please include the average area for each and rank them from largest to smallest average area.",success,26.825,1,,4250,967,10.15,0,,4195,219,36.975
UK,multi-table-join,challenging,true,e324d302-158a-4d6e-b3b1-89091017b512,6b554530-26a5-4d3f-acab-2c1d8b8012c1,341b971a-6c7c-4b50-9455-3498533dbdc4,8b0445a3-362f-4e20-bac8-32c2bd913ccd,CSV,CSV,ctyua19nm,ctyua17nm,"SELECT DISTINCT R.""ctyua19nm"" FROM R INNER JOIN S ON R.""ctyua19nm"" = S.""ctyua17nm""",Which counties or unitary authorities from Great Britain as of April 2019 also existed in the UK as of December 2017? Please refer to the administrative boundaries data provided by the Office for National Statistics.,success,53.794,3,,11691,1837,12.605,0,,7291,155,66.399
UK,multi-table-join,challenging,true,d59bd8c4-fa90-4865-9c6a-9e48fd86b363,a678cd75-7ff8-4f3d-a502-7961059a5066,7c590663-2e85-4606-a60b-ab1bd103edcf,3c16edb8-b2a0-46aa-a754-aa0612163e89,2024-10-30 Organogram (Senior),2024-01-25 Organogram (Junior),office_region,office_region,"SELECT R.name AS employee_name, R.parent_department AS department, R.salary_cost_of_reports__a_ AS salary, S.generic_job_title, ROW_NUMBER() OVER (PARTITION BY R.office_region ORDER BY R.salary_cost_of_reports__a_ DESC) as rank FROM R JOIN S ON R.office_region = S.office_region WHERE R.""valid?"" = 1","Which employees in the Environment Agency have the highest salary costs for their reports by region, and what are their job titles? Please provide the employee names, departments, and salaries, ranked within each region based on the salary cost of their reports.",success,20.828,1,,6609,709,8.042,0,,4043,167,28.869999999999997
UK,single-table,moderate,true,e2df4863-89f7-4f6a-8ad4-0a6125fac90f,,334f2d5b-71cd-485e-8750-66b0d527cb9e,,Contracts Finder OCDS 2024-03-25,,,,"SELECT ""published_date"", COUNT(*) as release_count FROM R GROUP BY ""published_date"" ORDER BY release_count DESC LIMIT 5;",Which dates in March 2024 had the highest number of Contracts Finder notices published by the Cabinet Office?,success,7.657,0,,3408,253,6.634,0,,3329,148,14.291
UK,multi-table-join,simple,true,ed53f68e-ba45-4af7-a0ca-850d01159bb9,ff26f251-4fff-442a-9b3f-718ac74fb31d,6e2333b8-d8cb-464f-b8b6-ff9f032f7100,c6da1573-83fe-4cb0-8e6a-799ee73ff24e,CSV,CSV,lad14_nm,lad12_nm,SELECT * FROM R JOIN S ON R.lad14_nm = S.lad12_nm;,"What are the details of all columns for Local Authority District boundaries in Great Britain where the district names match between December 2012 and December 2014, according to data from the Office for National Statistics?",success,6.666,0,,2697,233,51.684,3,,26020,842,58.349999999999994
UK,single-table,challenging,true,e080cb0e-039e-4541-877a-a61660eb3d99,,7e205366-40a7-4e7a-a837-1b8718895660,,CSV,,,,"SELECT lsoa21_nm, ROW_NUMBER() OVER (PARTITION BY lad22_nm ORDER BY object_id) AS row_num FROM R WHERE lep21_nm1 LIKE '%cornwall%' OR lep21_nm2 LIKE '%cornwall%';","According to the Office for National Statistics data on Output Areas in Cornwall, can you provide a numbered list of the Lower Layer Super Output Area names associated with Cornwall's Local Enterprise Partnership for each Local Authority District?",success,10.717,0,,2021,394,43.439,3,,20006,897,54.156
UK,single-table,moderate,true,577cc8e3-ea71-4ba5-b9d5-b6f48ff40c7c,,43f44b73-dc6d-4969-b7b0-c1f3d0f15439,,"",,,,"SELECT month_name, SUM(CAST(REPLACE(number_of_deaths, ',', '') AS INTEGER)) AS total_deaths FROM R WHERE country = 'wales' GROUP BY month_name ORDER BY total_deaths DESC;","Which month had the highest number of cattle deaths in Wales, and how many deaths occurred in each month?",success,14.189,1,,2804,628,4.972,0,,1976,137,19.161
UK,multi-table-join,moderate,true,d59189c1-e82b-4a41-b24d-6fc0392da188,39ed6afb-0c26-498c-9507-649bf38bf408,00948609-245c-4852-9b8f-3197983b7c7a,b0bb8fd7-26e2-4a4b-b1e5-7e9bbf4932bc,FCDO (FCO) GPC transactions February 2021,,merchant_category_group_description3,merchant_category_group,"SELECT R.""merchant_category_group_description3"", S.""merchant_category_group"", SUM(R.""amount"") AS total_amount_r, SUM(S.""amount"") AS total_amount_s FROM R JOIN S ON R.""merchant_category_group_description3"" = S.""merchant_category_group"" GROUP BY R.""merchant_category_group_description3"", S.""merchant_category_group""","How much has the Foreign, Commonwealth and Development Office spent in total for each merchant category group compared to the spending of the Foreign and Commonwealth Office before the merger on similar categories? Please provide the sum of amounts for both offices grouped by their respective merchant category groups.",success,29.006,2,,6761,1180,6.601,0,,2782,168,35.607
UK,multi-table-join,moderate,true,def9a544-8605-4c8a-a7eb-01586df940dc,daabf87c-ac22-49c7-8812-8dd59ddc25a0,255acc10-3c75-4860-b2a1-855eceae5a0c,4971bfb5-310b-464a-b557-8cf84038b46c,Natura2000-tranche50-admin-regions.csv,Natura2000-tranche50-designations.csv,site_name,site_name,"SELECT R.region_name, COUNT(DISTINCT S.designation_type_code) AS designation_count FROM R JOIN S ON R.site_name = S.site_name GROUP BY R.region_name;","How many different types of designations do protected areas, including both SACs and SPAs, have in each administrative region according to the Joint Nature Conservation Committee's data?",success,6.474,0,,2042,264,17.485,1,,9042,344,23.959
UK,single-table,challenging,true,d59bd8c4-fa90-4865-9c6a-9e48fd86b363,,7c590663-2e85-4606-a60b-ab1bd103edcf,,2024-10-30 Organogram (Senior),,,,"WITH RankedPosts AS ( SELECT *, ROW_NUMBER() OVER (PARTITION BY ""parent_department"" ORDER BY ""actual_pay_ceiling__a_"" DESC) as rank FROM R ) SELECT * FROM RankedPosts WHERE rank = 1;","What are the highest salary ceiling positions within each parent department at the Environment Agency, including details such as name, job title, and actual pay ceiling?",success,7.607,0,,2824,278,6.32,0,,2851,155,13.927
UK,multi-table-join,simple,true,f7ce4f52-1e14-4258-ac3c-277d3e43bdf5,23b48f3a-e80d-4659-9e34-0e20e7954ad2,36842a6c-f374-401d-acd4-fdf7a9c5ed95,7c688af3-7820-4a4b-9f82-be5830b1b8c7,,,expense_type,expense_type,"SELECT R.expense_type, SUM(CAST(REPLACE(R.amount_in_sterling, ',', '') AS FLOAT)) AS total_amount_R, SUM(CAST(REPLACE(S.amount_in_sterling, ',', '') AS FLOAT)) AS total_amount_S FROM R JOIN S ON R.expense_type = S.expense_type GROUP BY R.expense_type","How much did the Ministry of Housing, Communities and Local Government spend in total for each expense type in both financial years 2014-2015 and 2015-2016? Please provide a comparison between these two financial years.",success,10.781,0,,4113,295,8.829,0,,4279,184,19.61
UK,multi-table-join,moderate,true,e115d093-0f8c-4774-b1c5-95e1cfb9e248,aa852a3a-8b0e-4cd8-91d8-031855259bf2,7401228f-ac0c-4b5e-8cd7-aea3089f7f13,4298475e-18fe-4164-9efa-790a2e0c656c,1993-NHM-Sullom-Voe-sublittoral-survey.csv,1994-MNCR-Ardnamurchan-peninsula-sublittoral-survey.csv,species,species,"SELECT R.species, AVG(R.latitude) AS avg_latitude_R, AVG(S.latitude) AS avg_latitude_S FROM R JOIN S ON R.species = S.species GROUP BY R.species ORDER BY COUNT(*) DESC","Which species observed in both the 1993 NHM Sullom Voe Sublittoral Survey and the 1994 MNCR Ardnamurchan Peninsula Sublittoral Survey by the Joint Nature Conservation Committee have the highest occurrence, and what are their average latitudes in each survey?",success,10.57,0,,5201,268,10.52,0,,5481,170,21.09
UK,single-table,moderate,true,dd34f75c-5b63-476f-bc23-6022329959f1,,0cb4d81a-8a2b-47c1-a3a5-53257f05b095,,Prosecutions and convictions,,,,"SELECT AVG(value) AS average_value, ethnicity_type FROM R WHERE time >= 2014.0 GROUP BY ethnicity_type","According to the Race Disparity Unit’s data, what is the average conviction ratio for defendants from different ethnic categories since 2014, grouped by ethnicity type and considering all sexes and all age groups?",success,5.571,0,,1963,233,27.098,3,,9260,773,32.669
UK,single-table,simple,true,7baca545-44cf-46af-bb25-7903afc924c1,,bec90bfb-bb29-48f8-91f9-be05f92d6f46,,CSV,,,,"SELECT lad16_nm, COUNT(*) FROM R GROUP BY lad16_nm",How many output areas are there in each local authority district name as of December 2011 in England and Wales according to the Office for National Statistics data?,success,6.242,0,,1583,257,7.901,0,,3964,147,14.143
UK,single-table,simple,true,f0b0a3b3-ec9c-47de-83bf-b2dd0f8d4aa1,,71df9161-49b2-40fb-9533-b85d95a3b186,,,,,,"SELECT ""parent_department"", ""organisation"", ""unit"", ""reporting_senior_post"", ""grade"", ""payscale_minimum__a_"", ""payscale_maximum__a_"", ""generic_job_title"", ""number_of_posts_in_fte"", ""professional/occupational_group"" FROM R WHERE ""organisation"" = 'homes and communities agency' AND ""grade"" = 'professional/technical';","What are the details including parent department, unit, reporting senior post, grade, payscale minimum, payscale maximum, generic job title, number of posts in FTE, and professional/occupational group for all professional/technical positions within the Homes and Communities Agency?",success,26.255,2,,5235,1130,13.497,1,,4631,396,39.751999999999995
UK,single-table,moderate,true,6331642c-02a7-4ba4-bd85-4e2794fd98da,,89c33424-e918-4968-9560-5b4bcc16bfe3,,,,,,"SELECT ""parent_department"", COUNT(*) AS total_posts, AVG(""fte"") AS average_fte FROM R WHERE ""valid?"" = 1 AND ""organisation"" = 'ministry of defence' GROUP BY ""parent_department""","How many posts are there in each parent department within the Ministry of Defence, and what is the average full-time equivalent (FTE) for these posts?",success,36.611,3,,8673,1586,5.822,0,,2691,147,42.433
UK,single-table,simple,true,e8b18ad8-91b8-49d2-be61-9ef5c6aaa66a,,37a1a24b-5934-4617-beae-ebd90f7793cd,,CSV,,,,SELECT * FROM R WHERE lau125_nm = 'derby';,What is the code for the local administrative unit named Derby in the United Kingdom as of January 2025?,success,5.139,0,,885,255,6.639,0,,2681,157,11.778
UK,single-table,challenging,true,fbfe8cdf-e5f9-428b-a3ad-aae566cf21f1,,91ba4016-b143-4c92-b899-121fd760f742,,,,,,"WITH DepartmentStats AS (     SELECT        parent_department,                 COUNT(*) AS num_units,                 SUM(number_of_posts_in_fte) AS total_fte     FROM        R     GROUP BY        parent_department ), RankedDepartments AS (     SELECT        parent_department,                 num_units,                 total_fte,                 ROW_NUMBER() OVER (ORDER BY total_fte DESC) AS rank_by_fte     FROM        DepartmentStats ) SELECT    parent_department,         num_units,         total_fte FROM    RankedDepartments WHERE    rank_by_fte <= 5 ORDER BY rank_by_fte;","According to the Rural Payments Agency’s organogram, which five units have the highest total number of staff positions in full-time equivalents (FTE), and what are their respective numbers of units and total FTE?",success,53.211,3,,7448,2203,13.599,1,,4635,377,66.81
UK,single-table,simple,true,c4e47a5c-7ab7-4fa3-a45e-24fcb7ffe44a,,c4938aa9-45c2-48fb-8aeb-58fe7e61c68c,,Contracts Finder OCDS 2024-05-10,,,,"SELECT uri, published_date FROM R WHERE ""publisher/name"" = 'cabinet office';",Can you show me the links and publication dates for Contracts Finder notices in May 2024 that were published by the 'Cabinet Office'?,success,7.591,0,,3482,249,30.064,3,,13978,679,37.655
UK,single-table,simple,true,6bf09e82-e623-434d-a2ce-c82ff6ddcaf9,,19d3b4cd-30a5-4a32-8926-2a2bc8d1a0e7,,CSV,,,,"SELECT ""ctyua22_nm"" FROM R WHERE ""ctyua22_nm"" = 'east renfrewshire';","According to the Office for National Statistics, which area in the United Kingdom is specifically named East Renfrewshire based on the December 2022 Counties and Unitary Authorities administrative boundaries?",success,21.334,2,,5177,866,26.681,2,,12235,534,48.015
UK,single-table,moderate,true,efb00da1-0262-4335-b211-c707796b1518,,b0bb8fd7-26e2-4a4b-b1e5-7e9bbf4932bc,,,,,,"SELECT merchant_category_group_description, SUM(CAST(REPLACE(net_amount, ',', '') AS FLOAT)) AS total_net_amount FROM R GROUP BY merchant_category_group_description",Could you show me the total spending amounts grouped by different types of merchant categories for transactions over £500 made by the Foreign and Commonwealth Office?,success,5.571,0,,1420,261,5.236,0,,1772,156,10.806999999999999
UK,single-table,moderate,true,d074a90d-1376-4f1c-89b7-2f6f52fde907,,5066c40e-7cd8-49e7-bbf4-6cb8166c7350,,CSV,,,,SELECT regd20_nm FROM R WHERE shape__area > 1e7 ORDER BY shape__area DESC LIMIT 5;,"Which five largest registration districts by area are located in England and Wales as of December 2020, listed from the biggest to the smallest?",success,36.107,3,,7031,1467,8.203,0,,4113,149,44.31
UK,multi-table-join,challenging,true,ebc04ca0-8ad2-4aee-a84b-f4bbd069066c,7baca545-44cf-46af-bb25-7903afc924c1,fcd82afe-d8fd-417a-ac0a-b3acd7d8a422,bec90bfb-bb29-48f8-91f9-be05f92d6f46,CSV,CSV,lad11cd,lad11_cd,"SELECT R.cmwd11nm, COUNT(DISTINCT S.oa11_cd) AS distinct_oas, AVG(S.shape__area) AS avg_area FROM R JOIN S ON R.lad11cd = S.lad11_cd GROUP BY R.cmwd11nm HAVING COUNT(DISTINCT S.oa11_cd) > 1 ORDER BY avg_area DESC","Which Census Merged Wards in England and Wales have more than one distinct Output Area associated with them, and what is the average area of these Output Areas? Please provide this information for each ward, ordered by the average area from largest to smallest, based on data from December 2011.",success,10.747,0,,3157,328,13.29,0,,7520,175,24.037
UK,multi-table-join,moderate,true,e27296d6-0d62-4f95-84cb-7efb9b43ec01,b26812d0-d306-4c9c-b47a-d796741db2c3,ea639e00-f6af-4f7f-926b-9c7530350015,a3690074-f651-4cab-bf3a-0ae02274f937,,,expense_type,expense_type,"SELECT R.expense_type, COUNT(R.transaction_number) AS count_R, COUNT(S.transaction_number) AS count_S FROM R JOIN S ON R.expense_type = S.expense_type GROUP BY R.expense_type",How does the number of transactions for each expense type compare between the financial transactions over £500 made by Government Offices for regions and those over £250 made by the Department for Communities and Local Government in 2013-2014?,success,8.663,0,,3207,291,7.851,0,,3367,174,16.514
UK,single-table,simple,true,ee9deec8-ed99-4508-9c8d-b13f02942e18,,60ac7752-a0fe-4235-ab73-e9ca8dacec85,,CSV,,,,"SELECT isicbl22_cd, sicbl22_nm FROM R WHERE lat > 53.0;",Which Sub-Integrated Care Board Location codes and names in England have a latitude greater than 53.0 as of July 2022?,success,6.884,0,,2097,263,16.465,1,,8524,290,23.349
UK,single-table,challenging,true,daabf87c-ac22-49c7-8812-8dd59ddc25a0,,4971bfb5-310b-464a-b557-8cf84038b46c,,Natura2000-tranche50-designations.csv,,,,"WITH RankedSites AS ( SELECT *, ROW_NUMBER() OVER (PARTITION BY country_code ORDER BY national_dtype_cover DESC) as rank FROM R ) SELECT * FROM RankedSites WHERE rank = 1;","For each country listed, can you provide details about the Natura 2000 site with the highest coverage of national designation type, including its name, designation type, and any associated protected area statuses?",success,5.393,0,,1388,250,6.496,0,,2723,158,11.889
UK,single-table,challenging,true,efb00da1-0262-4335-b211-c707796b1518,,b0bb8fd7-26e2-4a4b-b1e5-7e9bbf4932bc,,,,,,"WITH RankedTransactions AS ( SELECT *, ROW_NUMBER() OVER (PARTITION BY location ORDER BY CAST(REPLACE(net_amount, ',', '') AS FLOAT) DESC) as rn FROM R ) SELECT * FROM RankedTransactions WHERE rn = 1",Which transaction over £500 made by the Foreign and Commonwealth Office in each location had the highest spending amount?,success,5.278,0,,1552,242,4.809,0,,1855,138,10.087
UK,multi-table-join,challenging,true,f6c68973-9f1d-44b5-81e5-00b25a90a616,42c6e351-fe93-4069-8664-4c43f94f3d2f,dc1b664c-5c48-44c9-b69f-2544bda76f6b,c1717d9f-3fe3-4371-b464-cd5d15d7e359,"","",test_code,test_code,"SELECT R.""year_test_approved"", R.""species_class"", R.""species"", R.""test_code"", R.""test_description"", SUM(R.""no._tests"") AS total_tests_r, SUM(S.""no._tests"") AS total_tests_s, ROW_NUMBER() OVER (PARTITION BY R.""species"" ORDER BY SUM(R.""no._tests"") DESC) as row_num FROM R JOIN S ON R.""test_code"" = S.""test_code"" GROUP BY R.""year_test_approved"", R.""species_class"", R.""species"", R.""test_code"", R.""test_description""","Which tests conducted on both pig and cattle samples in 2006 by the Animal and Plant Health Agency have matching test codes, and what are the total numbers of these tests for each species? Additionally, could you rank these tests based on their volume for pigs in descending order?",success,10.961,0,,2121,467,6.987,0,,2782,174,17.948
UK,multi-table-join,challenging,true,e115d093-0f8c-4774-b1c5-95e1cfb9e248,aa852a3a-8b0e-4cd8-91d8-031855259bf2,7401228f-ac0c-4b5e-8cd7-aea3089f7f13,4298475e-18fe-4164-9efa-790a2e0c656c,1993-NHM-Sullom-Voe-sublittoral-survey.csv,1994-MNCR-Ardnamurchan-peninsula-sublittoral-survey.csv,species,species,"SELECT R.species, R.location_name AS location_name_R, S.location_name AS location_name_S, ROW_NUMBER() OVER (PARTITION BY R.species ORDER BY CAST(R.start_date AS DATE)) as row_num FROM R JOIN S ON R.species = S.species WHERE R.latitude > 56.0 AND S.latitude > 56.0","Which species observed in both the 1993 NHM Sullom Voe Sublittoral Survey and the 1994 MNCR Ardnamurchan Peninsula Sublittoral Survey have locations with latitudes greater than 56.0, and what are their respective location names from each survey? Additionally, provide an ordered list of these species based on their observation start dates in the first survey.",success,11.4,0,,5325,290,11.869,0,,5558,210,23.269
UK,single-table,moderate,true,4abf4e7d-0dbb-4244-b27c-f2b098bf6761,,44ff28ad-4608-4a9f-9104-399d4e73f717,,Contracts Finder OCDS 2022-07-07,,,,"SELECT ""publisher/name"", COUNT(*) as release_count FROM R GROUP BY ""publisher/name"" ORDER BY release_count DESC;","What is the count of releases for each publisher name in the Contracts Finder notices for July 2022, sorted from highest to lowest release count?",success,7.454,0,,3463,248,30.296,3,,13969,688,37.75
UK,multi-table-join,simple,true,ee9deec8-ed99-4508-9c8d-b13f02942e18,b63edcf0-9e6e-4418-8890-c69c08916d07,60ac7752-a0fe-4235-ab73-e9ca8dacec85,f4a9b48f-9a11-47bd-8e5d-43a1a49e78e5,CSV,CSV,long,long,"SELECT R.isicbl22_cd, S.ccg21_nm FROM R JOIN S ON R.long = S.long;",Which Sub-Integrated Care Board codes from July 2022 are aligned with Clinical Commissioning Group names from April 2021 in terms of their longitude coordinates within England?,success,8.025,0,,3295,247,12.037,0,,7093,149,20.062
UK,single-table,moderate,true,e64a81e0-65e1-43b2-8284-b4f54174780f,,f52ef1e6-2fe4-4991-8b1a-5dfe841ffb8f,,2022-09-30 Organogram (Senior),,,,"SELECT COUNT(*) AS total_posts, parent_department FROM R GROUP BY parent_department ORDER BY total_posts DESC;","How many posts does each parent department have within the Crown Prosecution Service, ordered by the number of posts in descending order?",success,6.778,0,,2550,252,5.895,0,,2674,144,12.672999999999998
UK,multi-table-join,simple,true,e080cb0e-039e-4541-877a-a61660eb3d99,c4183520-410d-4694-ba9e-de3ed7317339,7e205366-40a7-4e7a-a837-1b8718895660,3d5a1f2a-bb93-463a-bda5-87d36cd14fb7,CSV,CSV,lep21_cd1,lep22_cd,"SELECT R.lsoa21_nm, S.lep22_nm FROM R JOIN S ON R.lep21_cd1 = S.lep22_cd;","Which Lower Layer Super Output Areas (LSOAs) are associated with each Local Enterprise Partnership (LEP) as of December 2022, based on their LEP codes from May 2021?",success,9.993,0,,3266,347,12.938,0,,7829,161,22.931
UK,multi-table-join,challenging,true,f40016fc-b605-4ea0-a634-3be841abb909,90cfa9b2-3e53-4eb4-b267-ebce6026a67a,a62d9c58-4fd2-4dba-a7bb-523415f040a0,5359dd6e-64ad-49f8-9dda-3dc740f95635,2022-06-30 Organogram (Junior),2024-01-25 Organogram (Junior),grade,grade,"SELECT R.grade, COUNT(DISTINCT R.generic_job_title) AS unique_titles_in_R, COUNT(DISTINCT S.generic_job_title) AS unique_titles_in_S FROM R JOIN S ON R.grade = S.grade GROUP BY R.grade HAVING COUNT(DISTINCT R.generic_job_title) > 1 AND COUNT(DISTINCT S.generic_job_title) > 1",For which job grades do both Joint Forces Command and Air Command have more than one distinct job title?,success,8.724,0,,3095,297,23.311,2,,10234,539,32.035
UK,single-table,challenging,true,6449acca-29f0-4683-9072-1f372d0ce903,,a90a9f70-e28c-4a95-a7a7-f79d12fbe219,,,,,,"WITH DepartmentSalaryStats AS (    SELECT        parent_department,        AVG(payscale_maximum__a_ - payscale_minimum__a_) AS avg_salary_range,        COUNT(*) AS num_positions    FROM R    GROUP BY parent_department),RankedDepartments AS (    SELECT        parent_department,        avg_salary_range,        num_positions,        ROW_NUMBER() OVER (ORDER BY avg_salary_range DESC) AS salary_rank    FROM DepartmentSalaryStats)SELECT * FROM RankedDepartments WHERE salary_rank <= 5;","What are the top 5 departments within the Ministry of Justice that have the highest average salary range, and how many positions are there in each of these departments?",success,7.722,0,,1752,325,5.328,0,,2162,150,13.05
UK,multi-table-join,simple,true,fa99195a-1c2a-46ac-a1ac-f2d24e4f37a6,a099e004-280b-4593-87c3-7fa4d193e563,e7ff590b-236f-4df2-8837-be30bfdb7761,ce1608eb-7fca-4d07-9226-cfab5a4f0471,"","",species,species,"SELECT ""R"".""species"", ""R"".""test_code"", ""S"".""test_delivery_area"" FROM R JOIN S ON ""R"".""species"" = ""S"".""species"" WHERE ""R"".""species"" IN ('other_mammal', 'giraffe', 'seal')","Which species among other mammals, giraffes, and seals had tests conducted in both general laboratory settings and food and environmental safety surveillance by the Animal and Plant Health Agency? Could you also provide the test codes and the specific areas of test delivery for these species?",success,32.2,3,,7186,1406,7.62,0,,2811,197,39.82
UK,multi-table-join,simple,true,e27296d6-0d62-4f95-84cb-7efb9b43ec01,46d784b1-9d95-4761-a253-10d2275fbe34,ea639e00-f6af-4f7f-926b-9c7530350015,6665fb5b-0ba0-40be-9fff-8f2433cdc656,,,expense_type,expense_type,"SELECT R.expense_type, SUM(CAST(REPLACE(R.amount_in_sterling, ',', '') AS FLOAT)) AS total_amount_R, SUM(CAST(REPLACE(S.amount_in_sterling, ',', '') AS FLOAT)) AS total_amount_S FROM R JOIN S ON R.expense_type = S.expense_type GROUP BY R.expense_type","How much has the Ministry of Housing, Communities and Local Government spent in total for each type of expense between the financial transactions made by the Government Offices for the regions and those made by the Department for Communities and Local Government in 2011-2012?",success,30.566,0,,3035,311,7.622,0,,3390,172,38.188
UK,multi-table-join,challenging,true,e54f47df-9aa4-41b8-b7bb-3f3b471a1738,d59189c1-e82b-4a41-b24d-6fc0392da188,b0bb8fd7-26e2-4a4b-b1e5-7e9bbf4932bc,00948609-245c-4852-9b8f-3197983b7c7a,,FCDO (FCO) GPC transactions February 2021,location,location,"SELECT R.location, AVG(R.amount) AS avg_amount_r, MAX(S.amount) AS max_amount_s FROM R JOIN S ON R.location = S.location GROUP BY R.location HAVING COUNT(DISTINCT R.unique_reference_number) > 1 ORDER BY avg_amount_r DESC LIMIT 3;","Which locations have more than one unique transaction from both Foreign and Commonwealth Office and FCDO (FCO) GPC transactions, and what are the top 3 of these locations based on average spending amount? Also, can you provide the maximum spending amount for each of these locations in the FCDO transactions?",success,29.0,0,,2436,317,7.73,0,,2788,198,36.730000000000004
UK,single-table,challenging,true,2013c2bd-3e64-40d2-8d30-d32514d005eb,,d67f7b1b-89f3-47a6-95a4-5f7c240c4874,,Contracts Finder OCDS 2024-09-26,,,,"SELECT ""publisher/name"", AVG(version) AS avg_version, COUNT(DISTINCT ""releases/0/id"") AS unique_releases FROM R WHERE CAST(REPLACE(""published_date"", 't', ' ') AS DATETIME) >= '2024-09-26 12:00:00' GROUP BY ""publisher/name"" HAVING avg_version > 1.0 ORDER BY unique_releases DESC","Can you provide the average version number and the number of unique releases for each publisher name, but only for Contracts Finder notices published after 12:00 PM on September 26, 2024, where the average version is greater than 1.0, sorted by the number of unique releases in descending order?",success,9.161,0,,3595,304,8.023,0,,3669,180,17.183999999999997
UK,single-table,moderate,true,5e3c5eef-b82f-45c4-8c07-17b463afcdf0,,fcbe6337-addf-4348-90af-93ad4ddd469d,,,,,,"SELECT AVG(""payscale_minimum__a_"") AS avg_min_salary, ""grade"" FROM R GROUP BY ""grade"" HAVING COUNT(*) > 1;","What is the average minimum salary for each grade in the Defence Equipment and Support organogram, considering only grades with more than one position listed?",success,7.209,0,,1750,304,4.732,0,,1859,135,11.940999999999999
UK,multi-table-join,moderate,true,f29adddd-b8c5-41ce-838c-6b52451f6cd4,615e203d-5f2c-49c2-b6ec-e955b4ebfd2c,70743902-1036-4036-a3a0-1de6a95a62ab,1b792e96-47fc-40e8-8ab4-b44607cb6df4,CSV,CSV,fieldname,fieldname,"SELECT R.fieldname, AVG(R.shape_st_area) AS avg_shape_st_area_R, AVG(S.shape_st_area) AS avg_shape_st_area_S FROM R JOIN S ON R.fieldname = S.fieldname GROUP BY R.fieldname","Which onshore oil and gas fields, as determined by the North Sea Transition Authority, have both WGS84 and BNG outlines, and what are the average area measurements for each type of outline for those fields?",success,6.749,0,,2045,269,7.21,0,,2777,183,13.959
UK,multi-table-join,challenging,true,f5bf59dd-fee8-4664-886a-6a16bf813238,f1bd3ae7-e040-4b17-9198-c4e78d61ecf1,f0bf18ca-996f-4402-b266-f0dddcf2c5e1,4cea95d3-14bf-443f-bff9-512807460960,,,professional/occupational_group,professional/occupational_group,"SELECT R.name, R.job_title, S.generic_job_title, SUM(S.number_of_posts_in_fte) OVER (PARTITION BY R.""professional/occupational_group"") AS total_fte_in_group FROM R JOIN S ON R.""professional/occupational_group"" = S.""professional/occupational_group"" WHERE R.fte > 0.5","Which senior staff members in the Child Maintenance and Enforcement Commission have full-time roles, what are their specific job titles, and how do these compare with the total number of full-time equivalent positions within the same occupational group at the Care Quality Commission?",success,8.746,0,,3698,286,11.029,0,,3683,281,19.775
UK,single-table,moderate,true,aa852a3a-8b0e-4cd8-91d8-031855259bf2,,4298475e-18fe-4164-9efa-790a2e0c656c,,1994-MNCR-Ardnamurchan-peninsula-sublittoral-survey.csv,,,,"SELECT location_name, AVG(abundance_count) AS avg_abundance FROM R WHERE abundance_count IS NOT NULL GROUP BY location_name",What is the average abundance count of species at each location during the 1994 MNCR Ardnamurchan Peninsula Sublittoral Survey conducted by the Joint Nature Conservation Committee?,success,6.639,0,,2827,232,6.872,0,,3083,153,13.511
UK,single-table,challenging,true,e8085633-c691-43c9-9b97-c322d844e92a,,5dcf1a8e-4bad-4d9c-b90b-41f1a3dce03b,,,,,,"WITH RankedPosts AS ( SELECT *, ROW_NUMBER() OVER (PARTITION BY ""parent_department"" ORDER BY CAST(REPLACE(""actual_pay_ceiling__a_"", ',', '') AS INTEGER) DESC) as rank FROM R WHERE ""actual_pay_ceiling__a_"" != 'n/d' ) SELECT * FROM RankedPosts WHERE rank = 1;","What are the details of the highest-paid position in each parent department within the Ministry of Defence, excluding roles where the pay ceiling is not defined?",success,7.91,0,,2567,296,6.221,0,,2950,143,14.131
UK,single-table,moderate,true,23b48f3a-e80d-4659-9e34-0e20e7954ad2,,7c688af3-7820-4a4b-9f82-be5830b1b8c7,,,,,,"SELECT department_family, SUM(CAST(REPLACE(amount_in_sterling, ',', '') AS FLOAT)) AS total_amount FROM R WHERE department_family = 'communities & local government' GROUP BY department_family","What is the total amount spent by the Ministry of Housing, Communities and Local Government in the financial year 2015/6 on transactions over £250 specifically for the department family 'communities & local government'?",success,28.537,3,,7663,1232,30.275,3,,10767,809,58.812
UK,multi-table-join,simple,true,eacaeb23-be78-4923-aff7-0f1d63cbb559,412a5856-a311-4b8a-a38b-4be734cfa331,3356897d-c795-4f64-a4eb-7289f50594c4,a0335d5d-56d0-4181-a3d5-bbe7a52e4c07,CSV,CSV,lad11_nm,lad14_nm,"SELECT R.iobjectid, S.ifid FROM R JOIN S ON R.lad11_nm = S.lad14_nm;","Which Local Authority Districts from December 2011 match with those from December 2014 by name, showing their unique identifiers for both years?",success,7.484,0,,2618,255,10.959,0,,6546,144,18.442999999999998
UK,single-table,challenging,true,dcf60014-5c2f-4691-932c-473f73c86c06,,fd07cee9-b563-4716-9115-b9bb3025335c,,CSV,,,,"WITH RankedLEPs AS ( SELECT ifid, lep20_cd, lep20_nm, ROW_NUMBER() OVER (ORDER BY LENGTH(lep20_nm) DESC) as rn FROM R ) SELECT * FROM RankedLEPs WHERE rn <= 3;",What are the names of the top three longest named Local Enterprise Partnerships in England as of April 2020 according to the Office for National Statistics?,success,5.784,0,,1012,271,6.866,0,,3239,148,12.649999999999999
UK,multi-table-join,moderate,true,f7ce4f52-1e14-4258-ac3c-277d3e43bdf5,23b48f3a-e80d-4659-9e34-0e20e7954ad2,36842a6c-f374-401d-acd4-fdf7a9c5ed95,7c688af3-7820-4a4b-9f82-be5830b1b8c7,,,expense_type,expense_type,"SELECT R.expense_area, COUNT(DISTINCT R.supplier) AS unique_suppliers_R, COUNT(DISTINCT S.supplier) AS unique_suppliers_S FROM R JOIN S ON R.expense_type = S.expense_type GROUP BY R.expense_area","How many unique suppliers are associated with each expense area in both financial years 2014-2015 and 2015-2016 for the Ministry of Housing, Communities and Local Government, when considering only those expenses that share the same type across these years?",success,9.391,0,,4221,263,8.357,0,,4252,167,17.747999999999998
UK,single-table,moderate,true,daabf87c-ac22-49c7-8812-8dd59ddc25a0,,4971bfb5-310b-464a-b557-8cf84038b46c,,Natura2000-tranche50-designations.csv,,,,"SELECT country_code, COUNT(*) AS site_count FROM R GROUP BY country_code ORDER BY site_count DESC;","Which country has the highest number of Natura 2000 designated sites, such as Special Areas of Conservation or Special Protection Areas, according to the data submitted to the EU Commission?",success,6.155,0,,1287,273,6.234,0,,2607,151,12.389
UK,single-table,challenging,true,f29adddd-b8c5-41ce-838c-6b52451f6cd4,,70743902-1036-4036-a3a0-1de6a95a62ab,,CSV,,,,"SELECT ""fieldname"", MAX(""shape_st_area"") AS max_shape_area FROM R WHERE ""fieldname"" IN ('south leverton', 'saltfleetby', 'marishes', 'kirkleatham', 'hatfield') GROUP BY ""fieldname"" ORDER BY max_shape_area DESC LIMIT 1;","Which onshore oil and gas field among south leverton, saltfleetby, marishes, kirkleatham, and hatfield has the largest area according to the North Sea Transition Authority's determinations?",success,18.581,1,,3044,799,5.399,0,,2104,154,23.98
UK,single-table,moderate,true,d59189c1-e82b-4a41-b24d-6fc0392da188,,00948609-245c-4852-9b8f-3197983b7c7a,,FCDO (FCO) GPC transactions February 2021,,,,"SELECT merchant_category_group_description3, SUM(amount) AS total_amount FROM R GROUP BY merchant_category_group_description3 ORDER BY total_amount DESC;","Which merchant category group had the highest total spending by the Foreign, Commonwealth and Development Office using their government procurement cards in February 2021?",success,5.278,0,,1428,244,4.837,0,,1732,144,10.114999999999998
UK,multi-table-join,challenging,true,d20f7ecb-be24-47ac-810f-dc59345ca0f6,6331642c-02a7-4ba4-bd85-4e2794fd98da,d17d9852-d19c-47e9-a2ae-d4bda1080df1,89c33424-e918-4968-9560-5b4bcc16bfe3,,,professional/occupational_group,professional/occupational_group,"SELECT R.""parent_department"", AVG(R.""grade"") AS ""average_grade_R"", AVG(S.""fte"") AS ""average_fte_S"" FROM R JOIN S ON R.""professional/occupational_group"" = S.""professional/occupational_group"" GROUP BY R.""parent_department"" HAVING COUNT(DISTINCT R.""generic_job_title"") > 1",What is the average grade of roles and the average full-time equivalent staff in each parent department at Royal Armouries and Head Office and Corporate Services MOD where there is more than one distinct job title within the same professional or occupational group?,success,9.64,0,,3959,329,7.598,0,,3904,165,17.238
UK,single-table,simple,true,fc642a4a-3173-46c8-a05f-dbc7c9ffbd14,,85228aec-fe0e-49bf-9455-df000d61e731,,CSV,,,,SELECT ctyua23_nm FROM R WHERE bng_e > 500000,"Which counties or unitary authorities in the UK, as of May 2023, have an Easterly coordinate greater than 500,000 according to the British National Grid?",success,7.251,0,,2102,269,7.589,0,,3556,150,14.84
UK,single-table,simple,true,f6c68973-9f1d-44b5-81e5-00b25a90a616,,dc1b664c-5c48-44c9-b69f-2544bda76f6b,,"",,,,"SELECT species, COUNT(*) AS total_tests FROM R WHERE year_test_approved = 2006 GROUP BY species",How many laboratory tests were conducted on each species of pig in 2006 by the Animal and Plant Health Agency?,success,4.362,0,,1138,221,23.364,3,,7076,693,27.726
UK,single-table,moderate,true,a099e004-280b-4593-87c3-7fa4d193e563,,ce1608eb-7fca-4d07-9226-cfab5a4f0471,,"",,,,"SELECT species_class, AVG(""no._tests"") AS average_tests FROM R WHERE year_test_approved > 2013 GROUP BY species_class",What is the average number of tests performed on different species classes for food and environmental safety surveillance by the Animal and Plant Health Agency in 2014?,success,5.418,0,,1326,255,5.758,0,,1829,168,11.176
UK,single-table,simple,true,efb00da1-0262-4335-b211-c707796b1518,,b0bb8fd7-26e2-4a4b-b1e5-7e9bbf4932bc,,,,,,SELECT * FROM R WHERE location = 'ind';,Can you provide the details of all transactions over £500 made by the Foreign and Commonwealth Office in locations marked as 'ind'?,success,4.537,0,,1403,217,15.034,2,,5397,441,19.571
UK,multi-table-join,moderate,true,d99e4fc9-c50b-4b6d-b9af-889319662cfd,17059225-f673-41ba-9224-c2a6722b9216,60c26934-ac70-4a77-86c0-de317a02a68d,f24c1e1c-f20f-4e31-979e-db929771bdaf,"","",species,species,"SELECT R.species, COUNT(DISTINCT R.test_code) AS unique_tests_in_R, COUNT(DISTINCT S.test_code) AS unique_tests_in_S FROM R JOIN S ON R.species = S.species GROUP BY R.species HAVING COUNT(DISTINCT R.test_code) > 1",How many different types of tests were conducted on each species of birds in both the general avian sample testing from 2013 and the statutory exotic viruses research testing from 2012 by the Animal and Plant Health Agency? I'm particularly interested in species that had more than one unique test performed in the general testing.,success,7.36,0,,2147,291,7.647,0,,2916,187,15.007000000000001
UK,single-table,challenging,true,564f8ec8-d96a-4d7a-a297-04ce55702f0a,,082cca2b-985c-4ab8-9728-2913d04fe9fb,,CSV,,,,"WITH RankedAreas AS ( SELECT *, ROW_NUMBER() OVER (PARTITION BY SUBSTR(lau115cd, 1, 3) ORDER BY shape__area DESC) as rank FROM R ) SELECT * FROM RankedAreas WHERE rank = 1",Which Local Administrative Unit Level 1 (LAU1) area in England and Wales had the largest total area for each region as of January 2015?,success,7.068,0,,1589,294,8.252,0,,3915,160,15.32
UK,multi-table-join,simple,true,fc642a4a-3173-46c8-a05f-dbc7c9ffbd14,6bf09e82-e623-434d-a2ce-c82ff6ddcaf9,85228aec-fe0e-49bf-9455-df000d61e731,19d3b4cd-30a5-4a32-8926-2a2bc8d1a0e7,CSV,CSV,long,long,"SELECT R.ifid AS r_ifid, S.ifid AS s_ifid, R.ctyua23_nm, S.ctyua22_nm FROM R JOIN S ON R.long = S.long;","Which counties or unitary authorities had the same longitude in May 2023 as they did in December 2022, and what were their names in both periods? Please refer to the Office for National Statistics data for this information.",success,8.17,0,,3407,253,12.229,0,,6867,166,20.399
UK,single-table,moderate,true,e1140797-2771-41d1-9d39-6f8332772b6d,,65786ddd-819e-4cf1-b6c5-311313f8db73,,"",,,,"SELECT breed_type, AVG(number_of_births) AS avg_births FROM R WHERE birth_year = 2015 GROUP BY breed_type;",What is the average number of births for each breed type reported to the Rural Payments Agency in December 2015?,success,5.055,0,,1510,229,4.782,0,,1897,135,9.837
UK,single-table,challenging,true,352a7d72-32aa-407e-8706-d99c922da93a,,3c16edb8-b2a0-46aa-a754-aa0612163e89,,2024-09-30 Organogram (Junior),,,,"WITH RankedGrades AS ( SELECT *, ROW_NUMBER() OVER (PARTITION BY office_region ORDER BY payscale_maximum__a_ DESC) as rn FROM R ) SELECT * FROM RankedGrades WHERE rn = 1;",What are the roles with the highest maximum pay in each office region within the Ministry of Defence's organogram?,success,5.922,0,,1824,248,5.025,0,,2029,133,10.947
UK,multi-table-join,challenging,true,f9c5071c-c159-4fe8-afb4-1f50020ddb9f,d1f97049-503b-4b85-b673-a35ed29541aa,f95c431d-b1ee-48bc-bdb8-d87b0e871751,fcbe6337-addf-4348-90af-93ad4ddd469d,2022-12-31 Organogram (Junior),2024-03-31 Organogram (Junior),office_region,office_region,"SELECT R.office_region, COUNT(DISTINCT R.unit) AS unique_units_in_R, COUNT(DISTINCT S.unit) AS unique_units_in_S FROM R JOIN S ON R.office_region = S.office_region GROUP BY R.office_region HAVING COUNT(DISTINCT R.unit) > COUNT(DISTINCT S.unit);",For which office regions does the Valuation Office Agency have a greater number of distinct organizational units compared to Defence Equipment and Support?,success,8.67,0,,3185,296,30.001,3,,14200,695,38.671
UK,single-table,challenging,true,d62c755a-d3b9-421e-89f1-f3b986ab9686,,9fb64db7-5bad-420c-93b1-c5ba752b8193,,London Building Stock Model - Sutton Data,,,,"WITH RankedWards AS ( SELECT ward, estimated_floor_count, ROW_NUMBER() OVER (PARTITION BY ward ORDER BY estimated_floor_count DESC) as rn FROM R ) SELECT ward, estimated_floor_count FROM RankedWards WHERE rn = 1;",Which ward in Sutton has the building with the highest number of floors according to the London Building Stock Model developed by the Greater London Authority and UCL Energy Institute? Please provide details on just one ward.,success,7.503,0,,2710,254,7.294,0,,3055,163,14.797
UK,single-table,moderate,true,d5243754-f2ca-48e6-b07b-60cc1243b3cc,,883e6524-9f8d-4626-a493-5b42c474ff15,,Contracts Finder OCDS 2018-03-16,,,,"SELECT ""publisher/name"", COUNT(*) as release_count FROM R GROUP BY ""publisher/name"" ORDER BY release_count DESC LIMIT 5;","Which organizations have published the most contracts in March 2018, and how many contracts did each of these top five organizations publish?",success,7.821,0,,3517,254,8.064,0,,3415,184,15.885
UK,single-table,challenging,true,5e3c5eef-b82f-45c4-8c07-17b463afcdf0,,fcbe6337-addf-4348-90af-93ad4ddd469d,,,,,,"WITH DepartmentSalaries AS (    SELECT        ""parent_department"",        AVG(""payscale_minimum__a_"") AS avg_min_salary,        ROW_NUMBER() OVER (PARTITION BY ""parent_department"" ORDER BY AVG(""payscale_minimum__a_"") DESC) as rn    FROM R    GROUP BY ""parent_department"")(SELECT * FROM DepartmentSalaries WHERE rn = 1);",Which parent department within the Ministry of Defence has the highest average minimum salary for its roles in the Defence Equipment and Support organogram?,success,8.356,0,,1800,351,5.401,0,,2005,153,13.757
UK,multi-table-join,challenging,true,f5582630-5645-4df8-a6a3-bf36a85d675a,4f5ee2d2-6a8c-4edb-b10f-9dc5e9974290,708572e1-7cb8-4907-bfa3-7c1a0c2dc3dc,0ad17598-4b88-4573-a0ac-1282f8db7c69,CSV,CSV,lad16_cd,lad17_cd,"SELECT R.""lad16_cd"", S.""lad17_cd"", R.""lad16_nm"", S.""wd17_nm"", COUNT(*) AS wd_count, AVG(R.""shape__area"") AS avg_area FROM R JOIN S ON R.""lad16_cd"" = S.""lad17_cd"" GROUP BY R.""lad16_cd"", S.""lad17_cd"", R.""lad16_nm"", S.""wd17_nm"" HAVING COUNT(*) > 1 ORDER BY wd_count DESC","Which local authority districts from December 2016 have more than one associated ward from December 2017, and what are their names along with an example ward name? Additionally, provide the count of wards for each district and the average area of these districts as of December 2016. Please list them in descending order based on the number of wards.",success,10.197,0,,3291,353,14.016,0,,7750,202,24.213
UK,single-table,moderate,true,28e4eac0-7904-485a-8c2e-c1b1e0605cda,,d69c37e0-e356-4b01-b8c1-91a950d53cc4,,CSV,,,,"SELECT ""lad16_nm"", ""lad16_cd"" FROM R WHERE ""bng_e"" > 500000;",Which local authority districts in Great Britain have an easting coordinate greater than 500000 according to the December 2016 boundaries?,success,31.268,3,,6743,1279,8.367,0,,3886,165,39.635000000000005
UK,single-table,moderate,true,d348fd0e-8dab-411b-933c-07c841833472,,55393295-0b2f-44b6-bde8-0551a76fb253,,CSV,,,,"SELECT csp20_nm, COUNT(*) AS count FROM R GROUP BY csp20_nm ORDER BY count DESC;","Which community safety partnerships have the most entries in the lookup file between Local Authority Districts, Community Safety Partnerships, and Police Force Areas for England and Wales as of December 2020?",success,5.212,0,,1316,244,7.204,0,,3510,155,12.416
UK,single-table,challenging,true,d996bf42-fabe-4236-93b1-df4402ef3f39,,87e88687-e6f8-4710-b32b-1b11665e206a,,,,,,"WITH DepartmentStats AS (    SELECT        parent_department,        COUNT(*) AS total_posts,        SUM(number_of_posts_in_fte) AS total_fte,        AVG(payscale_minimum__a_) AS avg_min_payscale,        AVG(payscale_maximum__a_) AS avg_max_payscale    FROM R    GROUP BY parent_department),RankedDepartments AS (    SELECT        *,        ROW_NUMBER() OVER (ORDER BY total_fte DESC) AS fte_rank    FROM DepartmentStats)SELECT * FROM RankedDepartments WHERE fte_rank <= 5;","In the Veterinary Medicines Directorate's organogram data, which five departments have the highest total full-time equivalent (FTE) posts, and what are their average minimum and maximum pay scales?",success,7.818,0,,1873,322,5.824,0,,2300,164,13.642
UK,single-table,moderate,true,e8085633-c691-43c9-9b97-c322d844e92a,,5dcf1a8e-4bad-4d9c-b90b-41f1a3dce03b,,,,,,"SELECT ""organisation"", COUNT(*) AS ""number_of_posts"" FROM R GROUP BY ""organisation"" ORDER BY ""number_of_posts"" DESC;",Which organization within the Ministry of Defence has the most posts according to the organogram data?,success,6.583,0,,2381,257,5.822,0,,2819,135,12.405000000000001
UK,multi-table-join,simple,true,f483711f-d0af-477a-9183-6c9e0b60de61,ed53f68e-ba45-4af7-a0ca-850d01159bb9,590dd982-7774-4ef1-8ac1-d63a582a4b2c,6e2333b8-d8cb-464f-b8b6-ff9f032f7100,CSV,CSV,lad15cd,lad14_cd,"SELECT R.wd15nm, S.lad14_nm FROM R JOIN S ON R.lad15cd = S.lad14_cd",Which wards from December 2015 are associated with their respective local authority districts from December 2014 in Great Britain according to the Office for National Statistics?,success,23.961,0,,2772,308,11.19,0,,6772,144,35.150999999999996
UK,multi-table-join,moderate,true,fc642a4a-3173-46c8-a05f-dbc7c9ffbd14,6bf09e82-e623-434d-a2ce-c82ff6ddcaf9,85228aec-fe0e-49bf-9455-df000d61e731,19d3b4cd-30a5-4a32-8926-2a2bc8d1a0e7,CSV,CSV,long,long,"SELECT R.ifid AS r_ifid, S.ifid AS s_ifid, R.ctyua23_nm, S.ctyua22_nm, AVG(R.shape__area) AS avg_shape_area FROM R JOIN S ON R.long = S.long GROUP BY R.ifid, S.ifid, R.ctyua23_nm, S.ctyua22_nm;","Which pairs of counties or unitary authorities from May 2023 and December 2022 share the same longitude? Provide their unique identifiers (ifid) along with their names for each pair, as well as the average area of those from May 2023 data, grouped by these identifiers and names, as provided by the Office for National Statistics related to administrative boundaries in the UK.",success,11.739,0,,3526,363,61.866,3,,28688,1013,73.605
UK,single-table,simple,true,fb940e11-1206-4a29-ae9a-2c890293df70,,736da925-f409-49b8-99c8-6ea7a57641d0,,2023-03-31 Organogram (Senior),,,,"SELECT name, job_title FROM R WHERE organisation = 'home office';",What are the names and job titles of individuals working within the Home Office?,success,6.302,0,,2528,234,11.924,1,,5522,283,18.226
UK,multi-table-join,simple,true,f9c8e91b-a2b2-4c01-ad25-0f4e8e9cb1c0,64191ff4-6cdd-4364-944b-f89447693937,fd7d3529-5ecb-4cad-9f7b-3bf2e5a89117,5c087cd3-04bb-4f8b-a69d-fa8463ccc7b2,CSV,CSV,long,long,"SELECT R.iobjectid, S.lau118nm FROM R JOIN S ON R.long = S.long",Which Local Administrative Units Level 1 names from January 2018 share the same longitude as Counties and Unitary Authorities from December 2017 in Great Britain?,success,7.909,0,,3218,247,13.025,0,,7549,159,20.934
UK,multi-table-join,challenging,true,f5e630c0-74c6-4264-bc71-26d3cfe74f29,cf21f5d0-22e9-40fa-a405-866b8a17a81d,36fe0c84-771b-4e1b-a33e-459a85236826,43f569b4-1f00-4861-8bf9-e5821b72ce7c,CSV,CSV,pfa17_cd,pfa16cd,"SELECT R.pfa17_nm, COUNT(S.iobjectid) AS object_count, SUM(S.shape__area) AS total_area FROM R JOIN S ON R.pfa17_cd = S.pfa16cd GROUP BY R.pfa17_nm ORDER BY total_area DESC;","Which police force areas in England and Wales, as of January 2017, have the largest combined area based on their boundaries from December 2016? Please provide the name of each police force area along with the total number of objects and the sum of their areas, ordered by the total area in descending order.",success,8.774,0,,2777,297,12.763,0,,6978,184,21.537
UK,multi-table-join,challenging,true,d79b3207-b7e1-4204-981e-b70e3e4e162c,497d2e86-c9e1-49b2-a751-343bf9accc07,92f6d480-8b99-4136-bd0d-ff8055dbbadc,b75bc237-5cfc-4b7d-89b3-9de475c33fd5,CSV,CSV,lad17_cd,lad15cd,"SELECT R.lad17_cd, S.lad15cd, R.lad17_nm AS R_name, ANY_VALUE(S.wd15nm) AS S_name, SUM(S.shape__area) AS total_area FROM R JOIN S ON R.lad17_cd = S.lad15cd GROUP BY R.lad17_cd, S.lad15cd, R.lad17_nm ORDER BY total_area DESC","Which local authority district from 2017 (LAD17) corresponds to a district from 2015 (LAD15), and what is the total area of all wards within that district in Great Britain? Additionally, can you provide an example ward name for each district pairing, ordered by the largest total area first?",success,43.565,2,,9325,1406,13.829,0,,7859,177,57.394
UK,single-table,moderate,true,b5b04166-cee5-4472-8fc1-57bee087f39a,,dd2a5b45-9849-47be-89b1-6d41e40c05e7,,,,,,"SELECT ""parent_department"", COUNT(*), AVG((""payscale_minimum__a_"" + ""payscale_maximum__a_"") / 2) AS average_salary FROM R GROUP BY ""parent_department""","For each department within the Department for Environment, Food and Rural Affairs, how many roles are there and what is the average midpoint salary calculated as the average of the payscale minimum and maximum values?",success,21.469,2,,4667,1007,26.06,3,,8972,769,47.528999999999996
UK,single-table,moderate,true,41a70138-e749-49a3-9fb2-02b68f8da9b1,,a62d9c58-4fd2-4dba-a7bb-523415f040a0,,2024-04-22 Organogram (Junior),,,,"SELECT AVG(""payscale_maximum__a_"" - ""payscale_minimum__a_"") AS avg_payscale_range, ""office_region"", ""professional/occupational_group"" FROM R GROUP BY ""office_region"", ""professional/occupational_group"" ORDER BY avg_payscale_range DESC;","What is the average difference between the maximum and minimum payscale for each office region and professional group within the Ministry of Defence's Strategic Command, sorted in descending order by this average difference?",success,18.578,1,,3533,764,26.416,3,,8395,752,44.994
UK,multi-table-join,challenging,true,dd58a323-d8d2-4aa2-a840-1e7f58b1a4fe,7cf34504-5424-43dc-ba3d-7dc786940b97,04427362-663e-49e0-9103-8bc01dcaa2c7,fff4cc89-d266-42dd-a9e3-9877db1e05fc,DHSC 2022-03-31 Organogram (Senior),2021-12-31 Organogram (Junior),office_region,office_region,"SELECT R.office_region, COUNT(DISTINCT R.job_title) AS distinct_job_titles_count, SUM(R.salary_cost_of_reports__a_) AS total_salary_cost FROM R JOIN S ON R.office_region = S.office_region GROUP BY R.office_region HAVING COUNT(DISTINCT R.job_title) > 1","For each office region where there are more than one distinct job titles among the senior staff at the Department of Health and Social Care, how many different job titles exist and what is the total salary cost for those regions that also have entries in the Defence Infrastructure Organisation's junior staff organogram?",success,24.249,1,,6577,826,34.337,2,,13535,784,58.586
UK,single-table,simple,true,d074a90d-1376-4f1c-89b7-2f6f52fde907,,5066c40e-7cd8-49e7-bbf4-6cb8166c7350,,CSV,,,,SELECT regd20_nm FROM R WHERE iobjectid = 10.0,What is the name of the registration district with an object ID of 10 in England and Wales as of December 2020?,success,6.044,0,,1801,244,7.933,0,,4037,143,13.977
UK,single-table,challenging,true,dfd29876-e8a0-4367-9e12-acd9fec21e8c,,3c16edb8-b2a0-46aa-a754-aa0612163e89,,,,,,"SELECT ""parent_department"", ""organisation"", ""unit"", COUNT(DISTINCT ""generic_job_title"") AS unique_job_titles, SUM(""number_of_posts_in_fte"") AS total_posts FROM R WHERE ""grade"" LIKE 'c%' GROUP BY ""parent_department"", ""organisation"", ""unit"" HAVING COUNT(DISTINCT ""generic_job_title"") > 5 ORDER BY total_posts DESC","How many unique job titles and total full-time equivalent (FTE) posts are there for roles graded with a 'C' in each department, organization, and unit within the Army Command of the Ministry of Defence, where the number of unique job titles exceeds 5? Please list them in descending order by the total FTE posts.",success,8.139,0,,1839,356,7.053,0,,2107,216,15.192
UK,multi-table-join,moderate,true,e54f47df-9aa4-41b8-b7bb-3f3b471a1738,d59189c1-e82b-4a41-b24d-6fc0392da188,b0bb8fd7-26e2-4a4b-b1e5-7e9bbf4932bc,00948609-245c-4852-9b8f-3197983b7c7a,,FCDO (FCO) GPC transactions February 2021,location,location,"SELECT R.location, SUM(R.amount) AS total_amount_r, SUM(S.amount) AS total_amount_s FROM R JOIN S ON R.location = S.location GROUP BY R.location","How much did the Foreign and Commonwealth Office and the Foreign, Commonwealth and Development Office spend in total for their procurement card transactions in each location? Please provide a comparison of the spending amounts between these two offices for the same locations.",success,23.235,0,,2339,254,7.371,0,,2724,186,30.606
UK,multi-table-join,moderate,true,e080cb0e-039e-4541-877a-a61660eb3d99,c4183520-410d-4694-ba9e-de3ed7317339,7e205366-40a7-4e7a-a837-1b8718895660,3d5a1f2a-bb93-463a-bda5-87d36cd14fb7,CSV,CSV,lep21_cd1,lep22_cd,"SELECT R.msoa21_nm, AVG(S.shape__area) AS avg_shape_area FROM R JOIN S ON R.lep21_cd1 = S.lep22_cd GROUP BY R.msoa21_nm;","What is the average area of Local Enterprise Partnerships (LEPs) in December 2022 for each Middle Layer Super Output Area (MSOA), considering the LEPs matched by their codes from May 2022? Please refer to the Office for National Statistics data on output areas and boundaries.",success,8.538,0,,3345,260,13.375,0,,7874,172,21.913
UK,single-table,challenging,true,90cfa9b2-3e53-4eb4-b267-ebce6026a67a,,5359dd6e-64ad-49f8-9dda-3dc740f95635,,2024-01-25 Organogram (Junior),,,,"WITH RankedPosts AS ( SELECT *, ROW_NUMBER() OVER (PARTITION BY ""office_region"" ORDER BY ""payscale_maximum__a_"" DESC) as rank FROM R ) SELECT * FROM RankedPosts WHERE rank = 1;",What are the highest paying job titles in each office region for staff roles within the Ministry of Defence's Air Command?,success,6.395,0,,1833,275,4.999,0,,1976,138,11.393999999999998
UK,multi-table-join,simple,true,d262630c-d22b-4659-a552-2735223a9186,41a70138-e749-49a3-9fb2-02b68f8da9b1,736da925-f409-49b8-99c8-6ea7a57641d0,a62d9c58-4fd2-4dba-a7bb-523415f040a0,2022-03-31 Organogram (Senior),2024-04-22 Organogram (Junior),office_region,office_region,"SELECT R.name, S.generic_job_title, R.job_title FROM R JOIN S ON R.office_region = S.office_region","Retrieve the names of individuals in London from the Home Office along with their specific job titles, and match them with corresponding generic job titles within the Ministry of Defence's Strategic Command based on their office regions.",success,26.764,2,,8715,1002,38.52,3,,16414,865,65.284
UK,single-table,challenging,true,def9a544-8605-4c8a-a7eb-01586df940dc,,255acc10-3c75-4860-b2a1-855eceae5a0c,,Natura2000-tranche50-admin-regions.csv,,,,"WITH RankedSites AS ( SELECT ""site_name"", ""country_code"", ""region_name"", ROW_NUMBER() OVER (PARTITION BY ""country_code"" ORDER BY ""site_name"") AS rn FROM R ) SELECT ""site_name"", ""country_code"", ""region_name"" FROM RankedSites WHERE rn = 1;","Could you provide the name of the first alphabetically listed protected site for each country under the Natura 2000 network, including both SACs and SPAs?",success,8.11,0,,1320,371,6.094,0,,2674,149,14.204
UK,single-table,moderate,true,ee7a20f3-39c2-43a7-abc4-5cc1278c0e15,,e038c4cd-ff81-4d64-91f8-2941897f32a3,,,,,,"SELECT organisation, AVG(payscale_minimum__a_) AS avg_min_payscale, AVG(payscale_maximum__a_) AS avg_max_payscale FROM R GROUP BY organisation;",What are the average minimum and maximum pay scales for different roles within each organisation in the Department for Work and Pensions?,success,5.463,0,,1785,235,5.767,0,,2173,159,11.23
UK,multi-table-union,simple,true,e3455f7a-f0c1-4797-9670-197d291aea99,2e9da07c-8fa5-4757-85d1-5c5490dc1a2a,61e3828b-d1ad-4c69-b291-347a9d899fb3,a90a9f70-e28c-4a95-a7a7-f79d12fbe219,2019-03-31 Organogram (Junior),,professional/occupational_group,professional/occupational_group,"SELECT ""organisation"", ""number_of_posts_in_fte"", ""parent_department"", ""grade"", ""reporting_senior_post"", ""payscale_maximum__a_"", ""professional/occupational_group"", ""unit"", ""generic_job_title"", ""payscale_minimum__a_"" FROM R UNION SELECT ""organisation"", ""number_of_posts_in_fte"", ""parent_department"", ""grade"", ""reporting_senior_post"", ""payscale_maximum__a_"", ""professional/occupational_group"", ""unit"", ""generic_job_title"", ""payscale_minimum__a_"" FROM S","Which organisations within HM Revenue and Customs and Ministry of Justice have posts with details such as the number of full-time equivalent positions, parent department, grade level, senior reporting post, maximum pay scale, professional or occupational group, unit name, generic job title, and minimum pay scale?",success,21.353,0,,790,358,7.583,0,,3663,166,28.936
UK,single-table,moderate,true,e3455f7a-f0c1-4797-9670-197d291aea99,,61e3828b-d1ad-4c69-b291-347a9d899fb3,,2019-03-31 Organogram (Junior),,,,"SELECT organisation, COUNT(*) AS number_of_units FROM R GROUP BY organisation ORDER BY number_of_units DESC;","Which organizations within HM Revenue and Customs have the most units, and how many units do they have?",success,18.289,0,,1705,245,5.548,0,,2157,151,23.837000000000003
UK,multi-table-join,simple,true,d59bd8c4-fa90-4865-9c6a-9e48fd86b363,a678cd75-7ff8-4f3d-a502-7961059a5066,7c590663-2e85-4606-a60b-ab1bd103edcf,3c16edb8-b2a0-46aa-a754-aa0612163e89,2024-10-30 Organogram (Senior),2024-01-25 Organogram (Junior),office_region,office_region,"SELECT R.name AS employee_name, R.parent_department AS department, R.salary_cost_of_reports__a_ AS salary, S.generic_job_title FROM R JOIN S ON R.office_region = S.office_region WHERE R.salary_cost_of_reports__a_ > 50000","Which employees in the Environment Agency have a salary cost of reports over £50,000, and what are their job titles and departments? Please provide this information based on the regional alignment with job titles from the Army Command's organizational structure.",success,27.374,2,,8847,978,7.693,0,,4000,155,35.067
UK,single-table,moderate,true,28c2df2e-e50d-4d0b-a018-c89cd222db0c,,fff4cc89-d266-42dd-a9e3-9877db1e05fc,,2023-01-31 Organogram (Junior),,,,"SELECT ""organisation"", COUNT(*) AS ""number_of_units"" FROM R GROUP BY ""organisation"" ORDER BY ""number_of_units"" DESC;","How many units does each organization within the Ministry of Defence have, particularly focusing on the Defence Infrastructure Organisation? Please group these organizations by their names and list them in descending order based on the number of units they contain.",success,6.488,0,,1743,327,26.187,3,,8505,741,32.675000000000004
UK,single-table,moderate,true,d7fc66c0-fc86-45db-b8a7-188c5098778d,,dd2a5b45-9849-47be-89b1-6d41e40c05e7,,2021-07-22 Organogram (Senior),,,,"SELECT ""parent_department"", COUNT(*) AS ""number_of_posts"" FROM R GROUP BY ""parent_department"" ORDER BY ""number_of_posts"" DESC;","Which department within the Department for Environment, Food and Rural Affairs has the most posts listed in their organogram?",success,7.239,0,,2614,273,5.746,0,,2832,138,12.985
UK,single-table,simple,true,e3455f7a-f0c1-4797-9670-197d291aea99,,61e3828b-d1ad-4c69-b291-347a9d899fb3,,2019-03-31 Organogram (Junior),,,,SELECT * FROM R WHERE grade = 'officer';,What positions are classified as officers within HM Revenue and Customs?,success,16.169,0,,1718,219,5.278,0,,2103,141,21.447
UK,single-table,challenging,true,ed7f8bac-970f-4936-a750-6923b8b75c60,,bd608bb5-a748-4632-8e69-b0be9d8358eb,,2024-01-31 Organogram (Junior),,,,"WITH RankedPosts AS ( SELECT *, ROW_NUMBER() OVER (PARTITION BY ""generic_job_title"" ORDER BY ""payscale_maximum__a_"" DESC) as rn FROM R WHERE ""organisation"" = 'dvla' ) SELECT * FROM RankedPosts WHERE rn = 1;","For each job title within the Driver and Vehicle Licensing Agency (DVLA), identify the roles that have the highest maximum pay scales. Provide details including grades, office regions, and number of posts for these top-paying roles.",success,7.12,0,,1807,296,27.378,3,,9312,765,34.498
UK,single-table,challenging,true,f7ce4f52-1e14-4258-ac3c-277d3e43bdf5,,36842a6c-f374-401d-acd4-fdf7a9c5ed95,,,,,,"SELECT ""grant?"" FROM R WHERE ""grant?"" = 'yes';","Which transactions within the Ministry of Housing, Communities and Local Government were specifically classified as grants during the Financial Year 2014/5?",success,26.596,2,,6044,1033,5.682,0,,2535,144,32.278
UK,multi-table-join,moderate,true,f483711f-d0af-477a-9183-6c9e0b60de61,ed53f68e-ba45-4af7-a0ca-850d01159bb9,590dd982-7774-4ef1-8ac1-d63a582a4b2c,6e2333b8-d8cb-464f-b8b6-ff9f032f7100,CSV,CSV,lad15cd,lad14_cd,"SELECT R.wd15nm, SUM(S.shape__area) AS total_shape_area FROM R JOIN S ON R.lad15cd = S.lad14_cd GROUP BY R.wd15nm",What is the total area of local authority districts from December 2014 that correspond to each electoral ward or division from December 2015 in Great Britain? Please consider the boundaries provided by the Office for National Statistics.,success,23.032,0,,2843,264,12.327,0,,6808,176,35.359
UK,single-table,challenging,true,b26812d0-d306-4c9c-b47a-d796741db2c3,,a3690074-f651-4cab-bf3a-0ae02274f937,,,,,,"WITH RankedExpenses AS ( SELECT *, ROW_NUMBER() OVER (PARTITION BY department_family ORDER BY CAST(REPLACE(amount_in_sterling, ',', '') AS FLOAT) DESC) as rn FROM R ) SELECT department_family, entity, date_of_payment, expense_type, amount_in_sterling FROM RankedExpenses WHERE rn = 1;",What were the largest transactions made by each department family in terms of amount spent during the financial year 2013-2014 for different expense types?,success,7.634,0,,2188,295,5.9,0,,2431,147,13.534
UK,single-table,simple,true,f57a9ff2-aa84-4729-aeff-ac0de2383182,,736da925-f409-49b8-99c8-6ea7a57641d0,,,,,,"SELECT name, job_title FROM R WHERE organisation = 'home office';",What are the names and job titles of the staff members listed in the Home Office's organogram?,success,6.536,0,,2618,247,25.774,3,,11556,654,32.31
UK,multi-table-union,moderate,true,d5657914-39e3-4ee5-9f0e-cc010f280fe6,f6f2b41b-20a2-42c9-8b25-71832f330fa7,44ff28ad-4608-4a9f-9104-399d4e73f717,46ec5188-fc54-49db-b77e-4b671c58f891,Contracts Finder OCDS 2022-07-12,Contracts Finder OCDS 2024-06-26,releases/0/tender/procurement_method_details,releases/0/tender/procurement_method_details,"SELECT ""publisher/name"", ""extensions/3"", ""releases/0/id"", ""releases/0/ocid"", ""license"", CAST(""published_date"" AS DATE), ""releases/0/date"", ""publisher/uid"", ""publisher/scheme"", ""releases/0/language"", ""publisher/uri"", ""uri"", ""version"", ""extensions/5"", ""extensions/0"", ""extensions/2"", ""extensions/4"", ""extensions/1"", ""extensions/6"", ""publication_policy"" FROM R UNION SELECT ""publisher/name"", ""extensions/3"", ""releases/0/id"", ""releases/0/ocid"", ""license"", CAST(""published_date"" AS DATE), ""releases/0/date"", ""publisher/uid"", ""publisher/scheme"", ""releases/0/language"", ""publisher/uri"", ""uri"", ""version"", ""extensions/5"", ""extensions/0"", ""extensions/2"", ""extensions/4"", ""extensions/1"", ""extensions/6"", ""publication_policy"" FROM S","Can you provide details such as the publisher's name, specific extensions (e.g., extension 3), release IDs and OCIDs, license type, publication dates in a date format, language used, publisher UID and scheme, URI links, version number, and publication policy for contracts published by the Crown Commercial Service in July 2022 and June 2024?",success,10.974,0,,1730,526,53.858,3,,26907,978,64.832
UK,multi-table-union,moderate,true,e3455f7a-f0c1-4797-9670-197d291aea99,2e9da07c-8fa5-4757-85d1-5c5490dc1a2a,61e3828b-d1ad-4c69-b291-347a9d899fb3,a90a9f70-e28c-4a95-a7a7-f79d12fbe219,2019-03-31 Organogram (Junior),,professional/occupational_group,professional/occupational_group,"SELECT ""organisation"", ""number_of_posts_in_fte"", ""parent_department"", ""grade"", ""reporting_senior_post"", ""payscale_maximum__a_"", ""professional/occupational_group"", ""unit"", ""generic_job_title"", ""payscale_minimum__a_"" FROM R WHERE ""number_of_posts_in_fte"" > 10 UNION SELECT ""organisation"", ""number_of_posts_in_fte"", ""parent_department"", ""grade"", ""reporting_senior_post"", ""payscale_maximum__a_"", ""professional/occupational_group"", ""unit"", ""generic_job_title"", ""payscale_minimum__a_"" FROM S WHERE ""number_of_posts_in_fte"" < 5","Which roles within HM Revenue and Customs and Ministry of Justice have more than 10 full-time equivalent posts or less than 5 full-time equivalent posts? Please include details such as the organisation name, parent department, grade level, reporting senior post, maximum pay scale, professional/occupational group, unit, generic job title, and minimum pay scale.",success,26.864,0,,1066,410,8.298,0,,3725,185,35.162
UK,multi-table-join,simple,true,d79b3207-b7e1-4204-981e-b70e3e4e162c,c624c1d2-2142-4419-bb6b-e8dffed29101,92f6d480-8b99-4136-bd0d-ff8055dbbadc,734ab211-f439-4306-8769-cc4098914082,CSV,CSV,rgn11_cd,rgn19_cd,"SELECT R.""rgn11_nm"", S.""rgn19_nm"" FROM R INNER JOIN S ON R.""rgn11_cd"" = S.""rgn19_cd""","Based on the geographic classifications provided by the Office for National Statistics, how do the names of regions in 2011 correspond to their names in 2019 according to the respective region codes?",success,34.266,2,,7466,1274,55.208,3,,29465,829,89.47399999999999
UK,single-table,challenging,true,f9c8e91b-a2b2-4c01-ad25-0f4e8e9cb1c0,,fd7d3529-5ecb-4cad-9f7b-3bf2e5a89117,,CSV,,,,"WITH RankedAreas AS ( SELECT ctyua17nm, shape__area, ROW_NUMBER() OVER (PARTITION BY ctyua17nm ORDER BY shape__area DESC) as rn FROM R ) SELECT ctyua17nm, MAX(shape__area) as largest_area FROM RankedAreas WHERE rn = 1 GROUP BY ctyua17nm","Which county or unitary authority in Great Britain as of December 2017 has the largest area, and what is that maximum area size?",success,8.399,0,,2016,316,8.626,0,,4075,166,17.025
UK,single-table,simple,true,ddecc046-9732-4db0-a1b3-a21960b9b9b6,,052f2f57-cee9-4391-81c3-633634e9e32e,,Departmental Expenditure March 2023,,,,"SELECT department, COUNT(*) FROM R WHERE expense_type LIKE '%telecommunications%' GROUP BY department;",How many transactions related to telecommunications infrastructure have been made by each department within the Department of Finance?,success,6.273,0,,1434,274,5.489,0,,2612,126,11.762
UK,multi-table-join,challenging,true,d8044e95-9f2b-4f53-b711-ce1e90ec8b82,e8085633-c691-43c9-9b97-c322d844e92a,5161398b-c0f9-45b9-8451-893face3a9ab,5dcf1a8e-4bad-4d9c-b90b-41f1a3dce03b,,,professional/occupational_group,professional/occupational_group,"SELECT R.""professional/occupational_group"", COUNT(DISTINCT R.post_unique_reference) AS count_in_R, COUNT(DISTINCT S.post_unique_reference) AS count_in_S FROM R JOIN S ON R.""professional/occupational_group"" = S.""professional/occupational_group"" GROUP BY R.""professional/occupational_group"" HAVING COUNT(DISTINCT R.post_unique_reference) > 1 AND COUNT(DISTINCT S.post_unique_reference) > 1",Which professional or occupational groups have more than one distinct role in both High Speed Two Limited and the Ministry of Defence?,success,11.43,0,,4512,348,38.409,3,,19824,737,49.839
UK,multi-table-join,simple,true,f9286b65-bdb8-4b45-8300-d8207f695bab,3fc50538-0dbb-485b-857c-ec80951e3db5,da25a137-0c3f-4261-9714-1b8128ac1123,380dd47e-b7b6-449a-980c-6175f1b5225c,CSV,CSV,ctyua21_cd,ctyua22_cd,"SELECT R.ctyua21_nm, S.ctyua22_nm FROM R JOIN S ON R.ctyua21_cd = S.ctyua22_cd;","How do the names of Counties and Unitary Authorities in December 2021 compare with their counterparts in December 2022, based on their unique codes?",success,10.97,0,,3399,366,12.242,0,,6998,158,23.212000000000003
UK,multi-table-join,moderate,true,fa99195a-1c2a-46ac-a1ac-f2d24e4f37a6,a099e004-280b-4593-87c3-7fa4d193e563,e7ff590b-236f-4df2-8837-be30bfdb7761,ce1608eb-7fca-4d07-9226-cfab5a4f0471,"","",species,species,"SELECT ""R"".""species"", ""R"".""test_code"", ""S"".""test_delivery_area"", SUM(""R"".""no._tests"") AS total_tests FROM R JOIN S ON ""R"".""species"" = ""S"".""species"" GROUP BY ""R"".""species"", ""R"".""test_code"", ""S"".""test_delivery_area""","Which species had tests conducted in both miscellaneous laboratory settings and food and environmental safety surveillance areas, what were the test codes for these species, and what was the total number of tests performed for each? Please include the area of test delivery for these species as well.",success,7.521,0,,2132,346,6.759,0,,2829,169,14.280000000000001
UK,multi-table-join,simple,true,ed7f8bac-970f-4936-a750-6923b8b75c60,fb940e11-1206-4a29-ae9a-2c890293df70,bd608bb5-a748-4632-8e69-b0be9d8358eb,736da925-f409-49b8-99c8-6ea7a57641d0,2024-01-31 Organogram (Junior),2023-03-31 Organogram (Senior),office_region,office_region,"SELECT R.parent_department, S.name FROM R JOIN S ON R.office_region = S.office_region WHERE R.grade = 'seo';",Which Senior Civil Servants (SEO grade) at the Driver and Vehicle Licensing Agency are located in the same regions as the staff members of the Home Office?,success,8.605,0,,3743,273,7.402,0,,4038,141,16.007
UK,single-table,simple,true,e80ba204-f84e-4cee-a877-2573e9152ae8,,5b1dab40-bb00-4c45-8039-e0240bf24f31,,Contracts Finder OCDS 2024-02-21,,,,"SELECT uri, published_date FROM R WHERE ""publisher/name"" = 'cabinet office';",Can you show me the links and publication dates for notices issued by the Cabinet Office?,success,7.373,0,,3410,244,6.03,0,,3279,129,13.403
UK,multi-table-join,challenging,true,ed53f68e-ba45-4af7-a0ca-850d01159bb9,ff26f251-4fff-442a-9b3f-718ac74fb31d,6e2333b8-d8cb-464f-b8b6-ff9f032f7100,c6da1573-83fe-4cb0-8e6a-799ee73ff24e,CSV,CSV,lad14_nm,lad12_nm,"SELECT R.ifid AS r_ifid, S.ifid AS s_ifid, R.lad14_nm, R.shape__area AS r_shape_area, S.shape__area AS s_shape_area, ROW_NUMBER() OVER (PARTITION BY R.lad14_nm ORDER BY R.shape__area DESC) as row_num FROM R JOIN S ON R.lad14_nm = S.lad12_nm WHERE R.shape__area > 5e7 AND S.shape__area > 5e7","Which local authority districts from December 2014 and December 2012 have areas larger than 50,000 square meters, and how do their areas compare? Please list them by name along with their respective area sizes, considering only those that exist in both years.",success,10.306,0,,2887,343,12.1,0,,6494,181,22.406
UK,single-table,challenging,true,39ed6afb-0c26-498c-9507-649bf38bf408,,b0bb8fd7-26e2-4a4b-b1e5-7e9bbf4932bc,,,,,,"WITH MonthlySpending AS ( SELECT CAST(SUBSTR(""date"", 1, INSTR(""date"", '/') - 1) AS INTEGER) AS month, SUM(amount) AS total_spent FROM R GROUP BY month ) SELECT month, total_spent, LAG(total_spent) OVER (ORDER BY month) AS previous_month_spending, total_spent - LAG(total_spent) OVER (ORDER BY month) AS spending_difference FROM MonthlySpending ORDER BY month;","How does the monthly spending pattern of the Foreign and Commonwealth Office using their Government Procurement Cards look throughout the year, including the difference in spending compared to the previous month?",success,9.243,0,,1484,392,5.391,0,,1928,158,14.634
UK,single-table,simple,true,f1881f9a-184b-4995-8217-328a3df0b0bf,,995e4dff-4162-4e58-aeb2-3516188d8638,,"",,,,"SELECT species, COUNT(*) FROM R WHERE year_test_approved = 2010 GROUP BY species;",How many tests were conducted on each type of bird in 2010 under commercial contracts by the Animal and Plant Health Agency?,success,6.505,0,,1238,329,11.61,1,,3648,335,18.115
UK,single-table,moderate,true,c4183520-410d-4694-ba9e-de3ed7317339,,3d5a1f2a-bb93-463a-bda5-87d36cd14fb7,,CSV,,,,"SELECT AVG(""bng_e""), AVG(""bng_n"") FROM R GROUP BY ""lep22_cd""","What are the average easting and northing coordinates for each Local Enterprise Partnership in England, based on the digital vector boundaries from December 2022 published by the Office for National Statistics under the package 'local-enterprise-partnerships-december-2022-en-bfc-v2', grouped by their respective codes?",success,15.425,1,,3482,635,37.48,3,,16194,811,52.905
UK,single-table,moderate,true,fc0c8315-7ded-47b4-898f-5f5aad277234,,fff4cc89-d266-42dd-a9e3-9877db1e05fc,,,,,,"SELECT ""organisation"", COUNT(""unit"") AS unit_count, AVG(""number_of_posts_in_fte"") AS avg_fte FROM R GROUP BY ""organisation"" ORDER BY avg_fte DESC;","For each organisation within the Defence Infrastructure Organisation, how many units do they have and what is their average number of full-time equivalent posts? Please list them in descending order based on the average FTE.",success,6.735,0,,1874,288,27.956,3,,8168,823,34.691
UK,single-table,simple,true,dcf60014-5c2f-4691-932c-473f73c86c06,,fd07cee9-b563-4716-9115-b9bb3025335c,,CSV,,,,SELECT * FROM R WHERE lep20_nm LIKE '%city%';,"Which Local Enterprise Partnerships in England as of April 2020 include the word ""city"" in their names?",success,4.185,0,,862,219,7.139,0,,3018,158,11.324
UK,multi-table-union,challenging,true,e2df4863-89f7-4f6a-8ad4-0a6125fac90f,c4e47a5c-7ab7-4fa3-a45e-24fcb7ffe44a,334f2d5b-71cd-485e-8750-66b0d527cb9e,c4938aa9-45c2-48fb-8aeb-58fe7e61c68c,Contracts Finder OCDS 2024-03-25,Contracts Finder OCDS 2024-05-10,releases/0/tender/procurement_method_details,releases/0/tender/procurement_method_details,"SELECT ""publisher/name"", ""extensions/3"", ""releases/0/id"", ""releases/0/ocid"", ""license"", CAST(""published_date"" AS DATE), ""releases/0/date"", ""publisher/uid"", ""publisher/scheme"", ""releases/0/language"", ""publisher/uri"", ""uri"", ""version"", ""extensions/5"", ""extensions/0"", ""extensions/2"", ""extensions/4"", ""extensions/1"", ""extensions/6"", ""publication_policy"" FROM R WHERE LENGTH(""publisher/name"") > 10 UNION SELECT ""publisher/name"", ""extensions/3"", ""releases/0/id"", ""releases/0/ocid"", ""license"", CAST(""published_date"" AS DATE), ""releases/0/date"", ""publisher/uid"", ""publisher/scheme"", ""releases/0/language"", ""publisher/uri"", ""uri"", ""version"", ""extensions/5"", ""extensions/0"", ""extensions/2"", ""extensions/4"", ""extensions/1"", ""extensions/6"", ""publication_policy"" FROM S WHERE LENGTH(""publisher/name"") > 10","Can you provide details about contracts published by organizations (with names longer than ten characters) from the Cabinet Office (part of Crown Commercial Service) specifically for March 2024 and May 2024? Include their publication dates (as a date), IDs, OCIDs, licenses, extensions, languages, URIs, publisher's UID, scheme, and publication policy.",success,11.626,0,,2189,536,43.279,2,,20170,830,54.905
UK,single-table,simple,true,f5582630-5645-4df8-a6a3-bf36a85d675a,,708572e1-7cb8-4907-bfa3-7c1a0c2dc3dc,,CSV,,,,"SELECT lad16_nm, shape__area FROM R WHERE bng_e > 350000;","Which local authority districts in the UK have an easting coordinate greater than 350000, and what are their respective areas according to the boundaries from December 2016?",success,5.398,0,,1888,215,8.602,0,,4220,164,14.0
UK,single-table,simple,true,f9c8e91b-a2b2-4c01-ad25-0f4e8e9cb1c0,,fd7d3529-5ecb-4cad-9f7b-3bf2e5a89117,,CSV,,,,"SELECT ctyua17nm, COUNT(*) FROM R GROUP BY ctyua17nm",How many times does each county or unitary authority name appear in the list of boundaries for Great Britain as of December 2017?,success,6.031,0,,1867,248,8.685,0,,3860,177,14.716000000000001
UK,single-table,moderate,true,eacaeb23-be78-4923-aff7-0f1d63cbb559,,3356897d-c795-4f64-a4eb-7289f50594c4,,CSV,,,,"SELECT ""lad11_nm"", MAX(""shape__area"") AS max_area FROM R GROUP BY ""lad11_nm"" ORDER BY max_area DESC LIMIT 5;","Which five local authority districts in Great Britain had the largest areas as of December 2011, according to the Office for National Statistics' boundaries data?",success,16.057,1,,3090,657,8.071,0,,3815,159,24.128
UK,single-table,moderate,true,6bf09e82-e623-434d-a2ce-c82ff6ddcaf9,,19d3b4cd-30a5-4a32-8926-2a2bc8d1a0e7,,CSV,,,,"SELECT ""ctyua22_cd"", COUNT(*) AS ""area_count"" FROM R GROUP BY ""ctyua22_cd"" ORDER BY ""area_count"" DESC;",How many areas in the United Kingdom are represented by each code according to the Office for National Statistics' December 2022 Counties and Unitary Authorities administrative boundaries?,success,9.135,0,,1993,349,8.612,0,,4003,169,17.747
UK,multi-table-join,challenging,true,ddddb36d-e89d-4e2d-b8f1-54dd39d630b7,5e3c5eef-b82f-45c4-8c07-17b463afcdf0,89c33424-e918-4968-9560-5b4bcc16bfe3,fcbe6337-addf-4348-90af-93ad4ddd469d,2022-06-30 Organogram (Junior),,grade,grade,"SELECT R.grade, COUNT(DISTINCT R.generic_job_title) AS unique_titles_in_R, COUNT(DISTINCT S.generic_job_title) AS unique_titles_in_S FROM R JOIN S ON R.grade = S.grade GROUP BY R.grade","For each grade within the Ministry of Defence, how many unique job titles exist in Head Office and Corporate Services and how many unique job titles exist in Defence Equipment and Support?",success,21.017,1,,5204,755,31.953,3,,13243,772,52.97
UK,single-table,simple,true,d348fd0e-8dab-411b-933c-07c841833472,,55393295-0b2f-44b6-bde8-0551a76fb253,,CSV,,,,SELECT lad20_nm FROM R WHERE fid > 150;,Which local authority districts have a feature ID greater than 150 in the lookup file for Community Safety Partnerships and Police Force Areas as of December 2020?,success,6.766,0,,1276,294,7.968,0,,3416,182,14.734
UK,multi-table-join,moderate,true,e61239a4-038b-46dc-b5ff-697f52aa9730,0eb921ed-cfc5-4aab-b1e4-f6b7f0ba4554,632bfc40-72bb-479d-92d6-ceccf7545c1d,a9284074-dc6c-49d3-b5b7-2a966231558c,CSV,CSV,long,long,"SELECT R.gltla22_nm, AVG(S.st_lengths) AS avg_st_length FROM R JOIN S ON R.long = S.long GROUP BY R.gltla22_nm",What is the average boundary length of Local Authority Districts in 2019 that share the same longitude as Grouped Lower Tier Local Authorities in December 2022? Please consider the boundaries related to the census for England and Wales.,success,9.236,0,,3661,267,12.521,0,,6987,167,21.757
UK,single-table,moderate,true,c4e47a5c-7ab7-4fa3-a45e-24fcb7ffe44a,,c4938aa9-45c2-48fb-8aeb-58fe7e61c68c,,Contracts Finder OCDS 2024-05-10,,,,"SELECT ""published_date"", COUNT(*) as release_count FROM R GROUP BY ""published_date"" ORDER BY release_count DESC LIMIT 5;","How many Contracts Finder notices were published each day in May 2024, and which days had the highest number of publications?",success,7.712,0,,3491,256,7.365,0,,3427,167,15.077
UK,single-table,challenging,true,41a70138-e749-49a3-9fb2-02b68f8da9b1,,a62d9c58-4fd2-4dba-a7bb-523415f040a0,,2024-04-22 Organogram (Junior),,,,"SELECT ""generic_job_title"", COUNT(*) AS num_posts, AVG(CAST(REPLACE(""number_of_posts_in_fte"", '<', '') AS INTEGER)) AS avg_num_fte FROM R WHERE ""office_region"" IN ('london', 'east of england') GROUP BY ""generic_job_title"" HAVING COUNT(*) > 1 ORDER BY avg_num_fte DESC;","How many posts exist for each generic job title in London and East of England within the Ministry of Defence's Strategic Command? Calculate the average number of full-time equivalent (FTE) staff for these roles, but only include job titles with more than one post. Sort the results by the highest average FTE.",success,7.878,0,,1891,326,31.124,3,,8999,909,39.001999999999995
UK,single-table,moderate,true,7cf34504-5424-43dc-ba3d-7dc786940b97,,fff4cc89-d266-42dd-a9e3-9877db1e05fc,,2021-12-31 Organogram (Junior),,,,"SELECT ""parent_department"", ""organisation"", AVG(""number_of_posts_in_fte"") AS avg_number_of_posts, COUNT(*) AS count_jobs FROM R WHERE ""office_region"" LIKE '%west midlands%' GROUP BY ""parent_department"", ""organisation""",What is the average number of full-time equivalent posts and how many jobs are there in the West Midlands region for the Defence Infrastructure Organisation under the Ministry of Defence?,success,17.31,1,,3540,733,6.185,0,,1981,180,23.494999999999997
UK,single-table,challenging,true,d7fc66c0-fc86-45db-b8a7-188c5098778d,,dd2a5b45-9849-47be-89b1-6d41e40c05e7,,2021-07-22 Organogram (Senior),,,,"WITH RankedPosts AS ( SELECT *, ROW_NUMBER() OVER (PARTITION BY ""job_title"" ORDER BY ""actual_pay_ceiling__a_"" DESC) as rn FROM R WHERE ""valid?"" = 1 ) SELECT ""job_title"", ""name"", ""actual_pay_ceiling__a_"" FROM RankedPosts WHERE rn = 1;","What are the highest possible salaries for each job title at the Department for Environment, Food and Rural Affairs, along with the names of individuals who could potentially earn those amounts?",success,7.412,0,,2718,282,6.33,0,,2966,154,13.742
UK,single-table,simple,true,cf21f5d0-22e9-40fa-a405-866b8a17a81d,,43f569b4-1f00-4861-8bf9-e5821b72ce7c,,CSV,,,,"SELECT ""pfa16nm"" FROM R WHERE ""iobjectid"" = 1",Which Police Force Area in England and Wales has an object ID of 1 according to the December 2016 boundaries?,success,27.007,3,,6425,1190,7.462,0,,3895,137,34.469
UK,multi-table-join,simple,true,d20f7ecb-be24-47ac-810f-dc59345ca0f6,6331642c-02a7-4ba4-bd85-4e2794fd98da,d17d9852-d19c-47e9-a2ae-d4bda1080df1,89c33424-e918-4968-9560-5b4bcc16bfe3,,,professional/occupational_group,professional/occupational_group,"SELECT R.""generic_job_title"", S.""job_title"" FROM R JOIN S ON R.""professional/occupational_group"" = S.""professional/occupational_group""",Which generic job titles in the Royal Armouries and which specific job titles in Head Office and Corporate Services MOD match based on their professional or occupational group?,success,9.771,0,,3743,330,33.843,3,,15914,777,43.614000000000004
UK,single-table,challenging,true,f6b48a1a-41d0-4517-b840-4322b3500549,,723ef91a-e7b1-40ce-b665-6cc11a8dee8a,,CSV,,,,"WITH AvgShapeArea AS ( SELECT pcon24_cd, AVG(shape__area) AS avg_area FROM R WHERE lat > 50.0 GROUP BY pcon24_cd ) SELECT pcon24_cd, avg_area, ROW_NUMBER() OVER (ORDER BY avg_area DESC) as row_num FROM AvgShapeArea;","Which Westminster Parliamentary Constituencies in the United Kingdom, with a latitude greater than 50.0, have the largest average area, and how do they rank based on their average area?",success,38.939,2,,6285,1422,8.069,0,,4159,144,47.008
UK,single-table,simple,true,f9c5071c-c159-4fe8-afb4-1f50020ddb9f,,f95c431d-b1ee-48bc-bdb8-d87b0e871751,,2022-12-31 Organogram (Junior),,,,SELECT * FROM R WHERE grade = 'heo';,"Which roles within the Valuation Office Agency are classified under the grade HEO, and what are their respective job titles and regions?",success,4.788,0,,1768,218,4.792,0,,2022,135,9.58
UK,multi-table-join,simple,true,fb02a8ef-21d4-4529-83dc-e294d80d4d3f,b9305ee6-edfd-46a9-b3ee-16753b650a9a,81769fb1-3737-4f02-a333-c12ad841854e,5dcf1a8e-4bad-4d9c-b90b-41f1a3dce03b,,,professional/occupational_group,professional/occupational_group,"SELECT R.name, S.generic_job_title FROM R JOIN S ON R.""professional/occupational_group"" = S.""professional/occupational_group""",Which individuals from The Pensions Regulator and what corresponding job titles at the Ministry of Defence share the same professional or occupational group?,success,7.791,0,,3538,258,7.384,0,,4107,143,15.175
UK,single-table,simple,true,eacaeb23-be78-4923-aff7-0f1d63cbb559,,3356897d-c795-4f64-a4eb-7289f50594c4,,CSV,,,,SELECT lad11_nm FROM R WHERE shape__area > 300000000,"Which local authority districts in Great Britain have an area larger than 300,000,000 square units according to the December 2011 boundaries?",success,4.731,0,,1570,205,8.046,0,,3718,157,12.777
UK,single-table,moderate,true,da6d0ff2-0152-414c-9ba9-7a9462384c16,,a90a9f70-e28c-4a95-a7a7-f79d12fbe219,,,,,,"SELECT ""parent_department"", COUNT(*) AS number_of_units FROM R GROUP BY ""parent_department""",How many units are there under each parent department within the Ministry of Justice's organogram?,success,7.214,0,,1792,311,15.75,2,,6193,454,22.964
UK,multi-table-join,simple,true,e61239a4-038b-46dc-b5ff-697f52aa9730,0eb921ed-cfc5-4aab-b1e4-f6b7f0ba4554,632bfc40-72bb-479d-92d6-ceccf7545c1d,a9284074-dc6c-49d3-b5b7-2a966231558c,CSV,CSV,long,long,"SELECT R.ifid, S.lad19nm FROM R JOIN S ON R.long = S.long",Which Local Authority Districts from December 2019 share the same longitude as Grouped Lower Tier Local Authorities in England and Wales as of December 2022? Please refer to the Office for National Statistics data for both sets of boundaries.,success,8.384,0,,3596,244,12.472,0,,6958,165,20.856
UK,single-table,moderate,true,39ed6afb-0c26-498c-9507-649bf38bf408,,b0bb8fd7-26e2-4a4b-b1e5-7e9bbf4932bc,,,,,,"SELECT merchant_category_group, SUM(amount) AS total_amount FROM R GROUP BY merchant_category_group ORDER BY total_amount DESC;",Which category of merchant services has the highest total spending by the Foreign and Commonwealth Office through their Government Procurement Card transactions?,success,5.122,0,,1356,237,4.715,0,,1720,139,9.837
UK,single-table,moderate,true,f6f13ee8-2b51-41b8-9c8d-6d147b3f3b6e,,266bf631-117c-456f-9ee6-2125515aa069,,,,,,"SELECT ""organisation"", ""professional/occupational_group"", SUM(""number_of_posts_in_fte"") AS total_posts FROM R GROUP BY ""organisation"", ""professional/occupational_group"" ORDER BY total_posts DESC;","How many total full-time equivalent posts are there in each professional or occupational group within the Defence Nuclear Organisation's departments, and which groups have the highest number of posts? Please list them in descending order based on the total number of posts.",success,7.194,0,,1660,316,5.767,0,,2000,167,12.961
UK,single-table,moderate,true,5abe5e9c-c170-4f6c-8524-71c26db12a70,,0641fa43-8738-48dc-8d5c-c93bc892e496,,CSV,,,,"SELECT icb23_nm, COUNT(*) AS count FROM R GROUP BY icb23_nm ORDER BY count DESC;","How many Output Areas are associated with each Integrated Care Board in England as of April 2023, listed from the highest to the lowest count?",success,5.915,0,,1859,242,8.754,0,,4452,161,14.669
UK,single-table,moderate,true,ee9deec8-ed99-4508-9c8d-b13f02942e18,,60ac7752-a0fe-4235-ab73-e9ca8dacec85,,CSV,,,,"SELECT ""sicbl22_nm"", AVG(""lat"") AS average_latitude FROM R GROUP BY ""sicbl22_nm""",What is the average latitude for each Sub-Integrated Care Board Location in England as of July 2022 according to the Office for National Statistics data?,success,26.017,2,,5280,1081,9.048,0,,4133,179,35.065
UK,single-table,simple,true,6449acca-29f0-4683-9072-1f372d0ce903,,a90a9f70-e28c-4a95-a7a7-f79d12fbe219,,,,,,SELECT * FROM R WHERE grade = 'band b';,"Which roles within the Ministry of Justice are classified under the pay grade Band B, including their respective job titles and salary ranges?",success,4.735,0,,1618,218,5.044,0,,1883,151,9.779
UK,multi-table-join,moderate,true,e1140797-2771-41d1-9d39-6f8332772b6d,fdd27ce0-2a54-45dd-9a15-5a8593b51b38,65786ddd-819e-4cf1-b6c5-311313f8db73,f1092221-b5b3-4a96-ab03-51e88176c6d4,"","",county,unnamed:_0,"SELECT R.county, SUM(R.number_of_births) AS total_births, SUM(CAST(S.""number_of_animals"" AS INTEGER)) AS total_animals FROM R JOIN S ON R.county = S.""unnamed:_0"" GROUP BY R.county","According to the Rural Payments Agency, what is the total number of calves born in December 2015 and the total cattle population as of March 1st, 2009 for each county in Scotland?",success,35.129,3,,7936,1398,31.414,3,,11990,794,66.543
UK,single-table,challenging,true,2e9da07c-8fa5-4757-85d1-5c5490dc1a2a,,a90a9f70-e28c-4a95-a7a7-f79d12fbe219,,,,,,"WITH DepartmentStats AS (    SELECT        parent_department,        COUNT(*) AS num_units,        SUM(number_of_posts_in_fte) AS total_fte    FROM R    GROUP BY parent_department),RankedDepartments AS (    SELECT        parent_department,        num_units,        total_fte,        RANK() OVER (ORDER BY total_fte DESC) AS rank_by_fte    FROM DepartmentStats)SELECT * FROM RankedDepartments WHERE rank_by_fte <= 3;","Which three departments under the Ministry of Justice have the highest total full-time equivalent posts, and how many units and FTEs do they have?",success,27.552,0,,1800,339,5.699,0,,2196,156,33.251
UK,single-table,simple,true,e82bf5c3-34c6-4c5a-8212-f16dee3d5bdc,,88384885-1b3f-4117-811e-2543264c9795,,CSV,,,,"SELECT ""lad16nm"" FROM R WHERE ""bng_e"" > 480000","Which local authority districts in the UK have an easting coordinate greater than 480,000 according to the December 2016 boundaries?",success,20.348,2,,4970,833,8.375,0,,4198,148,28.723
UK,multi-table-join,simple,true,f29adddd-b8c5-41ce-838c-6b52451f6cd4,615e203d-5f2c-49c2-b6ec-e955b4ebfd2c,70743902-1036-4036-a3a0-1de6a95a62ab,1b792e96-47fc-40e8-8ab4-b44607cb6df4,CSV,CSV,fieldname,fieldname,"SELECT R.iobjectid, S.fieldtype FROM R JOIN S ON R.fieldname = S.fieldname","According to the North Sea Transition Authority, which regulates onshore oil and gas fields, what are the object IDs from their onshore field determinations that match with the types (oil, gas, etc.) listed in their onshore field outlines based on matching field names?",success,7.808,0,,1965,312,31.114,3,,11602,835,38.922
UK,multi-table-join,moderate,true,ddddb36d-e89d-4e2d-b8f1-54dd39d630b7,5e3c5eef-b82f-45c4-8c07-17b463afcdf0,89c33424-e918-4968-9560-5b4bcc16bfe3,fcbe6337-addf-4348-90af-93ad4ddd469d,2022-06-30 Organogram (Junior),,grade,grade,"SELECT R.grade, AVG(R.payscale_minimum__a_) AS avg_min_salary_R, AVG(S.payscale_maximum__a_) AS avg_max_salary_S FROM R JOIN S ON R.grade = S.grade GROUP BY R.grade",What are the average minimum salaries for each grade in Head Office and Corporate Services (MOD) and the corresponding average maximum salaries in Defence Equipment and Support? Please consider only those grades that exist in both organizations as part of the Ministry of Defence.,success,8.035,0,,2888,283,7.231,0,,3149,173,15.266
UK,single-table,simple,true,f483711f-d0af-477a-9183-6c9e0b60de61,,590dd982-7774-4ef1-8ac1-d63a582a4b2c,,CSV,,,,"SELECT ""lad15nm"" FROM R WHERE ""lad15nm"" = 'horsham';",Which local area district in Great Britain is named Horsham according to the December 2015 electoral ward boundaries?,success,52.284,2,,4783,866,7.557,0,,3940,139,59.841
UK,multi-table-join,moderate,true,d697d950-ce4b-42cd-92c2-c8d2e9d31e7e,5f5c9494-b5a4-4710-a4df-e2e709e77d33,45526f3f-5ddb-4cf8-881d-fc403333876b,fff4cc89-d266-42dd-a9e3-9877db1e05fc,2024-09-30 Organogram (Junior),2022-10-29 Organogram (Junior),office_region,office_region,"SELECT R.office_region, AVG(R.payscale_maximum__a_) AS avg_max_payscale_R, AVG(S.payscale_maximum__a_) AS avg_max_payscale_S FROM R JOIN S ON R.office_region = S.office_region GROUP BY R.office_region;","What is the average maximum payscale for staff in each office region when comparing the Ministry of Housing, Communities and Local Government with the Defence Infrastructure Organisation?",success,8.236,0,,3098,281,6.778,0,,3443,143,15.014
UK,multi-table-union,simple,true,d5243754-f2ca-48e6-b07b-60cc1243b3cc,cad3aa1c-7677-41e9-9b0d-264ceb43ea01,883e6524-9f8d-4626-a493-5b42c474ff15,c7e5c55c-dc93-4a46-8c95-1b1b7f0d0a26,Contracts Finder OCDS 2018-03-16,Contracts Finder OCDS 2018-04-04,releases/0/buyer/name,releases/0/buyer/name,"SELECT ""publication_policy"", ""releases/0/title"", ""releases/0/id"", ""releases/0/ocid"", ""publisher/uid"", ""uri"", ""deadline_date"", ""releases/0/description"", ""releases/0/initiation_type"", ""published_date"", ""license"", ""releases/0/tag/0"", ""releases/0/tender/id"", ""extensions/0"", ""publisher/scheme"", ""publisher/uri"", ""releases/0/language"", ""version"", ""publisher/name"", ""releases/0/date"" FROM R UNION SELECT ""publication_policy"", ""releases/0/title"", ""releases/0/id"", ""releases/0/ocid"", ""publisher/uid"", ""uri"", ""deadline_date"", ""releases/0/description"", ""releases/0/initiation_type"", ""published_date"", ""license"", ""releases/0/tag/0"", ""releases/0/tender/id"", ""extensions/0"", ""publisher/scheme"", ""publisher/uri"", ""releases/0/language"", ""version"", ""publisher/name"", ""releases/0/date"" FROM S","Can you show me the details of contracts published in March and April 2018 including the title, ID, OCID, description, initiation type, publication date, license, tag, tender ID, extension, publisher scheme, URI, language, version, publisher name, and release date for each contract?",success,12.761,0,,1528,596,11.64,0,,6596,176,24.401
UK,single-table,challenging,true,ddddb36d-e89d-4e2d-b8f1-54dd39d630b7,,89c33424-e918-4968-9560-5b4bcc16bfe3,,2022-06-30 Organogram (Junior),,,,"SELECT ""office_region"", AVG(""payscale_maximum__a_"" - ""payscale_minimum__a_"") AS avg_salary_range, COUNT(*) AS job_count FROM R WHERE ""grade"" LIKE 'senior%' GROUP BY ""office_region"" HAVING COUNT(*) > 1 ORDER BY avg_salary_range DESC;","Which office regions have more than one senior-level position, and what is the average salary range for these positions within the Head Office and Corporate Services of the Ministry of Defence? Please list them in descending order of the average salary range.",success,6.95,0,,1872,297,6.141,0,,2121,170,13.091000000000001
UK,single-table,moderate,true,377caa6b-70c2-43ac-9793-52147270b2e4,,5359dd6e-64ad-49f8-9dda-3dc740f95635,,2019-03-31 Organogram (Junior),,,,"SELECT ""parent_department"", ""organisation"", ""unit"", AVG(""payscale_minimum__a_"") AS avg_min_payscale, AVG(""payscale_maximum__a_"") AS avg_max_payscale FROM R GROUP BY ""parent_department"", ""organisation"", ""unit"";","What are the average minimum and maximum pay scales within each unit of Air Command under the Ministry of Defence, grouped by parent department, organization, and unit?",success,6.078,0,,1783,280,17.826,2,,6421,516,23.904
UK,multi-table-join,moderate,true,e8b18ad8-91b8-49d2-be61-9ef5c6aaa66a,af83d357-7270-42e9-b033-1916242e3c49,37a1a24b-5934-4617-beae-ebd90f7793cd,d75f8904-5ebc-45de-b81d-e113c7bd1998,CSV,CSV,lau125_nm,lad23_nm,"SELECT R.ilau125_cd, R.lau125_nm, S.ifid, S.lad23_cd, COUNT(*) as match_count FROM R JOIN S ON R.lau125_nm = S.lad23_nm GROUP BY R.ilau125_cd, R.lau125_nm, S.ifid, S.lad23_cd;","How many matches are there between the names of local administrative units level 1 as of January 2025 and the names of local authority districts as of December 2023? Could you provide me with the codes and names for both sets of areas where a match is found, along with the count of these matches?",success,8.707,0,,2448,299,11.919,0,,6020,194,20.626
UK,multi-table-join,moderate,true,e67b73ea-884b-42e6-bfdc-6f327dac6f90,377caa6b-70c2-43ac-9793-52147270b2e4,fff4cc89-d266-42dd-a9e3-9877db1e05fc,5359dd6e-64ad-49f8-9dda-3dc740f95635,,2019-03-31 Organogram (Junior),professional/occupational_group,professional/occupational_group,"SELECT R.name, AVG(S.payscale_minimum__a_) AS avg_min_salary, AVG(S.payscale_maximum__a_) AS avg_max_salary FROM R JOIN S ON R.""professional/occupational_group"" = S.""professional/occupational_group"" GROUP BY R.name","For each person listed in the Defence Infrastructure Organisation's organogram, what are the average minimum and maximum salaries of similar roles within Air Command based on their professional/occupational group?",success,9.327,0,,3706,303,33.632,3,,15629,769,42.958999999999996
CAN,single-table,moderate,true,a7c95445-e336-41e3-945c-1bc938ff0612,,12c89aa5-063a-f0ed-334a-3019133b9ee8,,2020 - Supplier and Grant Payments by Department (CSV),,,,"SELECT ""department_/_minista_re"", SUM(""payment_/_paiement"") AS total_payment FROM R GROUP BY ""department_/_minista_re""","What is the total amount paid by each department for supplier payments and grants in the fiscal year ended March 31, 2020, as reported in the Government of New Brunswick’s public accounts?",success,14.852,0,,1426,327,64.409,1,,3262,349,79.26100000000001
CAN,single-table,challenging,true,a7c95445-e336-41e3-945c-1bc938ff0612,,12c89aa5-063a-f0ed-334a-3019133b9ee8,,2020 - Supplier and Grant Payments by Department (CSV),,,,"WITH RankedPayments AS ( SELECT *, ROW_NUMBER() OVER (PARTITION BY ""department_/_minista_re"" ORDER BY ""payment_/_paiement"" DESC) as rn FROM R ) SELECT * FROM RankedPayments WHERE rn = 1","Which supplier received the highest payment from each department for grants or payments in the fiscal year ended March 31, 2020, according to the Government of New Brunswick's public accounts?",success,45.795,0,,1340,255,41.077,0,,1619,153,86.872
CAN,single-table,simple,true,ae2204c7-db9e-450e-8158-c70eedada7ae,,4879e498-c9ac-44a3-d7d1-21af22e2224c,,2023 - Supplier and Grant Payments by Department (CSV),,,,"SELECT * FROM R WHERE ""payment_/_paiement"" > 100000;","Which suppliers received payments over $100,000 in New Brunswick's fiscal year ended March 31, 2023, according to the Government of New Brunswick's public accounts?",success,38.821,0,,1216,227,42.69,0,,1471,152,81.511
CAN,single-table,moderate,true,ae2204c7-db9e-450e-8158-c70eedada7ae,,4879e498-c9ac-44a3-d7d1-21af22e2224c,,2023 - Supplier and Grant Payments by Department (CSV),,,,"SELECT ""department_/_minista_re"", SUM(""payment_/_paiement"") AS total_payment FROM R GROUP BY ""department_/_minista_re"" ORDER BY total_payment DESC;","According to the Government of New Brunswick’s public accounts for the fiscal year ended March 31, 2023, which departments received the highest total payments, and what were those amounts in descending order?",success,37.597,0,,1230,265,73.181,3,,7000,772,110.77799999999999
CAN,single-table,challenging,true,ae2204c7-db9e-450e-8158-c70eedada7ae,,4879e498-c9ac-44a3-d7d1-21af22e2224c,,2023 - Supplier and Grant Payments by Department (CSV),,,,"WITH RankedPayments AS (SELECT *, ROW_NUMBER() OVER (PARTITION BY ""department_/_minista_re"" ORDER BY ""payment_/_paiement"" DESC) as rn FROM R) SELECT * FROM RankedPayments WHERE rn = 1;","According to the Government of New Brunswick’s public accounts for the fiscal year ended March 31, 2023, which supplier received the highest payment in each department?",success,44.557,0,,1354,258,50.603,0,,1689,147,95.16
CAN,multi-table-join,simple,true,a7c95445-e336-41e3-945c-1bc938ff0612,ae2204c7-db9e-450e-8158-c70eedada7ae,12c89aa5-063a-f0ed-334a-3019133b9ee8,4879e498-c9ac-44a3-d7d1-21af22e2224c,2020 - Supplier and Grant Payments by Department (CSV),2023 - Supplier and Grant Payments by Department (CSV),department_/_minista_re,department_/_minista_re,"SELECT R.""department_/_minista_re"", R.""supplier_name_/_nom_du_fournisseur"", S.""payment_/_paiement"" FROM R JOIN S ON R.""department_/_minista_re"" = S.""department_/_minista_re""",Which suppliers received payments from the same department in both 2020 and 2023 according to the Government of New Brunswick's public accounts? Could you also provide the payment amounts for these suppliers in 2023?,success,42.414,0,,1971,282,50.299,0,,2375,153,92.713
CAN,multi-table-join,moderate,true,a7c95445-e336-41e3-945c-1bc938ff0612,ae2204c7-db9e-450e-8158-c70eedada7ae,12c89aa5-063a-f0ed-334a-3019133b9ee8,4879e498-c9ac-44a3-d7d1-21af22e2224c,2020 - Supplier and Grant Payments by Department (CSV),2023 - Supplier and Grant Payments by Department (CSV),department_/_minista_re,department_/_minista_re,"SELECT R.""department_/_minista_re"", SUM(R.""payment_/_paiement"") AS total_payment_R, SUM(S.""payment_/_paiement"") AS total_payment_S FROM R JOIN S ON R.""department_/_minista_re"" = S.""department_/_minista_re"" GROUP BY R.""department_/_minista_re""","For each department, what are the total supplier and grant payments made in fiscal year 2020 compared to those in fiscal year 2023 according to New Brunswick's public accounts?",success,28.919,0,,2097,313,27.586,2,,7834,614,56.504999999999995
CAN,multi-table-join,challenging,true,a7c95445-e336-41e3-945c-1bc938ff0612,ae2204c7-db9e-450e-8158-c70eedada7ae,12c89aa5-063a-f0ed-334a-3019133b9ee8,4879e498-c9ac-44a3-d7d1-21af22e2224c,2020 - Supplier and Grant Payments by Department (CSV),2023 - Supplier and Grant Payments by Department (CSV),department_/_minista_re,department_/_minista_re,"SELECT R.""department_/_minista_re"", R.""supplier_name_/_nom_du_fournisseur"", S.""supplier_name_/_nom_du_fournisseur"" AS supplier_in_S, R.""payment_/_paiement"", S.""payment_/_paiement"", (R.""payment_/_paiement"" - S.""payment_/_paiement"") AS payment_difference FROM R JOIN S ON R.""department_/_minista_re"" = S.""department_/_minista_re"" WHERE R.""supplier_name_/_nom_du_fournisseur"" = S.""supplier_name_/_nom_du_fournisseur""","How has the payment amount changed for the same suppliers between fiscal year 2020 and 2023 in different departments? Could you show me the department name, supplier name, payments from both years, and the difference in payment amounts? Please focus on suppliers that appear in both years.",success,9.299,0,,2314,390,7.333,0,,2539,171,16.631999999999998
CAN,multi-table-join,simple,true,ce336623-43d6-4e5d-81d8-26fb9145cf92,ab5df4ac-7f55-461b-934f-d7af48d18e6f,2f40fb8f-a9e7-4f5b-94e9-04fbfaa10676,2013c544-62e8-4485-ad4b-6e5ba5e373b9,BC_Fin_2023_Supplement Estimates,BC_Fin_2018_Supplement_Estimates,coa_segment_04_l3_and_desc,coa_segment_04_l3_and_desc,"SELECT R.period_year, S.fiscal_year, R.coa_segment_04_l2_and_desc, S.coa_segment_04_l2_and_desc FROM R JOIN S ON R.""coa_segment_04_l3_and_desc"" = S.""coa_segment_04_l3_and_desc""","How do the operating expenses for different fiscal years compare between the 2018 and 2023 supplementary estimates for various ministries in the Government of British Columbia budget? Specifically, I'm interested in seeing the alignment of these expenses based on their specific cost categories like salaries and benefits or operating costs.",success,11.126,0,,3554,344,24.603,1,,7919,511,35.729
CAN,multi-table-join,moderate,true,ce336623-43d6-4e5d-81d8-26fb9145cf92,ab5df4ac-7f55-461b-934f-d7af48d18e6f,2f40fb8f-a9e7-4f5b-94e9-04fbfaa10676,2013c544-62e8-4485-ad4b-6e5ba5e373b9,BC_Fin_2023_Supplement Estimates,BC_Fin_2018_Supplement_Estimates,coa_segment_04_l3_and_desc,coa_segment_04_l3_and_desc,"SELECT R.period_year, S.fiscal_year, R.coa_segment_03_l1_and_desc, S.coa_segment_03_l1_and_desc FROM R JOIN S ON R.""coa_segment_04_l3_and_desc"" = S.""coa_segment_04_l3_and_desc""","For similar operating cost categories, how do the years from the 2023 estimates and the fiscal years from the 2018 estimates compare for different ministries in British Columbia?",success,12.721,0,,3679,362,17.902,1,,7726,366,30.623
CAN,single-table,simple,true,f7d9fbe2-22f3-4111-af41-7fcc1ed4cee3,,bba41250-261a-4f3b-9ce8-db44d9a0f725,,butanes-2020,,,,"SELECT scenario, unit FROM R WHERE year > 2025",What are the scenarios and their corresponding units for energy projections after the year 2025 according to Canada Energy Regulator's future outlook?,success,5.654,0,,1487,245,6.928,0,,1563,167,12.582
CAN,single-table,moderate,true,f7d9fbe2-22f3-4111-af41-7fcc1ed4cee3,,bba41250-261a-4f3b-9ce8-db44d9a0f725,,butanes-2020,,,,"SELECT type, SUM(value) AS total_value FROM R GROUP BY type","What are the total summed values for each type of energy projection, such as supply and disposition, provided by the Canada Energy Regulator across various years?",success,5.378,0,,1139,228,29.565,3,,6969,644,34.943
CAN,single-table,moderate,true,b6629b1d-27df-4c33-a4bf-a480776f3a92,,7643c948-d661-4d90-ab91-e9ac732fc737,,butane-2023,,,,SELECT DISTINCT scenario FROM R WHERE type = 'demand';,Which energy scenarios in Canada’s Energy Future 2023 report include demand projections for different sectors?,success,66.425,3,,5181,1139,8.298,0,,1767,127,74.723
CAN,single-table,challenging,true,b6629b1d-27df-4c33-a4bf-a480776f3a92,,7643c948-d661-4d90-ab91-e9ac732fc737,,butane-2023,,,,"SELECT scenario, variable, AVG(value) AS avg_value, MAX(value) AS max_value, MIN(value) AS min_value FROM R GROUP BY scenario, variable HAVING COUNT(DISTINCT year) > 1 ORDER BY avg_value DESC;","What are the average, highest, and lowest values of energy supply and demand across different scenarios in Canada’s Energy Future 2023 report that have projections for more than one year, sorted by their average values?",success,15.75,0,,1205,269,12.787,0,,1906,186,28.537
CAN,multi-table-union,simple,true,f7d9fbe2-22f3-4111-af41-7fcc1ed4cee3,b6629b1d-27df-4c33-a4bf-a480776f3a92,bba41250-261a-4f3b-9ce8-db44d9a0f725,7643c948-d661-4d90-ab91-e9ac732fc737,butanes-2020,butane-2023,variable,variable,"SELECT ""type"", ""year"", ""value"", ""unit"", ""scenario"", ""variable"" FROM R UNION SELECT ""type"", ""year"", ""value"", ""unit"", ""scenario"", ""variable"" FROM S","Could you provide the specific types, such as disposition or supply, along with the years, values, units, scenarios, and variables for energy supply and demand projections from both the 2020 and 2023 reports by the Canada Energy Regulator? I am particularly interested in how variables like 'oil sands solvent demand' or 'refinery demand' have changed over time.",success,11.955,0,,651,264,72.339,3,,11969,968,84.294
CAN,multi-table-union,moderate,true,f7d9fbe2-22f3-4111-af41-7fcc1ed4cee3,b6629b1d-27df-4c33-a4bf-a480776f3a92,bba41250-261a-4f3b-9ce8-db44d9a0f725,7643c948-d661-4d90-ab91-e9ac732fc737,butanes-2020,butane-2023,variable,variable,"SELECT ""type"", ""year"", SUM(""value"") AS ""total_value"", ""unit"", ""scenario"", ""variable"" FROM R GROUP BY ""type"", ""year"", ""unit"", ""scenario"", ""variable"" UNION SELECT ""type"", ""year"", AVG(""value"") AS ""average_value"", ""unit"", ""scenario"", ""variable"" FROM S GROUP BY ""type"", ""year"", ""unit"", ""scenario"", ""variable""","How do the summed totals and average values for different energy variables such as oil sands solvent demand or refinery demand vary over the years between 2010 and 2050 across various scenarios like evolving or global net-zero, in terms of supply and disposition, according to both Canada’s Energy Future 2020 and 2023 reports from the Canada Energy Regulator?",success,17.563,0,,782,357,82.474,3,,12519,1083,100.037
CAN,multi-table-union,challenging,true,f7d9fbe2-22f3-4111-af41-7fcc1ed4cee3,b6629b1d-27df-4c33-a4bf-a480776f3a92,bba41250-261a-4f3b-9ce8-db44d9a0f725,7643c948-d661-4d90-ab91-e9ac732fc737,butanes-2020,butane-2023,variable,variable,"SELECT ""type"", ""year"", MAX(""value"") AS ""max_value"", ""unit"", ""scenario"", ""variable"" FROM R GROUP BY ""type"", ""year"", ""unit"", ""scenario"", ""variable"" UNION SELECT ""type"", ""year"", MIN(""value"") AS ""min_value"", ""unit"", ""scenario"", ""variable"" FROM S GROUP BY ""type"", ""year"", ""unit"", ""scenario"", ""variable""","What are the highest and lowest values for each type, year, unit, scenario, and variable in both the 2020 and 2023 energy supply and demand projections by Canada Energy Regulator?",success,16.433,0,,964,351,11.466,0,,2874,151,27.899
CAN,single-table,challenging,true,d14b0fa7-e625-4e7e-b32a-6fc2c81079e9,,f198074c-9e91-419a-a5c1-c5ad3c805474,,Data file,,,,"SELECT ""ifscl_yr"", SUM(""amount_montant""), COUNT(*) FROM R GROUP BY ""ifscl_yr"" LIMIT 10;",Can you provide the total expenditures and the number of federal-provincial shared-cost programs for each fiscal year as reported in Volume III of the Public Accounts by Public Services and Procurement Canada (Receiver General)?,success,74.385,2,,6247,1091,44.371,3,,11268,761,118.756
CAN,single-table,moderate,true,9a6bd2d9-72fc-4522-a9bb-22166867e1b3,,c9675417-100a-433a-92d4-79b710408def,,Data file,,,,"SELECT ""ifscl_yr"", SUM(""cp_ath_avlbl_amt"") AS total_cp_available FROM R GROUP BY ""ifscl_yr"" ORDER BY total_cp_available DESC","Which fiscal years under Public Services and Procurement Canada had the highest total available amounts for core responsibilities, and what were those totals?",success,7.706,0,,3009,273,6.682,0,,2856,154,14.388000000000002
CAN,multi-table-join,moderate,true,d14b0fa7-e625-4e7e-b32a-6fc2c81079e9,9a6bd2d9-72fc-4522-a9bb-22166867e1b3,f198074c-9e91-419a-a5c1-c5ad3c805474,c9675417-100a-433a-92d4-79b710408def,Data file,Data file,ifscl_yr,ifscl_yr,"SELECT R.""ifscl_yr"", R.""dept_en_desc"", S.""cr_en_nm"", SUM(R.""amount_montant"") AS total_amount, AVG(S.""cp_ath_avlbl_amt"") AS avg_cp_available FROM R JOIN S ON R.""ifscl_yr"" = S.""ifscl_yr"" GROUP BY R.""ifscl_yr"", R.""dept_en_desc"", S.""cr_en_nm""","What are the total expenditures and average core responsibility available amounts for each department's fiscal year in relation to their specific core responsibilities as detailed in the Public Accounts of Canada? Please include the department name, fiscal year, and core responsibility name in your answer.",success,12.469,0,,4945,369,9.82,0,,4662,200,22.289
CAN,multi-table-join,challenging,true,d14b0fa7-e625-4e7e-b32a-6fc2c81079e9,9a6bd2d9-72fc-4522-a9bb-22166867e1b3,f198074c-9e91-419a-a5c1-c5ad3c805474,c9675417-100a-433a-92d4-79b710408def,Data file,Data file,ifscl_yr,ifscl_yr,"SELECT R.""ifscl_yr"", R.""dept_en_desc"", S.""cr_en_nm"", SUM(R.""amount_montant"") AS total_amount, MAX(S.""tp_ath_avlbl_amt"") AS max_tp_available FROM R JOIN S ON R.""ifscl_yr"" = S.""ifscl_yr"" GROUP BY R.""ifscl_yr"", R.""dept_en_desc"", S.""cr_en_nm"" HAVING SUM(R.""amount_montant"") > 100000 ORDER BY total_amount DESC","Which fiscal year and department in the Public Accounts had core responsibilities with a total expenditure greater than $100,000, and what was the maximum available amount for that responsibility? Please list them in order of highest total expenditure first, considering the data from Public Services and Procurement Canada.",success,14.137,0,,5143,425,10.255,0,,4706,203,24.392000000000003
CAN,single-table,moderate,true,76f02142-c658-4819-b50d-fe12e1693f35,,fce26341-9172-4fb9-b896-eaa5ceaedf89,,Dataset,,,,"SELECT ""seasonal_adjustment"", SUM(""value"") AS total_value FROM R WHERE ""uom"" = 'dollars' GROUP BY ""seasonal_adjustment""","According to Statistics Canada, what are the total earnings and wages in dollars by seasonal adjustment status for all sectors across provinces and territories from 1999 to 2015?",success,22.732,2,,5330,1013,23.399,2,,6624,547,46.131
CAN,single-table,challenging,true,76f02142-c658-4819-b50d-fe12e1693f35,,fce26341-9172-4fb9-b896-eaa5ceaedf89,,Dataset,,,,"SELECT ""sector"", AVG(""value"") AS avg_value FROM R WHERE ""uom"" = 'dollars' GROUP BY ""sector"" HAVING AVG(""value"") >= 10000;","According to Statistics Canada, which industries have average earnings and wages of at least $10,000 in dollars across different provinces and territories?",success,17.041,1,,3676,646,5.695,0,,2123,138,22.736
CAN,single-table,simple,true,ed8e7f64-441e-4450-9208-31762b67809b,,3a33d90e-be3d-4ceb-8f7f-dc6bcd6866f4,,Regional_District_Monthly_2018,,,,"SELECT ""development_region"", ""regional_district"" FROM R WHERE year = 2018 AND month = 3 AND ""development_region"" = 'vancouver island/coast' AND ""regional_district"" = 'nanaimo';","Could you provide me with the names of the development regions and their corresponding regional districts for March 2018 specifically in the Vancouver Island/Coast area and within Nanaimo, as part of the Property Transfer Tax data?",success,20.921,1,,4814,743,26.514,2,,9795,585,47.435
CAN,single-table,moderate,true,ed8e7f64-441e-4450-9208-31762b67809b,,3a33d90e-be3d-4ceb-8f7f-dc6bcd6866f4,,Regional_District_Monthly_2018,,,,"SELECT ""development_region"", SUM(""tot_mkt_trans"") AS total_transactions FROM R WHERE year = 2018 GROUP BY ""development_region"" ORDER BY total_transactions DESC;","Which development regions in British Columbia had the highest total market transactions throughout 2018 according to the Property Transfer Tax data, and what were those transaction totals?",success,7.0,0,,2855,256,7.641,0,,3171,167,14.641
CAN,single-table,simple,true,620e60c2-076a-46ac-8975-f044319ae95f,,9c9b8d35-d59b-436a-a350-f581ea71a798,,Regional_District_Monthly_2016,,,,"SELECT development_region, SUM(tot_mkt_trans) AS total_transactions FROM R GROUP BY development_region",What is the total number of market transactions for each development region in British Columbia according to the Property Transfer Tax data?,success,7.559,0,,2671,283,14.937,1,,5679,343,22.496
CAN,single-table,moderate,true,620e60c2-076a-46ac-8975-f044319ae95f,,9c9b8d35-d59b-436a-a350-f581ea71a798,,Regional_District_Monthly_2016,,,,"SELECT regional_district, AVG(no_resid_trans) AS average_residential_transactions FROM R GROUP BY regional_district",What is the average number of residential transactions for each regional district in British Columbia based on the Property Transfer Tax data?,success,5.678,0,,2709,216,5.691,0,,2755,133,11.369
CAN,single-table,challenging,true,620e60c2-076a-46ac-8975-f044319ae95f,,9c9b8d35-d59b-436a-a350-f581ea71a798,,Regional_District_Monthly_2016,,,,"WITH RankedRegions AS ( SELECT trans_period, development_region, regional_district, tot_mkt_trans, ROW_NUMBER() OVER (PARTITION BY development_region ORDER BY tot_mkt_trans DESC) as rn FROM R ) SELECT trans_period, development_region, regional_district, tot_mkt_trans FROM RankedRegions WHERE rn = 1",Which regional district had the highest total market transactions within each development region in British Columbia according to the Property Transfer Tax data for 2016?,success,7.814,0,,2814,283,7.772,0,,2896,173,15.586
CAN,multi-table-join,simple,true,ed8e7f64-441e-4450-9208-31762b67809b,620e60c2-076a-46ac-8975-f044319ae95f,3a33d90e-be3d-4ceb-8f7f-dc6bcd6866f4,9c9b8d35-d59b-436a-a350-f581ea71a798,Regional_District_Monthly_2018,Regional_District_Monthly_2016,regional_district,regional_district,"SELECT R.regional_district, R.tot_mkt_trans AS r_tot_mkt_trans, S.tot_mkt_trans AS s_tot_mkt_trans FROM R JOIN S ON R.regional_district = S.regional_district",How do the total market transactions in 2018 compare to those in 2016 for the same regional districts in British Columbia? Please consider only the regions that have data available in both years.,success,9.521,0,,4984,261,8.732,0,,5167,166,18.253
CAN,single-table,moderate,true,02236e87-e1d5-4f80-a5fa-4a3073ebb2dd,,4a1b260a-7ac4-4985-80a0-603bfe4aec11,,[rounded numbers - not for calculations] Canada - Resettled Refugees by Province/Territory and Census Metropolitan Area (CMA) and Immigration Category,,,,"SELECT ""en_immigration_category"", SUM(CAST(CASE WHEN ""total"" ~ '^\d+$' THEN ""total"" ELSE '0' END AS INTEGER)) AS total_count FROM R GROUP BY ""en_immigration_category"";","According to Immigration, Refugees and Citizenship Canada, what is the total count of resettled refugees under each immigration category in Canada's Refugee and Humanitarian Resettlement Program, considering only entries with numeric values for totals?",success,27.731,2,,4624,1255,33.725,3,,9467,812,61.456
CAN,single-table,challenging,true,02236e87-e1d5-4f80-a5fa-4a3073ebb2dd,,4a1b260a-7ac4-4985-80a0-603bfe4aec11,,[rounded numbers - not for calculations] Canada - Resettled Refugees by Province/Territory and Census Metropolitan Area (CMA) and Immigration Category,,,,"SELECT en_province_territory, AVG(CAST(CASE WHEN total ~ '^\d+$' THEN total ELSE '0' END AS INTEGER)) AS avg_total FROM R GROUP BY en_province_territory HAVING COUNT(*) > 1 ORDER BY avg_total DESC;","According to Immigration, Refugees and Citizenship Canada, what is the average number of resettled refugees in each Canadian province or territory that has more than one Census Metropolitan Area (CMA) listed? Please consider only entries with numeric values for totals and order the results from highest to lowest average.",success,6.228,0,,1611,270,7.043,0,,2310,173,13.271
CAN,single-table,simple,true,a2822c69-2b2e-4a86-b1b4-4bcb9b336d8a,,76defa14-473e-41e2-abfa-60021c4d934b,,Table 20: Number of unique employers on positive Labour Market Impact Assessments (LMIA) by economic region and province/territory between 2017 and 2024,,,,"SELECT ""number_of_unique_employers_on_positive_labour_market_impact_assessments__lmia__by_economic_region_and_province/territory"" FROM R WHERE ""unnamed:_1"" = '137';",What is the name of the economic region or province/territory where exactly 137 unique employers received a positive Labour Market Impact Assessment (LMIA)?,success,6.741,0,,1556,290,15.583,1,,4742,364,22.323999999999998
CAN,single-table,moderate,true,a2822c69-2b2e-4a86-b1b4-4bcb9b336d8a,,76defa14-473e-41e2-abfa-60021c4d934b,,Table 20: Number of unique employers on positive Labour Market Impact Assessments (LMIA) by economic region and province/territory between 2017 and 2024,,,,"SELECT SUM(CAST(REPLACE(""unnamed:_1"", ',', '') AS INTEGER)) AS total_employers FROM R WHERE ""number_of_unique_employers_on_positive_labour_market_impact_assessments__lmia__by_economic_region_and_province/territory"" != 'total' AND ""number_of_unique_employers_on_positive_labour_market_impact_assessments__lmia__by_economic_region_and_province/territory"" != 'economic region';","What is the total number of unique employers, excluding the economic region totals, that received a positive Labour Market Impact Assessment (LMIA) across different regions in Canada?",success,7.671,0,,1703,320,6.152,0,,2331,150,13.823
CAN,single-table,challenging,true,a2822c69-2b2e-4a86-b1b4-4bcb9b336d8a,,76defa14-473e-41e2-abfa-60021c4d934b,,Table 20: Number of unique employers on positive Labour Market Impact Assessments (LMIA) by economic region and province/territory between 2017 and 2024,,,,"SELECT TRIM(""number_of_unique_employers_on_positive_labour_market_impact_assessments__lmia__by_economic_region_and_province/territory"") AS region, SUM(CAST(REPLACE(""unnamed:_2"", ',', '') AS INTEGER)) AS total FROM R WHERE TRIM(""number_of_unique_employers_on_positive_labour_market_impact_assessments__lmia__by_economic_region_and_province/territory"") NOT IN ('total', 'economic region') GROUP BY TRIM(""number_of_unique_employers_on_positive_labour_market_impact_assessments__lmia__by_economic_region_and_province/territory"")","How many unique employers in each economic region or province/territory, excluding totals and economic region labels, received a positive Labour Market Impact Assessment (LMIA) according to the Employment and Social Development Canada data?",success,36.299,3,,7107,1540,7.273,0,,2486,175,43.572
CAN,single-table,moderate,true,f9e6a956-316f-421f-9bd1-2b18b4536da6,,c65d2014-ef25-4781-b9b2-e13a7293b72d,,Table 3. Number of temporary foreign worker (TFW) positions on positive Labour Market Impact Assessments (LMIAs) by Statistics Canada economic region and province/territory between 2010 and 2017,,,,"SELECT SUM(CAST(REPLACE(""unnamed:_1"", ',', '') AS INTEGER)) AS total_positions FROM R WHERE ""number_of_temporary_foreign_worker__tfw__positions_on_positive_labour_market_impact_assessments__lmi_as__by_statistics_canada_economic_region_and_province/territory"" NOT LIKE 'str%' AND ""number_of_temporary_foreign_worker__tfw__positions_on_positive_labour_market_impact_assessments__lmi_as__by_statistics_canada_economic_region_and_province/territory"" NOT LIKE '%an economic region is defined%' AND ""number_of_temporary_foreign_worker__tfw__positions_on_positive_labour_market_impact_assessments__lmi_as__by_statistics_canada_economic_region_and_province/territory"" NOT LIKE '%each lmia application submitted%'","What is the total number of temporary foreign worker positions approved through positive Labour Market Impact Assessments, excluding rows that contain definitions or application submission details in the description column?",success,15.139,0,,1728,647,26.039,2,,7652,620,41.178
CAN,multi-table-join,moderate,true,a2822c69-2b2e-4a86-b1b4-4bcb9b336d8a,f9e6a956-316f-421f-9bd1-2b18b4536da6,76defa14-473e-41e2-abfa-60021c4d934b,c65d2014-ef25-4781-b9b2-e13a7293b72d,Table 20: Number of unique employers on positive Labour Market Impact Assessments (LMIA) by economic region and province/territory between 2017 and 2024,Table 3. Number of temporary foreign worker (TFW) positions on positive Labour Market Impact Assessments (LMIAs) by Statistics Canada economic region and province/territory between 2010 and 2017,number_of_unique_employers_on_positive_labour_market_impact_assessments__lmia__by_economic_region_and_province/territory,number_of_temporary_foreign_worker__tfw__positions_on_positive_labour_market_impact_assessments__lmi_as__by_statistics_canada_economic_region_and_province/territory,"SELECT R.""number_of_unique_employers_on_positive_labour_market_impact_assessments__lmia__by_economic_region_and_province/territory"", SUM(CAST(REPLACE(R.""unnamed:_1"", ',', '') AS INTEGER)) AS total_unique_employers, SUM(CAST(REPLACE(S.""unnamed:_1"", ',', '') AS INTEGER)) AS total_tfw_positions FROM R JOIN S ON R.""number_of_unique_employers_on_positive_labour_market_impact_assessments__lmia__by_economic_region_and_province/territory"" = S.""number_of_temporary_foreign_worker__tfw__positions_on_positive_labour_market_impact_assessments__lmi_as__by_statistics_canada_economic_region_and_province/territory"" WHERE R.""number_of_unique_employers_on_positive_labour_market_impact_assessments__lmia__by_economic_region_and_province/territory"" NOT IN ('other', 'economic region', 'total') AND R.""unnamed:_1"" ~ '^[0-9,]+$' AND S.""unnamed:_1"" ~ '^[0-9,]+$' GROUP BY R.""number_of_unique_employers_on_positive_labour_market_impact_assessments__lmia__by_economic_region_and_province/territory""","Could you provide the total number of unique employers and temporary foreign worker positions for each region where the positive Labour Market Impact Assessment (LMIA) data matches, excluding categories like 'other' and 'total'? Ensure that only regions with numerical values are included in this comparison.",success,80.083,3,,12323,2925,31.229,2,,12507,674,111.312
CAN,multi-table-join,challenging,true,a2822c69-2b2e-4a86-b1b4-4bcb9b336d8a,f9e6a956-316f-421f-9bd1-2b18b4536da6,76defa14-473e-41e2-abfa-60021c4d934b,c65d2014-ef25-4781-b9b2-e13a7293b72d,Table 20: Number of unique employers on positive Labour Market Impact Assessments (LMIA) by economic region and province/territory between 2017 and 2024,Table 3. Number of temporary foreign worker (TFW) positions on positive Labour Market Impact Assessments (LMIAs) by Statistics Canada economic region and province/territory between 2010 and 2017,number_of_unique_employers_on_positive_labour_market_impact_assessments__lmia__by_economic_region_and_province/territory,number_of_temporary_foreign_worker__tfw__positions_on_positive_labour_market_impact_assessments__lmi_as__by_statistics_canada_economic_region_and_province/territory,"SELECT R.""number_of_unique_employers_on_positive_labour_market_impact_assessments__lmia__by_economic_region_and_province/territory"", SUM(CAST(REPLACE(R.""unnamed:_1"", ',', '') AS INTEGER)) AS total_unique_employers, SUM(CAST(REPLACE(S.""unnamed:_1"", ',', '') AS INTEGER)) AS total_tfw_positions, RANK() OVER (ORDER BY SUM(CAST(REPLACE(R.""unnamed:_1"", ',', '') AS INTEGER)) DESC) as employer_rank FROM R JOIN S ON R.""number_of_unique_employers_on_positive_labour_market_impact_assessments__lmia__by_economic_region_and_province/territory"" = S.""number_of_temporary_foreign_worker__tfw__positions_on_positive_labour_market_impact_assessments__lmi_as__by_statistics_canada_economic_region_and_province/territory"" WHERE R.""number_of_unique_employers_on_positive_labour_market_impact_assessments__lmia__by_economic_region_and_province/territory"" NOT IN ('other', 'economic region', 'total') AND R.""unnamed:_1"" ~ '^[0-9,]+$' AND S.""unnamed:_1"" ~ '^[0-9,]+$' GROUP BY R.""number_of_unique_employers_on_positive_labour_market_impact_assessments__lmia__by_economic_region_and_province/territory""","Which economic regions have both the highest number of unique employers with positive Labour Market Impact Assessments (LMIA) and the corresponding total temporary foreign worker positions from 2017 to 2024, excluding 'other', 'economic region', and 'total' categories? Additionally, can you provide a ranking based on the sum of unique employers for these regions?",success,15.03,0,,3850,533,9.673,0,,4059,206,24.703
CAN,single-table,simple,true,d4f97579-fa07-4e27-b65a-035e3ac63bae,,460a28e6-23de-41fd-bd35-0a59f0c5e6d5,,Dataset,,,,"SELECT geo, SUM(value) AS total_value FROM R WHERE trade_group = 'supermarkets' GROUP BY geo;","According to Statistics Canada’s retail and wholesale data on retail sales by type of store for years 1999-2009, what is the total value of sales for supermarkets in each geographic region across Canada?",success,8.041,0,,2022,321,33.932,3,,9866,794,41.973
CAN,single-table,simple,true,c957b0ce-3ebf-408c-ab2d-7d186148a5e3,,7b56980f-1ea0-4c9f-bdf5-1970576753b9,,Dataset,,,,"SELECT geo, SUM(value) AS total_value FROM R WHERE i_ref_date_ = 2011 GROUP BY geo;","What is the total sum of all reported financial estimates for store retailers in each province or territory in Canada, as reported by Statistics Canada for the year 2011?",success,6.464,0,,2039,261,22.959,2,,6587,543,29.423000000000002
CAN,single-table,moderate,true,c957b0ce-3ebf-408c-ab2d-7d186148a5e3,,7b56980f-1ea0-4c9f-bdf5-1970576753b9,,Dataset,,,,"SELECT north_american_industry_classification_system__naics_, AVG(value) AS average_value FROM R WHERE status IS NOT NULL GROUP BY north_american_industry_classification_system__naics_;","What is the average value of financial estimates for different types of store retailers based on the North American Industry Classification System (NAICS), excluding any unconfirmed data points, as reported by Statistics Canada?",success,6.417,0,,2107,254,6.901,0,,2155,169,13.318
CAN,single-table,challenging,true,c957b0ce-3ebf-408c-ab2d-7d186148a5e3,,7b56980f-1ea0-4c9f-bdf5-1970576753b9,,Dataset,,,,"WITH RankedStores AS (SELECT geo, type_of_store, value, ROW_NUMBER() OVER (PARTITION BY geo ORDER BY value DESC) as rank FROM R WHERE i_ref_date_ = 2011) SELECT geo, type_of_store, value FROM RankedStores WHERE rank <= 3;","For each province or territory in Canada, which types of store retailers had the highest financial estimates values in 2011 according to Statistics Canada's data, and what were those top three values?",success,7.498,0,,2207,295,7.872,0,,2276,186,15.370000000000001
CAN,single-table,moderate,true,ed783874-8549-42e6-9d4e-ac223c16617e,,2fe6b7f1-fbfe-4aaf-808f-b977d40d44db,,"Staffing activities by type, organization and geographic area",,,,"SELECT ""orgnization_e"", SUM(""n"") AS total_n FROM R WHERE ""geo_region_e"" LIKE 'north%' OR ""orgnization_e"" = 'crown-indigenous relations and northern affairs canada' GROUP BY ""orgnization_e""",Could you provide the total number of staffing activities for organizations in northern regions (like Northwest Territories and Yukon) or specifically for 'Crown-Indigenous Relations and Northern Affairs Canada' across all fiscal years? This would help us understand the hiring and promotion trends under the Public Service Employment Act during these periods.,success,32.06,3,,7359,1369,34.587,3,,10437,821,66.647
CAN,single-table,challenging,true,ed783874-8549-42e6-9d4e-ac223c16617e,,2fe6b7f1-fbfe-4aaf-808f-b977d40d44db,,"Staffing activities by type, organization and geographic area",,,,"SELECT ""i_fiscal_year_"", ""geo_region_e"", SUM(""n"") AS total_n, RANK() OVER (PARTITION BY ""i_fiscal_year_"" ORDER BY SUM(""n"") DESC) as rank FROM R GROUP BY ""i_fiscal_year_"", ""geo_region_e""",Could you rank the geographic regions based on the total number of staffing activities for each fiscal year? This would help us understand which areas had the most hiring and promotion activities under the Public Service Employment Act during different periods.,success,6.847,0,,2055,296,6.489,0,,2575,158,13.336
CAN,single-table,simple,true,5456d998-fc83-4871-b6b2-deaff7be5c98,,26ffad36-ca9b-431c-8f6d-a6df02665e2c,,Public Service Commission's Staffing Dashboard: Inflow,,,,"SELECT department_f, COUNT(*) AS num_entries FROM R WHERE fiscal_year = '2013-2014' GROUP BY department_f;",How many entries are there for each French department name in the Public Service Commission's Staffing Dashboard data for the fiscal year 2013-2014?,success,6.147,0,,1617,255,5.885,0,,2147,140,12.032
CAN,single-table,moderate,true,5456d998-fc83-4871-b6b2-deaff7be5c98,,26ffad36-ca9b-431c-8f6d-a6df02665e2c,,Public Service Commission's Staffing Dashboard: Inflow,,,,"SELECT department_f, SUM(count) AS total_count, AVG(qtr_count) AS average_qtr_count FROM R WHERE fiscal_year = '2013-2014' GROUP BY department_f;",What is the total number of hires and the average quarterly count for each department in French during the fiscal year 2013-2014 according to the Public Service Commission's Staffing Dashboard?,success,6.115,0,,1697,254,7.067,0,,2242,164,13.182
CAN,single-table,moderate,true,b46f8bc2-761b-4fe2-9f2d-47a274ca1b1e,,98216dc7-fc4d-4427-85f5-0c85569a9872,,"Table 2 - ITSA for All Returns, Males – 2018 tax year – Canada",,,,"SELECT SUM(""under_$5,000___all_returns/moins_de_5_000$___toutes_les_declarations"") AS total_under_5k FROM R WHERE ""classification"" = 'out/ext';","According to the Individual Tax Statistics by Area (ITSA) published by the Canada Revenue Agency, how many male taxpayers classified as 'out/ext' had an income under $5,000 in the 2018 tax year?",success,9.183,0,,3578,278,20.034,1,,7244,419,29.217
CAN,single-table,simple,true,ff4a2b01-cd7e-49dc-bccf-8635474b024b,,6860c70e-5c9b-4f34-96af-5a1168e538f4,,"Table 4 - ITSA for All Returns, by Source of Income - 2020 tax year – Canada",,,,"SELECT AVG(""total_income_$/revenu_total_$""), COUNT(*) FROM R WHERE ""classification"" IN ('total', 'out/ext');","What is the average total income for both total and outlying classifications in Canada, and how many areas are included in this calculation?",success,25.398,2,,7974,928,7.593,0,,3504,167,32.991
CAN,single-table,moderate,true,ff4a2b01-cd7e-49dc-bccf-8635474b024b,,6860c70e-5c9b-4f34-96af-5a1168e538f4,,"Table 4 - ITSA for All Returns, by Source of Income - 2020 tax year – Canada",,,,"SELECT SUM(""employment_income_$/revenu_d'emploi_$""), ""prov/terr"", ""cd/dr"" FROM R GROUP BY ""prov/terr"", ""cd/dr""","What is the total amount of employment income reported for each combination of province or territory and census division in the 2020 tax year, according to the Canada Revenue Agency's Individual Tax Statistics by Area data?",success,8.448,0,,3355,285,37.269,3,,14972,792,45.717
CAN,single-table,challenging,true,ff4a2b01-cd7e-49dc-bccf-8635474b024b,,6860c70e-5c9b-4f34-96af-5a1168e538f4,,"Table 4 - ITSA for All Returns, by Source of Income - 2020 tax year – Canada",,,,"WITH RankedIncomes AS (SELECT *, ROW_NUMBER() OVER (PARTITION BY ""classification"" ORDER BY ""total_income_$/revenu_total_$"" DESC) as rn FROM R) SELECT * FROM RankedIncomes WHERE rn <= 3;","For each classification type in the Individual Tax Statistics by Area for the 2020 tax year from the Canada Revenue Agency, which three areas have the highest total income, and what are their respective total incomes?",success,8.858,0,,3552,284,7.122,0,,3701,152,15.98
CAN,multi-table-join,challenging,true,b46f8bc2-761b-4fe2-9f2d-47a274ca1b1e,ff4a2b01-cd7e-49dc-bccf-8635474b024b,98216dc7-fc4d-4427-85f5-0c85569a9872,6860c70e-5c9b-4f34-96af-5a1168e538f4,"Table 2 - ITSA for All Returns, Males – 2018 tax year – Canada","Table 4 - ITSA for All Returns, by Source of Income - 2020 tax year – Canada",description,description,"SELECT R.classification, AVG(S.""employment_income_$/revenu_d'emploi_$"") AS avg_employment_income FROM R JOIN S ON R.description = S.description GROUP BY R.classification HAVING COUNT(*) > 5;",What is the average employment income for different classifications of areas in Canada where there are more than five entries with matching descriptions between the 2018 and 2020 tax year data from the Canada Revenue Agency's Individual Tax Statistics by Area publication?,success,23.249,1,,10345,626,9.338,0,,6232,165,32.586999999999996
CAN,single-table,simple,true,e4b9bd8a-e0d4-4dc3-bf82-511e45370e2e,,17ff00bd-edb5-4935-87ce-3cd5f3e1e37c,,mcfd_cases_in_care_history,,,,SELECT * FROM R WHERE age_0_4 > 1500,"According to the data from the Government of British Columbia, during which months were there more than 1500 children aged 0-4 placed into custody or guardianship?",success,7.446,0,,1774,292,14.018,1,,4172,332,21.464
CAN,single-table,challenging,true,e4b9bd8a-e0d4-4dc3-bf82-511e45370e2e,,17ff00bd-edb5-4935-87ce-3cd5f3e1e37c,,mcfd_cases_in_care_history,,,,"SELECT ""month"", AVG(""total_cic"") OVER (PARTITION BY SUBSTR(""month"", -4) ORDER BY ""cym"" ROWS BETWEEN UNBOUNDED PRECEDING AND CURRENT ROW) AS avg_total_cic FROM R","According to the data from the Government of British Columbia, what is the cumulative average number of children in care for each month when grouped by year?",success,7.543,0,,1876,307,21.267,2,,6975,513,28.81
CAN,single-table,moderate,true,d7007df4-3fbd-445c-a601-6b98b14d50f6,,f68918d6-0721-4c48-8542-f2cf5a6d858f,,Organization Summary ,,,,"SELECT organization, SUM(transfers) AS total_transfers FROM R GROUP BY organization HAVING SUM(transfers) != 0","According to the Supplementary Estimates published by the Treasury Board of Canada Secretariat, which federal organizations and votes have received more than zero financial transfers, and what is the total amount transferred to each?",success,4.968,0,,1390,230,13.973,1,,4349,337,18.941000000000003
CAN,single-table,challenging,true,d7007df4-3fbd-445c-a601-6b98b14d50f6,,f68918d6-0721-4c48-8542-f2cf5a6d858f,,Organization Summary ,,,,"WITH RankedAdjustments AS ( SELECT organization, vote, description, authorities_to_date, transfers, adjustments, proposed_authorities_to_date, ROW_NUMBER() OVER (PARTITION BY organization ORDER BY adjustments DESC) as adj_rank FROM R ) SELECT organization, vote, description, authorities_to_date, transfers, adjustments, proposed_authorities_to_date FROM RankedAdjustments WHERE adj_rank = 1","According to the Supplementary Estimates published by the Treasury Board of Canada Secretariat, which federal organizations have the highest adjustment amounts for their votes and what are the details including the description, authorities to date, transfers, adjustments, and proposed authorities to date?",success,6.577,0,,1524,277,7.194,0,,2187,174,13.771
CAN,single-table,simple,true,897a6ed5-abc4-4066-9462-e383a975e4e5,,f7cb6b29-faa6-4fd5-b6d0-c797eb59de1b,,Organization Summary ,,,,SELECT organization FROM R WHERE vote = 's';,"Which organizations in the Treasury Board of Canada Secretariat's budgetary expenditures have a special voting designation of 'S', as part of their spending plans?",success,5.084,0,,1483,229,30.687,3,,8076,743,35.771
CAN,single-table,moderate,true,897a6ed5-abc4-4066-9462-e383a975e4e5,,f7cb6b29-faa6-4fd5-b6d0-c797eb59de1b,,Organization Summary ,,,,"SELECT SUM(CAST(REPLACE(""2018_19_expenditures/depenses_reelles"", ',', '') AS BIGINT)) AS total_expenditures FROM R WHERE ""2018_19_expenditures/depenses_reelles"" IS NOT NULL",What is the total amount of expenditures for all organizations in the 2018-19 fiscal year according to the Treasury Board of Canada Secretariat's budgetary plan?,success,17.329,1,,3047,702,7.35,0,,2001,174,24.679000000000002
CAN,single-table,challenging,true,897a6ed5-abc4-4066-9462-e383a975e4e5,,f7cb6b29-faa6-4fd5-b6d0-c797eb59de1b,,Organization Summary ,,,,"SELECT SUM(CAST(REPLACE(""2018_19_expenditures/depenses_reelles"", ',', '') AS BIGINT)) AS total_expenditures FROM R WHERE organization = 'canadian dairy commission';",What were the total expenditures for the Canadian Dairy Commission in the 2018-19 fiscal year according to the Treasury Board of Canada Secretariat's budgetary plan?,success,24.715,2,,4778,1013,7.28,0,,2051,169,31.995
CAN,multi-table-join,simple,true,d7007df4-3fbd-445c-a601-6b98b14d50f6,897a6ed5-abc4-4066-9462-e383a975e4e5,f68918d6-0721-4c48-8542-f2cf5a6d858f,f7cb6b29-faa6-4fd5-b6d0-c797eb59de1b,Organization Summary ,Organization Summary ,organization,organization,"SELECT R.organization, R.vote, S.""2018_19_expenditures/depenses_reelles"" FROM R JOIN S ON R.organization = S.organization",Which organizations and votes from the Supplementary Estimates have corresponding real expenditures for 2018-19 as listed in the Government Expenditure Plan?,success,6.916,0,,2420,257,6.441,0,,3176,140,13.357
CAN,single-table,moderate,true,c48fd313-13d7-4a78-b1e2-7618a7c2ed15,,98216dc7-fc4d-4427-85f5-0c85569a9872,,"Table 2 – Individual Tax Statistics by Area for All Returns, Males - Prince Edward Island",,,,"SELECT ""classification"", SUM(""under_$5,000___all_returns/moins_de_5_000$___toutes_les_declarations"") AS total_under_5k FROM R GROUP BY ""classification""","According to the Individual Tax Statistics by Area data published by the Canada Revenue Agency for Prince Edward Island, how many individuals in each classification have a total income under $5,000?",success,9.181,0,,3676,286,7.502,0,,3518,161,16.683
CAN,single-table,challenging,true,c48fd313-13d7-4a78-b1e2-7618a7c2ed15,,98216dc7-fc4d-4427-85f5-0c85569a9872,,"Table 2 – Individual Tax Statistics by Area for All Returns, Males - Prince Edward Island",,,,"SELECT ""prov/terr"", ""cd/dr"", SUM(""total_income___all_returns/revenu_total___toutes_les_declarations"") AS total_income, ROW_NUMBER() OVER (PARTITION BY ""prov/terr"" ORDER BY SUM(""total_income___all_returns/revenu_total___toutes_les_declarations"") DESC) as rank FROM R GROUP BY ""prov/terr"", ""cd/dr""","According to the Individual Tax Statistics by Area data published by the Canada Revenue Agency for Prince Edward Island, what are the total incomes for each Census Division within a province/territory, ranked from highest to lowest?",success,10.392,0,,3813,333,8.185,0,,3680,178,18.576999999999998
CAN,single-table,challenging,true,a327cff2-3ee4-4779-b3b4-fdc143fa8d4b,,5af687a0-f115-4ffd-8e46-3e249e48472b,,"Table 4 – Individual Tax Statistics by Area for All Returns, by Source of Income - Prince Edward Island",,,,"WITH RankedIncomes AS (SELECT *, ROW_NUMBER() OVER (PARTITION BY ""prov/terr"" ORDER BY ""total_income_$/revenu_total_$"" DESC) as rn FROM R) SELECT * FROM RankedIncomes WHERE rn = 1",Which area classified as 'out/ext' in Prince Edward Island has the highest total income based on the data from the Individual Tax Statistics by Area publication by the Canada Revenue Agency?,success,8.469,0,,3468,277,24.734,2,,11087,534,33.203
CAN,multi-table-join,challenging,true,c48fd313-13d7-4a78-b1e2-7618a7c2ed15,a327cff2-3ee4-4779-b3b4-fdc143fa8d4b,98216dc7-fc4d-4427-85f5-0c85569a9872,5af687a0-f115-4ffd-8e46-3e249e48472b,"Table 2 – Individual Tax Statistics by Area for All Returns, Males - Prince Edward Island","Table 4 – Individual Tax Statistics by Area for All Returns, by Source of Income - Prince Edward Island",description,description,"SELECT R.""prov/terr"", R.""cd/dr"", R.""total___all_returns/total___toutes_les_declarations"", S.""employment_income_$/revenu_d'emploi_$"", ROW_NUMBER() OVER (PARTITION BY R.""description"" ORDER BY R.""total_income___all_returns/revenu_total___toutes_les_declarations"" DESC) as row_num FROM R JOIN S ON R.""description"" = S.""description""","For Prince Edward Island in the Individual Tax Statistics by Area publications from Canada Revenue Agency, provide the province/territory code, census division/district region code, total number of all returns, sum of employment income, and rank them based on their total income in descending order within each area description.",success,14.528,0,,6578,363,23.377,1,,12899,435,37.905
CAN,single-table,simple,true,adfcf161-02e8-467d-be3b-ff99d5e4ab08,,439599ea-ed31-c668-a4d7-c9bb09a0c51a,,New Brunswick Public Schools (CSV),,,,"SELECT ""strnm"", ""intbuilt"" FROM R WHERE ""strsec"" = 'anglophone' AND ""strnm"" = 'nackawic senior high school';",When was the anglophone Nackawic Senior High School built in New Brunswick?,success,33.552,3,,8359,1340,6.607,0,,2465,157,40.159
CAN,single-table,moderate,true,adfcf161-02e8-467d-be3b-ff99d5e4ab08,,439599ea-ed31-c668-a4d7-c9bb09a0c51a,,New Brunswick Public Schools (CSV),,,,"SELECT ""strcm"", COUNT(*) as count FROM R GROUP BY ""strcm"" ORDER BY count DESC LIMIT 5;",Which are the top 5 communities in New Brunswick that have the most public schools?,success,6.102,0,,2436,241,29.865,3,,10599,703,35.967
CAN,single-table,challenging,true,adfcf161-02e8-467d-be3b-ff99d5e4ab08,,439599ea-ed31-c668-a4d7-c9bb09a0c51a,,New Brunswick Public Schools (CSV),,,,"WITH RankedSchools AS ( SELECT ""strnm"", ""intbuilt"", ROW_NUMBER() OVER (PARTITION BY ""strsec"" ORDER BY ""intbuilt"") as rn FROM R ) SELECT * FROM RankedSchools WHERE rn = 1;",What is the name and construction year of the oldest public school for each sector (anglophone or francophone) in New Brunswick?,success,7.447,0,,2523,291,7.268,0,,2573,175,14.715
CAN,single-table,moderate,true,1b567cc4-8572-40ba-83d1-15a8082d67bd,,712e7355-91d7-7b4f-9d46-1e7b5561cd95,,"Student enrolment by school by grade by year, as of September 30 (CSV)",,,,"SELECT ""school_district_/_district_scolaire"", SUM(""total_/_total"") AS total_students FROM R GROUP BY ""school_district_/_district_scolaire"" ORDER BY total_students DESC","Which school district in New Brunswick had the highest total student enrollment across all grades as of September 30, and how many students were enrolled in each district? Please list these districts in descending order based on their total enrollment.",success,15.166,1,,4407,623,31.144,3,,10142,735,46.31
CAN,single-table,challenging,true,1b567cc4-8572-40ba-83d1-15a8082d67bd,,712e7355-91d7-7b4f-9d46-1e7b5561cd95,,"Student enrolment by school by grade by year, as of September 30 (CSV)",,,,"WITH RankedSchools AS (SELECT ""school_name_/_nom_de_l'acole"", ""total_/_total"", RANK() OVER (PARTITION BY ""school_district_/_district_scolaire"" ORDER BY ""total_/_total"" DESC) as rank FROM R) SELECT * FROM RankedSchools WHERE rank = 1","Which school within each school district had the highest student enrollment as of September 30, and what were the total enrollments for these top schools? Please list them by their names and respective totals.",success,7.252,0,,2501,281,6.498,0,,2541,156,13.75
CAN,multi-table-join,moderate,true,adfcf161-02e8-467d-be3b-ff99d5e4ab08,1b567cc4-8572-40ba-83d1-15a8082d67bd,439599ea-ed31-c668-a4d7-c9bb09a0c51a,712e7355-91d7-7b4f-9d46-1e7b5561cd95,New Brunswick Public Schools (CSV),"Student enrolment by school by grade by year, as of September 30 (CSV)",strnm,school_name_/_nom_de_l'acole,"SELECT SUM(S.""total_/_total"") AS total_students FROM S JOIN R ON S.""school_name_/_nom_de_l'acole"" = R.strnm","What is the total number of students enrolled across all public schools listed by the Government of New Brunswick as of September 30, considering only those schools for which both enrollment data and school details are available and matching on school names?",success,26.936,2,,9745,966,29.73,2,,13139,625,56.666
CAN,single-table,simple,true,61070c48-515d-47b2-8e7d-999a99921517,,ee7e3abe-0f00-4ffa-85e5-2a1eaec968c4,,Dataset,,,,"SELECT geo, COUNT(*) FROM R WHERE basis = 'customs basis' GROUP BY geo;",How many data points does Statistics Canada report for merchandise imports and exports under the 'customs basis' for each geographic region?,success,6.246,0,,1994,248,27.734,3,,9529,668,33.980000000000004
CAN,single-table,moderate,true,61070c48-515d-47b2-8e7d-999a99921517,,ee7e3abe-0f00-4ffa-85e5-2a1eaec968c4,,Dataset,,,,"SELECT ""seasonal_adjustment"", AVG(""value"") AS average_value FROM R GROUP BY ""seasonal_adjustment"";",What is the average value of merchandise imports and exports reported by Statistics Canada for seasonally adjusted versus unadjusted data?,success,5.524,0,,2044,232,5.744,0,,2301,140,11.268
CAN,single-table,simple,true,a95e21f7-e7bc-4861-a248-dd9a56196d08,,6397140d-173b-4b8f-873e-0d199156e003,,Dataset,,,,"SELECT geo, COUNT(*) FROM R WHERE i_ref_date_ = 2022 GROUP BY geo;",How many instances of obstacles to advanced technology adoption were reported in each geographic region of Canada in 2022 according to Statistics Canada's survey?,success,6.638,0,,2302,243,15.172,1,,4869,358,21.810000000000002
CAN,single-table,challenging,true,a95e21f7-e7bc-4861-a248-dd9a56196d08,,6397140d-173b-4b8f-873e-0d199156e003,,Dataset,,,,"SELECT geo, advanced_technology_domain, COUNT(*) AS obstacle_count FROM R WHERE i_ref_date_ = 2022 AND level_of_significance_of_obstacles IN ('very significant', 'significant') GROUP BY geo, advanced_technology_domain HAVING COUNT(*) > 1 ORDER BY obstacle_count DESC;","In 2022, according to Statistics Canada's survey on innovation and business strategy, which geographic regions in Canada faced more than one instance of 'very significant' or 'significant' obstacles in adopting different advanced technologies like blockchain or biotechnologies? Please list them along with the number of reported obstacles for each region, sorted in descending order by the count of obstacles.",success,8.013,0,,2496,295,40.655,3,,11031,920,48.668
CAN,single-table,simple,true,e6bf5fac-6328-4606-851a-adcefa0fdbdd,,2a39f6ca-22c5-486e-afde-eb63f2ecfab7,,Dataset,,,,"SELECT geo, COUNT(*) FROM R WHERE technology_domain = 'advanced green technologies' GROUP BY geo;",How many businesses in each region of Canada faced challenges with advanced green technologies according to the 2014 survey by Statistics Canada?,success,6.452,0,,2154,259,6.398,0,,2175,153,12.85
CAN,single-table,moderate,true,e6bf5fac-6328-4606-851a-adcefa0fdbdd,,2a39f6ca-22c5-486e-afde-eb63f2ecfab7,,Dataset,,,,"SELECT geo, AVG(value) AS average_value FROM R WHERE status != 'x' AND value IS NOT NULL GROUP BY geo;","What is the average percentage of obstacles encountered for each region in Canada, excluding null values and regions marked with 'x', according to the 2014 Statistics Canada survey on advanced technology adoption?",success,5.896,0,,2207,239,7.117,0,,2252,169,13.013
CAN,single-table,challenging,true,e6bf5fac-6328-4606-851a-adcefa0fdbdd,,2a39f6ca-22c5-486e-afde-eb63f2ecfab7,,Dataset,,,,"WITH RankedValues AS ( SELECT *, ROW_NUMBER() OVER (PARTITION BY geo ORDER BY value DESC) as rn FROM R ) SELECT geo, obstacles, technology_domain, north_american_industry_classification_system__naics_, enterprise_size, value FROM RankedValues WHERE rn = 1","Which obstacle was the most significant for businesses in each region of Canada when adopting advanced technologies across different industries and enterprise sizes, according to the 2014 Statistics Canada survey on obstacles to technology adoption?",success,6.754,0,,2334,258,6.714,0,,2393,158,13.468
CAN,multi-table-join,simple,true,a95e21f7-e7bc-4861-a248-dd9a56196d08,e6bf5fac-6328-4606-851a-adcefa0fdbdd,6397140d-173b-4b8f-873e-0d199156e003,2a39f6ca-22c5-486e-afde-eb63f2ecfab7,Dataset,Dataset,obstacles,obstacles,"SELECT R.geo AS geo_r, S.geo AS geo_s FROM R JOIN S ON R.obstacles = S.obstacles",Which regions in Canada faced the same obstacles regarding advanced technology adoption according to both the 2014 and 2022 surveys by Statistics Canada?,success,11.611,0,,4007,357,7.174,0,,3820,145,18.785
CAN,multi-table-join,moderate,true,a95e21f7-e7bc-4861-a248-dd9a56196d08,e6bf5fac-6328-4606-851a-adcefa0fdbdd,6397140d-173b-4b8f-873e-0d199156e003,2a39f6ca-22c5-486e-afde-eb63f2ecfab7,Dataset,Dataset,obstacles,obstacles,"SELECT R.geo AS geo_r, S.geo AS geo_s, AVG(R.value) AS avg_value_r, AVG(S.value) AS avg_value_s FROM R JOIN S ON R.obstacles = S.obstacles GROUP BY R.geo, S.geo","For each obstacle to advanced technology adoption, what are the average percentages of enterprises facing these obstacles in different geographic regions (like Canada and Ontario) for both 2014 and 2022 according to Statistics Canada's surveys? Specifically, compare the averages across geographies where the same obstacles were encountered.",success,24.371,0,,4100,276,44.122,3,,16374,920,68.493
CAN,multi-table-join,challenging,true,a95e21f7-e7bc-4861-a248-dd9a56196d08,e6bf5fac-6328-4606-851a-adcefa0fdbdd,6397140d-173b-4b8f-873e-0d199156e003,2a39f6ca-22c5-486e-afde-eb63f2ecfab7,Dataset,Dataset,obstacles,obstacles,"SELECT R.geo AS geo_r, S.geo AS geo_s, R.obstacles, COUNT(*) AS obstacle_count FROM R JOIN S ON R.obstacles = S.obstacles WHERE R.value > 0 AND S.value > 0 GROUP BY R.geo, S.geo, R.obstacles HAVING COUNT(*) > 1 ORDER BY obstacle_count DESC","Which obstacles to adopting advanced technologies were commonly faced by businesses in different regions of Canada in both 2014 and 2022, where the reported values are greater than zero? This comparison should highlight how often these issues occurred across various geographic areas according to Statistics Canada's surveys on innovation and business strategy.",success,13.624,0,,4215,326,9.525,0,,3942,197,23.149
CAN,single-table,simple,true,9e735bac-7297-4ddf-8bb5-d2133396bc9e,,e372df82-0c01-47e6-a419-65e4d847fa3c,,Dataset,,,,"SELECT ""geo"", SUM(""value"") AS total_value FROM R WHERE ""i_ref_date_"" = 2014 AND ""geo"" = 'st. john''s, newfoundland and labrador' GROUP BY ""geo""","What is the sum of the housing price index values for St. John's, Newfoundland and Labrador in 2014 according to Statistics Canada's data on new housing prices?",success,32.734,3,,7082,1366,29.571,3,,9056,695,62.30500000000001
CAN,single-table,moderate,true,9e735bac-7297-4ddf-8bb5-d2133396bc9e,,e372df82-0c01-47e6-a419-65e4d847fa3c,,Dataset,,,,"SELECT ""base_year"", AVG(""value"") AS average_value FROM R WHERE ""new_housing_price_indexes"" LIKE '%house and land%' AND ""status"" IS NULL GROUP BY ""base_year""","According to Statistics Canada's data on new housing prices, what are the average values of the indexes for houses and land across various base years when there is no reported status?",success,7.16,0,,2061,290,32.166,3,,9369,769,39.32599999999999
CAN,single-table,challenging,true,9e735bac-7297-4ddf-8bb5-d2133396bc9e,,e372df82-0c01-47e6-a419-65e4d847fa3c,,Dataset,,,,"WITH LatestValues AS (SELECT ""geo"", MAX(""i_ref_date_"") AS latest_date FROM R WHERE ""value"" IS NOT NULL GROUP BY ""geo"") SELECT R.""geo"", R.""i_ref_date_"", R.""value"" FROM R INNER JOIN LatestValues ON R.""geo"" = LatestValues.""geo"" AND R.""i_ref_date_"" = LatestValues.latest_date ORDER BY R.""geo"";",What are the most recent new housing price index values for each geographic area according to Statistics Canada's data on monthly housing prices?,success,8.877,0,,2195,370,5.489,0,,2327,134,14.366
CAN,single-table,simple,true,16ccd468-7d29-49e6-bd9f-e02a7f798287,,36984189-a536-4727-8bfd-0758a0d8eaed,,Dataset,,,,"SELECT geo, AVG(value) AS average_value FROM R WHERE ""new_housing_price_indexes"" = 'total (house and land)' GROUP BY geo;","What is the average total housing price index for each province or region in Canada as reported by Statistics Canada, considering the data that includes both house and land values across different time periods?",success,7.421,0,,1890,305,18.63,2,,6424,454,26.051
CAN,single-table,challenging,true,16ccd468-7d29-49e6-bd9f-e02a7f798287,,36984189-a536-4727-8bfd-0758a0d8eaed,,Dataset,,,,"SELECT geo, i_ref_date_, RANK() OVER (PARTITION BY geo ORDER BY value DESC) AS rank_by_value FROM R WHERE new_housing_price_indexes = 'total (house and land)' AND SUBSTR(i_ref_date_, 1, 7) >= '2010-01'","For each region in Canada, what is the ranking of total housing price indexes (including both house and land) since January 2010, with the highest value being ranked first according to Statistics Canada's data?",success,19.524,1,,3971,759,6.729,0,,2234,159,26.253
CAN,single-table,simple,true,f0ea2c6a-2f1f-4446-9e2f-b5e1731d75de,,4d44d14e-e2e3-41c4-b3d0-56b49f5eb0a4,,Dataset,,,,"SELECT ""geo"", SUM(""value"") AS total_value FROM R WHERE ""storage"" = 'inventory change' AND ""geo"" IN ('quebec', 'alberta') GROUP BY ""geo""","What is the sum of inventory change values, in gigajoules or cubic metres as reported, for Quebec and Alberta separately, given that the storage type is 'inventory change'?",success,40.088,3,,7025,1525,29.357,3,,8479,708,69.445
CAN,single-table,moderate,true,f0ea2c6a-2f1f-4446-9e2f-b5e1731d75de,,4d44d14e-e2e3-41c4-b3d0-56b49f5eb0a4,,Dataset,,,,"SELECT ""uom"", AVG(""value"") AS average_value FROM R WHERE ""scalar_factor"" = 'thousands' AND ""decimals"" = 1 GROUP BY ""uom""","According to Statistics Canada's data, what are the average values of natural gas storage adjustments reported in gigajoules or cubic metres, grouped by unit of measurement (uom), where the values are scaled by thousands and have one decimal place?",success,6.443,0,,1935,273,33.755,3,,8876,812,40.198
CAN,single-table,challenging,true,f0ea2c6a-2f1f-4446-9e2f-b5e1731d75de,,4d44d14e-e2e3-41c4-b3d0-56b49f5eb0a4,,Dataset,,,,"WITH RankedValues AS ( SELECT ""geo"", ""i_ref_date_"", ""value"", RANK() OVER (PARTITION BY ""geo"" ORDER BY CAST(SUBSTR(""i_ref_date_"", 1, 4) AS INTEGER) * 100 + CAST(SUBSTR(""i_ref_date_"", 6, 2) AS INTEGER) DESC) as rank FROM R WHERE ""storage"" = 'inventory change') SELECT ""geo"", ""i_ref_date_"", ""value"" FROM RankedValues WHERE rank <= 2;","According to Statistics Canada's data, what are the two most recent inventory change values for natural gas storage in gigajoules or cubic metres reported for each province (Quebec, Alberta, Saskatchewan)?",success,47.494,2,,6636,1909,18.569,1,,4849,441,66.063
CAN,single-table,simple,true,323fc205-67ee-42ed-b41c-73528d698590,,e9ef505d-d5ce-4907-9ad9-40d1e29293fb,,Dataset,,,,"SELECT ""geo"", SUM(""value"") AS total_value FROM R GROUP BY ""geo""","What is the total value, across all supply and disposition categories such as opening inventory and marketable production, for each province or region in Canada, considering both gigajoules and cubic metres?",success,22.409,2,,5291,978,30.771,3,,8647,746,53.18
CAN,single-table,moderate,true,323fc205-67ee-42ed-b41c-73528d698590,,e9ef505d-d5ce-4907-9ad9-40d1e29293fb,,Dataset,,,,"SELECT ""i_ref_date_"", AVG(""value"") AS average_value FROM R WHERE ""unit_of_measure"" = 'gigajoules' GROUP BY ""i_ref_date_""",What is the average value of natural gas supply and disposition measured in gigajoules for each month across Canada according to Statistics Canada's data?,success,8.168,0,,2003,330,6.681,0,,2111,164,14.849
CAN,multi-table-join,challenging,true,f0ea2c6a-2f1f-4446-9e2f-b5e1731d75de,323fc205-67ee-42ed-b41c-73528d698590,4d44d14e-e2e3-41c4-b3d0-56b49f5eb0a4,e9ef505d-d5ce-4907-9ad9-40d1e29293fb,Dataset,Dataset,value,value,"SELECT R.""geo"", SUM(R.""value"") AS total_r_value, AVG(S.""value"") AS average_s_value FROM R JOIN S ON R.""dguid"" = S.""dguid"" AND R.""i_ref_date_"" = S.""i_ref_date_"" WHERE R.""i_ref_date_"" BETWEEN '2017-05' AND '2018-04' GROUP BY R.""geo"", R.""i_ref_date_"" ORDER BY total_r_value DESC",Which Canadian provinces had the highest total changes in natural gas inventory and what were their average supply and disposition values between May 2017 and April 2018? Please provide the results ordered by the total inventory change value in descending order.,success,10.46,0,,3677,358,9.027,0,,3427,191,19.487000000000002
CAN,single-table,moderate,true,b7d78fd0-14a4-48c5-92d5-9dc189baf429,,c95a2ad5-f62a-43d6-8678-80a617b6200e,,CSB_Court_Finder_Listing_for_BC_Oct2016,,,,"SELECT region_name, COUNT(*) AS number_of_places FROM R GROUP BY region_name ORDER BY number_of_places DESC;","According to the Government of British Columbia's Court Locations data, which region in BC has the most court sites?",success,6.66,0,,2384,254,12.814,1,,5355,297,19.474
CAN,single-table,challenging,true,b7d78fd0-14a4-48c5-92d5-9dc189baf429,,c95a2ad5-f62a-43d6-8678-80a617b6200e,,CSB_Court_Finder_Listing_for_BC_Oct2016,,,,"WITH RankedCourts AS ( SELECT *, ROW_NUMBER() OVER (PARTITION BY city ORDER BY latitude) as row_num FROM R ) SELECT * FROM RankedCourts WHERE row_num = 1;","In British Columbia, for each city, which court location appears first when sorted by latitude according to the Court Locations data?",success,6.791,0,,2546,250,6.546,0,,2628,153,13.337
CAN,single-table,simple,true,29da6da0-4dee-486d-81c8-2e261d7c165b,,d402af4e-30b2-4ae2-842e-ad20c6b55144,,fy-concluded cases-5-yr-location-report-dashboard-2019-20-to-2023-24,,,,"SELECT court_region, COUNT(*) AS number_of_locations FROM R GROUP BY court_region;","How many locations are there in each court region for concluded criminal cases, as reported in the 5 Year Location Report by Government of British Columbia?",success,5.478,0,,1924,234,12.487,1,,4630,305,17.965
CAN,multi-table-join,simple,true,b7d78fd0-14a4-48c5-92d5-9dc189baf429,29da6da0-4dee-486d-81c8-2e261d7c165b,c95a2ad5-f62a-43d6-8678-80a617b6200e,d402af4e-30b2-4ae2-842e-ad20c6b55144,CSB_Court_Finder_Listing_for_BC_Oct2016,fy-concluded cases-5-yr-location-report-dashboard-2019-20-to-2023-24,placemark_name,court_location_description,"SELECT DISTINCT R.""placemark_name"", S.""court_location_description"" FROM R JOIN S ON LOWER(R.""placemark_name"") = LOWER(S.""court_location_description"") LIMIT 10;","According to the Government of British Columbia's data, which unique court locations in British Columbia have matching names (case-insensitively) between the October 2016 Court Finder Listing and the concluded cases location report dashboard for fiscal years 2019-20 to 2023-24?",success,27.904,2,,9156,974,35.749,2,,13069,720,63.653000000000006
CAN,multi-table-join,moderate,true,b7d78fd0-14a4-48c5-92d5-9dc189baf429,29da6da0-4dee-486d-81c8-2e261d7c165b,c95a2ad5-f62a-43d6-8678-80a617b6200e,d402af4e-30b2-4ae2-842e-ad20c6b55144,CSB_Court_Finder_Listing_for_BC_Oct2016,fy-concluded cases-5-yr-location-report-dashboard-2019-20-to-2023-24,placemark_name,court_location_description,"SELECT R.""placemark_name"", S.""court_region_description"", COUNT(*) AS ""case_count"" FROM R JOIN S ON LOWER(R.""placemark_name"") = LOWER(S.""court_location_description"") GROUP BY R.""placemark_name"", S.""court_region_description"" ORDER BY ""case_count"" DESC LIMIT 5;",Which court locations in British Columbia have had the highest number of concluded cases across different regions over the last five years? Please provide the top 5 locations along with their respective regions.,success,10.578,0,,3962,341,7.938,0,,4146,168,18.516
CAN,multi-table-join,challenging,true,b7d78fd0-14a4-48c5-92d5-9dc189baf429,29da6da0-4dee-486d-81c8-2e261d7c165b,c95a2ad5-f62a-43d6-8678-80a617b6200e,d402af4e-30b2-4ae2-842e-ad20c6b55144,CSB_Court_Finder_Listing_for_BC_Oct2016,fy-concluded cases-5-yr-location-report-dashboard-2019-20-to-2023-24,placemark_name,court_location_description,"SELECT R.""placemark_name"", S.""fiscal_year_long_dsc"", AVG(CAST(REPLACE(S.""concluded_court_cases"", ',', '') AS INTEGER)) AS ""avg_concluded_cases"" FROM R JOIN S ON LOWER(R.""placemark_name"") = LOWER(S.""court_location_description"") GROUP BY R.""placemark_name"", S.""fiscal_year_long_dsc"" ORDER BY ""avg_concluded_cases"" DESC LIMIT 10;",What are the top 10 court locations in British Columbia with the highest average number of concluded cases per fiscal year for Provincial Court criminal cases? Please provide the location names along with their corresponding fiscal years.,success,10.587,0,,4131,341,8.695,0,,4202,183,19.282
CAN,single-table,simple,true,b28b56d5-3d62-45b2-8528-07f4b9005305,,51c45cfe-abad-4167-bafb-bad108e13cf1,,Organization Summary,,,,"SELECT iorganization, vote FROM R WHERE description LIKE '%expenditures%'",Which organizations and votes have entries where the description includes any type of expenditures as detailed in the Estimates publication?,success,6.39,0,,1390,312,24.688,3,,7094,615,31.078
CAN,single-table,moderate,true,b28b56d5-3d62-45b2-8528-07f4b9005305,,51c45cfe-abad-4167-bafb-bad108e13cf1,,Organization Summary,,,,"SELECT iorganization, SUM(CAST(REPLACE(""2023_24_main_estimates"", ',', '') AS FLOAT)) AS total_2023_24_estimates FROM R GROUP BY iorganization",What is the total amount of the 2023-24 main estimates for each organization listed in the Treasury Board's Estimates publication?,success,7.802,0,,1445,317,6.57,0,,1746,158,14.372
CAN,single-table,challenging,true,b28b56d5-3d62-45b2-8528-07f4b9005305,,51c45cfe-abad-4167-bafb-bad108e13cf1,,Organization Summary,,,,"SELECT ""vote"", SUM(CAST(REPLACE(""2023_24_main_estimates"", ',', '') AS FLOAT)) AS total_estimates FROM R GROUP BY ""vote""",How much are the total 2023-24 main estimates for each vote across different programs and outcomes as detailed in the Treasury Board's Estimates publication?,success,22.356,2,,4515,947,6.197,0,,1796,147,28.553
CAN,single-table,moderate,true,1dd4628f-a323-4a21-b461-2ac6d354f713,,506539d5-e635-49ff-a70e-2ca4f7d59c88,,Organization Summary,,,,"SELECT ""iorganization"", SUM(""2021_22_expenditures"") AS total_expenditures FROM R GROUP BY ""iorganization"" ORDER BY total_expenditures DESC;",Which organization had the highest total expenditures in 2021-22 according to the Government Expenditure Plan? Could you list them in order from highest to lowest spending?,success,14.351,1,,3021,616,6.35,0,,1856,154,20.701
CAN,single-table,challenging,true,1dd4628f-a323-4a21-b461-2ac6d354f713,,506539d5-e635-49ff-a70e-2ca4f7d59c88,,Organization Summary,,,,"WITH CleanedEstimates AS ( SELECT ""iorganization"", ""vote"", ""description"", ""2021_22_expenditures"", REPLACE(""2022_23_main_estimates"", ',', '')::FLOAT AS ""2022_23_main_estimates_float"", REPLACE(""2022_23_estimates_to_date"", ',', '')::FLOAT AS ""2022_23_estimates_to_date_float"", REPLACE(""2023_24_main_estimates"", ',', '')::FLOAT AS ""2023_24_main_estimates_float"" FROM R ), RankedExpenditures AS ( SELECT *, ROW_NUMBER() OVER (PARTITION BY ""vote"" ORDER BY ""2021_22_expenditures"" DESC) as rn FROM CleanedEstimates ) SELECT * FROM RankedExpenditures WHERE rn = 1;","Which organization had the highest expenditures in 2021-22 for each vote category according to the Government Expenditure Plan, and how do their main estimates compare across the years 2022-23, 2022-23 (estimates to date), and 2023-24?",success,12.784,0,,1714,506,10.718,0,,2199,237,23.502000000000002
CAN,multi-table-join,simple,true,b28b56d5-3d62-45b2-8528-07f4b9005305,1dd4628f-a323-4a21-b461-2ac6d354f713,51c45cfe-abad-4167-bafb-bad108e13cf1,506539d5-e635-49ff-a70e-2ca4f7d59c88,Organization Summary,Organization Summary,iorganization,iorganization,"SELECT R.iorganization, R.vote AS vote_R, S.vote AS vote_S FROM R JOIN S ON R.iorganization = S.iorganization",Which organizations have votes listed in both the Treasury Board of Canada Secretariat's Government Expenditure Plan and Main Estimates publications? And can you show me the specific vote numbers for each publication?,success,6.517,0,,2355,237,7.203,0,,2862,163,13.72
CAN,multi-table-join,moderate,true,b28b56d5-3d62-45b2-8528-07f4b9005305,1dd4628f-a323-4a21-b461-2ac6d354f713,51c45cfe-abad-4167-bafb-bad108e13cf1,506539d5-e635-49ff-a70e-2ca4f7d59c88,Organization Summary,Organization Summary,iorganization,iorganization,"SELECT R.""iorganization"", SUM(R.""2022_23_expenditures"") AS total_2022_23_R, SUM(S.""2021_22_expenditures"") AS total_2021_22_S FROM R JOIN S ON R.""iorganization"" = S.""iorganization"" GROUP BY R.""iorganization""",How do the total expenditures for each organization in 2022-23 compare to their total expenditures in 2021-22 according to the Government Expenditure Plan and Main Estimates provided by the Treasury Board of Canada Secretariat?,success,33.106,2,,6619,1210,7.643,0,,2950,166,40.749
CAN,multi-table-join,challenging,true,b28b56d5-3d62-45b2-8528-07f4b9005305,1dd4628f-a323-4a21-b461-2ac6d354f713,51c45cfe-abad-4167-bafb-bad108e13cf1,506539d5-e635-49ff-a70e-2ca4f7d59c88,Organization Summary,Organization Summary,iorganization,iorganization,"SELECT R.""iorganization"", R.""description"", SUM(CAST(REPLACE(R.""2023_24_main_estimates"", ',', '') AS FLOAT)) AS total_2023_24_R, SUM(CAST(REPLACE(S.""2022_23_main_estimates"", ',', '') AS FLOAT)) AS total_2022_23_S FROM R JOIN S ON R.""iorganization"" = S.""iorganization"" GROUP BY R.""iorganization"", R.""description"" HAVING COUNT(*) > 1","How do the main estimates for fiscal year 2023-24 compare with those of 2022-23 for organizations that appear in both the Treasury Board's expenditure plans and their detailed budget breakdowns? Please provide the total amounts for each fiscal year, grouped by organization and description.",success,9.672,0,,2638,349,9.585,0,,3027,202,19.257
CAN,single-table,challenging,true,ef6d4302-d9ff-4cc5-a7aa-9521d644a4e5,,8b2b29bc-2d50-d060-6c8d-4e8dacb5acfd,,[ARCHIVED] Census Long Form Income Median Average Income by Household (CSV Excel (EU)),,,,"SELECT ""data_group1"", AVG(CAST(REPLACE(""percent_change_1996___2006"", ',', '') AS FLOAT)) AS avg_percent_change FROM R WHERE ""data_group1"" IN ('average income', 'median income') GROUP BY ""data_group1"";","According to the archived Community Counts from the Government of Nova Scotia, what is the average percentage change in median and average household income between 1996 and 2006 for different types of households in Nova Scotia?",success,19.586,1,,3093,847,17.143,1,,4574,395,36.729
CAN,single-table,moderate,true,e8c8dc3a-ae89-4959-bf53-cda82242a571,,e7c7a2cc-5b9e-a8e5-3847-02a9e0cdf526,,[ARCHIVED] Census Long Form Income Household Income by Income Groups (CSV Excel (EU)),,,,"SELECT ""geog_name"", AVG(""1996___%"") AS avg_1996_percentage, AVG(""2006___%"") AS avg_2006_percentage FROM R GROUP BY ""geog_name"";","According to the archived Census Long Form data from Government of Nova Scotia, what are the average percentages of households in each specific income group for 1996 and 2006 within various communities in Nova Scotia?",success,7.289,0,,1862,297,22.561,2,,7126,525,29.85
CAN,multi-table-join,moderate,true,ef6d4302-d9ff-4cc5-a7aa-9521d644a4e5,e8c8dc3a-ae89-4959-bf53-cda82242a571,8b2b29bc-2d50-d060-6c8d-4e8dacb5acfd,e7c7a2cc-5b9e-a8e5-3847-02a9e0cdf526,[ARCHIVED] Census Long Form Income Median Average Income by Household (CSV Excel (EU)),[ARCHIVED] Census Long Form Income Household Income by Income Groups (CSV Excel (EU)),geog_name,geog_name,"SELECT R.geog_name, AVG(CAST(REPLACE(R.""1996___."", ',', '') AS FLOAT)) AS avg_1996, SUM(S.""2001___%"") AS total_2001_percent FROM R JOIN S ON R.geog_name = S.geog_name GROUP BY R.geog_name;","According to the archived Community Counts information for Nova Scotia, what were the average household incomes in 1996 from the data on median and average household income by household structure, and the total percentages of households by income groups in 2001 from the data on household income before tax by income group, aggregated for each geographic area?",success,8.822,0,,2960,297,46.967,3,,14994,996,55.789
CAN,multi-table-join,challenging,true,ef6d4302-d9ff-4cc5-a7aa-9521d644a4e5,e8c8dc3a-ae89-4959-bf53-cda82242a571,8b2b29bc-2d50-d060-6c8d-4e8dacb5acfd,e7c7a2cc-5b9e-a8e5-3847-02a9e0cdf526,[ARCHIVED] Census Long Form Income Median Average Income by Household (CSV Excel (EU)),[ARCHIVED] Census Long Form Income Household Income by Income Groups (CSV Excel (EU)),geog_name,geog_name,"SELECT R.geog_name, MAX(CAST(REPLACE(R.""2006___."", ',', '') AS FLOAT)) - MIN(CAST(REPLACE(S.""1996___."", ',', '') AS FLOAT)) AS max_min_diff FROM R JOIN S ON R.geog_name = S.geog_name GROUP BY R.geog_name HAVING COUNT(*) > 1 ORDER BY max_min_diff DESC LIMIT 3;","Which Nova Scotia communities show the largest difference between their highest household income in 2006 and their lowest household income in 1996, based on data from Government of Nova Scotia's archived Community Counts? Please provide the top three communities.",success,11.508,0,,3107,392,8.264,0,,3559,175,19.772
CAN,single-table,simple,true,a2eab780-658f-3c33-ad52-d4abee692f87,,7fbb2662-391a-4df7-99b4-3343fa68fc93,,Data - Mortality events - English,,,,SELECT * FROM R WHERE licence_holder = 'cermaq canada';,"Could you provide details on all mortality events reported by Cermaq Canada at their salmon farming sites, as part of the fish health monitoring conducted by Fisheries and Oceans Canada?",success,5.564,0,,1942,230,28.573,3,,9913,683,34.137
CAN,single-table,moderate,true,a2eab780-658f-3c33-ad52-d4abee692f87,,7fbb2662-391a-4df7-99b4-3343fa68fc93,,Data - Mortality events - English,,,,"SELECT facility_reference_number, COUNT(*) AS incident_count FROM R GROUP BY facility_reference_number ORDER BY incident_count DESC;",Which salmon aquaculture facility has reported the most mortality events according to the data monitored by Fisheries and Oceans Canada in British Columbia?,success,5.653,0,,1917,240,6.214,0,,2433,151,11.867
CAN,single-table,challenging,true,a2eab780-658f-3c33-ad52-d4abee692f87,,7fbb2662-391a-4df7-99b4-3343fa68fc93,,Data - Mortality events - English,,,,"SELECT site_common_name, COUNT(*) AS recent_incidents FROM R WHERE CAST(iincident_date AS DATE) > '2021-01-01' GROUP BY site_common_name ORDER BY recent_incidents DESC;","Could you tell me which salmon farming sites in British Columbia have had the most reported mortality events since the beginning of 2021, as part of the fish health monitoring by Fisheries and Oceans Canada?",success,20.458,1,,3852,780,7.322,0,,2540,172,27.779999999999998
CAN,single-table,simple,true,876db537-b246-38e4-b658-8a2ef8879fc8,,700fe290-7653-49e1-b961-741dc1ead924,,Data - Salmon transfers and maintaining fish health at British Columbia salmon farms 2015 and ongoing - English,,,,"SELECT ""licensed_species"", COUNT(*) FROM R GROUP BY ""licensed_species""","How many times does each type of salmon species appear in the fish transfers and health management activities at British Columbia salmon farms, as overseen by Fisheries and Oceans Canada (DFO), related to salmon farming and fish health?",success,6.604,0,,2989,229,37.968,3,,13441,845,44.572
CAN,single-table,moderate,true,876db537-b246-38e4-b658-8a2ef8879fc8,,700fe290-7653-49e1-b961-741dc1ead924,,Data - Salmon transfers and maintaining fish health at British Columbia salmon farms 2015 and ongoing - English,,,,"SELECT ""transfer_licence_holder"", AVG(""source_latitude""), AVG(""destination_latitude"") FROM R GROUP BY ""transfer_licence_holder""","What are the average source and destination latitudes for fish transfers managed by each licence holder in British Columbia's salmon farms, as part of Fisheries and Oceans Canada's oversight on aquaculture activities?",success,7.026,0,,3044,248,8.588,0,,3300,191,15.613999999999999
CAN,single-table,challenging,true,876db537-b246-38e4-b658-8a2ef8879fc8,,700fe290-7653-49e1-b961-741dc1ead924,,Data - Salmon transfers and maintaining fish health at British Columbia salmon farms 2015 and ongoing - English,,,,"WITH SpeciesCount AS (     SELECT ""transfer_licence_holder"", COUNT(DISTINCT ""licensed_species"") AS unique_species_count     FROM R     GROUP BY ""transfer_licence_holder"" ) SELECT *, ROW_NUMBER() OVER (ORDER BY unique_species_count DESC) as rank FROM SpeciesCount;","Which licence holders in British Columbia are managing the most diverse types of salmon species at their farms, as part of Fisheries and Oceans Canada's oversight on fish health and aquaculture activities?",success,19.961,1,,5424,736,7.31,0,,3442,161,27.270999999999997
CAN,multi-table-join,moderate,true,a2eab780-658f-3c33-ad52-d4abee692f87,876db537-b246-38e4-b658-8a2ef8879fc8,7fbb2662-391a-4df7-99b4-3343fa68fc93,700fe290-7653-49e1-b961-741dc1ead924,Data - Mortality events - English,Data - Salmon transfers and maintaining fish health at British Columbia salmon farms 2015 and ongoing - English,longitude,destination_longitude,"SELECT R.""iincident_date"", S.""transfer_licence_start_date"", R.""species"", S.""licensed_species"" FROM R JOIN S ON R.""longitude"" = S.""destination_longitude"" WHERE R.""species"" = 'atlantic salmon (salmo salar)';",When did mortality events involving Atlantic Salmon occur at locations where transfers of Atlantic Salmon were also planned or executed? Can you provide the dates of these mortality events alongside the start dates of the transfer licences for these specific locations in British Columbia's salmon farms?,success,9.922,0,,4515,301,8.637,0,,4979,171,18.559
CAN,multi-table-join,challenging,true,a2eab780-658f-3c33-ad52-d4abee692f87,876db537-b246-38e4-b658-8a2ef8879fc8,7fbb2662-391a-4df7-99b4-3343fa68fc93,700fe290-7653-49e1-b961-741dc1ead924,Data - Mortality events - English,Data - Salmon transfers and maintaining fish health at British Columbia salmon farms 2015 and ongoing - English,longitude,destination_longitude,"SELECT R.""iincident_date"", S.""transfer_licence_start_date"", R.""species"", S.""licensed_species"", COUNT(*) OVER (PARTITION BY R.""longitude"") AS ""count_same_longitude"" FROM R JOIN S ON R.""longitude"" = S.""destination_longitude"" WHERE R.""probable_cause_or_diagnosis"" LIKE '%algae%' ORDER BY R.""iincident_date"" DESC","Which salmon mortality events related to algae issues have occurred at locations that also had fish transfers or maintaining health activities in British Columbia's salmon farms? Please provide details on the event date, transfer start date, species involved in both events, and how many other events happened at the same longitude, sorted by the most recent mortality event first.",success,11.618,0,,4670,363,9.357,0,,5046,187,20.975
CAN,single-table,challenging,true,ed192bc8-06ff-4544-a1e0-2807fcf103ae,,a36bbbde-bedc-4d09-87d2-8b87aae44ce8,,Dataset,,,,"WITH RankedValues AS ( SELECT geo, educational_attainment_level, value, ROW_NUMBER() OVER (PARTITION BY geo ORDER BY value DESC) as rn FROM R WHERE sex = 'both sexes' ) SELECT geo, educational_attainment_level, value FROM RankedValues WHERE rn <= 3;",What are the top three levels of educational attainment for both sexes in each region according to Statistics Canada's data on individuals aged 25 to 64 years?,success,8.253,0,,2182,316,6.56,0,,2555,155,14.812999999999999
CAN,single-table,simple,true,1fbe1747-73ac-47a0-8597-1f9e28dc8a0d,,37100b26-044b-45f4-b39d-5422015826af,,Dataset,,,,"SELECT geo, COUNT(*) FROM R WHERE sex = 'both sexes' GROUP BY geo;","According to Statistics Canada | Statistique Canada, how many instances related to employment statistics in the context of education and the labour market are there for each region in Canada where both sexes were considered?",success,5.785,0,,2100,231,30.898,3,,9264,739,36.683
CAN,single-table,moderate,true,1fbe1747-73ac-47a0-8597-1f9e28dc8a0d,,37100b26-044b-45f4-b39d-5422015826af,,Dataset,,,,"SELECT educational_attainment_level, AVG(value) AS average_value FROM R WHERE status IS NULL AND sex = 'females' GROUP BY educational_attainment_level;","According to Statistics Canada | Statistique Canada, what is the average employment rate for females across different educational attainment levels in the context of education and the labour market?",success,5.786,0,,2160,231,5.852,0,,2270,143,11.638
CAN,single-table,challenging,true,1fbe1747-73ac-47a0-8597-1f9e28dc8a0d,,37100b26-044b-45f4-b39d-5422015826af,,Dataset,,,,"WITH RankedValues AS ( SELECT *, ROW_NUMBER() OVER (PARTITION BY geo, age_group ORDER BY value DESC) as rn FROM R WHERE status IS NULL ) SELECT geo, age_group, educational_attainment_level, MAX(value) as max_value FROM RankedValues WHERE rn = 1 GROUP BY geo, age_group, educational_attainment_level","According to Statistics Canada | Statistique Canada, what is the highest employment rate for each age group and region in Canada, broken down by educational attainment level, considering both sexes?",success,8.286,0,,2275,309,6.963,0,,2413,166,15.248999999999999
CAN,single-table,moderate,true,d10f7835-75ed-4962-b4f7-634605f67681,,3baf60cc-8441-ac1b-e7ca-32c98b7555bb,,NAFO fishing division 4T sentinel trawl survey dataset,,,,"SELECT AVG(""weight_caught__poids_pris""), ""gear__equipement"" FROM R GROUP BY ""gear__equipement""",What is the average weight caught for each type of fishing gear used during the NAFO fishing division 4T sentinel trawl surveys in the southern Gulf of St. Lawrence?,success,5.991,0,,2431,237,8.008,0,,2651,185,13.998999999999999
CAN,single-table,challenging,true,d10f7835-75ed-4962-b4f7-634605f67681,,3baf60cc-8441-ac1b-e7ca-32c98b7555bb,,NAFO fishing division 4T sentinel trawl survey dataset,,,,"WITH CruiseData AS ( SELECT *, CAST(CONCAT(CAST(""year__annee"" AS INT), '-', LPAD(CAST(""month__mois"" AS TEXT), 2, '0'), '-', LPAD(CAST(""day__jour"" AS TEXT), 2, '0')) AS DATE) AS ""cruise_date"", (""start_hour__heure_de_depart"" + ""start_minute__minute_de_depart"" / 60.0) AS ""start_time_decimal"" FROM R ) SELECT ""gear__equipement"", COUNT(*) AS ""total_catches"", SUM(""number_caught__quantite__attrape"") AS ""total_quantity_caught"", AVG(""weight_caught__poids_pris"") AS ""average_weight_caught"", MAX(""cruise_date"") AS ""latest_cruise_date"" FROM CruiseData GROUP BY ""gear__equipement"" HAVING COUNT(*) > 1 ORDER BY ""total_quantity_caught"" DESC;","Which fishing gear was used most frequently in the NAFO fishing division 4T sentinel trawl surveys conducted in the southern Gulf of St. Lawrence, and what is the total quantity caught, average weight caught, and date of the latest survey for each type of gear? Please exclude any gears that were only used once.",success,12.327,0,,2678,477,9.019,0,,3084,203,21.346
CAN,single-table,simple,true,50cfb3b3-0ca6-472c-96b0-048f2b81a123,,929fe07f-ab8e-4b3c-8ee3-1aa7a9ea0b1a,,Mobile gear catches,,,,"SELECT scientific_name, catch_weight FROM R WHERE category = 'all catch';","Which species of fish in the Gulf of St. Lawrence sentinel fisheries program have been categorized as 'all catch', and what were their respective catch weights?",success,6.019,0,,2180,237,6.582,0,,2658,157,12.600999999999999
CAN,single-table,moderate,true,50cfb3b3-0ca6-472c-96b0-048f2b81a123,,929fe07f-ab8e-4b3c-8ee3-1aa7a9ea0b1a,,Mobile gear catches,,,,"SELECT source_info, AVG(catch_weight) AS average_catch_weight FROM R GROUP BY source_info HAVING COUNT(*) > 1;","What is the average catch weight for each source of information in the sentinel fisheries program in the Gulf of St. Lawrence, considering only those sources that appear more than once in the data?",success,6.079,0,,2225,240,6.877,0,,2753,156,12.956
CAN,single-table,challenging,true,50cfb3b3-0ca6-472c-96b0-048f2b81a123,,929fe07f-ab8e-4b3c-8ee3-1aa7a9ea0b1a,,Mobile gear catches,,,,"SELECT scientific_name, SUM(catch_weight) AS total_catch_weight, ROW_NUMBER() OVER (PARTITION BY category ORDER BY SUM(catch_weight) DESC) as rank FROM R GROUP BY scientific_name, category","In the sentinel fisheries program for the Gulf of St. Lawrence, which species have been caught and what is the total weight of their catches for each category? Could you also rank these species within their categories based on their total catch weights?",success,10.061,0,,2310,378,7.069,0,,2869,160,17.13
CAN,multi-table-join,simple,true,d10f7835-75ed-4962-b4f7-634605f67681,50cfb3b3-0ca6-472c-96b0-048f2b81a123,3baf60cc-8441-ac1b-e7ca-32c98b7555bb,929fe07f-ab8e-4b3c-8ee3-1aa7a9ea0b1a,NAFO fishing division 4T sentinel trawl survey dataset,Mobile gear catches,latin_name__nom_latin,scientific_name,"SELECT R.*, S.* FROM R JOIN S ON R.latin_name__nom_latin = S.scientific_name","How does the catch data for fish species like Atlantic sea poacher (Leptagonus decagonus) or American plaice (Hippoglossoides platessoides), collected during the August sentinel surveys in the southern Gulf of St. Lawrence, compare with the mobile gear catches data from Fisheries and Oceans Canada's sentinel fisheries program? Specifically, I'm interested in details like weight caught, number of individuals, and survey information for these species.",success,10.231,0,,4275,300,9.796,0,,4631,201,20.027
CAN,multi-table-join,challenging,true,d10f7835-75ed-4962-b4f7-634605f67681,50cfb3b3-0ca6-472c-96b0-048f2b81a123,3baf60cc-8441-ac1b-e7ca-32c98b7555bb,929fe07f-ab8e-4b3c-8ee3-1aa7a9ea0b1a,NAFO fishing division 4T sentinel trawl survey dataset,Mobile gear catches,latin_name__nom_latin,scientific_name,"SELECT R.""latin_name__nom_latin"", S.""scientific_name"", COUNT(S.""seq_capture"") AS capture_count FROM R JOIN S ON R.""latin_name__nom_latin"" = S.""scientific_name"" GROUP BY R.""latin_name__nom_latin"", S.""scientific_name"" ORDER BY capture_count DESC LIMIT 10;","Which species, identified by their scientific names, have been caught most frequently in both the NAFO fishing division 4T sentinel trawl survey and the mobile gear catches surveys? I'm particularly interested in the top 10 species based on the number of captures. This information could help understand which species are commonly found in the Gulf of St. Lawrence according to Fisheries and Oceans Canada's research.",success,36.382,2,,10342,1192,10.101,0,,4707,205,46.483
CAN,single-table,simple,true,a14c03d5-f94d-4c2f-8442-1701bdb9b176,,1e82a563-2fe0-60ee-0d37-9afa822ebb32,,[ARCHIVED] Census Population - Selected Age Groups (CSV Excel),,,,"SELECT ""data_group1"", ""data_group2"" FROM R WHERE ""data_group1"" = 'total reporting' AND ""data_group2"" = 'total';",What are the labels of the data groups and subgroups where the data group is specifically labeled as 'total reporting' and the subgroup is 'total'?,success,29.996,3,,7930,1213,30.831,3,,10975,705,60.827
CAN,single-table,moderate,true,a14c03d5-f94d-4c2f-8442-1701bdb9b176,,1e82a563-2fe0-60ee-0d37-9afa822ebb32,,[ARCHIVED] Census Population - Selected Age Groups (CSV Excel),,,,"SELECT ""geog_name"", AVG(""1991___%"") AS avg_1991_percentage, AVG(""2001___%"") AS avg_2001_percentage FROM R GROUP BY ""geog_name"";",What were the average percentages for population in 1991 and 2001 for each community listed in the archived Census Population data?,success,7.266,0,,2465,266,8.28,0,,2660,181,15.546
CAN,single-table,challenging,true,a14c03d5-f94d-4c2f-8442-1701bdb9b176,,1e82a563-2fe0-60ee-0d37-9afa822ebb32,,[ARCHIVED] Census Population - Selected Age Groups (CSV Excel),,,,"SELECT ""data_group1"", ""data_group2"", SUM(CASE WHEN ""1991___%"" > 50 THEN 1 ELSE 0 END) AS count_above_50_1991, SUM(CASE WHEN ""2001___%"" > 50 THEN 1 ELSE 0 END) AS count_above_50_2001 FROM R GROUP BY ""data_group1"", ""data_group2"" HAVING COUNT(*) > 1 ORDER BY count_above_50_1991 DESC, count_above_50_2001 DESC;","How many times did the percentage of population exceed 50% in both 1991 and 2001 for each age group category (such as 'total reporting') and subgroup (like 'female' or 'male') within the archived Census Population data for Nova Scotia, considering only those categories with more than one entry?",success,10.361,0,,2609,363,34.401,2,,9398,752,44.762
CAN,single-table,moderate,true,556f7d22-a020-4caa-b79c-921030d80aaa,,73ea37ae-1801-2027-8380-c0013cd9de7b,,[ARCHIVED] Census Household Living Arrangements (CSV Excel (EU)),,,,"SELECT ""data_group1"", AVG(""2001___%"") AS average_2001_percentage FROM R GROUP BY ""data_group1""",What are the average percentages for different living arrangements in 2001 according to the archived Community Counts data from the Government of Nova Scotia?,success,7.641,0,,2219,293,6.225,0,,2539,145,13.866
CAN,single-table,challenging,true,556f7d22-a020-4caa-b79c-921030d80aaa,,73ea37ae-1801-2027-8380-c0013cd9de7b,,[ARCHIVED] Census Household Living Arrangements (CSV Excel (EU)),,,,"WITH RankedData AS ( SELECT ""icom_id"", ""geog_name"", ""data_group1"", ""data_group1_order"", ""percent_change_2001___2011"", RANK() OVER (PARTITION BY ""data_group1"" ORDER BY ""percent_change_2001___2011"" DESC) as rank FROM R ) SELECT * FROM RankedData WHERE rank <= 3","According to the archived Community Counts data from the Government of Nova Scotia, which three living arrangements experienced the highest percentage change between 2001 and 2011?",success,8.333,0,,2339,316,6.868,0,,2614,153,15.201
CAN,single-table,simple,true,aa43aae7-e1fe-4469-8139-f798c6483ca1,,ce070089-de7c-4fe8-b5f6-74b361a3311b,,fy-session-hours-5-yr-location-report-dashboard-2019-20-to-2023-24,,,,"SELECT court_region, COUNT(*) AS number_of_courts FROM R GROUP BY court_region;",How many courts are there in each court region according to the 5 Year Location Report?,success,6.069,0,,1837,248,28.871,3,,9241,693,34.94
CAN,single-table,moderate,true,aa43aae7-e1fe-4469-8139-f798c6483ca1,,ce070089-de7c-4fe8-b5f6-74b361a3311b,,fy-session-hours-5-yr-location-report-dashboard-2019-20-to-2023-24,,,,"SELECT ""court_level"", AVG(REPLACE(""session_hours"", ',', '')::FLOAT) AS average_session_hours FROM R WHERE ""session_hours"" IS NOT NULL GROUP BY ""court_level"";",What is the average number of session hours for each level of court across different locations in British Columbia as reported in the 5 Year Location Report by the Government of British Columbia?,success,15.45,1,,3472,683,6.479,0,,2207,157,21.929
CAN,single-table,challenging,true,aa43aae7-e1fe-4469-8139-f798c6483ca1,,ce070089-de7c-4fe8-b5f6-74b361a3311b,,fy-session-hours-5-yr-location-report-dashboard-2019-20-to-2023-24,,,,"WITH RankedCourts AS (SELECT *, ROW_NUMBER() OVER (PARTITION BY court_region ORDER BY CAST(REPLACE(session_hours, ',', '') AS FLOAT) DESC) as rn FROM R WHERE session_hours IS NOT NULL) SELECT court_region, court_location, session_hours FROM RankedCourts WHERE rn = 1;",Which location within each court region has the highest number of session hours according to the 5 Year Location Report by the Government of British Columbia?,success,6.68,0,,2017,270,7.333,0,,2324,179,14.013
CAN,single-table,moderate,true,36c21e40-8e77-466b-882c-3e0fa47be88c,,f1a210b6-9105-4873-b376-65da8a811ded,,fy-documents-filed-5-yr-location-report-dashboard-2019-20-to-2023-24,,,,"SELECT ""court_level_description"", AVG(CASE WHEN ""documents_filed"" != '' AND ""documents_filed"" ~ '^[0-9]+$' THEN CAST(""documents_filed"" AS FLOAT) ELSE NULL END) AS avg_documents_filed FROM R GROUP BY ""court_level_description"";","What is the average number of civil documents filed per year for each court level in British Columbia between 2019-20 and 2023-24, as reported in the Government of British Columbia's Courts Dashboard?",success,30.202,2,,5662,1293,24.242,2,,7370,550,54.444
CAN,multi-table-join,challenging,true,aa43aae7-e1fe-4469-8139-f798c6483ca1,36c21e40-8e77-466b-882c-3e0fa47be88c,ce070089-de7c-4fe8-b5f6-74b361a3311b,f1a210b6-9105-4873-b376-65da8a811ded,fy-session-hours-5-yr-location-report-dashboard-2019-20-to-2023-24,fy-documents-filed-5-yr-location-report-dashboard-2019-20-to-2023-24,court_location,court_location_description,"SELECT R.court_location, AVG(CAST(REPLACE(R.session_hours, ',', '') AS FLOAT)) AS avg_session_hours, COUNT(DISTINCT S.documents_filed) AS unique_documents FROM R JOIN S ON R.court_location = S.court_location_description GROUP BY R.court_location HAVING COUNT(DISTINCT S.documents_filed) > 1","In the context of the Government of British Columbia's court data, for each court location where more than one unique type of document has been filed across different years, what is the average number of session hours reported?",success,9.166,0,,3527,295,29.764,2,,11773,643,38.93
CAN,single-table,simple,true,ccc130ad-4051-4dec-bf41-7ac42cf0d544,,2669732a-eea8-4360-b81e-e5b27c4c207d,,Red Meat and Poultry Products 2020-2021,,,,"SELECT * FROM R WHERE ""country_of_origin_//_pays_d'origine"" = 'canada';",Retrieve details on all red meat and poultry products sampled under the National Microbiological Monitoring Program that originated in Canada between 2020-2021.,success,6.907,0,,2665,252,15.793,1,,5549,354,22.7
CAN,single-table,moderate,true,ccc130ad-4051-4dec-bf41-7ac42cf0d544,,2669732a-eea8-4360-b81e-e5b27c4c207d,,Red Meat and Poultry Products 2020-2021,,,,"SELECT ""analysis_type_//_type_de_laanalyse"", COUNT(*) as count FROM R GROUP BY ""analysis_type_//_type_de_laanalyse"" ORDER BY count DESC;",Which types of microbial analyses were performed most frequently on red meat and poultry products as part of the National Microbiological Monitoring Program by the Canadian Food Inspection Agency?,success,6.835,0,,2601,260,7.923,0,,2718,185,14.758
CAN,single-table,challenging,true,ccc130ad-4051-4dec-bf41-7ac42cf0d544,,2669732a-eea8-4360-b81e-e5b27c4c207d,,Red Meat and Poultry Products 2020-2021,,,,"WITH LatestSamples AS (SELECT *, ROW_NUMBER() OVER (PARTITION BY ""i_commodity_//_produit_"", ""analysis_type_//_type_de_laanalyse"" ORDER BY CAST(REPLACE(""date_sampled_//_date_d'achantillonnage"", '/', '-') AS DATE) DESC) as rn FROM R) SELECT * FROM LatestSamples WHERE rn = 1;",What are the latest microbial analysis results for each type of red meat and poultry product sampled under the National Microbiological Monitoring Program by the Canadian Food Inspection Agency in 2020-2021?,success,7.967,0,,2857,291,7.574,0,,2875,168,15.541
CAN,single-table,moderate,true,f41de03d-a889-4a51-b2ff-b1b11ffe269f,,9bc139f8-df1e-40a5-8e6b-dc728e4ea72d,,Red Meat and Poultry Products 2021-2022,,,,"SELECT ""commodity_//_produit"", COUNT(*) as sample_count FROM R GROUP BY ""commodity_//_produit"" ORDER BY sample_count DESC;",Which red meat or poultry products from Canada have been sampled the most times for food safety testing under the National Microbiological Monitoring Program by the Canadian Food Inspection Agency?,success,6.711,0,,2578,258,14.284,1,,5805,325,20.995
CAN,multi-table-join,simple,true,ccc130ad-4051-4dec-bf41-7ac42cf0d544,f41de03d-a889-4a51-b2ff-b1b11ffe269f,2669732a-eea8-4360-b81e-e5b27c4c207d,9bc139f8-df1e-40a5-8e6b-dc728e4ea72d,Red Meat and Poultry Products 2020-2021,Red Meat and Poultry Products 2021-2022,country_of_origin_//_pays_d'origine,country_of_origin_//_pays_d'origine,"SELECT R.""country_of_origin_//_pays_d'origine"", COUNT(*) AS total_samples FROM R JOIN S ON R.""country_of_origin_//_pays_d'origine"" = S.""country_of_origin_//_pays_d'origine"" GROUP BY R.""country_of_origin_//_pays_d'origine""",How many samples from each country of origin were tested for food safety in both the 2020-2021 and 2021-2022 National Microbiological Monitoring Programs by the Canadian Food Inspection Agency?,success,11.728,0,,4991,327,9.871,0,,4736,194,21.599
CAN,multi-table-join,challenging,true,ccc130ad-4051-4dec-bf41-7ac42cf0d544,f41de03d-a889-4a51-b2ff-b1b11ffe269f,2669732a-eea8-4360-b81e-e5b27c4c207d,9bc139f8-df1e-40a5-8e6b-dc728e4ea72d,Red Meat and Poultry Products 2020-2021,Red Meat and Poultry Products 2021-2022,country_of_origin_//_pays_d'origine,country_of_origin_//_pays_d'origine,"SELECT R.""country_of_origin_//_pays_d'origine"", COUNT(DISTINCT R.""sample_plan_number_//_numaro_du_plan_d'achantillonnage"") AS unique_sample_plans, SUM(CASE WHEN R.""analysis_assessment_//_avaluation_de_l'analyse"" = 'satisfactory // satisfaisant' THEN 1 ELSE 0 END) AS satisfactory_count FROM R JOIN S ON R.""country_of_origin_//_pays_d'origine"" = S.""country_of_origin_//_pays_d'origine"" GROUP BY R.""country_of_origin_//_pays_d'origine"" ORDER BY unique_sample_plans DESC","For each country of origin, how many unique sample plans were conducted under the National Microbiological Monitoring Program for red meat and poultry products from 2020-2022? Also, provide the count of satisfactory assessments for these samples.",success,33.226,1,,9291,1018,21.325,1,,10102,422,54.551
CAN,single-table,simple,true,a978f0b4-07e7-4644-8ff8-6a6027749cc1,,c4936dd9-66d0-4044-a520-a479a475b403,,Dataset,,,,"SELECT geo, COUNT(*) FROM R WHERE farm_type = 'all farm types' GROUP BY geo;","According to Statistics Canada’s Agriculture–Population Linkage data for 2016, how many farm operators are classified as operating all types of farms in each geographic region?",success,8.655,0,,1907,384,32.131,3,,8552,754,40.786
CAN,single-table,challenging,true,a978f0b4-07e7-4644-8ff8-6a6027749cc1,,c4936dd9-66d0-4044-a520-a479a475b403,,Dataset,,,,"SELECT geo, farm_type, SUM(value) AS total_value, RANK() OVER (PARTITION BY geo ORDER BY SUM(value) DESC) as rank FROM R WHERE value > 0 GROUP BY geo, farm_type","According to Statistics Canada’s Agriculture–Population Linkage data for 2016, how many farm operators are there in each geographic region for different types of farms with a positive value, and what is their ranking within that region based on the total number of operators?",success,6.049,0,,2047,244,12.496,0,,2204,293,18.545
CAN,single-table,simple,true,dbfca4e3-8557-4a37-bc8f-12865e25156f,,96270a61-0de3-12f7-20b4-9288d18a63e1,,Inverness County Water Quality Data (CSV),,,,"SELECT waterbody, station FROM R WHERE latitude > 45.95;",Which stations in Inverness County are monitoring water quality at latitudes greater than 45.95 as part of the Coastal Monitoring Program?,success,6.763,0,,2502,243,6.438,0,,2666,145,13.201
CAN,single-table,moderate,true,dbfca4e3-8557-4a37-bc8f-12865e25156f,,96270a61-0de3-12f7-20b4-9288d18a63e1,,Inverness County Water Quality Data (CSV),,,,"SELECT waterbody, AVG(salinity_psu) AS avg_salinity FROM R GROUP BY waterbody HAVING COUNT(*) > 2;",What is the average salinity level in each water body from Inverness County where there are more than two data points collected as part of the Coastal Monitoring Program by CMAR?,success,9.362,0,,2547,337,8.093,0,,2760,184,17.455
CAN,single-table,simple,true,a3581089-2899-4405-afc2-08df3fdf49aa,,79955782-f175-f01f-36ce-5ee3248caa8a,,Colchester County Water Quality Data (CSV Excel (EU)),,,,"SELECT iwaterbody, station FROM R WHERE latitude > 45.7830 AND longitude < -63.2250;",Which water bodies and stations in Colchester County have a latitude greater than 45.7830 and a longitude less than -63.2250 according to the Coastal Monitoring Program data?,success,7.986,0,,2842,269,6.068,0,,2797,132,14.053999999999998
CAN,single-table,challenging,true,a6d5dbaf-8efb-44df-8f4b-59bfb6024cea,,6c757cd4-de4a-4468-8489-240ea1a1b97a,,Dataset,,,,"WITH RankedValues AS ( SELECT *, ROW_NUMBER() OVER (PARTITION BY ""geo"" ORDER BY ""value"" DESC) as rn FROM R ) SELECT ""geo"", ""north_american_industry_classification_system__naics_"", ""enterprise_size"", ""value"" FROM RankedValues WHERE rn = 1","Which region in Canada had the highest percentage of enterprises introducing new products or processes with environmental benefits, such as improved resource efficiency and renewable fuels, and what were the specific industry and enterprise size for these top-performing regions where the reported data status is 'e'?",success,6.817,0,,2294,276,17.413,1,,5443,404,24.23
CAN,multi-table-join,simple,true,a6d5dbaf-8efb-44df-8f4b-59bfb6024cea,b380ab66-98e6-4e71-a28e-c6b4bd557c02,6c757cd4-de4a-4468-8489-240ea1a1b97a,6a300cfe-0ffb-4e8a-996f-a72df2aa5139,Dataset,Dataset,north_american_industry_classification_system__naics_,north_american_industry_classification_system__naics_,"SELECT R.geo AS geo_r, S.geo AS geo_s, R.north_american_industry_classification_system__naics_, R.value AS value_r, S.value AS value_s FROM R JOIN S ON R.north_american_industry_classification_system__naics_ = S.north_american_industry_classification_system__naics_",How do the percentages of enterprises introducing product innovations with environmental benefits from production through efficient use of resources compare to those introducing new or improved goods across different regions in Canada for the same industry classifications? Please consider data from Statistics Canada for this comparison.,success,9.41,0,,3909,290,8.383,0,,4116,178,17.793
CAN,multi-table-join,moderate,true,a6d5dbaf-8efb-44df-8f4b-59bfb6024cea,b380ab66-98e6-4e71-a28e-c6b4bd557c02,6c757cd4-de4a-4468-8489-240ea1a1b97a,6a300cfe-0ffb-4e8a-996f-a72df2aa5139,Dataset,Dataset,north_american_industry_classification_system__naics_,north_american_industry_classification_system__naics_,"SELECT R.geo AS geo_r, S.geo AS geo_s, R.north_american_industry_classification_system__naics_, AVG(R.value) AS avg_value_r, AVG(S.value) AS avg_value_s FROM R JOIN S ON R.north_american_industry_classification_system__naics_ = S.north_american_industry_classification_system__naics_ GROUP BY R.geo, S.geo, R.north_american_industry_classification_system__naics_","What are the average percentages of enterprises introducing environmental benefits from production through efficient use of resources in one region compared with those introducing product innovations in another region for the same industry sectors, as per Statistics Canada's data?",success,10.728,0,,4078,321,22.221,1,,8670,472,32.949
CAN,single-table,simple,true,dfa208e8-9243-4c38-a0b1-150423530de2,,4a1b260a-7ac4-4985-80a0-603bfe4aec11,,"[rounded numbers - not for calculations] Canada - Resettled Refugees by Province/Territory, Skill Level and Immigration Category (15 years old or older)",,,,"SELECT en_province_territory, COUNT(*) FROM R WHERE total != '--' GROUP BY en_province_territory;","How many resettled refugees are there in each province or territory, excluding cases where the numbers are suppressed (shown as '--'), based on data from Immigration, Refugees and Citizenship Canada?",success,6.223,0,,1464,283,29.189,3,,9186,707,35.412
CAN,single-table,moderate,true,dfa208e8-9243-4c38-a0b1-150423530de2,,4a1b260a-7ac4-4985-80a0-603bfe4aec11,,"[rounded numbers - not for calculations] Canada - Resettled Refugees by Province/Territory, Skill Level and Immigration Category (15 years old or older)",,,,"SELECT en_skill_level, AVG(CAST(REPLACE(total, ',', '') AS INTEGER)) AS average_total FROM R WHERE total != '--' GROUP BY en_skill_level;","What is the average number of resettled refugees for each skill level in provinces or territories where the numbers are not suppressed (not shown as '--'), according to Immigration, Refugees and Citizenship Canada's data?",success,5.395,0,,1525,247,6.161,0,,2215,152,11.556
CAN,single-table,challenging,true,dfa208e8-9243-4c38-a0b1-150423530de2,,4a1b260a-7ac4-4985-80a0-603bfe4aec11,,"[rounded numbers - not for calculations] Canada - Resettled Refugees by Province/Territory, Skill Level and Immigration Category (15 years old or older)",,,,"WITH ValidEntries AS ( SELECT *, CAST(REPLACE(total, ',', '') AS INTEGER) AS int_total FROM R WHERE total != '--' ), RankedEntries AS ( SELECT *, ROW_NUMBER() OVER (PARTITION BY en_province_territory ORDER BY int_total DESC) as rn FROM ValidEntries ) SELECT en_province_territory, en_skill_level, int_total FROM RankedEntries WHERE rn = 1;","Which province or territory has the highest number of resettled refugees for each skill level, excluding cases where the numbers are suppressed (shown as '--'), based on data from Immigration, Refugees and Citizenship Canada?",success,7.289,0,,1644,307,7.749,0,,2395,187,15.038
CAN,multi-table-join,simple,true,bbb998ec-e1a1-47f3-8e88-13fe0b68e04e,dfa208e8-9243-4c38-a0b1-150423530de2,01c85d28-2a81-4295-9c06-4af792a7c209,4a1b260a-7ac4-4985-80a0-603bfe4aec11,"[rounded numbers - not for calculations] Canada - Syrian Refugees by Province/Territory, Family Status and Immigration Category","[rounded numbers - not for calculations] Canada - Resettled Refugees by Province/Territory, Skill Level and Immigration Category (15 years old or older)",fr_province_territoire,fr_province_territoire,"SELECT R.fr_province_territoire, SUM(CAST(R.total AS INTEGER)) AS total_r, SUM(CAST(S.total AS INTEGER)) AS total_s FROM R JOIN S ON R.fr_province_territoire = S.fr_province_territoire WHERE R.total != '--' AND S.total != '--' GROUP BY R.fr_province_territoire;","What is the total number of resettled refugees and Syrian refugees, excluding entries with suppressed counts ('--'), for each province or territory in Canada? This information is provided by Immigration, Refugees and Citizenship Canada.",success,8.512,0,,2866,306,40.055,3,,16148,875,48.567
CAN,multi-table-join,challenging,true,bbb998ec-e1a1-47f3-8e88-13fe0b68e04e,dfa208e8-9243-4c38-a0b1-150423530de2,01c85d28-2a81-4295-9c06-4af792a7c209,4a1b260a-7ac4-4985-80a0-603bfe4aec11,"[rounded numbers - not for calculations] Canada - Syrian Refugees by Province/Territory, Family Status and Immigration Category","[rounded numbers - not for calculations] Canada - Resettled Refugees by Province/Territory, Skill Level and Immigration Category (15 years old or older)",fr_province_territoire,fr_province_territoire,"SELECT R.fr_province_territoire, MAX(CAST(R.total AS INTEGER)) - MIN(CAST(R.total AS INTEGER)) AS range_total_r, COUNT(DISTINCT S.en_skill_level) AS unique_skill_levels FROM R JOIN S ON R.fr_province_territoire = S.fr_province_territoire WHERE R.total != '--' AND S.total != '--' GROUP BY R.fr_province_territoire HAVING COUNT(DISTINCT S.en_skill_level) > 1;","Which Canadian province or territory, according to data from Immigration, Refugees and Citizenship Canada (IRCC), has a range in total resettled refugees between different immigration categories and more than one unique skill level reported for refugees aged 15 years or older? Please consider only provinces with available numerical data where both the total resettled refugees and the skill levels have non-suppressed values.",success,9.429,0,,3174,332,34.471,2,,12392,749,43.9
CAN,single-table,simple,true,cd531887-06f8-4911-b1e5-57bb454d2fc5,,7416eb43-d38e-453a-a643-7b93ed7c8a3b,,Dataset,,,,"SELECT geo, COUNT(*) FROM R WHERE i_ref_date_ = '2024-07' GROUP BY geo","How many business locations without employees were counted in each province of Canada as of July 2024, according to Statistics Canada's data on Canadian Business Counts?",success,5.65,0,,1761,237,6.238,0,,1851,152,11.888000000000002
CAN,single-table,moderate,true,cd531887-06f8-4911-b1e5-57bb454d2fc5,,7416eb43-d38e-453a-a643-7b93ed7c8a3b,,Dataset,,,,"SELECT geo, AVG(value) AS average_value FROM R WHERE i_ref_date_ = '2024-07' GROUP BY geo","What is the average number of business locations without employees in each province of Canada as of July 2024, based on Statistics Canada's Canadian Business Counts data?",success,6.146,0,,1818,250,6.185,0,,1924,149,12.331
CAN,single-table,challenging,true,cd531887-06f8-4911-b1e5-57bb454d2fc5,,7416eb43-d38e-453a-a643-7b93ed7c8a3b,,Dataset,,,,"SELECT geo, north_american_industry_classification_system__naics_, SUM(value) AS total_value, ROW_NUMBER() OVER (PARTITION BY geo ORDER BY SUM(value) DESC) as rank FROM R WHERE i_ref_date_ = '2024-07' GROUP BY geo, north_american_industry_classification_system__naics_","What is the total number of business locations without employees for each North American Industry Classification System (NAICS) sector in each Canadian province as of July 2024 according to Statistics Canada’s data on Canadian Business Counts, and how do these totals rank within their respective provinces?",success,7.327,0,,1921,290,36.553,3,,9101,861,43.879999999999995
CAN,single-table,simple,true,92cac274-8757-4c9a-bdc5-ce132c58f8f6,,b671d2e1-36bc-480e-b1db-57768408b331,,Dataset,,,,"SELECT geo, AVG(value) AS average_value FROM R WHERE i_ref_date_ = '2023-01' GROUP BY geo","What is the average number of businesses without employees in each province or territory for June 2023, according to Statistics Canada's data on Canadian Business Counts?",success,7.832,0,,1774,314,6.264,0,,1867,149,14.096
CAN,multi-table-union,moderate,true,cd531887-06f8-4911-b1e5-57bb454d2fc5,92cac274-8757-4c9a-bdc5-ce132c58f8f6,7416eb43-d38e-453a-a643-7b93ed7c8a3b,b671d2e1-36bc-480e-b1db-57768408b331,Dataset,Dataset,north_american_industry_classification_system__naics_,north_american_industry_classification_system__naics_,"SELECT ""geo"", ""scalar_id"", ""north_american_industry_classification_system__naics_"", ""uom_id"", ""i_ref_date_"", ""uom"", ""dguid"", ""value"", ""coordinate"", ""vector"", ""scalar_factor"", ""decimals"" FROM R WHERE ""value"" > 100 UNION SELECT ""geo"", ""scalar_id"", ""north_american_industry_classification_system__naics_"", ""uom_id"", ""i_ref_date_"", ""uom"", ""dguid"", ""value"", ""coordinate"", ""vector"", ""scalar_factor"", ""decimals"" FROM S WHERE ""value"" < 50","Which regions in Canada had more than 100 locations without employees for specific industries as of December 2024 or less than 50 such locations as of June 2023? Please provide details on the industry classification, units of measurement, reference dates, and other relevant information.",success,7.733,0,,1071,395,8.024,0,,3289,170,15.756999999999998
CAN,single-table,moderate,true,c2a30320-52f5-4048-9208-7a801b178d31,,0c6d52f3-3a8a-42d7-bb8d-d34520db7462,,Dataset,,,,"SELECT ""categories"", SUM(""value"") AS total_value FROM R GROUP BY ""categories"" ORDER BY total_value DESC","According to Statistics Canada's financial accounts data, which categories of assets or liabilities have the highest total values when summed up and sorted from highest to lowest?",success,7.107,0,,1992,293,29.726,3,,9048,717,36.833
CAN,single-table,challenging,true,c2a30320-52f5-4048-9208-7a801b178d31,,0c6d52f3-3a8a-42d7-bb8d-d34520db7462,,Dataset,,,,"SELECT ""geo"", ""valuation"", AVG(""value"") OVER (PARTITION BY ""geo"", ""valuation"") AS avg_value, ROW_NUMBER() OVER (ORDER BY ""value"" DESC) AS row_num FROM R WHERE ""i_ref_date_"" >= '1995-01' AND ""uom"" = 'dollars'","Based on Statistics Canada’s financial accounts data, what are the average values for different types of valuation in each region since January 1995, when measured in dollars, and how do these values rank from highest to lowest?",success,7.168,0,,1919,303,16.042,1,,4821,377,23.21
CAN,single-table,simple,true,9a997cf4-4660-42c4-a6b1-87b70e756c6c,,5e3bbc07-d2fe-41e6-82a7-39e9aecaa6ce,,Dataset,,,,"SELECT geo, valuation FROM R WHERE i_ref_date_ > 1990",What are the geographical areas and valuation types for financial data reported after 1990 in Statistics Canada's national balance sheet accounts?,success,5.402,0,,1763,229,6.257,0,,2059,151,11.658999999999999
CAN,single-table,moderate,true,9a997cf4-4660-42c4-a6b1-87b70e756c6c,,5e3bbc07-d2fe-41e6-82a7-39e9aecaa6ce,,Dataset,,,,"SELECT geo, AVG(value) AS average_value FROM R GROUP BY geo",What is the average value of financial assets for each geographical area as reported in Statistics Canada's national balance sheet accounts?,success,4.824,0,,1799,211,28.149,3,,9046,685,32.973
CAN,multi-table-join,challenging,true,c2a30320-52f5-4048-9208-7a801b178d31,9a997cf4-4660-42c4-a6b1-87b70e756c6c,0c6d52f3-3a8a-42d7-bb8d-d34520db7462,5e3bbc07-d2fe-41e6-82a7-39e9aecaa6ce,Dataset,Dataset,categories,categories,"SELECT R.categories, R.""i_ref_date_"", S.""i_ref_date_"", R.value AS value_R, S.value AS value_S, ROW_NUMBER() OVER (PARTITION BY R.categories ORDER BY R.""i_ref_date_"") as row_num FROM R JOIN S ON R.categories = S.categories","For each asset category in Statistics Canada's financial statements and performance data from 1961 to 2012, how do the book value and market value change over time? Please provide a list where each row is ranked by reference dates for each category, showing the earliest date first.",success,9.123,0,,3279,304,41.964,3,,15120,889,51.086999999999996
CAN,single-table,moderate,true,b945aade-92fc-458b-910f-39222e2157ae,,dfbd4d72-227a-2b59-4520-6f3158e028af,,[ARCHIVED] Fishing License Sellers (CSV),,,,"SELECT ""county"", COUNT(""licensed_vendor"") AS vendor_count FROM R GROUP BY ""county"" ORDER BY vendor_count DESC;","In Nova Scotia, which county has the highest number of places where I can buy a fishing license, and how many are there in total per county?",success,6.136,0,,1345,288,5.461,0,,1538,143,11.597000000000001
CAN,single-table,challenging,true,b945aade-92fc-458b-910f-39222e2157ae,,dfbd4d72-227a-2b59-4520-6f3158e028af,,[ARCHIVED] Fishing License Sellers (CSV),,,,"SELECT ""county"", ""licensed_vendor"", ROW_NUMBER() OVER (PARTITION BY ""county"" ORDER BY ""licensed_vendor"") as row_num FROM R WHERE ""license_type"" = 'fishing';","Could you list the fishing license vendors by county in Nova Scotia, ordering them alphabetically within each county and providing a numbered list for each one?",success,5.829,0,,1273,283,6.469,0,,1629,166,12.298
CAN,multi-table-join,moderate,true,b945aade-92fc-458b-910f-39222e2157ae,3d957919-e6e0-41a7-b0a1-b40f4ce6484f,dfbd4d72-227a-2b59-4520-6f3158e028af,fa7fe27c-0169-0f7e-e1f8-d2ffd6c9313e,[ARCHIVED] Fishing License Sellers (CSV),[ARCHIVED] Hunting License Sellers (CSV),licensed_vendor,licensed_vendor,"SELECT R.county AS county_r, S.county AS county_s, R.licensed_vendor, COUNT(*) AS total_addresses FROM R JOIN S ON R.licensed_vendor = S.licensed_vendor GROUP BY R.county, S.county, R.licensed_vendor","Which counties in Nova Scotia have the same vendors selling both fishing and hunting licenses, and how many addresses do these vendors have? Please provide the number of addresses for each vendor that appears in both lists.",success,8.784,0,,2008,349,7.298,0,,2422,176,16.082
CAN,multi-table-join,challenging,true,b945aade-92fc-458b-910f-39222e2157ae,3d957919-e6e0-41a7-b0a1-b40f4ce6484f,dfbd4d72-227a-2b59-4520-6f3158e028af,fa7fe27c-0169-0f7e-e1f8-d2ffd6c9313e,[ARCHIVED] Fishing License Sellers (CSV),[ARCHIVED] Hunting License Sellers (CSV),licensed_vendor,licensed_vendor,"SELECT R.""licensed_vendor"", R.""county"" AS county_r, S.""county"" AS county_s, COUNT(DISTINCT R.""mailing_address"") AS unique_mailing_addresses FROM R JOIN S ON R.""licensed_vendor"" = S.""licensed_vendor"" GROUP BY R.""licensed_vendor"", R.""county"", S.""county""","Which vendors sell both fishing and hunting licenses in Nova Scotia, and what are their respective counties for each type of license? Additionally, how many unique locations do these vendors have for selling fishing licenses?",success,39.982,3,,8059,1672,7.628,0,,2451,182,47.61
CAN,single-table,simple,true,b8293bbc-b5a9-47ba-a838-159132cd984b,,9f9501f3-8188-4386-87ba-50730a979044,,Subset 2 - 2022_2023 PSES open dataset - with labels,,,,SELECT * FROM R WHERE surveyr = 2022,What are the responses from employees in the 2022 Public Service Employee Survey (PSES) regarding various aspects of their workplace experiences?,success,5.882,0,,2771,210,6.302,0,,2925,139,12.184
CAN,single-table,moderate,true,b8293bbc-b5a9-47ba-a838-159132cd984b,,9f9501f3-8188-4386-87ba-50730a979044,,Subset 2 - 2022_2023 PSES open dataset - with labels,,,,"SELECT bycond, COUNT(*) AS response_count FROM R GROUP BY bycond ORDER BY response_count DESC",Which condition or demographic category had the most responses in the 2022/2023 Public Service Employee Survey (PSES) conducted by the Treasury Board of Canada Secretariat?,success,6.364,0,,2689,232,6.633,0,,3007,146,12.997
CAN,single-table,challenging,true,b8293bbc-b5a9-47ba-a838-159132cd984b,,9f9501f3-8188-4386-87ba-50730a979044,,Subset 2 - 2022_2023 PSES open dataset - with labels,,,,"WITH RankedAnswers AS ( SELECT level1_id, question, answer1, answer2, answer3, answer4, answer5, answer6, answer7, ROW_NUMBER() OVER (PARTITION BY question ORDER BY demcode DESC) as rn FROM R ) SELECT question, answer1, answer2, answer3, answer4, answer5, answer6, answer7 FROM RankedAnswers WHERE rn = 1","What were the top-ranked responses from employees in different demographic categories, such as age groups and lengths of service, regarding their workplace experiences in the 2022/2023 Public Service Employee Survey conducted by the Treasury Board of Canada Secretariat? The ranking is based on the most common demographic codes.",success,14.066,0,,2805,495,41.56,3,,13670,901,55.626000000000005
CAN,single-table,moderate,true,12d848dd-568d-41b6-8a78-09d898541f07,,4301f4bb-1daa-4b50-afab-d1193b5d2284,,Subset 2 - 2020 Public Service Employee Survey open dataset - with labels,,,,"SELECT surveyr, COUNT(*) AS num_questions FROM R GROUP BY surveyr ORDER BY num_questions DESC","Which year of the Public Service Employee Survey (2018, 2019, or 2020) has the most questions included in the survey?",success,8.174,0,,2822,297,6.642,0,,2966,144,14.815999999999999
CAN,single-table,moderate,true,f7ec2a58-0716-44dd-8f58-81664bf33834,,73602f89-08fc-435b-880b-691bfbe96123,,Activities outside Canada - Exported goods,,,,"SELECT form_id, AVG(item_value) AS average_item_value FROM R GROUP BY form_id HAVING COUNT(*) > 1;","Could you provide the average value of exported goods for each form type from Canadian registered charities, as reported through their T3010 forms to the Canada Revenue Agency, specifically focusing on activities outside Canada and exports to Ukraine ('ua'), but only if there is more than one entry for that form type?",success,4.953,0,,1395,234,23.627,2,,5847,565,28.58
CAN,single-table,challenging,true,f7ec2a58-0716-44dd-8f58-81664bf33834,,73602f89-08fc-435b-880b-691bfbe96123,,Activities outside Canada - Exported goods,,,,"WITH RankedItems AS ( SELECT *, ROW_NUMBER() OVER (PARTITION BY item_name ORDER BY item_value DESC) as rn FROM R ) SELECT item_name, MAX(item_value) as max_item_value FROM RankedItems WHERE rn = 1 GROUP BY item_name;","Which item exported by Canadian registered charities has the highest value for each category of goods, as reported through their T3010 forms to the Canada Revenue Agency under activities outside Canada?",success,6.904,0,,1480,303,6.734,0,,1981,160,13.638
CAN,single-table,moderate,true,4bfee7f1-1c4d-4c16-953b-2febefeb0c0a,,21118663-1847-48ce-81ce-1ac7cff674c0,,Activities outside Canada – Countries where program was carried,,,,"SELECT country, COUNT(*) AS form_count FROM R WHERE CAST(fpe AS DATE) BETWEEN '2019-01-01' AND '2019-12-31' GROUP BY country ORDER BY form_count DESC","Which countries had the most forms submitted by charities between January 1, 2019, and December 31, 2019, according to the data from the Canada Revenue Agency?",success,13.639,1,,2595,603,6.646,0,,1537,163,20.285
CAN,multi-table-join,simple,true,f7ec2a58-0716-44dd-8f58-81664bf33834,4bfee7f1-1c4d-4c16-953b-2febefeb0c0a,73602f89-08fc-435b-880b-691bfbe96123,21118663-1847-48ce-81ce-1ac7cff674c0,Activities outside Canada - Exported goods,Activities outside Canada – Countries where program was carried,country,country,"SELECT R.bn, R.fpe, R.form_id, R.""#"", R.item_name, R.item_value, R.destination, R.country, S.bn AS s_bn, S.fpe AS s_fpe, S.form_id AS s_form_id, S.""#"" AS s_number FROM R JOIN S ON R.country = S.country","Could you provide me with the business numbers, final period end dates, form IDs, item numbers, names of exported items, their values, destination locations, and country codes for goods exported by Canadian charities, along with the corresponding details about countries where these charities have carried out programs? This information would help in understanding the scope and financial aspects of charitable activities outside Canada.",success,8.455,0,,2082,337,31.016,2,,8595,705,39.471
CAN,single-table,challenging,true,e502f6d8-3f66-4d75-8d84-958dda40e90d,,1a51ebae-b940-42ca-8239-5ae971c26188,,Final Table 3 – Manitoba,,,,"SELECT item, poste, SUM(""grand_total/total_global_$__000_"") OVER (PARTITION BY poste) AS total_per_poste FROM R WHERE ""_tax_year/annee_d'imposition_____________"" = 2019","What is the total grand total for each category of income, such as employment and farming and fishing, in Manitoba for the tax year 2019 according to the Canada Revenue Agency's publication?",success,8.081,0,,3458,262,18.357,1,,6814,389,26.438
CAN,single-table,simple,true,4fd96580-55e6-4ebd-9591-4e6ee29a78c3,,c19edd5b-21fd-4a80-a533-b5e9c278ca98,,Final Table 3 – All returns by major source of income,,,,"SELECT ""item"", ""poste"" FROM R WHERE ""_tax_year/annee_d'imposition_____________"" = 2020",Could you show me the items and their French translations from the 'Final Statistics' publication by the Canada Revenue Agency for the 2020 tax year?,success,23.811,2,,8246,861,31.366,3,,14189,659,55.177
CAN,single-table,moderate,true,4fd96580-55e6-4ebd-9591-4e6ee29a78c3,,c19edd5b-21fd-4a80-a533-b5e9c278ca98,,Final Table 3 – All returns by major source of income,,,,"SELECT SUM(""grand_total/total_global_$__000_"") AS ""total_grand_total"" FROM R WHERE ""_tax_year/annee_d'imposition_____________"" = 2020",What is the total grand total in dollars for all items reported in the 2020 tax year according to the Canada Revenue Agency's Final Statistics publication?,success,39.024,3,,10987,1387,7.618,0,,3502,157,46.642
CAN,single-table,challenging,true,4fd96580-55e6-4ebd-9591-4e6ee29a78c3,,c19edd5b-21fd-4a80-a533-b5e9c278ca98,,Final Table 3 – All returns by major source of income,,,,"SELECT ""item"", AVG(""farming_and_fishing/agriculture_et_peche_$__000_"") AS avg_agriculture FROM R WHERE ""_tax_year/annee_d'imposition_____________"" = 2020 GROUP BY ""item"" HAVING AVG(""farming_and_fishing/agriculture_et_peche_$__000_"") > 500 ORDER BY avg_agriculture ASC;","Could you provide a list of items from the Canada Revenue Agency's 2020 tax year statistics where the average farming and fishing income exceeds $500,000? Please include the average farming and fishing income for each item in ascending order.",success,43.99,3,,11313,1511,8.46,0,,3667,175,52.45
CAN,single-table,moderate,true,115f569c-f627-4721-8a0a-5400443488f1,,2a4d089f-2923-4c8e-a726-fb3bd6783fb9,,Dataset,,,,"SELECT product, AVG(value) AS average_value FROM R WHERE geo IN ('ontario', 'new brunswick') GROUP BY product;","According to Statistics Canada's trade data on merchandise imports and exports under the 'national accounts and gross domestic product' category, what is the average value of trade flows for each product between Ontario and New Brunswick? Please group the results by product.",success,5.726,0,,1929,238,14.053,1,,4512,342,19.779
CAN,single-table,challenging,true,115f569c-f627-4721-8a0a-5400443488f1,,2a4d089f-2923-4c8e-a726-fb3bd6783fb9,,Dataset,,,,"WITH RankedValues AS ( SELECT *, ROW_NUMBER() OVER (PARTITION BY geo ORDER BY value DESC) as rn FROM R ) SELECT geo, product, value FROM RankedValues WHERE rn = 1;","Based on Statistics Canada's data on interprovincial and international trade flows, which product has the highest value of trade for each Canadian province or territory? Please provide the top product along with its trade value for each region.",success,5.938,0,,2002,246,6.445,0,,2274,157,12.383
CAN,single-table,simple,true,c49ace5f-6abc-464b-bbf9-44d7ec7ca4cb,,1bdef9f7-4c0d-489c-8619-b543e7800416,,Final Table 1 – General statement by province and territory of taxation,,,,"SELECT prov_e, COUNT(*) FROM R WHERE ""tax_year/annee_d'imposition"" = 2016 GROUP BY prov_e","How many tax returns were submitted by taxpayers in each province for the 2016 tax year, based on the income statistics from the Canada Revenue Agency?",success,7.017,0,,2326,257,21.553,2,,7427,499,28.57
CAN,single-table,moderate,true,c49ace5f-6abc-464b-bbf9-44d7ec7ca4cb,,1bdef9f7-4c0d-489c-8619-b543e7800416,,Final Table 1 – General statement by province and territory of taxation,,,,"SELECT ""prov_e"", AVG(""total_income_assessed__000,000_/revenu_total_etabli__000_000_"") AS avg_income FROM R WHERE ""tax_year/annee_d'imposition"" = 2016 GROUP BY ""prov_e""",What is the average total assessed income for each province in Canada in the 2016 tax year according to the Canada Revenue Agency's statistics?,success,7.096,0,,2415,266,6.974,0,,2446,162,14.07
CAN,single-table,challenging,true,c49ace5f-6abc-464b-bbf9-44d7ec7ca4cb,,1bdef9f7-4c0d-489c-8619-b543e7800416,,Final Table 1 – General statement by province and territory of taxation,,,,"SELECT ""prov_e"", AVG(""total_income_assessed__000,000_/revenu_total_etabli__000_000_"") AS avg_revenue, MAX(""net_federal_tax__000,000_/impot_federal_net__000_000_"") AS max_federal_tax FROM R WHERE ""tax_year/annee_d'imposition"" BETWEEN 2015 AND 2017 GROUP BY ""prov_e"" HAVING AVG(""total_income_assessed__000,000_/revenu_total_etabli__000_000_"") > 100 ORDER BY avg_revenue DESC LIMIT 5;","Which five provinces had an average total assessed income greater than $100 million between 2015 and 2017, ranked by their average revenue in descending order, and what were their highest federal taxes paid during that period according to the Canada Revenue Agency's income statistics?",success,30.058,2,,6375,1083,44.25,3,,11507,950,74.30799999999999
CAN,single-table,simple,true,a14ed234-6c99-4424-8ee6-71ac99a7097e,,db43ce04-e010-44f3-bb8b-11461dfc6996,,Final Table 01 – General statement by province and territory of taxation,,,,"SELECT prov_e, COUNT(*) FROM R WHERE ""tax_year/d'annee_d'imposition"" = 2015 GROUP BY prov_e",How many times does each province appear in the tax statistics for the year 2015 as reported by the Canada Revenue Agency?,success,6.376,0,,2322,249,12.142,1,,4825,286,18.518
CAN,single-table,moderate,true,a14ed234-6c99-4424-8ee6-71ac99a7097e,,db43ce04-e010-44f3-bb8b-11461dfc6996,,Final Table 01 – General statement by province and territory of taxation,,,,"SELECT ""prov_e"", AVG(""total_income_assessed__000,000_/revenu_total_etabli__000_000_"") AS avg_income FROM R WHERE ""tax_year/d'annee_d'imposition"" = 2015 GROUP BY ""prov_e""",What is the average total income assessed for each province in Canada's tax statistics for the year 2015 according to the Canada Revenue Agency?,success,7.377,0,,2415,277,9.463,0,,2428,212,16.84
CAN,single-table,moderate,true,1dbf16a3-a8c3-49be-82f5-8f86e6c89744,,8e4fbdda-f73e-4c49-b0f3-79b86d4a81fb,,General information,,,,"SELECT ""fpe"", COUNT(*) AS total_records, AVG(""program_#1_%"") AS avg_program_1_percentage FROM R WHERE ""program_#1_code"" IS NOT NULL GROUP BY ""fpe"" ORDER BY total_records DESC;","For each filing period end date, how many registered charities have submitted their forms with at least one reported activity percentage, and what is the average of these percentages for their primary program? Please list this information in descending order based on the number of charities.",success,8.765,0,,2814,314,7.796,0,,2843,180,16.561
CAN,single-table,moderate,true,f7230b2e-8368-4a97-bd20-bb1724d0cfc7,,8bcaa58a-8b30-4ae7-bc18-c5dca00e3528,,Dataset,,,,"SELECT geo, AVG(value) AS average_value FROM R WHERE i_ref_date_ >= 2000.0 GROUP BY geo","What is the average debt or percentage value for postsecondary graduates in each province or region since the year 2000, according to Statistics Canada's data on student financial assistance and debt?",success,5.818,0,,2084,232,7.295,0,,2285,175,13.113
CAN,single-table,challenging,true,f7230b2e-8368-4a97-bd20-bb1724d0cfc7,,8bcaa58a-8b30-4ae7-bc18-c5dca00e3528,,Dataset,,,,"SELECT geo, level_of_study, statistics, value, ROW_NUMBER() OVER (PARTITION BY geo ORDER BY i_ref_date_) AS row_num FROM R WHERE i_ref_date_ >= 2000.0","How has the average debt owed at graduation or other statistics related to postsecondary graduates' financial situation changed over time for different levels of study in each province since the year 2000 according to Statistics Canada's data? Provide the geographic location, level of study, type of statistic, and value reported, ordered by reference date within each province.",success,5.984,0,,2176,238,19.869,1,,5221,459,25.853
CAN,single-table,simple,true,d4722edd-e904-4bbd-92d8-ea854fc09907,,7803563a-d2e5-47dc-8ad6-984be99609fb,,Dataset,,,,"SELECT geo, COUNT(*) FROM R WHERE level_of_study = 'doctorate' GROUP BY geo;","According to Statistics Canada | Statistique Canada, how many postsecondary doctorate graduates in each province or territory owed government-sponsored student loans at graduation?",success,5.694,0,,2185,231,28.107,3,,9462,682,33.801
CAN,single-table,moderate,true,d4722edd-e904-4bbd-92d8-ea854fc09907,,7803563a-d2e5-47dc-8ad6-984be99609fb,,Dataset,,,,"SELECT field_of_study, AVG(value) AS average_value FROM R WHERE status = 'a' AND value IS NOT NULL GROUP BY field_of_study;","According to Statistics Canada | Statistique Canada, what is the average percentage or dollar amount of government-sponsored student debt for postsecondary graduates across different fields of study, considering only valid data entries (status = 'a') with no missing values?",success,6.481,0,,2244,256,37.82,3,,10104,899,44.301
CAN,single-table,challenging,true,d4722edd-e904-4bbd-92d8-ea854fc09907,,7803563a-d2e5-47dc-8ad6-984be99609fb,,Dataset,,,,"WITH RankedValues AS ( SELECT *, ROW_NUMBER() OVER (PARTITION BY geo ORDER BY value DESC) as rn FROM R WHERE value IS NOT NULL ) SELECT geo, field_of_study, MAX(value) as max_value FROM RankedValues WHERE rn = 1 GROUP BY geo, field_of_study","According to Statistics Canada | Statistique Canada, what is the highest value of government-sponsored student debt for postsecondary graduates in each geographic area, grouped by field of study, excluding any null values?",success,6.817,0,,2340,268,6.505,0,,2471,158,13.322
CAN,single-table,simple,true,fafd0f8e-cc56-42c0-a5bd-ab63502ebd88,,1faeefeb-b613-1568-9618-022242bf3238,,[ARCHIVED] Census Long Form Major Field of Study 2006 (CSV),,,,"SELECT ""data_group_order"", ""geog_name"", ""total___%"" FROM R WHERE ""total___%"" > 50","According to the [ARCHIVED] Census Long Form Major Field of Study 2006 data published by Government of Nova Scotia | Gouvernment de la Nouvelle-Écosse, which geographic areas in Nova Scotia had a total percentage over 50% for any major field of study and what were their respective order numbers within those fields?",success,18.804,2,,4750,843,36.507,3,,9527,853,55.31099999999999
CAN,single-table,moderate,true,fafd0f8e-cc56-42c0-a5bd-ab63502ebd88,,1faeefeb-b613-1568-9618-022242bf3238,,[ARCHIVED] Census Long Form Major Field of Study 2006 (CSV),,,,"SELECT ""year"", AVG(""female___."") AS avg_female, AVG(""male___."") AS avg_male FROM R GROUP BY ""year""","For each year in the [ARCHIVED] Census Long Form Major Field of Study data by Government of Nova Scotia | Gouvernment de la Nouvelle-Écosse, what were the average numbers of females and males across all major fields of study?",success,5.592,0,,1813,253,37.815,3,,10178,901,43.407
CAN,single-table,challenging,true,fafd0f8e-cc56-42c0-a5bd-ab63502ebd88,,1faeefeb-b613-1568-9618-022242bf3238,,[ARCHIVED] Census Long Form Major Field of Study 2006 (CSV),,,,"WITH RankedData AS ( SELECT *, ROW_NUMBER() OVER (PARTITION BY ""geog_name"" ORDER BY ""total___%"" DESC) as rn FROM R ) SELECT * FROM RankedData WHERE rn = 1","According to the [ARCHIVED] Census Long Form Major Field of Study 2006 data published by Government of Nova Scotia | Gouvernment de la Nouvelle-Écosse, which major field of study had the highest total percentage for each geographic area in Nova Scotia?",success,6.371,0,,1932,273,8.108,0,,2484,195,14.479000000000001
CAN,multi-table-join,moderate,true,b76cea14-12de-4275-ad34-a52d8243893c,d094964c-32c6-4e52-b1be-e9cf82686b1a,eaaef3a6-1100-fa3b-5c05-f4b97b0fab1e,a9103f31-f16b-a7a2-d056-68a685155c22,2021 - Combined Supplier and Grant Payments (CSV Excel),2021 - Supplier and Grant Payments by Department (CSV Excel),isupplier_name_/_nom_du_fournisseur,supplier_name_/_nom_du_fournisseur,"SELECT R.""isupplier_name_/_nom_du_fournisseur"", S.""idepartment_/_minista_re"" FROM R INNER JOIN S ON R.""isupplier_name_/_nom_du_fournisseur"" = S.""supplier_name_/_nom_du_fournisseur"" WHERE R.""isupplier_name_/_nom_du_fournisseur"" = 'bridges brothers ltd';","Which department received payments or grants from Bridges Brothers Ltd in the fiscal year ended March 31, 2021, according to the Government of New Brunswick's supplier lists?",success,42.612,3,,8099,1759,6.904,0,,2438,160,49.516000000000005
CAN,single-table,moderate,true,198219ba-1459-4837-9897-436ec25378c2,,78c11d5b-2fe4-457e-9fae-67dca5640af2,,Dataset,,,,"SELECT expenditure_categories, SUM(value * POWER(10, decimals)) AS total_expenditure FROM R WHERE geo = 'united states' GROUP BY expenditure_categories;","According to Statistics Canada's national accounts and gross domestic product data, what is the total adjusted expenditure for each category in the United States between 1981 and 1998, where the adjustment is made by multiplying the value with 10 raised to the power of its respective decimal places?",success,5.611,0,,1921,237,27.303,2,,7443,631,32.914
CAN,single-table,challenging,true,198219ba-1459-4837-9897-436ec25378c2,,78c11d5b-2fe4-457e-9fae-67dca5640af2,,Dataset,,,,"WITH RankedValues AS ( SELECT *, ROW_NUMBER() OVER (PARTITION BY geo ORDER BY i_ref_date_ DESC) as rn FROM R ) SELECT geo, AVG(value) AS average_recent_value FROM RankedValues WHERE rn = 1 GROUP BY geo;","According to Statistics Canada's economic accounts data, what is the average most recent value for each country in the comparisons made between Canada and the United States from 1981 to 1998?",success,9.062,0,,2003,356,6.478,0,,2448,152,15.54
CAN,single-table,simple,true,feebccc6-1eaf-4a5b-83e7-a3b468a912b8,,b1974f49-da37-4783-8705-97bfe6720a2c,,Children's Food Project - 2020 Data,,,,SELECT * FROM R WHERE region___region ILIKE 'atlantic' AND (origin ILIKE 'Canada%' OR origin ILIKE 'United States%');,"Can you show me the details of children's food samples collected in the Atlantic region that were either imported from Canada or the United States, focusing on their compliance with Canadian standards for chemical residues?",success,35.658,3,,8853,1392,34.393,3,,10266,819,70.051
CAN,single-table,moderate,true,feebccc6-1eaf-4a5b-83e7-a3b468a912b8,,b1974f49-da37-4783-8705-97bfe6720a2c,,Children's Food Project - 2020 Data,,,,"SELECT commodity, AVG(amount) AS average_amount FROM R WHERE STRPTIME(date_sampled__date_dechantillonage, '%d-%b-%y') >= STRPTIME('20-oct-20', '%d-%b-%y') GROUP BY commodity HAVING COUNT(*) > 1;","What are the average levels of chemical residues in different types of children's foods sampled after October 20th, 2020, as part of the Canadian Food Inspection Agency’s Children's Food Project, where there is more than one sample per food category?",success,27.579,2,,6184,1065,39.586,3,,10887,905,67.16499999999999
CAN,single-table,simple,true,35516ebc-f2f1-4e4b-9843-f57e8fa36ce6,,e4194282-102a-40ec-ac4c-0ce20e9a33cf,,"Pesticides and Metals in Selected Foods - April 1, 2018 to March 31, 2019",,,,SELECT * FROM R WHERE region___region = 'quebec';,"Can you show me the details of grain, nut, seed, and vegetable-based products tested for pesticides and metals in Quebec during the period from April 1, 2018 to March 31, 2019?",success,6.067,0,,2615,231,7.085,0,,2762,160,13.152000000000001
CAN,single-table,moderate,true,35516ebc-f2f1-4e4b-9843-f57e8fa36ce6,,e4194282-102a-40ec-ac4c-0ce20e9a33cf,,"Pesticides and Metals in Selected Foods - April 1, 2018 to March 31, 2019",,,,"SELECT origin, COUNT(*) as sample_count FROM R GROUP BY origin ORDER BY sample_count DESC;","Which country or region provided the most grain, nut, seed, and vegetable-based products that were tested for pesticides and metals by the Canadian Food Inspection Agency between April 1, 2018, and March 31, 2019?",success,6.262,0,,2483,239,7.926,0,,2868,176,14.187999999999999
CAN,single-table,challenging,true,35516ebc-f2f1-4e4b-9843-f57e8fa36ce6,,e4194282-102a-40ec-ac4c-0ce20e9a33cf,,"Pesticides and Metals in Selected Foods - April 1, 2018 to March 31, 2019",,,,"WITH LatestSamples AS ( SELECT *, ROW_NUMBER() OVER (PARTITION BY product ORDER BY STRPTIME(date_sampled__date_dechantillonage, '%d-%b-%y') DESC) as rn FROM R ) SELECT product, origin, date_sampled__date_dechantillonage, component, max_of_amount FROM LatestSamples WHERE rn = 1;","Could you provide the most recent test results for pesticides and metals in various grain, nut, seed, and vegetable-based products, including details such as product type, origin, testing date, specific components tested, and maximum residue levels found?",success,22.731,1,,4704,850,8.168,0,,3075,185,30.899
CAN,multi-table-join,moderate,true,feebccc6-1eaf-4a5b-83e7-a3b468a912b8,35516ebc-f2f1-4e4b-9843-f57e8fa36ce6,b1974f49-da37-4783-8705-97bfe6720a2c,e4194282-102a-40ec-ac4c-0ce20e9a33cf,Children's Food Project - 2020 Data,"Pesticides and Metals in Selected Foods - April 1, 2018 to March 31, 2019",component,component,"SELECT R.component, AVG(R.amount) AS avg_amount, MAX(S.max_of_amount) AS max_max_of_amount FROM R JOIN S ON R.component = S.component GROUP BY R.component","What are the average amounts of chemical residues found in each component of children's foods sampled in the 2020 CFP project, and how do these compare to the highest residue levels detected for the same components in grain, nut/seed, and vegetable-based products tested by the Canadian Food Inspection Agency between April 1, 2018, and March 31, 2019?",success,12.239,0,,4200,263,37.52,2,,14245,763,49.759
CAN,multi-table-join,challenging,true,feebccc6-1eaf-4a5b-83e7-a3b468a912b8,35516ebc-f2f1-4e4b-9843-f57e8fa36ce6,b1974f49-da37-4783-8705-97bfe6720a2c,e4194282-102a-40ec-ac4c-0ce20e9a33cf,Children's Food Project - 2020 Data,"Pesticides and Metals in Selected Foods - April 1, 2018 to March 31, 2019",component,component,"SELECT R.component, R.amount, S.max_of_amount, ROW_NUMBER() OVER (PARTITION BY R.component ORDER BY R.amount DESC) as rank FROM R JOIN S ON R.component = S.component","How do the levels of specific chemical components found in samples of children’s foods collected as part of a 2020 food safety project compare to the maximum levels detected in grain, nut/seed, and vegetable-based products tested between April 1, 2018, and March 31, 2019? Please provide a ranking based on the amounts found in the children's food samples, considering both domestic and imported items.",success,19.041,0,,4284,269,56.826,3,,19176,1166,75.867
CAN,single-table,simple,true,e308f6cd-6fe3-4e56-9a30-740fac5c6f55,,500ac62f-bd20-4e14-ade5-ba9f4fc3cf78,,Listing of Transfer payments,,,,"SELECT ""organization"" FROM R WHERE CAST(REPLACE(""amount"", ',', '') AS DOUBLE) > 1000000;","Which federal organizations received transfer payments exceeding $1,000,000 according to the Supplementary Estimates?",success,14.492,1,,2044,677,6.208,0,,1573,149,20.700000000000003
CAN,single-table,moderate,true,e308f6cd-6fe3-4e56-9a30-740fac5c6f55,,500ac62f-bd20-4e14-ade5-ba9f4fc3cf78,,Listing of Transfer payments,,,,"SELECT ""organization"", SUM(CAST(REPLACE(""amount"", ',', '') AS DOUBLE)) AS total_amount FROM R GROUP BY ""organization"" HAVING total_amount > 5000000;","Which federal organizations have received total transfer payments over $5,000,000 based on the Supplementary Estimates provided by the Treasury Board of Canada Secretariat?",success,5.273,0,,1021,263,6.903,0,,1650,165,12.175999999999998
CAN,single-table,challenging,true,e308f6cd-6fe3-4e56-9a30-740fac5c6f55,,500ac62f-bd20-4e14-ade5-ba9f4fc3cf78,,Listing of Transfer payments,,,,"WITH AvgAmounts AS (     SELECT ""organization"", AVG(CAST(REPLACE(""amount"", ',', '') AS DOUBLE)) AS avg_amount     FROM R     GROUP BY ""organization"" ) SELECT *, ROW_NUMBER() OVER (ORDER BY avg_amount DESC) AS row_num FROM AvgAmounts;","Which federal organizations have the highest average transfer payments according to the Supplementary Estimates, and how do they rank in terms of these averages?",success,27.175,2,,4107,1197,5.336,0,,1750,137,32.511
CAN,single-table,simple,true,2d6af7ca-0063-4ce8-a50f-1a273adf196e,,fc6ba156-a167-4abd-b172-d1293efebe55,,Estimates - Expenditure Authorities by Vote (Sub-annual),,,,"SELECT ""organization"", ""vote_type"" FROM R WHERE ""i_fy_ef_"" = 2019.0 AND ""organization"" = 'department of veterans affairs'",What type of vote was used by the Department of Veterans Affairs for their financial data in 2019?,success,16.05,1,,2490,738,13.108,1,,3817,317,29.158
CAN,single-table,moderate,true,2d6af7ca-0063-4ce8-a50f-1a273adf196e,,fc6ba156-a167-4abd-b172-d1293efebe55,,Estimates - Expenditure Authorities by Vote (Sub-annual),,,,"SELECT ""organization"", SUM(""authorities"") AS total_authorities FROM R GROUP BY ""organization"" ORDER BY total_authorities DESC","According to the financial data in the Public Accounts of Canada, which organization has received the highest total amount of expenditure authorities across all votes and documents?",success,5.061,0,,1314,246,14.496,1,,3953,356,19.557000000000002
CAN,single-table,challenging,true,2d6af7ca-0063-4ce8-a50f-1a273adf196e,,fc6ba156-a167-4abd-b172-d1293efebe55,,Estimates - Expenditure Authorities by Vote (Sub-annual),,,,"WITH RankedVotes AS ( SELECT ""organization"", ""vote_type"", ""i_fy_ef_"", RANK() OVER (PARTITION BY ""organization"" ORDER BY ""authorities"" DESC) as rank FROM R ) SELECT ""organization"", ""vote_type"", ""i_fy_ef_"" FROM RankedVotes WHERE rank = 1","For each organization in a specific fiscal year, which vote type had the highest expenditure authorities according to the financial data in the Public Accounts of Canada?",success,10.575,0,,1413,451,30.078,3,,8475,731,40.653
CAN,single-table,moderate,true,a7a58b04-e091-4e6e-b468-c24f2618c6ac,,b18d19c9-f0d4-455b-b3eb-4cc38d6a3c53,,Dairy Products - FCT (CCHS 2004),,,,"SELECT ""food_group_name"", avg(CAST(""all_person_consumption_intake_g_per_person_mean"" AS FLOAT)) AS average_consumption FROM R WHERE ""all_person_consumption_intake_g_per_person_mean"" ~ '^[0-9]+(\.[0-9]+)?$' GROUP BY ""food_group_name""","According to the Canadian Community Health Survey (CCHS) 2004 data from Health Canada, what is the average daily intake in grams per person for each type of dairy product where the mean consumption value is a valid number?",success,38.741,3,,10095,1465,27.371,2,,9948,607,66.112
CAN,single-table,simple,true,4500b2e4-0d89-457d-8a57-65b08addb830,,a9c18c37-b7b9-48ce-ac1d-b40a65bafa9e,,Dairy Products - FCT (2015 CCHS Nutrition),,,,"SELECT food_group_name, AVG(CAST(REPLACE(all_person_consumption_intake_g_per_person_mean, ' e', '') AS FLOAT)) AS avg_consumption FROM R WHERE sex = 'male' AND age = '31-50 years' AND all_person_consumption_intake_g_per_person_mean != 'f' GROUP BY food_group_name ORDER BY avg_consumption DESC LIMIT 1;",Which dairy product do men aged 31-50 years consume the most on average per person in grams based on the 2015 Canadian Community Health Survey Nutrition data from Health Canada?,success,19.471,1,,5431,701,8.345,0,,3204,179,27.816000000000003
CAN,single-table,challenging,true,4500b2e4-0d89-457d-8a57-65b08addb830,,a9c18c37-b7b9-48ce-ac1d-b40a65bafa9e,,Dairy Products - FCT (2015 CCHS Nutrition),,,,"SELECT food_group_name, age, AVG(CAST(REPLACE(all_person_consumption_intake_g_per_person_p50, ' e', '') AS FLOAT)) OVER (PARTITION BY food_group_name, age) AS avg_p50_consumption FROM R WHERE all_person_consumption_intake_g_per_person_p50 != 'f' AND all_person_consumption_intake_g_per_person_p50 != '.' ORDER BY food_group_name, age, avg_p50_consumption DESC;","What are the average daily dairy product intakes per person in grams for different age groups based on the 2015 Canadian Community Health Survey Nutrition data from Health Canada? Exclude entries marked as 'f' or '.', and order the results by product type, age group, and average intake in descending order.",success,12.067,0,,3383,401,20.196,1,,7311,436,32.263000000000005
CAN,multi-table-union,simple,true,a7a58b04-e091-4e6e-b468-c24f2618c6ac,4500b2e4-0d89-457d-8a57-65b08addb830,b18d19c9-f0d4-455b-b3eb-4cc38d6a3c53,a9c18c37-b7b9-48ce-ac1d-b40a65bafa9e,Dairy Products - FCT (CCHS 2004),Dairy Products - FCT (2015 CCHS Nutrition),food_group_name,food_group_name,SELECT * FROM R UNION SELECT * FROM S,"How has the daily intake of dairy products changed between 2004 and 2015 for different age groups and genders according to the Canadian Community Health Survey conducted by Health Canada? Please include details on various types of dairy products like milk, cheese, and ice cream.",success,5.45,0,,1116,265,9.2,0,,5367,177,14.649999999999999
CAN,single-table,moderate,true,8bc5bc0c-81d1-4d52-ae41-a8e6f95a72cf,,90115b00-f9b8-49e8-afa3-b4cff8facaee,,"Canada - Post-Secondary by P/T of Designated Learning Institution Type, Citizenship and Year in which permit(s) became effective",,,,"SELECT SUM(CAST(REPLACE(total, ',', '') AS INTEGER)) AS total_sum, en_dli_province_territory FROM R WHERE en_year = 2019 AND total != '--' AND total ~ '^[0-9]+$' GROUP BY en_dli_province_territory;","How many study permit holders were there in each province or territory of Canada in 2019 according to Immigration, Refugees and Citizenship Canada (IRCC), where the total number is explicitly provided as a numeric value and not suppressed? Could you provide a summary by province or territory?",success,39.52,3,,8114,1561,37.963,3,,11142,871,77.483
CAN,single-table,moderate,true,c880fd29-9adf-4c82-9d93-a2d4486810e8,,1755e048-956b-78ae-5852-38c97138b2b9,,Municipal Fiscal Statistics - Financial Condition Indicators (CSV Excel (EU)),,,,"SELECT ""iregion"", AVG(""reliance_on_government_transfers"") AS avg_reliance FROM R GROUP BY ""iregion""",What is the average reliance on government transfers for each region in Nova Scotia municipalities as indicated by their Financial Condition Indicators?,success,6.729,0,,2476,269,27.96,3,,10300,667,34.689
CAN,single-table,challenging,true,1a552548-9a07-4e7b-96d1-1f95fa7b1371,,cfbfcfe6-5507-9ea9-9c60-83f595b2defb,,Municipal Fiscal Statistics - Consolidated Revenues and Expenses by Municipality (CSV Excel),,,,"SELECT ""iregion"", SUM(CAST(REPLACE(""residential_property_tax"", ',', '') AS INTEGER)) AS total_residential_tax FROM R GROUP BY ""iregion"" HAVING COUNT(DISTINCT ""year"") > 1 ORDER BY total_residential_tax DESC","Which regions in Nova Scotia have reported residential property tax amounts across multiple years, and what are the total residential property taxes for each of these regions? Please list them from highest to lowest total tax amount.",success,37.684,3,,10436,1414,7.912,0,,2848,179,45.596
CAN,multi-table-join,simple,true,c880fd29-9adf-4c82-9d93-a2d4486810e8,1a552548-9a07-4e7b-96d1-1f95fa7b1371,1755e048-956b-78ae-5852-38c97138b2b9,cfbfcfe6-5507-9ea9-9c60-83f595b2defb,Municipal Fiscal Statistics - Financial Condition Indicators (CSV Excel (EU)),Municipal Fiscal Statistics - Consolidated Revenues and Expenses by Municipality (CSV Excel),iregion,iregion,"SELECT R.iregion, R.region_type, R.year, S.residential_property_tax FROM R JOIN S ON R.iregion = S.iregion","Which towns or rural municipalities in Nova Scotia had residential property tax amounts reported for specific years between 2016-17 and 2021-22, and what were those amounts? Please provide the region name, type of region (town or rural municipality), year, and the corresponding residential property tax amount.",success,11.992,0,,4855,340,8.992,0,,4529,177,20.984
CAN,multi-table-join,challenging,true,c880fd29-9adf-4c82-9d93-a2d4486810e8,1a552548-9a07-4e7b-96d1-1f95fa7b1371,1755e048-956b-78ae-5852-38c97138b2b9,cfbfcfe6-5507-9ea9-9c60-83f595b2defb,Municipal Fiscal Statistics - Financial Condition Indicators (CSV Excel (EU)),Municipal Fiscal Statistics - Consolidated Revenues and Expenses by Municipality (CSV Excel),iregion,iregion,"SELECT R.""iregion"", R.region_type, R.year, SUM(CAST(REPLACE(S.residential_property_tax, ',', '') AS FLOAT)) AS total_residential_tax, AVG(R.reliance_on_government_transfers) AS avg_reliance FROM R JOIN S ON R.""iregion"" = S.""iregion"" GROUP BY R.""iregion"", R.region_type, R.year","For each region in Nova Scotia, can you provide the type of region, year, total residential property tax collected, and the average reliance on government transfers? Please consider the financial condition and consolidated revenues data for this information.",success,37.509,2,,12104,1207,7.362,0,,4610,145,44.871
CAN,single-table,simple,true,ed13941b-88e4-46c9-9d20-a60432be0d5f,,756bc907-34bb-4b33-9a87-b3c1a6c3f292,,Data table – English (CSV; 1 255 kB),,,,"SELECT ""facility_name"", ""city"" FROM R WHERE ""province"" = 'ontario' AND ""facility_name"" LIKE '%bath%'","Which facilities in Ontario have ""Bath"" in their names and what cities are they located in?",success,36.138,3,,8394,1561,5.728,0,,2802,130,41.866
CAN,single-table,moderate,true,ed13941b-88e4-46c9-9d20-a60432be0d5f,,756bc907-34bb-4b33-9a87-b3c1a6c3f292,,Data table – English (CSV; 1 255 kB),,,,"SELECT ""company_name"", SUM(""total_emissions"") AS ""total_emissions_sum"" FROM R GROUP BY ""company_name"" ORDER BY ""total_emissions_sum"" DESC","Which companies are the largest emitters of greenhouse gases in Canada, and what is the total amount of emissions from each company?",success,6.638,0,,2547,259,5.867,0,,2861,134,12.504999999999999
CAN,single-table,challenging,true,ed13941b-88e4-46c9-9d20-a60432be0d5f,,756bc907-34bb-4b33-9a87-b3c1a6c3f292,,Data table – English (CSV; 1 255 kB),,,,"WITH RankedEmissions AS ( SELECT ""facility_name"", ""city"", ""province"", ""total_emissions"", ROW_NUMBER() OVER (PARTITION BY ""province"" ORDER BY ""total_emissions"" DESC) as rank FROM R ) SELECT * FROM RankedEmissions WHERE rank <= 3","What are the top three facilities with the highest greenhouse gas emissions in each province, and what are their respective cities and emission amounts?",success,6.98,0,,2656,269,6.276,0,,2960,141,13.256
CAN,single-table,moderate,true,285ac0dd-5de3-42f8-909f-06b3f00cf0b9,,019575b2-143c-4c76-9c81-df9ace2f97fd,,NPRI-INRP_CAC-PCA_MediaGroupMilieu_2023.csv,,,,"SELECT ""province_/_province"", SUM(""total_all_releases_/_rejet_total_tout"") AS total_releases FROM R WHERE ""reporting_year_/_annee_declaration"" = 2023.0 GROUP BY ""province_/_province""","According to Environment and Climate Change Canada’s National Pollutant Release Inventory, what are the total amounts of pollutant releases reported in 2023 for each Canadian province?",success,8.111,0,,3577,271,16.127,1,,7781,337,24.238
CAN,single-table,challenging,true,285ac0dd-5de3-42f8-909f-06b3f00cf0b9,,019575b2-143c-4c76-9c81-df9ace2f97fd,,NPRI-INRP_CAC-PCA_MediaGroupMilieu_2023.csv,,,,"SELECT ""company_name_/_denomination_sociale_de_l'entreprise"", ""facility_name_/_installation"", SUM(""total_all_releases_/_rejet_total_tout"") AS total_releases FROM R WHERE ""reporting_year_/_annee_declaration"" = 2023.0 GROUP BY ""company_name_/_denomination_sociale_de_l'entreprise"", ""facility_name_/_installation"" HAVING COUNT(*) > 1 ORDER BY total_releases DESC","Which facilities operated by companies have reported multiple instances of pollutant releases in 2023 according to Environment and Climate Change Canada’s National Pollutant Release Inventory, and what are the total amounts of these releases?",success,9.902,0,,3735,334,8.37,0,,3890,180,18.272
CAN,multi-table-join,simple,true,ed13941b-88e4-46c9-9d20-a60432be0d5f,285ac0dd-5de3-42f8-909f-06b3f00cf0b9,756bc907-34bb-4b33-9a87-b3c1a6c3f292,019575b2-143c-4c76-9c81-df9ace2f97fd,Data table – English (CSV; 1 255 kB),NPRI-INRP_CAC-PCA_MediaGroupMilieu_2023.csv,company_name,company_name_/_denomination_sociale_de_l'entreprise,"SELECT R.company_name, R.facility_name, S.""facility_name_/_installation"", R.report_year, S.""reporting_year_/_annee_declaration"", R.city, S.""city_/_ville"" FROM R JOIN S ON R.company_name = S.""company_name_/_denomination_sociale_de_l'entreprise"" WHERE R.province = 'ontario'","Which companies in Ontario have facilities listed both in the Greenhouse Gas Reporting Program data and the National Pollutant Release Inventory (NPRI), and what are the names of these facilities along with their respective reporting years?",success,42.335,3,,16079,1345,8.312,0,,5861,154,50.647
CAN,multi-table-join,moderate,true,ed13941b-88e4-46c9-9d20-a60432be0d5f,285ac0dd-5de3-42f8-909f-06b3f00cf0b9,756bc907-34bb-4b33-9a87-b3c1a6c3f292,019575b2-143c-4c76-9c81-df9ace2f97fd,Data table – English (CSV; 1 255 kB),NPRI-INRP_CAC-PCA_MediaGroupMilieu_2023.csv,company_name,company_name_/_denomination_sociale_de_l'entreprise,"SELECT R.company_name, COUNT(DISTINCT R.facility_name) AS num_facilities_r, COUNT(DISTINCT S.""facility_name_/_installation"") AS num_facilities_s FROM R JOIN S ON R.company_name = S.""company_name_/_denomination_sociale_de_l'entreprise"" GROUP BY R.company_name",How many facilities does each company have that report both greenhouse gas emissions under the Greenhouse Gas Reporting Program and pollutant releases under the National Pollutant Release Inventory? Please provide the counts separately for each program.,success,10.963,0,,5714,278,9.216,0,,5840,175,20.179
CAN,multi-table-join,challenging,true,ed13941b-88e4-46c9-9d20-a60432be0d5f,285ac0dd-5de3-42f8-909f-06b3f00cf0b9,756bc907-34bb-4b33-9a87-b3c1a6c3f292,019575b2-143c-4c76-9c81-df9ace2f97fd,Data table – English (CSV; 1 255 kB),NPRI-INRP_CAC-PCA_MediaGroupMilieu_2023.csv,company_name,company_name_/_denomination_sociale_de_l'entreprise,"SELECT R.company_name, AVG(R.total_emissions) AS avg_emissions_r, AVG(S.""total_all_releases_/_rejet_total_tout"") AS avg_releases_s FROM R JOIN S ON R.company_name = S.""company_name_/_denomination_sociale_de_l'entreprise"" WHERE R.province = 'ontario' AND S.""province_/_province"" = 'on' GROUP BY R.company_name HAVING COUNT(DISTINCT R.facility_name) > 1","For companies with multiple facilities in Ontario, what are the average greenhouse gas emissions reported by Environment and Climate Change Canada through the Greenhouse Gas Reporting Program and the average total pollutant releases as per the National Pollutant Release Inventory?",success,12.676,0,,5895,333,19.844,1,,12079,379,32.52
CAN,single-table,simple,true,d0f2218e-a216-42dd-a696-3f133a16d2ee,,00b80f4e-2180-be65-b4c7-9a359e7dbde3,,Agriculture Funding Program Details (CSV Excel),,,,SELECT * FROM R WHERE idepartment = 'agriculture' AND division LIKE '%programs & business risk management%' LIMIT 3;,Can you show me some examples of funding programs related to business risk management offered by the Nova Scotia Department of Agriculture? I'm particularly interested in seeing details like recipients and payment amounts for up to three instances.,success,6.713,0,,1275,330,6.41,0,,1489,163,13.123000000000001
CAN,single-table,moderate,true,d0f2218e-a216-42dd-a696-3f133a16d2ee,,00b80f4e-2180-be65-b4c7-9a359e7dbde3,,Agriculture Funding Program Details (CSV Excel),,,,"SELECT ""idepartment"", SUM(CAST(REPLACE(""payment_amount"", ',', '') AS FLOAT)) AS total_payment FROM R WHERE ""fiscal_year"" = '2016 - 2017' GROUP BY ""idepartment"";",How much total funding did the agriculture department provide in the fiscal year 2016 - 2017 through its various programs?,success,5.899,0,,1326,276,5.196,0,,1593,132,11.094999999999999
CAN,single-table,challenging,true,d0f2218e-a216-42dd-a696-3f133a16d2ee,,00b80f4e-2180-be65-b4c7-9a359e7dbde3,,Agriculture Funding Program Details (CSV Excel),,,,"SELECT ""idepartment"", ""division"", AVG(CAST(REPLACE(""payment_amount"", ',', '') AS FLOAT)) AS avg_payment, ROW_NUMBER() OVER (PARTITION BY ""idepartment"" ORDER BY SUM(CAST(REPLACE(""payment_amount"", ',', '') AS FLOAT)) DESC) as rank FROM R WHERE ""fiscal_year"" = '2016 - 2017' GROUP BY ""idepartment"", ""division""","For the fiscal year 2016 - 2017, can you provide the average payment amount for each division within the agriculture department that offers funding programs? Please list them in order of highest total payments to lowest.",success,6.958,0,,1475,322,6.785,0,,1741,166,13.743
CAN,single-table,challenging,true,c11ed0d1-b6c1-4c41-b23f-0641a4260853,,1fb166a7-6574-b7e8-888c-d567c6cbd632,,Agriculture Funding Programs Details (CSV Excel (EU)),,,,"WITH RankedPayments AS (SELECT ""idepartment"", ""program_name"", ""client_name"", CAST(REPLACE(""payment_amount"", ',', '') AS FLOAT) AS payment_float, ""fiscal_year"", ROW_NUMBER() OVER (PARTITION BY ""idepartment"" ORDER BY CAST(REPLACE(""payment_amount"", ',', '') AS FLOAT) DESC) as rn FROM R) SELECT ""idepartment"", ""program_name"", ""client_name"", payment_float, ""fiscal_year"" FROM RankedPayments WHERE rn = 1","Which client received the highest payment amount for agriculture grants in each department under the Nova Scotia Department of Agriculture's funding programs, and what were the details of that payment including the fiscal year?",success,7.347,0,,1489,343,23.577,2,,5736,574,30.924000000000003
CAN,multi-table-join,moderate,true,d0f2218e-a216-42dd-a696-3f133a16d2ee,c11ed0d1-b6c1-4c41-b23f-0641a4260853,00b80f4e-2180-be65-b4c7-9a359e7dbde3,1fb166a7-6574-b7e8-888c-d567c6cbd632,Agriculture Funding Program Details (CSV Excel),Agriculture Funding Programs Details (CSV Excel (EU)),recipient,client_name,"SELECT R.recipient, S.client_name, SUM(CAST(REPLACE(R.payment_amount, ',', '') AS FLOAT)) AS total_payment_R, SUM(CAST(REPLACE(S.payment_amount, ',', '') AS FLOAT)) AS total_payment_S FROM R JOIN S ON R.recipient = S.client_name GROUP BY R.recipient, S.client_name;","Which recipients or clients have received payments in both sets of agriculture funding programs data from the Government of Nova Scotia, and what are the total amounts they have collectively received? Please provide their names along with the summed payment amounts from each set.",success,43.001,3,,8590,1649,6.645,0,,2415,161,49.646
CAN,single-table,moderate,true,e7201550-3f62-44d6-ae19-262391d52ffc,,be2f5020-a1e1-4e02-a12e-9874599c7dfe,,Dataset,,,,"SELECT north_american_industry_classification_system__naics_, AVG(value) AS average_value FROM R WHERE status IS NULL GROUP BY north_american_industry_classification_system__naics_","According to Statistics Canada, what are the average financial values (in millions of dollars) for each industry classification (NAICS) of incorporated non-financial enterprises operating in Canada, based on complete data entries?",success,6.377,0,,2083,257,35.155,3,,9311,846,41.532000000000004
CAN,single-table,simple,true,3ca8726a-7881-40a9-9fef-4d3cba7478b2,,16c127c4-b900-456a-b771-eba2f75df083,,Dataset,,,,"SELECT geo, value FROM R WHERE i_ref_date_ = 2022.0 AND status IS NULL;","What were the financial values like net income or loss for various regions in Canada in 2022, as part of business performance metrics, where there were no reported issues?",success,8.022,0,,2014,304,26.112,2,,6813,612,34.134
CAN,single-table,moderate,true,3ca8726a-7881-40a9-9fef-4d3cba7478b2,,16c127c4-b900-456a-b771-eba2f75df083,,Dataset,,,,"SELECT geo, AVG(value) AS average_value FROM R WHERE i_ref_date_ >= 2020.0 GROUP BY geo HAVING COUNT(*) > 1;","What are the average financial values such as net income or loss for regions like British Columbia, Nova Scotia, and others in Canada since 2020, based on business performance metrics from Statistics Canada, where there is more than one data point available?",success,6.328,0,,2074,254,8.282,0,,2197,195,14.61
CAN,single-table,challenging,true,3ca8726a-7881-40a9-9fef-4d3cba7478b2,,16c127c4-b900-456a-b771-eba2f75df083,,Dataset,,,,"WITH RankedValues AS ( SELECT geo, value, ROW_NUMBER() OVER (PARTITION BY geo ORDER BY i_ref_date_ DESC) as rn FROM R ) SELECT geo, AVG(value) AS average_recent_value FROM RankedValues WHERE rn = 1 AND value IS NOT NULL GROUP BY geo;","What are the averages of the most recent (non-null) financial values, such as net income or loss, for different regions in Canada since 2020, based on business performance metrics from Statistics Canada?",success,40.935,3,,8243,1617,36.807,3,,10105,861,77.742
CAN,single-table,moderate,true,f92fc87d-b765-427c-83f6-33f75cda9b0e,,c3e33694-dfc3-4eed-a52a-fd6603840171,,Dataset,,,,"SELECT AVG(value) AS average_value, trade FROM R WHERE geo = 'canada' GROUP BY trade;","What are the average international merchandise trade price and volume indexes for imports and exports specifically in Canada, grouped by trade type?",success,7.961,0,,2405,326,23.056,2,,7921,534,31.017000000000003
CAN,single-table,simple,true,a8c31196-0e6d-4170-9175-c9361d0b7eb5,,3e69e0cd-02f2-c425-1107-05a524cc0260,,"Nova Scotia Topographic DataBase - Roads, Trails and Rails (Road Line Layer) (CSV Excel)",,,,"SELECT DISTINCT ""feat_desc"" FROM R;","What are the different types of road features, such as tracks or driveways, included in the Nova Scotia Topographic Database?",success,25.118,3,,5394,1099,5.665,0,,1931,140,30.782999999999998
CAN,single-table,moderate,true,a8c31196-0e6d-4170-9175-c9361d0b7eb5,,3e69e0cd-02f2-c425-1107-05a524cc0260,,"Nova Scotia Topographic DataBase - Roads, Trails and Rails (Road Line Layer) (CSV Excel)",,,,"SELECT ""feat_code"", COUNT(*) AS feature_count FROM R GROUP BY ""feat_code"" ORDER BY feature_count DESC;","Which type of road feature, like tracks or driveways, appears most frequently in the Nova Scotia Topographic Database, and how many instances are there of each?",success,5.46,0,,1417,246,6.549,0,,2020,161,12.009
CAN,single-table,challenging,true,a8c31196-0e6d-4170-9175-c9361d0b7eb5,,3e69e0cd-02f2-c425-1107-05a524cc0260,,"Nova Scotia Topographic DataBase - Roads, Trails and Rails (Road Line Layer) (CSV Excel)",,,,"SELECT ""feat_code"", ""feat_desc"", RANK() OVER (ORDER BY CAST(REPLACE(REGEXP_REPLACE(""shape_len"", '[^0-9.]', ''), ',', '.') AS DOUBLE) DESC) as rank FROM R","How are road features categorized by their codes and descriptions in the Nova Scotia Topographic Database provided by the Government of Nova Scotia, and how would these categories rank if ordered from longest to shortest feature length?",success,35.856,3,,6213,1502,34.478,3,,9318,826,70.334
CAN,single-table,simple,true,873867d2-e759-4d84-b5f0-d5e5fa3c3e09,,665ad1a8-553b-8103-eacf-d6db8ac2cfe8,,Nova Scotia Road Network (NSRN) (CSV Excel),,,,"SELECT street, COUNT(*) FROM R WHERE feat_desc = 'track' GROUP BY street","In the Nova Scotia Road Network (NSRN), how many road segments classified as 'track' are there for each street?",success,6.606,0,,2398,246,31.635,3,,11207,726,38.241
CAN,single-table,moderate,true,873867d2-e759-4d84-b5f0-d5e5fa3c3e09,,665ad1a8-553b-8103-eacf-d6db8ac2cfe8,,Nova Scotia Road Network (NSRN) (CSV Excel),,,,"SELECT roadclass, AVG(trafficdir) AS avg_trafficdir FROM R GROUP BY roadclass","In the Nova Scotia Road Network (NSRN), what is the average traffic direction for each type of road class, like driveways and tracks?",success,6.125,0,,2433,232,31.912,3,,11435,735,38.037
CAN,multi-table-join,simple,true,a8c31196-0e6d-4170-9175-c9361d0b7eb5,873867d2-e759-4d84-b5f0-d5e5fa3c3e09,3e69e0cd-02f2-c425-1107-05a524cc0260,665ad1a8-553b-8103-eacf-d6db8ac2cfe8,"Nova Scotia Topographic DataBase - Roads, Trails and Rails (Road Line Layer) (CSV Excel)",Nova Scotia Road Network (NSRN) (CSV Excel),feat_code,feat_code,"SELECT r.""name"", s.""street"" FROM R AS r JOIN S AS s ON r.""feat_code"" = s.""feat_code""",What are the names of roads or tracks from the Nova Scotia Topographic Database and their corresponding street names in the Nova Scotia Road Network?,success,18.857,1,,5888,659,16.038,1,,8193,343,34.894999999999996
CAN,multi-table-join,moderate,true,a8c31196-0e6d-4170-9175-c9361d0b7eb5,873867d2-e759-4d84-b5f0-d5e5fa3c3e09,3e69e0cd-02f2-c425-1107-05a524cc0260,665ad1a8-553b-8103-eacf-d6db8ac2cfe8,"Nova Scotia Topographic DataBase - Roads, Trails and Rails (Road Line Layer) (CSV Excel)",Nova Scotia Road Network (NSRN) (CSV Excel),feat_code,feat_code,"SELECT r.""feat_desc"", COUNT(s.""roadsegid"") as ""segment_count"" FROM R AS r JOIN S AS s ON r.""feat_code"" = s.""feat_code"" GROUP BY r.""feat_desc""","How many road segments of each type, such as tracks or driveways, are there in the Nova Scotia Road Network compared to the descriptions provided in the Nova Scotia Topographic Database for roads and railroads?",success,246.997,0,,3423,296,11.499,0,,4007,251,258.49600000000004
CAN,single-table,simple,true,e399d21c-7e90-40f7-b09b-d6b115303007,,235f3e50-feaf-4408-a55a-bbbdbade1bbd,,Dataset,,,,"SELECT geo, age_group FROM R WHERE sex = 'females' AND mood = 'mood, not too happy';",Which regions and age groups of females reported not being too happy in terms of mood according to the mental health and well-being data from Statistics Canada?,success,6.523,0,,2214,261,26.372,3,,10481,623,32.894999999999996
CAN,single-table,moderate,true,e399d21c-7e90-40f7-b09b-d6b115303007,,235f3e50-feaf-4408-a55a-bbbdbade1bbd,,Dataset,,,,"SELECT geo, AVG(value) AS average_value FROM R WHERE status = 'e' GROUP BY geo",What are the average number of persons for each region in Manitoba where the data status is estimated (denoted by 'e') according to the mental health and well-being statistics from Statistics Canada?,success,6.147,0,,2271,247,7.081,0,,2562,169,13.228000000000002
CAN,single-table,simple,true,c89f046f-81b2-4459-9bc3-97800035febc,,fe6db7e4-f583-4087-a76e-de7c0ec92cd0,,Dataset,,,,"SELECT geo, valuation FROM R WHERE i_ref_date_ = 1980.0","According to Statistics Canada's national accounts data for the year 1980, what are the different geographical areas and valuation types reported?",success,5.703,0,,1793,236,17.457,1,,4638,404,23.16
CAN,single-table,simple,true,592f740e-7bac-4c3c-9fe8-71b6e880d9da,,ba56207c-21d3-4ddc-a16c-a579b57f7a92,,Dataset,,,,"SELECT geo, valuation FROM R WHERE i_ref_date_ > 1985",What are the geographical areas and valuation types for financial data reported by Statistics Canada after 1985?,success,5.634,0,,1787,233,6.29,0,,2198,150,11.924
CAN,single-table,challenging,true,592f740e-7bac-4c3c-9fe8-71b6e880d9da,,ba56207c-21d3-4ddc-a16c-a579b57f7a92,,Dataset,,,,"SELECT geo, valuation, SUM(value * POWER(10, decimals)) AS total_adjusted_value FROM R WHERE i_ref_date_ >= 1980 AND geo = 'canada' GROUP BY geo, valuation HAVING COUNT(*) > 2 ORDER BY total_adjusted_value DESC","What is the total financial asset value reported by Statistics Canada since 1980 in Canada, adjusted by multiplying each value with 10 raised to the power of its decimal places, grouped by geographical area and valuation type, considering only those groups with more than two data points, and sorted from highest to lowest value?",success,6.263,0,,1899,255,36.217,2,,7675,834,42.48
CAN,multi-table-union,moderate,true,c89f046f-81b2-4459-9bc3-97800035febc,592f740e-7bac-4c3c-9fe8-71b6e880d9da,fe6db7e4-f583-4087-a76e-de7c0ec92cd0,ba56207c-21d3-4ddc-a16c-a579b57f7a92,Dataset,Dataset,categories,categories,"SELECT ""geo"", ""scalar_id"", ""valuation"", ""categories"", ""i_ref_date_"", ""uom_id"", ""uom"", ""dguid"", ""coordinate"", ""value"" * 100 AS ""value"", ""decimals"", ""vector"", ""scalar_factor"" FROM R UNION SELECT ""geo"", ""scalar_id"", ""valuation"", ""categories"", ""i_ref_date_"", ""uom_id"", ""uom"", ""dguid"", ""coordinate"", ""value"" / 100 AS ""value"", ""decimals"", ""vector"", ""scalar_factor"" FROM S","What financial information for Canada, including valuation types, asset or liability categories, reference dates, units of measurement, adjusted values (multiplied by 100 in one set and divided by 100 in another), scalar factors, data guide IDs, coordinates, decimals, and vectors is reported by Statistics Canada?",success,9.086,0,,1024,455,22.865,1,,7837,480,31.951
CAN,single-table,challenging,true,ef33b919-09eb-44d7-bd35-8d9d834cf12f,,048029f5-facb-428e-9d37-87f56af85dd5,,Dataset,,,,"SELECT geo, SUM(CASE WHEN status IS NULL THEN value ELSE 0 END) AS total_value, COUNT(*) AS count_records FROM R WHERE i_ref_date_ >= 2014.0 GROUP BY geo HAVING COUNT(DISTINCT employment_characteristics) > 1 ORDER BY total_value DESC","Which census metropolitan areas have more than one class of worker with available employment estimates since 2014, and what are their total employment numbers in thousands? Please list them from highest to lowest total employment.",success,6.648,0,,2107,255,7.395,0,,2246,175,14.043
CAN,multi-table-join,challenging,true,ef33b919-09eb-44d7-bd35-8d9d834cf12f,004123c6-e67c-480b-891b-00c9e9228d17,048029f5-facb-428e-9d37-87f56af85dd5,54b1a885-0fcd-4e40-bbec-2f3a36b370f0,Dataset,Dataset,employment_characteristics,national_occupational_classification__noc_,"SELECT R.""employment_characteristics"", S.""national_occupational_classification__noc_"", R.""geo"" AS ""R_geo"", S.""geo"" AS ""S_geo"", R.""value"" AS ""R_value"", S.""value"" AS ""S_value"" FROM R INNER JOIN S ON R.""employment_characteristics"" = S.""national_occupational_classification__noc_"";","According to Statistics Canada's data, which employment characteristics in different census metropolitan areas correspond to specific National Occupational Classification (NOC) categories for the same regions and what are their respective values? Specifically, match each employment characteristic with its corresponding NOC category and provide the associated values.",success,34.662,2,,9257,1219,41.509,3,,14887,910,76.17099999999999
CAN,single-table,simple,true,f5e340ae-78c0-4ddb-b2f8-2871cd7ee446,,05821e9d-f157-4c0b-84e7-021f7c67a1e3,,Dataset,,,,"SELECT geo, trading_area FROM R WHERE value > 300",Which geographic areas and trading partners had international merchandise trade price indexes exceeding 300 according to Statistics Canada's data?,success,5.664,0,,2044,227,5.554,0,,2310,133,11.218
CAN,single-table,moderate,true,f5e340ae-78c0-4ddb-b2f8-2871cd7ee446,,05821e9d-f157-4c0b-84e7-021f7c67a1e3,,Dataset,,,,"SELECT geo, AVG(value) AS average_value FROM R GROUP BY geo",What is the average value of international merchandise trade price indexes for each geographic area as reported by Statistics Canada?,success,5.49,0,,2077,225,5.782,0,,2359,141,11.272
CAN,single-table,moderate,true,528ea666-7fbb-4185-86c9-c6bee46c8e73,,6da6a2a4-e26d-4687-a295-51ed1757594f,,Dataset,,,,"SELECT geo, AVG(value) AS average_value FROM R GROUP BY geo",What is the average value of international merchandise trade price indexes for each geographic area according to Statistics Canada's data from 1981 to 1990?,success,5.35,0,,2087,220,6.398,0,,2372,151,11.748
CAN,single-table,simple,true,a8b043a8-ec6b-4d45-b671-13d878cfee99,,68464800-829e-4665-8be2-00e29532a937,,End Use Demand 2017,,,,"SELECT ""region"", ""variable_english"", ""year"", ""value"" FROM R WHERE ""region"" = 'nova scotia' AND ""year"" > 2015",What are the energy variables and their values for Nova Scotia after the year 2015 according to the Energy Futures projections by the Canada Energy Regulator?,success,24.463,2,,3992,1127,5.309,0,,1498,134,29.772000000000002
CAN,single-table,moderate,true,a8b043a8-ec6b-4d45-b671-13d878cfee99,,68464800-829e-4665-8be2-00e29532a937,,End Use Demand 2017,,,,"SELECT ""region"", AVG(""value"") AS average_value FROM R GROUP BY ""region"" HAVING COUNT(*) > 1","Which regions have more than one energy data point reported in the Energy Futures projections by the Canada Energy Regulator, and what are the average values of these data points for each region?",success,5.342,0,,1213,263,6.099,0,,1544,156,11.440999999999999
CAN,single-table,challenging,true,a8b043a8-ec6b-4d45-b671-13d878cfee99,,68464800-829e-4665-8be2-00e29532a937,,End Use Demand 2017,,,,"WITH RankedValues AS ( SELECT ""region"", ""variable_english"", ""year"", ""value"", ROW_NUMBER() OVER (PARTITION BY ""region"", ""variable_english"" ORDER BY ""year"") as rn FROM R ) SELECT ""region"", ""variable_english"", ""year"", ""value"" FROM RankedValues WHERE rn = 1",What is the earliest year's value for each energy variable in every region according to the Energy Futures projections by the Canada Energy Regulator?,success,7.856,0,,1320,368,6.402,0,,1697,163,14.258
CAN,single-table,simple,true,2d425e90-747d-4796-8a6c-6817c729530b,,f11c77eb-6d15-4daa-bfa0-97eda66ae78b,,end-use-demand-2019,,,,SELECT * FROM R WHERE region = 'alberta' AND variable_english = 'biofuels' AND year = 2027.0;,What is the value of biofuels in the transportation sector for Alberta in the year 2027 according to the Canada Energy Regulator's energy demand projections?,success,24.597,3,,4976,1150,6.389,0,,1492,159,30.986
CAN,single-table,moderate,true,2d425e90-747d-4796-8a6c-6817c729530b,,f11c77eb-6d15-4daa-bfa0-97eda66ae78b,,end-use-demand-2019,,,,"SELECT ""region"", AVG(""value"") AS average_value FROM R WHERE ""sector"" = 'residential' AND ""region"" IN ('alberta', 'nunavut', 'manitoba', 'northwest territories') GROUP BY ""region"";","What are the average annual values of energy demand in the residential sector for Alberta, Nunavut, Manitoba, and Northwest Territories according to the Canada Energy Regulator's projections over different years?",success,31.286,3,,4854,1479,28.306,3,,6959,707,59.592
CAN,single-table,challenging,true,2d425e90-747d-4796-8a6c-6817c729530b,,f11c77eb-6d15-4daa-bfa0-97eda66ae78b,,end-use-demand-2019,,,,"SELECT ""region"", ""sector"", SUM(""value"") AS total_value, RANK() OVER (PARTITION BY ""region"" ORDER BY SUM(""value"") DESC) as rank FROM R WHERE ""year"" >= 2010 GROUP BY ""region"", ""sector""","According to the Canada Energy Regulator’s projections since 2010, for each region, which sectors have the highest total energy demand values and how do these sectors rank within their respective regions based on those totals?",success,5.89,0,,1318,289,36.544,3,,7532,877,42.434
CAN,multi-table-union,simple,true,a8b043a8-ec6b-4d45-b671-13d878cfee99,2d425e90-747d-4796-8a6c-6817c729530b,68464800-829e-4665-8be2-00e29532a937,f11c77eb-6d15-4daa-bfa0-97eda66ae78b,End Use Demand 2017,end-use-demand-2019,variable_english,variable_english,"SELECT ""variable_english"", ""region"", ""value"", ""case"", ""year"", ""sector"" FROM R UNION SELECT ""variable_english"", ""region"", ""value"", ""case"", ""year"", ""sector"" FROM S","Could you show me a combined list of energy variables, their values, the regions they are associated with, the type of case (like reference or technology), the year, and the sector for both the 2017 and 2019 Energy Futures reports from the Canada Energy Regulator?",success,4.667,0,,654,272,7.184,0,,2361,169,11.850999999999999
CAN,multi-table-union,moderate,true,a8b043a8-ec6b-4d45-b671-13d878cfee99,2d425e90-747d-4796-8a6c-6817c729530b,68464800-829e-4665-8be2-00e29532a937,f11c77eb-6d15-4daa-bfa0-97eda66ae78b,End Use Demand 2017,end-use-demand-2019,variable_english,variable_english,"SELECT ""variable_english"", ""region"", SUM(""value"") AS total_value, ""case"", ""year"", ""sector"" FROM R GROUP BY ""variable_english"", ""region"", ""case"", ""year"", ""sector"" UNION SELECT ""variable_english"", ""region"", AVG(""value"") AS avg_value, ""case"", ""year"", ""sector"" FROM S GROUP BY ""variable_english"", ""region"", ""case"", ""year"", ""sector""","What is the total and average energy demand by fuel type for each region, case scenario, year, and sector according to both the 2017 and 2019 Energy Futures reports from the Canada Energy Regulator? Please include details on natural gas, biofuels, electricity, and other fuels.",success,6.635,0,,797,358,13.117,0,,2460,300,19.752000000000002
CAN,multi-table-union,challenging,true,a8b043a8-ec6b-4d45-b671-13d878cfee99,2d425e90-747d-4796-8a6c-6817c729530b,68464800-829e-4665-8be2-00e29532a937,f11c77eb-6d15-4daa-bfa0-97eda66ae78b,End Use Demand 2017,end-use-demand-2019,variable_english,variable_english,"SELECT ""variable_english"", ""region"", MAX(""value"") AS max_value, ""case"", ""year"", ""sector"" FROM R GROUP BY ""variable_english"", ""region"", ""case"", ""year"", ""sector"" UNION SELECT ""variable_english"", ""region"", MIN(""value"") AS min_value, ""case"", ""year"", ""sector"" FROM S GROUP BY ""variable_english"", ""region"", ""case"", ""year"", ""sector""","What are the highest and lowest values for each type of energy variable by region, case scenario, year, and sector according to both the Canada Energy Regulator's 2017 and 2019 end-use demand projections? Please include the specific energy types like natural gas or biofuels, regions such as Alberta or Nova Scotia, and sectors like industrial or residential in your answer.",success,6.167,0,,992,337,7.973,0,,2476,188,14.14
CAN,single-table,simple,true,c5022de9-aa1b-499c-89b8-374e0c61a2a4,,8ece094a-1ebc-4792-bbb5-f0fb244b2663,,Prince Edward Island,,,,"SELECT legal_name, city_name FROM R WHERE payment_amount > 10000;","Which municipal entities in Prince Edward Island received a GST/HST rebate payment over $10,000 according to the Canada Revenue Agency's disclosure?",success,4.827,0,,1015,242,6.2,0,,1364,154,11.027000000000001
CAN,single-table,moderate,true,c5022de9-aa1b-499c-89b8-374e0c61a2a4,,8ece094a-1ebc-4792-bbb5-f0fb244b2663,,Prince Edward Island,,,,"SELECT city_name, SUM(payment_amount) AS total_payment FROM R GROUP BY city_name ORDER BY total_payment DESC;","Which cities in Prince Edward Island received the highest total amount of GST/HST rebate payments from the Canada Revenue Agency, and how much did they receive in total?",success,4.991,0,,1054,249,5.743,0,,1440,147,10.734
CAN,single-table,challenging,true,c5022de9-aa1b-499c-89b8-374e0c61a2a4,,8ece094a-1ebc-4792-bbb5-f0fb244b2663,,Prince Edward Island,,,,"WITH RankedPayments AS ( SELECT legal_name, city_name, payment_amount, ROW_NUMBER() OVER (PARTITION BY city_name ORDER BY payment_amount DESC) as rn FROM R ) SELECT legal_name, city_name, payment_amount FROM RankedPayments WHERE rn = 1;",Which municipal entity in each city of Prince Edward Island received the highest GST/HST rebate payment according to the Canada Revenue Agency's disclosure?,success,5.152,0,,1135,252,5.667,0,,1563,147,10.818999999999999
CAN,single-table,simple,true,2e73eba4-cf3c-412c-a779-338fcedbf696,,23861003-d01f-462f-b962-25246812b1ea,,Prince Edward Island,,,,"SELECT legal_name, city_name FROM R WHERE payment_amount > 500;","Which municipalities in Prince Edward Island received a GST/HST incremental federal rebate amount greater than $500, and what are their respective city names?",success,5.736,0,,990,316,6.526,0,,1464,163,12.262
CAN,single-table,moderate,true,2e73eba4-cf3c-412c-a779-338fcedbf696,,23861003-d01f-462f-b962-25246812b1ea,,Prince Edward Island,,,,"SELECT city_name, SUM(payment_amount) AS total_payment FROM R GROUP BY city_name ORDER BY total_payment DESC;","Which cities in Prince Edward Island received the highest total GST/HST incremental federal rebates, and how much did they receive in total?",success,5.012,0,,1032,249,5.843,0,,1537,151,10.855
CAN,single-table,challenging,true,2e73eba4-cf3c-412c-a779-338fcedbf696,,23861003-d01f-462f-b962-25246812b1ea,,Prince Edward Island,,,,"WITH RankedPayments AS ( SELECT legal_name, city_name, payment_amount, ROW_NUMBER() OVER (PARTITION BY city_name ORDER BY payment_amount DESC) as rank FROM R ) SELECT legal_name, city_name, payment_amount FROM RankedPayments WHERE rank = 1;",Which municipality in each city of Prince Edward Island received the highest GST/HST incremental federal rebate amount from the Canada Revenue Agency?,success,5.208,0,,1117,255,5.602,0,,1653,146,10.81
CAN,multi-table-union,simple,true,c5022de9-aa1b-499c-89b8-374e0c61a2a4,2e73eba4-cf3c-412c-a779-338fcedbf696,8ece094a-1ebc-4792-bbb5-f0fb244b2663,23861003-d01f-462f-b962-25246812b1ea,Prince Edward Island,Prince Edward Island,legal_name,legal_name,"SELECT ""legal_name"", ""fsa"", ""city_name"", ""payment_amount"" FROM R UNION SELECT ""legal_name"", ""fsa"", ""city_name"", ""payment_amount"" FROM S","Which entities in Prince Edward Island received a GST/HST incremental federal rebate, what are their legal names, city names, postal codes (FSA), and how much was each payment? This includes both incorporated municipalities and designated non-profit organizations as defined by the Canada Revenue Agency.",success,4.254,0,,630,256,7.481,0,,2259,182,11.735
CAN,multi-table-union,moderate,true,c5022de9-aa1b-499c-89b8-374e0c61a2a4,2e73eba4-cf3c-412c-a779-338fcedbf696,8ece094a-1ebc-4792-bbb5-f0fb244b2663,23861003-d01f-462f-b962-25246812b1ea,Prince Edward Island,Prince Edward Island,legal_name,legal_name,"SELECT ""legal_name"", ""fsa"", ""city_name"", SUM(""payment_amount"") AS total_payment FROM R GROUP BY ""legal_name"", ""fsa"", ""city_name"" UNION SELECT ""legal_name"", ""fsa"", ""city_name"", SUM(""payment_amount"") AS total_payment FROM S GROUP BY ""legal_name"", ""fsa"", ""city_name""","What is the total amount of GST/HST incremental federal rebate paid to each municipality in Prince Edward Island, grouped by their legal name, city name, and first three characters of postal code? Could you also combine this information with similar data from another report on municipal rebates for a comprehensive view?",success,6.947,0,,748,357,8.215,0,,2335,198,15.161999999999999
CAN,multi-table-union,challenging,true,c5022de9-aa1b-499c-89b8-374e0c61a2a4,2e73eba4-cf3c-412c-a779-338fcedbf696,8ece094a-1ebc-4792-bbb5-f0fb244b2663,23861003-d01f-462f-b962-25246812b1ea,Prince Edward Island,Prince Edward Island,legal_name,legal_name,"SELECT ""legal_name"", ""fsa"", ""city_name"", AVG(""payment_amount"") AS avg_payment FROM R WHERE ""payment_amount"" > (SELECT AVG(""payment_amount"") FROM S) GROUP BY ""legal_name"", ""fsa"", ""city_name"" UNION SELECT ""legal_name"", ""fsa"", ""city_name"", AVG(""payment_amount"") AS avg_payment FROM S WHERE ""payment_amount"" > (SELECT AVG(""payment_amount"") FROM R) GROUP BY ""legal_name"", ""fsa"", ""city_name""","Which legal names, city names, and postal codes have an average payment amount above the overall average for both sets of municipalities receiving GST/HST rebates from the Canada Revenue Agency? Please provide the average payment amounts for these entities as well.",success,18.128,1,,2280,869,6.673,0,,2388,162,24.801000000000002
CAN,single-table,simple,true,bab79080-087c-4dfc-a580-a2a69ecfff9c,,21aa2140-3816-4c19-b47a-24fb28fa893d,,Quebec,,,,"SELECT legal_name, city_name FROM R WHERE payment_amount > 10000;","Which municipalities in Quebec received a GST/HST incremental federal rebate of over $10,000 according to the Canada Revenue Agency report?",success,6.984,0,,1038,315,5.475,0,,1510,136,12.459
CAN,single-table,moderate,true,bab79080-087c-4dfc-a580-a2a69ecfff9c,,21aa2140-3816-4c19-b47a-24fb28fa893d,,Quebec,,,,"SELECT city_name, SUM(payment_amount) AS total_payment FROM R GROUP BY city_name ORDER BY total_payment DESC;","Which cities in Quebec received the highest total amount of GST/HST incremental federal rebates from the Canada Revenue Agency, and how much did they receive?",success,5.127,0,,1077,255,7.054,0,,1582,176,12.181000000000001
CAN,single-table,challenging,true,bab79080-087c-4dfc-a580-a2a69ecfff9c,,21aa2140-3816-4c19-b47a-24fb28fa893d,,Quebec,,,,"WITH RankedPayments AS ( SELECT legal_name, city_name, payment_amount, ROW_NUMBER() OVER (PARTITION BY city_name ORDER BY payment_amount DESC) as rank FROM R ) SELECT legal_name, city_name, payment_amount FROM RankedPayments WHERE rank = 1;",Which municipality within each city in Quebec received the highest amount of GST/HST incremental federal rebate according to the Canada Revenue Agency report?,success,5.37,0,,1164,253,5.62,0,,1702,143,10.99
CAN,single-table,moderate,true,8853bc12-c97e-43fc-a153-83ad685e8718,,23861003-d01f-462f-b962-25246812b1ea,,Quebec,,,,"SELECT ""city_name"", SUM(""payment_amount"") AS total_payment FROM S GROUP BY ""city_name"" ORDER BY total_payment DESC;","Which city in Quebec received the highest total amount of GST/HST incremental federal rebate for municipalities, and how much did they receive? Could you list them in order from the highest to the lowest amount?",success,5.036,0,,1112,254,7.297,0,,1560,182,12.332999999999998
CAN,single-table,challenging,true,8853bc12-c97e-43fc-a153-83ad685e8718,,23861003-d01f-462f-b962-25246812b1ea,,Quebec,,,,"WITH RankedPayments AS ( SELECT ""legal_name"", ""city_name"", ""fsa"", ""payment_amount"", RANK() OVER (PARTITION BY ""city_name"" ORDER BY ""payment_amount"" DESC) as payment_rank FROM S ) SELECT * FROM RankedPayments WHERE payment_rank = 1;","Which municipality within each city in Quebec received the highest GST/HST incremental federal rebate, and what were the amounts they received? Could you provide this information for the top recipient in each city?",success,5.78,0,,1219,285,5.852,0,,1706,148,11.632000000000001
CAN,multi-table-join,simple,true,bab79080-087c-4dfc-a580-a2a69ecfff9c,8853bc12-c97e-43fc-a153-83ad685e8718,21aa2140-3816-4c19-b47a-24fb28fa893d,23861003-d01f-462f-b962-25246812b1ea,Quebec,Quebec,legal_name,legal_name,"SELECT R.""legal_name"", R.""city_name"" AS ""R_city"", S.""city_name"" AS ""S_city"", R.""payment_amount"" + S.""payment_amount"" AS ""total_payment"" FROM R JOIN S ON R.""legal_name"" = S.""legal_name""","Which municipalities in Quebec received rebates from the Canada Revenue Agency for both their city and another location, and what is the total amount of GST/HST incremental federal rebate they collectively received? Please provide the legal name, city names involved, and the combined payment amount.",success,6.288,0,,1715,295,6.821,0,,2503,165,13.109
CAN,single-table,simple,true,99938000-1da2-4111-be23-4494fb41ff1a,,e9c8eb93-31ef-4ced-8e6c-eb44a59b5cd3,,Dataset,,,,"SELECT geo, COUNT(*) FROM R WHERE i_ref_date_ = 2012 GROUP BY geo;","According to Statistics Canada, how many entries are there for each province or region in Canada related to innovation and business strategy in the year 2012?",success,6.34,0,,2215,244,15.046,1,,4739,352,21.386
CAN,single-table,moderate,true,99938000-1da2-4111-be23-4494fb41ff1a,,e9c8eb93-31ef-4ced-8e6c-eb44a59b5cd3,,Dataset,,,,"SELECT north_american_industry_classification_system__naics_, AVG(value) AS average_value FROM R WHERE status = 'a' GROUP BY north_american_industry_classification_system__naics_;","According to Statistics Canada, what is the average value of performance strategies for each industry classification (NAICS) where the status is marked as 'a'?",success,7.334,0,,2282,284,15.78,1,,4960,377,23.113999999999997
CAN,single-table,challenging,true,99938000-1da2-4111-be23-4494fb41ff1a,,e9c8eb93-31ef-4ced-8e6c-eb44a59b5cd3,,Dataset,,,,"WITH RankedValues AS (SELECT *, ROW_NUMBER() OVER (PARTITION BY geo ORDER BY value DESC) as rn FROM R WHERE i_ref_date_ = 2012 AND value IS NOT NULL) SELECT geo, north_american_industry_classification_system__naics_, value FROM RankedValues WHERE rn = 1","According to Statistics Canada, which industry classification (NAICS) had the highest value for business activities performed in 2012 for each province or region in Canada?",success,8.086,0,,2395,308,6.817,0,,2446,161,14.903
CAN,single-table,moderate,true,caaaafb3-e004-462b-86b2-8416ee5b5c24,,0bb1fb56-74d0-47f4-b4b3-2b574229416d,,Activities outside Canada - Exported goods,,,,"SELECT ""country"", COUNT(*), SUM(""item_value"") FROM R WHERE ""bn"" != '890571466rr0001' GROUP BY ""country""","How much in total were the exported goods sent by registered charities (excluding the charity with registration number '890571466rr0001'), grouped by country, based on the data from the Canada Revenue Agency's T3010 form? Could you also tell me how many activities each of these countries received?",success,31.673,3,,6211,1308,39.707,3,,8371,888,71.38
CAN,single-table,challenging,true,caaaafb3-e004-462b-86b2-8416ee5b5c24,,0bb1fb56-74d0-47f4-b4b3-2b574229416d,,Activities outside Canada - Exported goods,,,,"WITH RankedItems AS (SELECT *, ROW_NUMBER() OVER(PARTITION BY ""destination"" ORDER BY ""item_value"" DESC) as rn FROM R) SELECT * FROM RankedItems WHERE rn = 1;","Which exported item has the highest value for each destination as reported by Canadian registered charities on their T3010 form to the Canada Revenue Agency? Could you also provide the corresponding item name, value, form ID, item number, and country of these top items?",success,5.649,0,,1632,252,7.131,0,,2056,170,12.780000000000001
CAN,multi-table-union,moderate,true,caaaafb3-e004-462b-86b2-8416ee5b5c24,7b36cc62-aa03-4806-b47d-075534472bde,0bb1fb56-74d0-47f4-b4b3-2b574229416d,8940f53e-74e5-486c-b5ed-458a935d98aa,Activities outside Canada - Exported goods,Activities outside Canada - Exported goods,destination,destination,"SELECT 'R' AS source, form_id, item_value, bn, ""#"", fpe, item_name, REPLACE(destination, 'A', 'X') AS destination, country FROM R UNION SELECT 'S' AS source, form_id, item_value, bn, ""#"", fpe, item_name, REPLACE(destination, 'B', 'Y') AS destination, country FROM S","I'm interested in seeing a combined list of exported goods activities by Canadian charities registered under the Income Tax Act for issuing donation receipts. Could you show me the form ID, item value, business number, item sequence, final period end date, item name, destination with 'A' replaced by 'X' from one set and 'B' replaced by 'Y' from another, along with the country? This should include activities from both sets of data provided by the Canada Revenue Agency.",success,5.939,0,,829,296,9.69,0,,3037,217,15.629
CAN,single-table,simple,true,c5d780f4-d025-4b0a-99d6-dc498e5e5f96,,fd17f08f-f14d-433f-91df-c90a34e1e9a6,,Pipeline Incidents,,,,"SELECT incident_number, reported_date FROM R WHERE province = 'saskatchewan';",Can you show me the incident numbers and reported dates for pipeline incidents that occurred in Saskatchewan?,success,6.021,0,,2227,234,5.867,0,,2326,144,11.888
CAN,single-table,moderate,true,c5d780f4-d025-4b0a-99d6-dc498e5e5f96,,fd17f08f-f14d-433f-91df-c90a34e1e9a6,,Pipeline Incidents,,,,"SELECT province, COUNT(*) AS incident_count FROM R GROUP BY province ORDER BY incident_count DESC;","According to the Canada Energy Regulator, which provinces have experienced the most pipeline incidents, listed in descending order by the number of incidents?",success,6.043,0,,2250,243,28.49,3,,10094,673,34.533
CAN,single-table,simple,true,cce956c1-556d-4fbb-bb24-20f46e1b39d0,,7dffedc4-23fa-440c-a36d-adf5a6cc09f1,,Pipeline Incident Data,,,,"SELECT incident_number, reported_date FROM R WHERE province = 'saskatchewan';",Can you provide me with the incident numbers and reported dates for pipeline incidents that occurred in Saskatchewan?,success,7.077,0,,2902,242,6.624,0,,2807,149,13.701
CAN,single-table,moderate,true,cce956c1-556d-4fbb-bb24-20f46e1b39d0,,7dffedc4-23fa-440c-a36d-adf5a6cc09f1,,Pipeline Incident Data,,,,"SELECT province, COUNT(*) AS incident_count FROM R GROUP BY province ORDER BY incident_count DESC;","According to the Canada Energy Regulator’s Pipeline Incident Data, which province has had the most pipeline incidents?",success,6.647,0,,2932,227,12.372,1,,5903,277,19.019
CAN,single-table,challenging,true,cce956c1-556d-4fbb-bb24-20f46e1b39d0,,7dffedc4-23fa-440c-a36d-adf5a6cc09f1,,Pipeline Incident Data,,,,"SELECT ""province"", AVG(CAST(REPLACE(""approximate_volume_released__m3_"", ',', '') AS FLOAT)) AS avg_volume_released FROM R WHERE ""approximate_volume_released__m3_"" NOT IN ('not applicable', 'not provided') GROUP BY ""province"" ORDER BY avg_volume_released DESC;","Which Canadian province has the highest average volume of substances released during pipeline incidents, excluding cases where the volume is marked as 'not applicable' or 'not provided'?",success,20.019,1,,5205,784,7.16,0,,3003,159,27.179
CAN,single-table,moderate,true,3f35ddd5-856a-4a85-bebe-6c17eaa54f6b,,9ce4e1c3-be2b-4d08-a973-28d99d012cc3,,End Use Demand 2016 Update Data Dictionary,,,,"SELECT ""region"", COUNT(*) FROM R GROUP BY ""region""",How many different energy-related variables are listed for each region in the Canada Energy Regulator's projections for various scenarios and years?,success,20.394,2,,3849,1004,5.355,0,,1559,139,25.749
CAN,single-table,challenging,true,3f35ddd5-856a-4a85-bebe-6c17eaa54f6b,,9ce4e1c3-be2b-4d08-a973-28d99d012cc3,,End Use Demand 2016 Update Data Dictionary,,,,"WITH RegionStats AS (SELECT ""region"", AVG(""value"") AS average_value, SUM(""value"") AS total_value FROM R WHERE ""year"" >= 2020 GROUP BY ""region"") SELECT ""region"", average_value, ROW_NUMBER() OVER (ORDER BY total_value DESC) as rank FROM RegionStats","Which regions have the highest total energy demand values from 2020 onwards according to the Canada Energy Regulator's 'Canada’s Energy Future' projections, and what are their average energy demand values? Please provide a ranking based on the total energy demand values.",success,15.189,1,,2609,700,8.176,0,,1735,201,23.365000000000002
CAN,multi-table-union,simple,true,a8b043a8-ec6b-4d45-b671-13d878cfee99,3f35ddd5-856a-4a85-bebe-6c17eaa54f6b,68464800-829e-4665-8be2-00e29532a937,9ce4e1c3-be2b-4d08-a973-28d99d012cc3,End Use Demand 2017,End Use Demand 2016 Update Data Dictionary,variable_english,variable_english,"SELECT ""variable_english"", ""region"", ""value"", ""case"", ""year"", ""sector"" FROM R UNION SELECT ""variable_english"", ""region"", ""value"", ""case"", ""year"", ""sector"" FROM S","What are the projected energy demands by variable and region for both the 2017 and 2016 updates from Canada’s Energy Future scenarios provided by the Canada Energy Regulator? Please include the case scenario (like reference or low price), year of projection, value of demand, and specific sector.",success,4.488,0,,654,269,8.006,0,,2387,186,12.494
CAN,multi-table-union,challenging,true,a8b043a8-ec6b-4d45-b671-13d878cfee99,3f35ddd5-856a-4a85-bebe-6c17eaa54f6b,68464800-829e-4665-8be2-00e29532a937,9ce4e1c3-be2b-4d08-a973-28d99d012cc3,End Use Demand 2017,End Use Demand 2016 Update Data Dictionary,variable_english,variable_english,"SELECT ""variable_english"", ""region"", MAX(""value"") AS max_value, ""case"", ""year"", ""sector"" FROM R GROUP BY ""variable_english"", ""region"", ""case"", ""year"", ""sector"" UNION SELECT ""variable_english"", ""region"", MIN(""value"") AS min_value, ""case"", ""year"", ""sector"" FROM S GROUP BY ""variable_english"", ""region"", ""case"", ""year"", ""sector""","What are the highest and lowest energy demand values by variable, region, scenario, year, and sector according to both the 2017 Energy Futures projection and the 2016 Update Data Dictionary from Canada Energy Regulator?",success,6.207,0,,990,346,28.816,2,,8030,655,35.022999999999996
CAN,single-table,simple,true,fb79c2c3-27fe-454e-b9ee-6d1049ea41eb,,a5cb7c3c-0371-4a20-ac9a-98fc4c3536bb,,Appendix B3 of 2020-2021 NCRMP Report EN,,,,"SELECT ""table_b_3_toxic_equivalents_attributable_in_2020_2021_to_dioxins,_furans_and_polychlorinated_biphenyls__pc_bs__in_food_products"" FROM R WHERE ""unnamed:_1"" = '0.1625';","What are the toxic equivalents attributable in 2020-2021 to dioxins, furans, and polychlorinated biphenyls (PCBs) in food products when the value is 0.1625 according to the Canadian Food Inspection Agency's report on chemical residues?",success,7.629,0,,1550,317,6.739,0,,2139,160,14.367999999999999
CAN,single-table,moderate,true,fb79c2c3-27fe-454e-b9ee-6d1049ea41eb,,a5cb7c3c-0371-4a20-ac9a-98fc4c3536bb,,Appendix B3 of 2020-2021 NCRMP Report EN,,,,"SELECT AVG(CAST(REPLACE(""unnamed:_1"", ',', '.') AS FLOAT)) AS avg_unnamed_1 FROM R WHERE ""unnamed:_1"" ~ '^[0-9.,]+$';","What was the average value of the first unnamed column in the toxic equivalents data for dioxins, furans, and PCBs in food products as reported by the Canadian Food Inspection Agency in their 2020-2021 chemical residue monitoring report?",success,37.185,2,,5725,1447,7.157,0,,2210,171,44.342
CAN,single-table,challenging,true,fb79c2c3-27fe-454e-b9ee-6d1049ea41eb,,a5cb7c3c-0371-4a20-ac9a-98fc4c3536bb,,Appendix B3 of 2020-2021 NCRMP Report EN,,,,"SELECT      ""table_b_3_toxic_equivalents_attributable_in_2020_2021_to_dioxins,_furans_and_polychlorinated_biphenyls__pc_bs__in_food_products"",     AVG(CAST(REPLACE(""unnamed:_1"", ',', '.') AS FLOAT)) AS avg_unnamed_1,     MAX(CAST(REPLACE(""unnamed:_2"", ',', '.') AS FLOAT)) AS max_unnamed_2 FROM R WHERE ""table_b_3_toxic_equivalents_attributable_in_2020_2021_to_dioxins,_furans_and_polychlorinated_biphenyls__pc_bs__in_food_products"" != 'str' AND ""unnamed:_1"" ~ '^[0-9.,]+$' AND ""unnamed:_2"" ~ '^[0-9.,]+$' GROUP BY ""table_b_3_toxic_equivalents_attributable_in_2020_2021_to_dioxins,_furans_and_polychlorinated_biphenyls__pc_bs__in_food_products"" HAVING COUNT(*) > 1;","What are the average values of the first unnamed column and the maximum values of the second unnamed column for each type of toxic equivalents attributable in 2020-2021 to dioxins, furans, and polychlorinated biphenyls (PCBs) in food products as reported by the Canadian Food Inspection Agency's chemical residue monitoring report?",success,50.648,2,,6203,1863,7.975,0,,2711,182,58.623000000000005
CAN,single-table,moderate,true,cbf68a44-8da7-4d37-bf3d-3c882391030c,,c87af563-b3f3-4048-96af-a5d39723ea6b,,Annex B3 of 2017-2018 NCRMP Report EN,,,,"SELECT ""unnamed:_1"", COUNT(*) AS count_non_null FROM R WHERE ""unnamed:_1"" IS NOT NULL GROUP BY ""unnamed:_1""","How many instances of non-null values are there for different types of chemical residues, like polychlorinated biphenyls or chlorinated dibenzofurans, in the 2017-2018 food safety monitoring report by the Canadian Food Inspection Agency?",success,5.326,0,,1721,245,29.024,2,,6466,682,34.35
CAN,multi-table-join,challenging,true,fb79c2c3-27fe-454e-b9ee-6d1049ea41eb,cbf68a44-8da7-4d37-bf3d-3c882391030c,a5cb7c3c-0371-4a20-ac9a-98fc4c3536bb,c87af563-b3f3-4048-96af-a5d39723ea6b,Appendix B3 of 2020-2021 NCRMP Report EN,Annex B3 of 2017-2018 NCRMP Report EN,"table_b_3_toxic_equivalents_attributable_in_2020_2021_to_dioxins,_furans_and_polychlorinated_biphenyls__pc_bs__in_food_products","table_b_3_toxic_equivalents_attributable_in_2017_2018_to_dioxins,_furans_and_polychlorinated_biphenyls__pc_bs__in_food_products","SELECT R.""table_b_3_toxic_equivalents_attributable_in_2020_2021_to_dioxins,_furans_and_polychlorinated_biphenyls__pc_bs__in_food_products"", SUM(CAST(NULLIF(R.""unnamed:_1"", 'mean (ppb)') AS DOUBLE)) AS total_unnamed_1_R, SUM(CAST(NULLIF(S.""unnamed:_1"", 'mean (ppb)') AS DOUBLE)) AS total_unnamed_1_S FROM R JOIN S ON R.""table_b_3_toxic_equivalents_attributable_in_2020_2021_to_dioxins,_furans_and_polychlorinated_biphenyls__pc_bs__in_food_products"" = S.""table_b_3_toxic_equivalents_attributable_in_2017_2018_to_dioxins,_furans_and_polychlorinated_biphenyls__pc_bs__in_food_products"" GROUP BY R.""table_b_3_toxic_equivalents_attributable_in_2020_2021_to_dioxins,_furans_and_polychlorinated_biphenyls__pc_bs__in_food_products"" HAVING SUM(CAST(NULLIF(R.""unnamed:_1"", 'mean (ppb)') AS DOUBLE)) > 0","For each category of food products, what are the average levels of dioxins, furans, and polychlorinated biphenyls (PCBs) as reported by the Canadian Food Inspection Agency in both 2017-2018 and 2020-2021 periods? The comparison should be based on the values from the first unnamed numerical column for each year. Include only those categories with a non-zero mean level in 2020-2021.",success,15.793,0,,3683,537,25.092,1,,7878,513,40.885
CAN,single-table,moderate,true,c6d97b11-1a86-45a6-8b04-b3818b2657c9,,093bcc9c-04d6-4ba0-a96c-c1eb6db8356c,,Grassland Birds - Waterton Lakes - Bird Diversity and Abundance data dictionary - 2,,,,"SELECT data_field_fr_champ_de_la_donnee, value_description_en_description_de_la_valeur, COUNT(data_value_valeur_de_la_donnee) AS count FROM R WHERE data_field_fr_champ_de_la_donnee = 'espèce' AND data_value_valeur_de_la_donnee LIKE 'h%' GROUP BY data_field_fr_champ_de_la_donnee, value_description_en_description_de_la_valeur","According to Parks Canada’s grassland birds data from Alberta's Montane Cordillera region, how many bird species have English names starting with the letter 'H', and what are their corresponding French names?",success,30.617,3,,5773,1371,22.859,2,,6021,561,53.476
CAN,single-table,challenging,true,c6d97b11-1a86-45a6-8b04-b3818b2657c9,,093bcc9c-04d6-4ba0-a96c-c1eb6db8356c,,Grassland Birds - Waterton Lakes - Bird Diversity and Abundance data dictionary - 2,,,,"SELECT data_field_en_champ_de_la_donnee, data_value_valeur_de_la_donnee, RANK() OVER (PARTITION BY data_field_en_champ_de_la_donnee ORDER BY LENGTH(value_description_en_description_de_la_valeur) DESC) as rank FROM R WHERE data_field_fr_champ_de_la_donnee = 'espèce' AND LENGTH(value_description_en_description_de_la_valeur) > 20;","According to Parks Canada’s grassland birds data from Alberta's Montane Cordillera region, which bird species have longer English descriptions than 20 characters, and what are their corresponding codes and ranks based on the length of these descriptions?",success,44.185,3,,6874,1834,6.441,0,,1957,161,50.626000000000005
CAN,single-table,simple,true,9cd27e30-0d52-45fa-b76e-5376e3e861e9,,f1eb1dbe-5d1d-49a1-976e-1e2671743426,,Dataset,,,,"SELECT ""geo"" AS country, ""type_of_industry"" AS industry FROM R WHERE ""value"" > 1000",Which industries in Canada had values over 1000 million dollars according to the gross domestic product by industry accounts?,success,21.225,2,,4790,903,6.67,0,,1924,158,27.895000000000003
CAN,single-table,challenging,true,9cd27e30-0d52-45fa-b76e-5376e3e861e9,,f1eb1dbe-5d1d-49a1-976e-1e2671743426,,Dataset,,,,"SELECT ""geo"" AS country, ""type_of_industry"" AS industry, AVG(""value"") AS average_value FROM R WHERE ""value"" > 0 GROUP BY ""geo"", ""type_of_industry""","What is the average value in dollars for each type of industry in each country, excluding industries with zero values, based on the gross domestic product by industry accounts from Statistics Canada?",success,21.458,1,,3782,878,24.471,2,,6875,586,45.929
CAN,single-table,moderate,true,55f6a9b8-c238-47a4-b463-19ab47fc6914,,00fd0f4f-7196-4920-b2b7-768d376d9f21,,Dataset,,,,"SELECT ""type_of_industry"", AVG(""value"") AS average_value FROM R WHERE ""geo"" = 'canada' GROUP BY ""type_of_industry"" ORDER BY average_value DESC;",Which type of industry had the highest average value as a percentage in Canada between 1926 and 1960 according to Statistics Canada's gross domestic product by industry accounts?,success,7.586,0,,1813,320,6.134,0,,2044,147,13.72
CAN,single-table,simple,true,ebb68c61-e6cd-4e97-b94e-5361bbf1acc5,,84d71f2f-fbe9-40df-ada4-84f3b58f5ad2,,Dataset,,,,"SELECT ""geo"", SUM(""value"") AS total_value FROM R WHERE ""i_ref_date_"" = 2019.0 AND ""geo"" = 'great lakes drainage region' GROUP BY ""geo""",What is the total annual water yield in cubic kilometers for the Great Lakes drainage region in 2019 according to Statistics Canada's environmental data?,success,29.55,3,,6923,1253,5.282,0,,1966,129,34.832
CAN,single-table,moderate,true,ebb68c61-e6cd-4e97-b94e-5361bbf1acc5,,84d71f2f-fbe9-40df-ada4-84f3b58f5ad2,,Dataset,,,,"SELECT ""uom"", AVG(""value"") AS average_value FROM R WHERE ""i_ref_date_"" >= 1980.0 AND ""i_ref_date_"" <= 2020.0 GROUP BY ""uom""",What is the average annual water yield for each unit of measurement between 1980 and 2020 in different drainage regions according to Statistics Canada's environmental data on renewable freshwater?,success,6.353,0,,1961,267,6.132,0,,2037,148,12.485
CAN,single-table,simple,true,8132794f-8473-4644-a195-1ae926559e5a,,169d93b2-6417-498d-a6a6-131f9f1faeae,,Dataset,,,,"SELECT geo, AVG(value) AS average_value FROM R WHERE value IS NOT NULL GROUP BY geo;","According to Statistics Canada’s environmental water resources data in Canada, what are the average values of water yield for each geographic region where actual measurements exist?",success,6.915,0,,1970,319,22.316,2,,6825,540,29.230999999999998
CAN,single-table,moderate,true,8132794f-8473-4644-a195-1ae926559e5a,,169d93b2-6417-498d-a6a6-131f9f1faeae,,Dataset,,,,"SELECT i_ref_date_, SUM(value) AS total_value FROM R WHERE value IS NOT NULL GROUP BY i_ref_date_ ORDER BY total_value DESC;","Based on Statistics Canada's water resource data, which 30-year reference period shows the highest total average volume of freshwater per area when only regions with actual measurements are considered?",success,6.156,0,,2017,247,7.353,0,,2182,177,13.509
CAN,single-table,challenging,true,8132794f-8473-4644-a195-1ae926559e5a,,169d93b2-6417-498d-a6a6-131f9f1faeae,,Dataset,,,,"WITH RankedValues AS ( SELECT *, ROW_NUMBER() OVER (PARTITION BY geo ORDER BY value DESC) as rn FROM R WHERE value IS NOT NULL ) SELECT geo, AVG(value) AS average_top_3_values FROM RankedValues WHERE rn <= 3 GROUP BY geo;","According to Statistics Canada’s environmental water resources data in Canada, what is the average of the top three highest values for water yield in each geographic region where actual measurements are available?",success,6.89,0,,2110,273,7.124,0,,2303,173,14.014
CAN,multi-table-join,simple,true,ebb68c61-e6cd-4e97-b94e-5361bbf1acc5,8132794f-8473-4644-a195-1ae926559e5a,84d71f2f-fbe9-40df-ada4-84f3b58f5ad2,169d93b2-6417-498d-a6a6-131f9f1faeae,Dataset,Dataset,geo,geo,"SELECT R.geo, R.value AS value_R, S.value AS value_S FROM R JOIN S ON R.geo = S.geo","How does the annual water yield in cubic kilometres for various drainage regions compare with the average volume per area in cubic metres per square metre for the same regions, based on Statistics Canada's information on freshwater resources?",success,7.698,0,,3375,251,16.555,1,,7027,362,24.253
CAN,single-table,simple,true,ab66ba7c-fe3f-45c5-b837-489735240f05,,2192de22-84bf-4672-b0c0-f64c0cb43c94,,National Occupational Classification (NOC) 2016 Version 1.3 - Classification structure,,,,"SELECT * FROM R WHERE ""code"" = '8612'",What information is available for the occupation with the code 8612 according to the National Occupational Classification (NOC) 2016 Version 1.3 by Statistics Canada?,success,11.155,1,,2399,528,16.785,1,,3323,398,27.939999999999998
CAN,single-table,moderate,true,ab66ba7c-fe3f-45c5-b837-489735240f05,,2192de22-84bf-4672-b0c0-f64c0cb43c94,,National Occupational Classification (NOC) 2016 Version 1.3 - Classification structure,,,,"SELECT AVG(""ilevel"") AS average_ilevel, ""hierarchical_structure"" FROM R GROUP BY ""hierarchical_structure""",What is the average level for each hierarchical structure in the National Occupational Classification (NOC) 2016 Version 1.3 classification system provided by Statistics Canada?,success,7.559,0,,1124,354,6.545,0,,1579,165,14.104
CAN,single-table,challenging,true,ab66ba7c-fe3f-45c5-b837-489735240f05,,2192de22-84bf-4672-b0c0-f64c0cb43c94,,National Occupational Classification (NOC) 2016 Version 1.3 - Classification structure,,,,"WITH RankedClasses AS ( SELECT *, ROW_NUMBER() OVER (PARTITION BY ""hierarchical_structure"" ORDER BY ""ilevel"") as rn FROM R ) SELECT * FROM RankedClasses WHERE rn = 1",What are the details of the first listed occupation for each hierarchical structure in the National Occupational Classification (NOC) 2016 Version 1.3 by Statistics Canada?,success,5.579,0,,1263,270,6.271,0,,1678,157,11.85
CAN,single-table,moderate,true,08e5b494-e7e8-4082-8e3e-e8df0f4f28c6,,1feee3b5-8068-4dbb-b361-180875837593,,National Occupational Classification (NOC) 2021 Version 1.0 - Classification structure,,,,"SELECT hierarchical_structure, COUNT(*) as count_of_classes FROM R GROUP BY hierarchical_structure ORDER BY count_of_classes DESC","How many classes are there in each level of the National Occupational Classification (NOC) 2021 structure, sorted by the number of classes from most to least? Could you provide this information based on the major group, sub-major group, unit group levels, etc.?",success,5.727,0,,1363,263,7.244,0,,1761,179,12.971
CAN,single-table,challenging,true,08e5b494-e7e8-4082-8e3e-e8df0f4f28c6,,1feee3b5-8068-4dbb-b361-180875837593,,National Occupational Classification (NOC) 2021 Version 1.0 - Classification structure,,,,"WITH AggregatedData AS ( SELECT hierarchical_structure, AVG(ilevel) AS avg_ilevel FROM R GROUP BY hierarchical_structure ) SELECT hierarchical_structure, avg_ilevel FROM AggregatedData ORDER BY avg_ilevel DESC;","What is the average level of each hierarchical structure, such as major group, sub-major group, or unit group, in the National Occupational Classification (NOC) 2021 Version 1.0, sorted from highest to lowest? Could you provide this information based on Statistics Canada's NOC classification?",success,32.181,3,,5524,1478,18.719,1,,4196,442,50.9
CAN,multi-table-join,simple,true,ab66ba7c-fe3f-45c5-b837-489735240f05,08e5b494-e7e8-4082-8e3e-e8df0f4f28c6,2192de22-84bf-4672-b0c0-f64c0cb43c94,1feee3b5-8068-4dbb-b361-180875837593,National Occupational Classification (NOC) 2016 Version 1.3 - Classification structure,National Occupational Classification (NOC) 2021 Version 1.0 - Classification structure,class_title,class_title,"SELECT R.class_title, R.class_definition AS R_class_def, S.class_definition AS S_class_def FROM R JOIN S ON R.class_title = S.class_title","Which job titles from the National Occupational Classification (NOC) 2016 Version 1.3 have corresponding definitions in both the NOC 2016 and the updated NOC 2021 Version 1.0 by Statistics Canada? Additionally, how do their descriptions differ between these two versions of the classification system?",success,5.385,0,,1874,237,14.664,0,,2628,330,20.049
CAN,multi-table-join,moderate,true,ab66ba7c-fe3f-45c5-b837-489735240f05,08e5b494-e7e8-4082-8e3e-e8df0f4f28c6,2192de22-84bf-4672-b0c0-f64c0cb43c94,1feee3b5-8068-4dbb-b361-180875837593,National Occupational Classification (NOC) 2016 Version 1.3 - Classification structure,National Occupational Classification (NOC) 2021 Version 1.0 - Classification structure,class_title,class_title,"SELECT R.class_title, COUNT(DISTINCT R.code) AS unique_codes_in_R, COUNT(DISTINCT ""code___noc_2021_v1.0"") AS unique_codes_in_S FROM R JOIN S ON R.class_title = S.class_title GROUP BY R.class_title",How many distinct codes from both the NOC 2016 and NOC 2021 versions are associated with each class title according to Statistics Canada's occupational classifications?,success,16.529,1,,3528,680,6.508,0,,2645,152,23.037
CAN,single-table,challenging,true,b53a963d-2bc9-435b-bb0c-d68144bb2c11,,3b9fe69f-ebb6-b13b-947e-0bd94b4493c6,,Municipal Solid Waste Disposal Totals (CSV),,,,"SELECT ""year"", ""municipality"", SUM(""total"") AS total_waste, AVG(""population"") AS avg_population FROM R GROUP BY ""year"", ""municipality"" ORDER BY total_waste DESC;","For each year, which municipalities in Nova Scotia disposed of the highest cumulative amount of municipal solid waste (including residential, industrial-commercial-institutional, and construction-demolition), what was their total waste disposal, and what was their average population?",success,15.993,1,,3708,644,24.705,2,,6927,583,40.698
CAN,single-table,moderate,true,c213cafe-e2a9-4515-a0c2-ad7723eae693,,37196fcc-e28e-857b-40dd-716684fd5f8b,,Municipal Solid Waste Curbside Collection Cost (CSV Excel (EU)),,,,"SELECT ""iyear"", AVG(""garbage_mt/_per_unit"") AS avg_garbage_per_unit, AVG(""recyclables_mt/_per_unit"") AS avg_recyclables_per_unit FROM R GROUP BY ""iyear"";",What were the average amounts of garbage and recyclables collected per service unit for each year according to the Municipal Solid Waste Curbside Collection Cost data published by Government of Nova Scotia | Gouvernment de la Nouvelle-Écosse?,success,7.829,0,,2950,270,17.678,1,,6159,391,25.507
CAN,single-table,challenging,true,c213cafe-e2a9-4515-a0c2-ad7723eae693,,37196fcc-e28e-857b-40dd-716684fd5f8b,,Municipal Solid Waste Curbside Collection Cost (CSV Excel (EU)),,,,"SELECT ""municipality"", ""region"", SUM(CAST(REPLACE(""garbage_mt"", ',', '') AS FLOAT)) AS total_garbage_mt, SUM(CAST(REPLACE(""recyclables_mt"", ',', '') AS FLOAT)) AS total_recyclables_mt FROM R GROUP BY ""municipality"", ""region"" HAVING SUM(CAST(REPLACE(""garbage_mt"", ',', '') AS FLOAT)) > 1000 ORDER BY total_garbage_mt DESC;","Which municipalities in Nova Scotia collected more than 1000 tons of garbage between 2017/18 and 2021/22, and how much recyclables did they collect during the same period? Please list them by the amount of garbage collected in descending order.",success,9.747,0,,3094,337,7.894,0,,3065,167,17.641
CAN,multi-table-join,moderate,true,b53a963d-2bc9-435b-bb0c-d68144bb2c11,c213cafe-e2a9-4515-a0c2-ad7723eae693,3b9fe69f-ebb6-b13b-947e-0bd94b4493c6,37196fcc-e28e-857b-40dd-716684fd5f8b,Municipal Solid Waste Disposal Totals (CSV),Municipal Solid Waste Curbside Collection Cost (CSV Excel (EU)),municipality,municipality,"SELECT R.""municipality"", AVG(R.""garbage"") AS ""avg_garbage_R"", AVG(S.""garbage_mt/_per_capita"") AS ""avg_garbage_per_capita_S"" FROM R JOIN S ON R.""municipality"" = S.""municipality"" GROUP BY R.""municipality""","What is the average amount of garbage disposed per municipality in Nova Scotia, along with the average garbage disposal per capita for each municipality? Please provide this information based on the municipal solid waste disposal totals and curbside collection cost data from the Government of Nova Scotia.",success,11.289,0,,4483,333,10.368,0,,4170,213,21.657
CAN,multi-table-join,challenging,true,b53a963d-2bc9-435b-bb0c-d68144bb2c11,c213cafe-e2a9-4515-a0c2-ad7723eae693,3b9fe69f-ebb6-b13b-947e-0bd94b4493c6,37196fcc-e28e-857b-40dd-716684fd5f8b,Municipal Solid Waste Disposal Totals (CSV),Municipal Solid Waste Curbside Collection Cost (CSV Excel (EU)),municipality,municipality,"SELECT R.""municipality"", R.""year"", SUM(R.""total"") AS ""total_garbage_R"", AVG(S.""garbage_mt/_per_capita"") AS ""avg_garbage_per_capita_S"" FROM R JOIN S ON R.""municipality"" = S.""municipality"" GROUP BY R.""municipality"", R.""year""","For each municipality and year in Nova Scotia, what is the sum of total garbage disposed along with the average per capita garbage collected through curbside collection, grouped by municipality and year?",success,37.712,2,,10822,1288,37.118,3,,17323,744,74.83000000000001
CAN,single-table,moderate,true,c1e4d57f-ec0a-4139-81c2-5e84d3f761d7,,40154ee1-a60f-421e-8059-0e020f8b6fd0,,Dataset,,,,"SELECT sector_and_type_of_multinational, AVG(value) AS average_value FROM R WHERE status IS NULL AND i_ref_date_ >= 2015.0 GROUP BY sector_and_type_of_multinational","According to Statistics Canada | Statistique Canada, what is the average value of economic activities such as merchandise exports and gross fixed capital formation for each type of multinational enterprise, including non-multinational and foreign multinational enterprises, in Canada since 2015?",success,7.356,0,,2214,267,18.063,1,,5071,416,25.418999999999997
CAN,single-table,challenging,true,c1e4d57f-ec0a-4139-81c2-5e84d3f761d7,,40154ee1-a60f-421e-8059-0e020f8b6fd0,,Dataset,,,,"SELECT geo, descriptive_variable, SUM(CASE WHEN i_ref_date_ = 2023.0 THEN value ELSE 0 END) AS total_2023_value, SUM(CASE WHEN i_ref_date_ = 2017.0 THEN value ELSE 0 END) AS total_2017_value FROM R GROUP BY geo, descriptive_variable HAVING total_2023_value > 0 AND total_2017_value > 0","According to Statistics Canada | Statistique Canada, how do the values of different economic activities like merchandise exports or gross fixed capital formation in 2023 compare to those in 2017 for each province, only showing provinces where both years have positive values?",success,9.592,0,,2348,348,6.933,0,,2566,159,16.525
CAN,single-table,simple,true,9c113b91-583a-4a7d-ac61-576263dea16b,,5298c929-404f-490c-8571-dab46f05b036,,Dataset,,,,"SELECT geo, COUNT(*) FROM R WHERE estimates = 'value of exports' GROUP BY geo;","According to Statistics Canada’s trade data on international trade in goods by exporter characteristics, how many instances of the value of exports are there for each province or territory in Canada?",success,7.229,0,,2134,313,31.329,3,,9502,747,38.558
CAN,single-table,moderate,true,9c0720b1-3a44-4c78-9f98-3f905e61d14b,,019575b2-143c-4c76-9c81-df9ace2f97fd,,NPRI-INRP_DisposalsEliminations_RecyclingRecyclage_MediaGroupMilieu_2023.csv,,,,"SELECT ""naics_4_sector_name__english__/_nom_de_secteur_scian_4__anglais_"", SUM(""total_all_releases_/_rejet_total_tout"") AS total_releases FROM R WHERE ""province_/_province"" = 'on' GROUP BY ""naics_4_sector_name__english__/_nom_de_secteur_scian_4__anglais_""",What is the total amount of pollutant releases by each industrial sector in Ontario according to the National Pollutant Release Inventory (NPRI)?,success,29.211,2,,8757,1071,9.131,0,,3834,198,38.342
CAN,single-table,challenging,true,9c0720b1-3a44-4c78-9f98-3f905e61d14b,,019575b2-143c-4c76-9c81-df9ace2f97fd,,NPRI-INRP_DisposalsEliminations_RecyclingRecyclage_MediaGroupMilieu_2023.csv,,,,"SELECT      ""company_name_/_denomination_sociale_de_l'entreprise"",     ""city_/_ville"",     RANK() OVER (PARTITION BY ""province_/_province"" ORDER BY total_releases DESC) as release_rank FROM (     SELECT          ""company_name_/_denomination_sociale_de_l'entreprise"",         ""city_/_ville"",         ""province_/_province"",         SUM(""total_all_releases_/_rejet_total_tout"") AS total_releases     FROM R     GROUP BY ""company_name_/_denomination_sociale_de_l'entreprise"", ""city_/_ville"", ""province_/_province"" ) AS subquery;","Which companies across different cities in each province are releasing pollutants according to the NPRI data, and how do they rank within their respective provinces based on the total amount of pollutant releases?",success,25.945,1,,6655,935,6.911,0,,4007,146,32.856
CAN,single-table,moderate,true,579e556f-471a-4f8f-92b0-b9edfd8edf89,,6ab784be-1197-4820-8bc2-fd20da32632c,,NPRI-INRP_DisposalsEliminations_RecyclingRecyclage_MediaGroupMilieu_2023.csv,,,,"SELECT SUM(""total_all_releases_/_rejet_total_tout"") FROM R WHERE ""province_/_province"" = 'ab';","According to the National Pollutant Release Inventory reported by Environment and Climate Change Canada in 2023, what is the total amount of pollutants released by facilities located in Alberta?",success,24.457,2,,8439,907,27.162,2,,11441,581,51.619
CAN,single-table,challenging,true,579e556f-471a-4f8f-92b0-b9edfd8edf89,,6ab784be-1197-4820-8bc2-fd20da32632c,,NPRI-INRP_DisposalsEliminations_RecyclingRecyclage_MediaGroupMilieu_2023.csv,,,,"WITH RankedReleases AS ( SELECT *, ROW_NUMBER() OVER (PARTITION BY ""company_name_/_denomination_sociale_de_l'entreprise"" ORDER BY ""total_all_releases_/_rejet_total_tout"" DESC) as rn FROM R ) SELECT * FROM RankedReleases WHERE rn = 1;","According to the National Pollutant Release Inventory reported by Environment and Climate Change Canada in 2023, which facility from each company released the highest amount of pollutants?",success,8.562,0,,3759,274,7.216,0,,3799,153,15.777999999999999
CAN,single-table,simple,true,fe41bfa7-3f9c-4b4d-8a92-31b8fed0db69,,d7b39dbf-d05c-4103-8ed1-073b3c874671,,Dataset,,,,"SELECT geo, SUM(value) AS total_value FROM R WHERE status IS NULL GROUP BY geo",What is the total value of film and video production metrics for each geographic region in Canada where there are no data status issues?,success,6.313,0,,1856,260,6.463,0,,2073,158,12.776
CAN,single-table,challenging,true,fe41bfa7-3f9c-4b4d-8a92-31b8fed0db69,,d7b39dbf-d05c-4103-8ed1-073b3c874671,,Dataset,,,,"WITH RankedValues AS ( SELECT *, ROW_NUMBER() OVER (PARTITION BY geo ORDER BY value DESC) as rn FROM R ) SELECT geo, production_characteristics, value FROM RankedValues WHERE rn = 1","Which geographic region in Canada had the highest value for each film or television production characteristic reported by Statistics Canada, and what were those specific characteristics and their corresponding values?",success,6.263,0,,1985,259,6.544,0,,2246,157,12.806999999999999
CAN,single-table,simple,true,4c203c74-1d01-4736-b8af-690eff87c292,,8fed8388-e1d2-46da-8876-2f3bc74f4fed,,Dataset,,,,"SELECT geo, type_of_producer FROM R WHERE value > 100;",Which regions and types of producers in Canada had a total revenue or production count greater than 100 according to Statistics Canada's film and video production data?,success,5.839,0,,1866,245,7.023,0,,2118,167,12.862
CAN,single-table,moderate,true,4c203c74-1d01-4736-b8af-690eff87c292,,8fed8388-e1d2-46da-8876-2f3bc74f4fed,,Dataset,,,,"SELECT geo, AVG(value) AS average_value FROM R GROUP BY geo HAVING AVG(value) > 50;","What are the average values for different geographic regions in Canada where the average total revenue or production count exceeds 50, based on Statistics Canada's film and video production data?",success,5.881,0,,1907,246,6.227,0,,2200,152,12.108
CAN,multi-table-join,simple,true,fe41bfa7-3f9c-4b4d-8a92-31b8fed0db69,4c203c74-1d01-4736-b8af-690eff87c292,d7b39dbf-d05c-4103-8ed1-073b3c874671,8fed8388-e1d2-46da-8876-2f3bc74f4fed,Dataset,Dataset,production_characteristics,production_characteristics,"SELECT R.production_characteristics, R.value AS value_R, S.value AS value_S FROM R JOIN S ON R.production_characteristics = S.production_characteristics","According to Statistics Canada's data on film, television, and video production, how do values for specific production characteristics compare between regional data from different parts of Canada and type-specific producer data when the same production characteristics are considered?",success,6.968,0,,3293,235,38.669,3,,15134,844,45.637
CAN,single-table,simple,true,ccc61219-a87b-4d54-986e-91c51e5388d4,,6ea268fa-7033-417e-ba22-6a78a61345f1,,Dataset,,,,"SELECT geo, COUNT(*) FROM R WHERE ""i_ref_date_"" LIKE '198%' GROUP BY geo;",How many entries related to international merchandise trade price indexes are there for each geographic region in Statistics Canada's data from the 1980s?,success,5.69,0,,1822,236,13.349,1,,4390,316,19.039
CAN,single-table,moderate,true,ccc61219-a87b-4d54-986e-91c51e5388d4,,6ea268fa-7033-417e-ba22-6a78a61345f1,,Dataset,,,,"SELECT ""merchandise_import_and_export_sectors"", AVG(""value"") AS average_value FROM R WHERE ""geo"" = 'canada' AND CAST(REPLACE(""i_ref_date_"", '-', '') AS INTEGER) >= 199001 GROUP BY ""merchandise_import_and_export_sectors"";",What is the average value of imports and exports for each sector in Canada since January 1990 according to Statistics Canada's international merchandise trade price indexes?,success,8.665,0,,1917,401,6.875,0,,2206,163,15.54
CAN,single-table,simple,true,fb8f6324-0761-4dc7-8cee-ff9c3074fbb7,,24b270ff-a7b4-4fc4-9e96-16fe795b4ea7,,Dataset,,,,"SELECT geo, COUNT(*) FROM R WHERE basis = 'customs basis' GROUP BY geo;",How many entries are there for each geographic region when considering only the data based on the customs basis in the international merchandise trade price indexes?,success,6.087,0,,2302,234,6.87,0,,2599,160,12.957
CAN,single-table,moderate,true,fb8f6324-0761-4dc7-8cee-ff9c3074fbb7,,24b270ff-a7b4-4fc4-9e96-16fe795b4ea7,,Dataset,,,,"SELECT ""seasonal_adjustment"", AVG(""value"") AS average_value FROM R GROUP BY ""seasonal_adjustment"";",What is the average value of the international merchandise trade price indexes for each type of seasonal adjustment according to Statistics Canada's data?,success,6.191,0,,2352,244,6.87,0,,2663,159,13.061
CAN,single-table,challenging,true,fb8f6324-0761-4dc7-8cee-ff9c3074fbb7,,24b270ff-a7b4-4fc4-9e96-16fe795b4ea7,,Dataset,,,,"WITH RankedValues AS ( SELECT *, ROW_NUMBER() OVER (PARTITION BY ""geo"", ""basis"" ORDER BY ""i_ref_date_"" DESC) as rn FROM R ) SELECT ""geo"", ""basis"", ""i_ref_date_"", ""value"" FROM RankedValues WHERE rn = 1","For each geographic region and basis type in the international merchandise trade price indexes, what is the most recent reference date and its corresponding value according to Statistics Canada's data?",success,7.291,0,,2449,284,7.598,0,,2791,173,14.889
CAN,multi-table-join,moderate,true,ccc61219-a87b-4d54-986e-91c51e5388d4,fb8f6324-0761-4dc7-8cee-ff9c3074fbb7,6ea268fa-7033-417e-ba22-6a78a61345f1,24b270ff-a7b4-4fc4-9e96-16fe795b4ea7,Dataset,Dataset,merchandise_import_and_export_sectors,merchandise_import_and_export_sectors_and_sub_sectors,"SELECT R.i_ref_date_, R.geo, R.value AS merchandise_value, S.value AS index_value FROM R JOIN S ON S.merchandise_import_and_export_sectors_and_sub_sectors LIKE CONCAT(R.merchandise_import_and_export_sectors, ',%') OR S.merchandise_import_and_export_sectors_and_sub_sectors = R.merchandise_import_and_export_sectors","How do merchandise values and index values from Statistics Canada's international merchandise trade price indexes relate between different sectors and sub-sectors for various dates? Please consider both tables that cover years from 1981-2012 and 1997-2007, focusing on how the data aligns when comparing total sectors to their respective sub-sectors.",success,45.752,3,,12197,1575,9.433,0,,4312,189,55.185
CAN,single-table,moderate,true,acc91ebc-cc8d-4062-84f1-3cc5eb616a57,,6908afe0-8640-4b0e-a2d2-8225fbb753c2,,Dataset,,,,"SELECT ""gender"", AVG(""value"") as average_value FROM R WHERE ""union_coverage"" = 'no union coverage' AND CAST(""i_ref_date_"" AS INTEGER) >= 2015 GROUP BY ""gender""","According to Statistics Canada's data on employment and unionization, what is the average number of employees (in thousands) not covered by a union for each gender since 2015?",success,5.941,0,,2316,241,23.375,2,,7557,541,29.316
CAN,single-table,simple,true,c05bdc4e-21fa-4c8b-a0f0-95816a8049e5,,8940f53e-74e5-486c-b5ed-458a935d98aa,,Charities Businesses Directors/Officers,,,,SELECT * FROM R WHERE first_name = 'winfried' AND last_name = 'biebersdorf';,"Could you provide all the information related to the role of Winfried Biebersdorf as a director or officer within registered charities, specifically focusing on his entry in the Canada Revenue Agency’s database?",success,20.246,2,,4707,868,32.562,3,,8484,788,52.80799999999999
CAN,single-table,moderate,true,c05bdc4e-21fa-4c8b-a0f0-95816a8049e5,,8940f53e-74e5-486c-b5ed-458a935d98aa,,Charities Businesses Directors/Officers,,,,"SELECT COUNT(*), position FROM R GROUP BY position","How many individuals are listed in each distinct position, such as director or officer, for Canadian registered charities according to the data from the Canada Revenue Agency?",success,4.983,0,,1697,215,29.934,3,,8650,721,34.917
CAN,single-table,challenging,true,c05bdc4e-21fa-4c8b-a0f0-95816a8049e5,,8940f53e-74e5-486c-b5ed-458a935d98aa,,Charities Businesses Directors/Officers,,,,"SELECT first_name, last_name, start_date, end_date, DATEDIFF('day', CAST(start_date AS DATE), COALESCE(CAST(end_date AS DATE), CURRENT_DATE)) AS tenure_days FROM R WHERE position = 'president' OR position = 'director';","Could you show me the names, start and end dates of service, and tenure in days for individuals who serve as president or director in registered charities according to the data from the Canada Revenue Agency? Please include those whose service is ongoing up until today.",success,15.605,1,,3367,658,25.77,2,,7037,620,41.375
CAN,single-table,moderate,true,e9b2bfe2-b6bd-401e-9edb-c05367fb3885,,49cb599c-03f6-4191-b8d3-fb5b8e35b218,,Charities Businesses Directors/Officers,,,,"SELECT COUNT(*) AS total_positions, ""position"" FROM R GROUP BY ""position"" ORDER BY total_positions DESC LIMIT 1;",Which position is held most frequently among the directors or officers of Canadian charities registered with the Canada Revenue Agency?,success,25.623,2,,4980,1123,5.276,0,,2013,130,30.899
CAN,single-table,moderate,true,a7c243f8-5720-41e7-b928-ebbb43acccf4,,eb3ed541-db9c-4d2d-896f-58d5e48045f4,,Major Importers by city,,,,"SELECT ""province_eng"", COUNT(""city_ville"") AS city_count FROM R GROUP BY ""province_eng""","According to the Canadian Importers Database for the year 2015, how many cities are listed as major importers in each province?",success,19.449,2,,4059,911,14.708,1,,3644,360,34.157000000000004
CAN,single-table,challenging,true,a7c243f8-5720-41e7-b928-ebbb43acccf4,,eb3ed541-db9c-4d2d-896f-58d5e48045f4,,Major Importers by city,,,,"WITH CityCounts AS ( SELECT ""city_ville"", ""province_eng"", COUNT(*) as city_count FROM R GROUP BY ""city_ville"", ""province_eng"" ), RankedCities AS ( SELECT ""city_ville"", ""province_eng"", city_count, ROW_NUMBER() OVER (PARTITION BY ""province_eng"" ORDER BY city_count DESC) as city_rank FROM CityCounts ) SELECT ""province_eng"", ""city_ville"", city_count FROM RankedCities WHERE city_rank = 1;",Which city in each province has the highest number of companies listed as major importers according to the Canadian Importers Database for the year 2015?,success,20.934,1,,3086,902,6.216,0,,1830,151,27.150000000000002
CAN,single-table,simple,true,d9d19caa-0dc0-4f6b-9847-ee675ff5020f,,e4ab00f9-ccbf-4c7c-97fa-4ed4468c3409,,Dataset,,,,"SELECT geo, COUNT(*) FROM R WHERE i_ref_date_ > 2000 GROUP BY geo;","According to Statistics Canada, how many times does each geographic area appear in the data on female-to-male earnings ratios after the year 2000?",success,6.087,0,,2005,245,31.683,3,,8884,747,37.769999999999996
CAN,single-table,challenging,true,d9d19caa-0dc0-4f6b-9847-ee675ff5020f,,e4ab00f9-ccbf-4c7c-97fa-4ed4468c3409,,Dataset,,,,"WITH RankedEarnings AS ( SELECT *, ROW_NUMBER() OVER (PARTITION BY geo ORDER BY i_ref_date_ DESC) as rn FROM R ) SELECT geo, dguid, selected_characteristics, earnings, value, i_ref_date_ FROM RankedEarnings WHERE rn = 1;","According to Statistics Canada, what are the most recent female-to-male earnings ratios for different geographic areas, considering both average and median earnings ratios?",success,7.24,0,,2170,287,6.681,0,,2259,161,13.921
CAN,single-table,simple,true,ebfa8f73-ee6f-42fe-81d1-fcf24cfc6e8d,,09b154e0-7f28-4717-8c27-d3fbe5baa8f2,,Dataset,,,,"SELECT geo, final_demand_categories FROM R WHERE i_ref_date_ > 1980",What are the final demand categories for Canada after the year 1980 according to Statistics Canada's economic accounts data?,success,88.782,0,,1854,234,6.236,0,,2133,148,95.018
CAN,single-table,moderate,true,ebfa8f73-ee6f-42fe-81d1-fcf24cfc6e8d,,09b154e0-7f28-4717-8c27-d3fbe5baa8f2,,Dataset,,,,"SELECT commodity, AVG(value) AS average_value FROM R GROUP BY commodity","According to Statistics Canada's national accounts data, what are the average values for different commodities across various years from 1961 to 1997?",success,5.18,0,,1886,221,6.537,0,,2181,154,11.716999999999999
CAN,single-table,challenging,true,ebfa8f73-ee6f-42fe-81d1-fcf24cfc6e8d,,09b154e0-7f28-4717-8c27-d3fbe5baa8f2,,Dataset,,,,"SELECT geo, final_demand_categories, SUM(value * POWER(10, decimals)) AS total_adjusted_value FROM R WHERE i_ref_date_ > 1980 AND geo = 'canada' GROUP BY geo, final_demand_categories HAVING COUNT(DISTINCT commodity) > 2 ORDER BY total_adjusted_value DESC","Based on Statistics Canada's economic accounts data, which final demand categories in Canada after 1980 have more than two distinct commodities, and what are their total adjusted values? Please list them from highest to lowest value.",success,8.442,0,,1981,332,7.417,0,,2355,177,15.859
CAN,single-table,moderate,true,a27e7c5c-7569-47fb-b732-e712e6c641c3,,8e5eef9c-a501-4599-ac34-a0aeadaddfcd,,Dataset,,,,"SELECT north_american_industry_classification_system__naics_, AVG(value) AS average_value FROM R WHERE geo = 'canada' AND inputs_outputs = 'inputs' GROUP BY north_american_industry_classification_system__naics_;","According to Statistics Canada's economic accounts data, what is the average value of inputs for each industry in Canada?",success,6.804,0,,2102,270,18.437,2,,7359,447,25.241
CAN,single-table,simple,true,ecf7e6b0-bd0f-4452-8eb7-1f634c1e907e,,36dd59c5-de89-4d93-a998-b981e9118e0d,,Dataset,,,,"SELECT geo, COUNT(*) FROM R WHERE i_ref_date_ > 2015 GROUP BY geo",How many entries are there for each geographic area in Statistics Canada's economic accounts data where the reference date is after 2015?,success,7.238,0,,2133,270,13.767,1,,4803,317,21.005
CAN,single-table,challenging,true,ecf7e6b0-bd0f-4452-8eb7-1f634c1e907e,,36dd59c5-de89-4d93-a998-b981e9118e0d,,Dataset,,,,"WITH LatestData AS ( SELECT *, ROW_NUMBER() OVER (PARTITION BY dguid ORDER BY i_ref_date_ DESC) as rn FROM R ) SELECT geo, industry, variable, value, i_ref_date_ FROM LatestData WHERE rn = 1","According to Statistics Canada's national accounts data, what are the latest geographic area, industry, variable, value, and reference date for each unique identifier in the analysis of economic interdependence using multipliers?",success,7.717,0,,2280,289,23.933,2,,7867,560,31.65
CAN,single-table,moderate,true,1a3b90dd-f6ce-473d-ae5d-af9064c677bb,,4125a95f-6d61-4305-9715-85ec4471d2f0,,Dataset,,,,"SELECT variable, AVG(value) AS average_value FROM R WHERE geo = 'yukon' GROUP BY variable;","What are the average values of different economic variables, such as output or GDP, based on input-output multipliers specifically for the province of Yukon, as provided by Statistics Canada?",success,5.828,0,,2209,229,21.522,2,,7588,517,27.349999999999998
CAN,single-table,challenging,true,1a3b90dd-f6ce-473d-ae5d-af9064c677bb,,4125a95f-6d61-4305-9715-85ec4471d2f0,,Dataset,,,,"WITH LatestData AS ( SELECT *, ROW_NUMBER() OVER (PARTITION BY geo ORDER BY i_ref_date_ DESC) as rn FROM R ) SELECT geo, variable, value, i_ref_date_ FROM LatestData WHERE rn = 1",What are the most recent values of economic variables like output or GDP based on input-output multipliers for each province or territory according to Statistics Canada's data?,success,6.807,0,,2296,258,6.161,0,,2519,148,12.968
CAN,single-table,simple,true,adcd2418-b903-4864-9b6f-f1cd7aae9ca7,,344e445b-1632-427d-a7a8-e8527b6f532b,,Dataset,,,,"SELECT geo, trade FROM R WHERE value > 1000;","According to Statistics Canada's international trade data on commercial services, which geographical areas and types of trade (imports or exports) have values greater than $1000 million?",success,8.095,0,,2301,297,15.548,1,,4423,364,23.643
CAN,single-table,moderate,true,adcd2418-b903-4864-9b6f-f1cd7aae9ca7,,344e445b-1632-427d-a7a8-e8527b6f532b,,Dataset,,,,"SELECT geo, AVG(value) AS average_value FROM R GROUP BY geo HAVING AVG(value) > 500;","Based on Statistics Canada's data on international commercial services, which geographical areas have an average value of trade (imports or exports) exceeding $500 million?",success,5.711,0,,2063,225,6.245,0,,2168,148,11.956
CAN,single-table,challenging,true,adcd2418-b903-4864-9b6f-f1cd7aae9ca7,,344e445b-1632-427d-a7a8-e8527b6f532b,,Dataset,,,,"SELECT ""geo"", SUM(""value"") AS total_value, ROW_NUMBER() OVER (ORDER BY SUM(""value"") DESC) as rank FROM R GROUP BY ""geo""","According to Statistics Canada's data on international commercial services, which geographical areas have the highest total trade values (imports or exports), and how do they rank in comparison to each other?",success,25.285,2,,5761,1019,6.232,0,,2258,152,31.517
CAN,single-table,moderate,true,232e548d-f82b-4872-afb3-5f2f6525f137,,2ec0b35f-58b8-4c67-a875-cf94105f0363,,Dataset,,,,"SELECT ""geo"", ""commercial_services_by_category"", SUM(""value"") AS total_value FROM R WHERE ""i_ref_date_"" >= 2010.0 AND ""receipts_and_payments"" = 'payments' GROUP BY ""geo"", ""commercial_services_by_category""","According to Statistics Canada’s international trade data, what were the total payment values for different categories of commercial services in Canada from 2010 onwards?",success,6.588,0,,2157,274,21.7,2,,6981,510,28.288
CAN,single-table,challenging,true,232e548d-f82b-4872-afb3-5f2f6525f137,,2ec0b35f-58b8-4c67-a875-cf94105f0363,,Dataset,,,,"WITH AvgValues AS (     SELECT ""geo"", ""north_american_industry_classification_system__naics_"", AVG(""value"") AS avg_value     FROM R     WHERE ""i_ref_date_"" >= 2010.0     GROUP BY ""geo"", ""north_american_industry_classification_system__naics_"" ) SELECT ""geo"", ""north_american_industry_classification_system__naics_"", avg_value, ROW_NUMBER() OVER (PARTITION BY ""geo"" ORDER BY avg_value DESC) as rank FROM AvgValues;","Based on Statistics Canada's economic accounts data since 2010, what are the average values of commercial services by NAICS category for each geographic region in Canada, ranked from highest to lowest?",success,21.652,1,,4273,863,6.91,0,,2346,163,28.562
CAN,multi-table-join,moderate,true,adcd2418-b903-4864-9b6f-f1cd7aae9ca7,232e548d-f82b-4872-afb3-5f2f6525f137,344e445b-1632-427d-a7a8-e8527b6f532b,2ec0b35f-58b8-4c67-a875-cf94105f0363,Dataset,Dataset,commercial_services_by_category,commercial_services_by_category,"SELECT R.commercial_services_by_category, AVG(R.value) AS avg_value_R, MAX(S.value) AS max_value_S FROM R JOIN S ON R.commercial_services_by_category = S.commercial_services_by_category GROUP BY R.commercial_services_by_category","What are the average values of different categories of commercial services in terms of imports and exports for Canada over the years, and what is the maximum value related to receipts and payments within each category as classified by NAICS? Please provide this information considering the data from Statistics Canada on international trade in services.",success,8.62,0,,3741,258,8.883,0,,3587,195,17.503
CAN,single-table,moderate,true,9f0b2af9-ee1f-45ef-9e75-e69f21a9b55e,,19b3b6dc-23a7-4dc1-9ee7-cb086d51df57,,Table 01j:  Prince Edward Island,,,,"SELECT ""city_name"", SUM(""payment_amount"") AS total_payment FROM R GROUP BY ""city_name"" HAVING COUNT(*) > 1","According to the Canada Revenue Agency's report on GST/HST incremental federal rebates, which cities in Prince Edward Island received more than one rebate payment, and what is the total amount of these payments for each city?",success,5.233,0,,1232,260,23.184,2,,5162,578,28.417
CAN,single-table,challenging,true,9f0b2af9-ee1f-45ef-9e75-e69f21a9b55e,,19b3b6dc-23a7-4dc1-9ee7-cb086d51df57,,Table 01j:  Prince Edward Island,,,,"WITH RankedPayments AS ( SELECT ""legal_name"", ""city_name"", ""postal_code"", ""payment_amount"", ROW_NUMBER() OVER (PARTITION BY ""city_name"" ORDER BY ""payment_amount"" DESC) as rn FROM R ) SELECT ""city_name"", AVG(""payment_amount"") as avg_payment, MAX(""payment_amount"") as max_payment, MIN(""payment_amount"") as min_payment FROM RankedPayments WHERE rn <= 3 GROUP BY ""city_name""","Based on the Canada Revenue Agency's report on GST/HST incremental federal rebates, can you provide the average, highest, and lowest rebate amounts for each city in Prince Edward Island that received at least three payments?",success,8.816,0,,1245,395,7.953,0,,1773,197,16.769000000000002
CAN,multi-table-join,moderate,true,9f0b2af9-ee1f-45ef-9e75-e69f21a9b55e,eb15fc4d-09a2-426b-b8e4-be9f20e5e9d1,19b3b6dc-23a7-4dc1-9ee7-cb086d51df57,c904b5c6-9cc7-4d01-a726-3befa3865233,Table 01j:  Prince Edward Island,Prince Edward Island,city_name,city_name,"SELECT R.""city_name"", R.""legal_name"" AS R_legal_name, S.""legal_name"" AS S_legal_name, R.""payment_amount"" AS R_payment_amount, S.""payment_amount"" AS S_payment_amount FROM R JOIN S ON R.""city_name"" = S.""city_name"" WHERE R.""city_name"" = 'murray river'","In Prince Edward Island, which municipalities in Murray River received both the GST/HST incremental federal rebate and an additional fiscal benefit from the Canada Revenue Agency? What are the legal names of these municipalities and their specific payment amounts for each type of benefit?",success,29.547,2,,5200,1340,27.783,2,,7691,658,57.33
CAN,single-table,moderate,true,ae9bf978-c7c1-4271-aab9-7f421d34d66c,,08551517-d095-40fe-88ad-0561901f9ac4,,Total particulate matter emissions by facility – English (1 680 kB),,,,"SELECT ""company_name"", SUM(""emissions"") AS total_emissions FROM R GROUP BY ""company_name"" ORDER BY total_emissions DESC LIMIT 5;","Which five companies have the highest total emissions of particulate matter according to Environment and Climate Change Canada's data, and what are those emission amounts in tonnes?",success,6.85,0,,2364,272,7.181,0,,2739,166,14.030999999999999
CAN,single-table,challenging,true,ae9bf978-c7c1-4271-aab9-7f421d34d66c,,08551517-d095-40fe-88ad-0561901f9ac4,,Total particulate matter emissions by facility – English (1 680 kB),,,,"WITH RankedEmissions AS ( SELECT ""company_name"", ""city"", ""province"", SUM(""emissions"") AS total_emissions, RANK() OVER (PARTITION BY ""province"" ORDER BY SUM(""emissions"") DESC) as rank FROM R WHERE ""report_year"" = 2022 GROUP BY ""company_name"", ""city"", ""province"" ) SELECT * FROM RankedEmissions WHERE rank <= 3;","According to Environment and Climate Change Canada’s data on particulate matter emissions for 2022, which companies in each province have the highest total emissions, and what are the top three companies along with their cities and emission amounts in tonnes?",success,8.401,0,,2384,316,6.908,0,,2925,155,15.309000000000001
CAN,single-table,challenging,true,adf0b446-27de-4d70-a552-9b64f99a500e,,e7a74960-8edb-4a89-8dea-88914ad60fc6,,Nitrogen oxide emissions by facility – English (2 019 kB),,,,"WITH RankedEmissions AS ( SELECT *, ROW_NUMBER() OVER (PARTITION BY ""province"", ""report_year"" ORDER BY COALESCE(""emissions"", 0) DESC) as rank FROM R WHERE ""report_year"" = 2022 AND ""emissions"" IS NOT NULL ) SELECT * FROM RankedEmissions WHERE rank <= 3;","Which facilities in each province reported the highest nitrogen oxide emissions in 2022, and what are their addresses and emission details? Please provide the top three for each province.",success,19.823,1,,4547,750,7.089,0,,2712,159,26.912
CAN,multi-table-union,simple,true,ae9bf978-c7c1-4271-aab9-7f421d34d66c,adf0b446-27de-4d70-a552-9b64f99a500e,08551517-d095-40fe-88ad-0561901f9ac4,e7a74960-8edb-4a89-8dea-88914ad60fc6,Total particulate matter emissions by facility – English (1 680 kB),Nitrogen oxide emissions by facility – English (2 019 kB),facility_name,facility_name,"SELECT ""address"", ""facility_information"", ""longitude"", ""facility_name"", ""latitude"", ""units"", ""emissions"", ""company_name"", ""province"", ""city"", ""npri_id"", ""facility_details"", ""report_year"", ""postal_code"" FROM R UNION SELECT ""address"", ""facility_information"", ""longitude"", ""facility_name"", ""latitude"", ""units"", ""emissions"", ""company_name"", ""province"", ""city"", ""npri_id"", ""facility_details"", ""report_year"", ""postal_code"" FROM S","Which facilities in Canada have reported their total particulate matter emissions or nitrogen oxide emissions, including details such as address, company name, city, province, emission quantities, latitude, longitude, units of measurement, facility information links, additional details, and reporting year?",success,6.5,0,,876,365,20.968,1,,9952,429,27.468
CAN,multi-table-union,moderate,true,ae9bf978-c7c1-4271-aab9-7f421d34d66c,adf0b446-27de-4d70-a552-9b64f99a500e,08551517-d095-40fe-88ad-0561901f9ac4,e7a74960-8edb-4a89-8dea-88914ad60fc6,Total particulate matter emissions by facility – English (1 680 kB),Nitrogen oxide emissions by facility – English (2 019 kB),facility_name,facility_name,"SELECT ""address"", ""facility_information"", ""longitude"", ""facility_name"", ""latitude"", ""units"", ""emissions"", ""company_name"", ""province"", ""city"", ""npri_id"", ""facility_details"", ""report_year"", ""postal_code"" FROM R WHERE ""province"" = 'alberta' UNION SELECT ""address"", ""facility_information"", ""longitude"", ""facility_name"", ""latitude"", ""units"", ""emissions"", ""company_name"", ""province"", ""city"", ""npri_id"", ""facility_details"", ""report_year"", ""postal_code"" FROM S WHERE ""province"" = 'ontario'","Which facilities in Alberta and Ontario have reported their total particulate matter emissions or nitrogen oxide emissions, including details such as address, company name, city, province, postal code, latitude, longitude, emission units, emission amounts, facility names, and the year of reporting? Please provide links to more information about these facilities.",success,46.113,3,,6510,2071,9.434,0,,4860,190,55.547
CAN,single-table,simple,true,b563ec38-38ea-4edd-ae84-94b0da955deb,,52ad9d5d-ade7-469e-a7e3-bef2187b0439,,Processed Fruit and Vegetable Products Data - 2017-2018,,,,"SELECT * FROM R WHERE ""country_of_origin_//_pays_d'origine"" = 'canada';",Can you provide all details for food safety assessments conducted on processed fruit and vegetable products that originated in Canada?,success,6.79,0,,2780,252,22.81,2,,8862,514,29.599999999999998
CAN,single-table,moderate,true,b563ec38-38ea-4edd-ae84-94b0da955deb,,52ad9d5d-ade7-469e-a7e3-bef2187b0439,,Processed Fruit and Vegetable Products Data - 2017-2018,,,,"SELECT ""commodity_//_produit"", COUNT(*) as sample_count FROM R GROUP BY ""commodity_//_produit"" ORDER BY sample_count DESC LIMIT 5;",Which type of processed fruit and vegetable product was most frequently sampled under the National Microbiological Monitoring Program or Food Safety Oversight Program by the Canadian Food Inspection Agency in 2017-2018? Please list the top five products along with their sampling counts.,success,6.964,0,,2725,262,9.033,0,,2867,202,15.997
CAN,single-table,simple,true,0a05fcd2-6bfe-42f4-a9ef-d3db7f53e299,,9597ee27-f837-4b18-8710-a76d6b49c319,,Fresh and Ready-to-Eat Fresh-Cut Fruits and Vegetables Data - 2016/2017,,,,"SELECT AVG(LENGTH(""result_//_rasultat"")) AS avg_result_length FROM R WHERE ""country_of_origin_//_pays_d'origine"" = 'canada';",What is the average length of the results for food samples originating in Canada as part of the Food Safety Oversight Program managed by the Canadian Food Inspection Agency?,success,23.088,2,,6886,903,35.145,3,,11799,799,58.233000000000004
CAN,single-table,moderate,true,0a05fcd2-6bfe-42f4-a9ef-d3db7f53e299,,9597ee27-f837-4b18-8710-a76d6b49c319,,Fresh and Ready-to-Eat Fresh-Cut Fruits and Vegetables Data - 2016/2017,,,,"SELECT ""commodity_//_produit"", COUNT(*) as sample_count FROM R GROUP BY ""commodity_//_produit"" ORDER BY sample_count DESC LIMIT 5;",Which fresh fruits or vegetables were most frequently sampled under both the National Microbiological Monitoring Program and the Food Safety Oversight Program managed by the Canadian Food Inspection Agency in 2016/2017?,success,7.216,0,,2747,271,7.261,0,,2847,161,14.477
CAN,single-table,simple,true,9b23fa15-3abd-4e5e-91e6-e77d8b8eb846,,1afbf583-5f45-a18b-75b5-852195458087,,[ARCHIVED] Population Estimates (CSV Excel (EU)),,,,"SELECT ""geog_name"", COUNT(*) AS entry_count FROM R WHERE ""data_group"" = '15-19 yrs' GROUP BY ""geog_name"" ORDER BY entry_count DESC;","How many times does the age group '15-19 yrs' appear for each geographic area in Nova Scotia according to the archived population estimates, sorted from highest to lowest?",success,17.295,1,,3585,698,25.755,2,,6791,602,43.05
CAN,single-table,moderate,true,9b23fa15-3abd-4e5e-91e6-e77d8b8eb846,,1afbf583-5f45-a18b-75b5-852195458087,,[ARCHIVED] Population Estimates (CSV Excel (EU)),,,,"SELECT ""year"", AVG(""female___%"") AS avg_female_percentage, AVG(""male___%"") AS avg_male_percentage FROM R WHERE ""data_group"" = '15-19 yrs' GROUP BY ""year"" ORDER BY ""year"" ASC;",What were the average percentages of females and males in the 15-19 years age group across different years in Nova Scotia's archived population estimates?,success,6.191,0,,1837,276,6.134,0,,2141,147,12.325
CAN,single-table,challenging,true,9b23fa15-3abd-4e5e-91e6-e77d8b8eb846,,1afbf583-5f45-a18b-75b5-852195458087,,[ARCHIVED] Population Estimates (CSV Excel (EU)),,,,"SELECT ""geog_name"", ""year"", RANK() OVER (PARTITION BY ""geog_name"" ORDER BY ""total___%"" DESC) AS rank_by_total_percentage FROM R WHERE ""data_group"" = '15-19 yrs' AND ""total___%"" IS NOT NULL ORDER BY ""geog_name"", rank_by_total_percentage;","For each geographic area in Nova Scotia, how are the rankings of the 15-19 year age group determined based on their total percentages in the archived population estimates, sorted first by geographic name and then by rank?",success,7.27,0,,1948,307,31.418,3,,9583,740,38.688
CAN,single-table,moderate,true,8f27f8d3-03e2-4789-8e4d-d8ba1e3afd56,,2a80e494-0ca5-cea2-03cb-5310a67a9c8f,,[ARCHIVED] Census Population by 5 Year Age Groups (CSV),,,,"SELECT ""geog_name"", AVG(CAST(""2001___%"" AS FLOAT)) AS average_value FROM R GROUP BY ""geog_name""","In the archived Community Counts data from Government of Nova Scotia, what is the average percentage of the population in each community for the year 2001 across different age groups?",success,24.7,2,,6604,963,7.275,0,,2848,164,31.975
CAN,multi-table-join,moderate,true,9b23fa15-3abd-4e5e-91e6-e77d8b8eb846,8f27f8d3-03e2-4789-8e4d-d8ba1e3afd56,1afbf583-5f45-a18b-75b5-852195458087,2a80e494-0ca5-cea2-03cb-5310a67a9c8f,[ARCHIVED] Population Estimates (CSV Excel (EU)),[ARCHIVED] Census Population by 5 Year Age Groups (CSV),data_group,data_group1,"SELECT R.""data_group"", R.""geog_name"", S.""data_group1"", AVG(R.""female___%"") AS avg_female_percentage, AVG(S.""2011___%"") AS avg_2011_percentage FROM R JOIN S ON R.""data_group"" = S.""data_group1"" GROUP BY R.""data_group"", R.""geog_name"", S.""data_group1""","What are the average percentages of females in each 5-year age group for different geographic areas in Nova Scotia, as well as the average percentage of the population in those same age groups from the year 2011? Please provide this information grouped by the age group and geographic area names.",success,13.201,0,,4107,417,9.121,0,,4263,191,22.322000000000003
CAN,multi-table-join,challenging,true,9b23fa15-3abd-4e5e-91e6-e77d8b8eb846,8f27f8d3-03e2-4789-8e4d-d8ba1e3afd56,1afbf583-5f45-a18b-75b5-852195458087,2a80e494-0ca5-cea2-03cb-5310a67a9c8f,[ARCHIVED] Population Estimates (CSV Excel (EU)),[ARCHIVED] Census Population by 5 Year Age Groups (CSV),data_group,data_group1,"SELECT R.""data_group"", R.""geog_name"", S.""data_group1"", R.""year"", SUM(R.""female___%"") AS total_female_percentage, AVG(S.""2011___%"") AS avg_2011_percentage FROM R JOIN S ON R.""data_group"" = S.""data_group1"" WHERE R.""year"" >= 2008 AND S.""2011___%"" > 5 GROUP BY R.""data_group"", R.""geog_name"", S.""data_group1"", R.""year"" HAVING SUM(R.""female___%"") > 10 ORDER BY total_female_percentage DESC","Which age groups had a total female percentage greater than 10 in Nova Scotia's population estimates from 2008 onwards, and what were their corresponding average percentages for the year 2011, given that these groups also had more than 5 percent of the population in 2011? Please provide this information by age group, geographic area, and year, sorted by the total female percentage in descending order.",success,13.175,0,,4192,433,11.934,0,,4377,243,25.109
CAN,single-table,simple,true,b3070c38-88ed-4441-b2b2-9d63cdbe5548,,cb05d6da-cf6b-4a86-8099-f3699e9abdc3,,Dataset,,,,"SELECT geo, valuation FROM R WHERE i_ref_date_ = 1985.0","What are the geographical areas and valuation types for the financial data reported in 1985 according to Statistics Canada's balance sheets, which provide insights into government business enterprises and their financial performance related to government finance statistics?",success,5.231,0,,1803,226,33.569,3,,9048,789,38.800000000000004
CAN,single-table,simple,true,b75e9baf-f2a7-444e-98a5-3bd724e73427,,424f739b-1819-43f1-b6d4-73c22b014819,,Dataset,,,,"SELECT ""geo"", ""valuation"" FROM R WHERE ""categories"" = 'land' AND ""valuation"" = 'market value';",Which geographic areas and valuation types are associated with entries related to land in the market value category?,success,25.699,3,,6539,1142,13.292,1,,4382,323,38.991
CAN,single-table,moderate,true,b75e9baf-f2a7-444e-98a5-3bd724e73427,,424f739b-1819-43f1-b6d4-73c22b014819,,Dataset,,,,"SELECT ""geo"", SUM(""value"") AS total_value FROM R WHERE ""valuation"" = 'market value' GROUP BY ""geo"";","According to Statistics Canada's financial accounts data, what is the total market value of all categories for each geographic area in Canada?",success,6.991,0,,1868,341,28.733,3,,9171,693,35.724000000000004
CAN,single-table,challenging,true,b75e9baf-f2a7-444e-98a5-3bd724e73427,,424f739b-1819-43f1-b6d4-73c22b014819,,Dataset,,,,"SELECT ""geo"", ""valuation"", AVG(""value"") AS avg_value FROM R WHERE ""categories"" LIKE '%financial%' GROUP BY ""geo"", ""valuation""",What are the average values for financial-related categories under different valuation types across various geographic areas according to Statistics Canada's economic accounts data?,success,20.008,1,,3827,828,6.946,0,,2204,169,26.954
CAN,single-table,simple,true,a7e808c5-f58c-4a49-bb45-723fc33edefe,,c3f68f3f-f332-4817-8d14-14c1c9f494e7,,Dataset,,,,"SELECT geo, COUNT(*) FROM R WHERE ""i_ref_date_"" LIKE '2014%' GROUP BY geo;","According to Statistics Canada's Wholesale Services Price Index data, how many entries are there for each region in the year 2014?",success,7.201,0,,1910,325,14.495,1,,4583,339,21.695999999999998
CAN,single-table,moderate,true,a7e808c5-f58c-4a49-bb45-723fc33edefe,,c3f68f3f-f332-4817-8d14-14c1c9f494e7,,Dataset,,,,"SELECT ""north_american_industry_classification_system__naics_"", AVG(value) AS average_value FROM R WHERE ""geo"" = 'canada' AND ""i_ref_date_"" >= '2017-01' GROUP BY ""north_american_industry_classification_system__naics_""",What is the average wholesale services price index value for different industry classifications in Canada since January 2017 according to Statistics Canada's data?,success,7.06,0,,2004,286,6.823,0,,2263,165,13.883
CAN,single-table,challenging,true,a7e808c5-f58c-4a49-bb45-723fc33edefe,,c3f68f3f-f332-4817-8d14-14c1c9f494e7,,Dataset,,,,"SELECT geo, ""north_american_industry_classification_system__naics_"", RANK() OVER (PARTITION BY geo ORDER BY SUM(value) DESC) as rank FROM R WHERE ""i_ref_date_"" >= '2017-01' GROUP BY geo, ""north_american_industry_classification_system__naics_""","According to Statistics Canada's Wholesale Services Price Index data, which North American Industry Classification System (NAICS) categories rank highest in terms of their total value for each region since January 2017?",success,11.863,0,,2128,447,7.624,0,,2345,179,19.487
CAN,single-table,moderate,true,339961a3-5238-4c7c-a7c5-e7a9db91731e,,357d8e33-271b-4bcb-abe9-2a4b4899232c,,Dataset,,,,"SELECT north_american_industry_classification_system__naics_, AVG(value) AS average_value FROM R WHERE geo = 'canada' AND i_ref_date_ >= '2010-01' AND i_ref_date_ <= '2020-12' GROUP BY north_american_industry_classification_system__naics_;","What is the average wholesale services price index value for each industry classification in Canada between January 2010 and December 2020, according to Statistics Canada?",success,6.909,0,,2013,271,20.07,2,,6947,470,26.979
CAN,multi-table-union,simple,true,a7e808c5-f58c-4a49-bb45-723fc33edefe,339961a3-5238-4c7c-a7c5-e7a9db91731e,c3f68f3f-f332-4817-8d14-14c1c9f494e7,357d8e33-271b-4bcb-abe9-2a4b4899232c,Dataset,Dataset,north_american_industry_classification_system__naics_,north_american_industry_classification_system__naics_,"SELECT ""geo"", ""north_american_industry_classification_system__naics_"", ""uom_id"", ""i_ref_date_"", ""uom"", ""dguid"", ""value"", ""decimals"", ""scalar_factor"", ""coordinate"", ""vector"", ""scalar_id"", ""status"" FROM R UNION SELECT ""geo"", ""north_american_industry_classification_system__naics_"", ""uom_id"", ""i_ref_date_"", ""uom"", ""dguid"", ""value"", ""decimals"", ""scalar_factor"", ""coordinate"", ""vector"", ""scalar_id"", ""status"" FROM S","What are the wholesale services price index values for different industries classified by NAICS across various reference dates in Canada, including both the 2013=100 base period and the 2020=100 base period? Please include all details such as geographic area, units of measure, and any status information.",success,6.758,0,,853,372,10.203,0,,3764,203,16.961
CAN,multi-table-join,simple,true,fb79c2c3-27fe-454e-b9ee-6d1049ea41eb,3d46c823-a7e0-4ea2-a024-83d91e7317f8,a5cb7c3c-0371-4a20-ac9a-98fc4c3536bb,9e5211c8-c11f-4ebe-a7b2-65a6799a6032,Appendix B3 of 2020-2021 NCRMP Report EN,Annex B3 of 2019-2020 NCRMP Report EN,"table_b_3_toxic_equivalents_attributable_in_2020_2021_to_dioxins,_furans_and_polychlorinated_biphenyls__pc_bs__in_food_products","table_b_3_toxic_equivalents_attributable_in_2019_2020_to_dioxins,_furans_and_polychlorinated_biphenyls__pc_bs__in_food_products","SELECT R.""table_b_3_toxic_equivalents_attributable_in_2020_2021_to_dioxins,_furans_and_polychlorinated_biphenyls__pc_bs__in_food_products"", R.""unnamed:_1"", S.""unnamed:_1"" FROM R JOIN S ON R.""table_b_3_toxic_equivalents_attributable_in_2020_2021_to_dioxins,_furans_and_polychlorinated_biphenyls__pc_bs__in_food_products"" = S.""table_b_3_toxic_equivalents_attributable_in_2019_2020_to_dioxins,_furans_and_polychlorinated_biphenyls__pc_bs__in_food_products""",How do the levels of polychlorinated biphenyls (PCBs) in food products compare between the 2019-2020 and 2020-2021 monitoring periods according to the Canadian Food Inspection Agency's reports on chemical residues?,success,52.281,3,,9366,1974,18.316,1,,7151,384,70.597
CAN,multi-table-join,moderate,true,fb79c2c3-27fe-454e-b9ee-6d1049ea41eb,3d46c823-a7e0-4ea2-a024-83d91e7317f8,a5cb7c3c-0371-4a20-ac9a-98fc4c3536bb,9e5211c8-c11f-4ebe-a7b2-65a6799a6032,Appendix B3 of 2020-2021 NCRMP Report EN,Annex B3 of 2019-2020 NCRMP Report EN,"table_b_3_toxic_equivalents_attributable_in_2020_2021_to_dioxins,_furans_and_polychlorinated_biphenyls__pc_bs__in_food_products","table_b_3_toxic_equivalents_attributable_in_2019_2020_to_dioxins,_furans_and_polychlorinated_biphenyls__pc_bs__in_food_products","SELECT AVG(TRY_CAST(R.""unnamed:_1"" AS DOUBLE)) AS avg_r, AVG(TRY_CAST(S.""unnamed:_1"" AS DOUBLE)) AS avg_s FROM R JOIN S ON R.""table_b_3_toxic_equivalents_attributable_in_2020_2021_to_dioxins,_furans_and_polychlorinated_biphenyls__pc_bs__in_food_products"" = S.""table_b_3_toxic_equivalents_attributable_in_2019_2020_to_dioxins,_furans_and_polychlorinated_biphenyls__pc_bs__in_food_products""","What is the average value of the unnamed column 1 for both the 2020-2021 and 2019-2020 reports on chemical residues in food products by the Canadian Food Inspection Agency, when comparing rows with matching values in the first column related to dioxins, furans, and polychlorinated biphenyls (PCBs)?",success,47.423,3,,10545,1759,8.54,0,,3405,183,55.963
CAN,multi-table-join,challenging,true,fb79c2c3-27fe-454e-b9ee-6d1049ea41eb,3d46c823-a7e0-4ea2-a024-83d91e7317f8,a5cb7c3c-0371-4a20-ac9a-98fc4c3536bb,9e5211c8-c11f-4ebe-a7b2-65a6799a6032,Appendix B3 of 2020-2021 NCRMP Report EN,Annex B3 of 2019-2020 NCRMP Report EN,"table_b_3_toxic_equivalents_attributable_in_2020_2021_to_dioxins,_furans_and_polychlorinated_biphenyls__pc_bs__in_food_products","table_b_3_toxic_equivalents_attributable_in_2019_2020_to_dioxins,_furans_and_polychlorinated_biphenyls__pc_bs__in_food_products","SELECT R.""table_b_3_toxic_equivalents_attributable_in_2020_2021_to_dioxins,_furans_and_polychlorinated_biphenyls__pc_bs__in_food_products"", AVG(TRY_CAST(R.""unnamed:_1"" AS DOUBLE)) OVER (PARTITION BY R.""table_b_3_toxic_equivalents_attributable_in_2020_2021_to_dioxins,_furans_and_polychlorinated_biphenyls__pc_bs__in_food_products"") AS avg_r, AVG(TRY_CAST(S.""unnamed:_1"" AS DOUBLE)) OVER (PARTITION BY S.""table_b_3_toxic_equivalents_attributable_in_2019_2020_to_dioxins,_furans_and_polychlorinated_biphenyls__pc_bs__in_food_products"") AS avg_s FROM R JOIN S ON R.""table_b_3_toxic_equivalents_attributable_in_2020_2021_to_dioxins,_furans_and_polychlorinated_biphenyls__pc_bs__in_food_products"" = S.""table_b_3_toxic_equivalents_attributable_in_2019_2020_to_dioxins,_furans_and_polychlorinated_biphenyls__pc_bs__in_food_products"" WHERE R.""unnamed:_1"" IS NOT NULL AND S.""unnamed:_1"" IS NOT NULL","For each type of food product, how do the average levels of polychlorinated biphenyls (PCBs) compare between 2019-2020 and 2020-2021 according to the Canadian Food Inspection Agency's monitoring reports? Ensure that only entries with valid data are considered for both years, and the comparison is based on matching types of food products.",success,16.45,0,,3445,574,49.476,3,,15815,1035,65.926
CAN,single-table,challenging,true,d28c6592-58cf-4f1b-a853-9276194a0832,,064ebda4-05d6-423a-a1e1-93de7a45d197,,Dataset,,,,"SELECT ""visible_minority_"", PERCENTILE_CONT(0.5) WITHIN GROUP (ORDER BY ""value"") AS ""median_value"" FROM R WHERE ""i_ref_date_"" = 2019.0 AND ""statistics"" = 'percentage of persons' GROUP BY ""visible_minority_"";","What were the median percentages of persons in 2019 who felt very satisfied or satisfied with their personal safety from crime and perceived local police performance, categorized by different visible minority groups, according to Statistics Canada's data on community safety and police services?",success,32.115,2,,6363,1245,7.75,0,,2583,179,39.865
CAN,single-table,moderate,true,31cc58cb-e4d9-43c5-97be-425f58777edc,,ac74aebd-6767-4f78-80cf-74761167cd04,,Dataset,,,,"SELECT geo, AVG(value) AS average_value FROM R WHERE i_ref_date_ = 2021.0 GROUP BY geo;",What were the average reported levels of community safety and sense of belonging indicators in different geographic regions of Canada according to Statistics Canada's data from 2021?,success,6.038,0,,2258,232,17.162,1,,5115,390,23.2
CAN,multi-table-join,challenging,true,d28c6592-58cf-4f1b-a853-9276194a0832,31cc58cb-e4d9-43c5-97be-425f58777edc,064ebda4-05d6-423a-a1e1-93de7a45d197,ac74aebd-6767-4f78-80cf-74761167cd04,Dataset,Dataset,visible_minority_,visible_minority,"SELECT R.visible_minority_, R.i_ref_date_ AS date_R, S.i_ref_date_ AS date_S, R.value AS value_R, S.value AS value_S, (R.value - S.value) AS difference FROM R JOIN S ON R.visible_minority_ = S.visible_minority WHERE R.geo = 'canada' AND S.geo = 'canada' ORDER BY difference DESC LIMIT 5;","For each visible minority group in Canada, what are the top 5 largest differences between their perception of local police performance and their feeling of safety from crime in the neighborhood after dark? Consider only data where both perceptions are available for the same groups and order the results by the difference in descending order.",success,11.304,0,,4255,343,18.976,1,,8419,407,30.28
CAN,single-table,challenging,true,f1ca33ec-0882-41cc-973c-46a70ec3c8ca,,312ab8c0-9018-4d1d-9625-db40574181e4,,Dataset,,,,"SELECT geo, north_american_industry_classification_system__naics_, SUM(value) AS total_value FROM R WHERE i_ref_date_ BETWEEN 2010.0 AND 2022.0 GROUP BY geo, north_american_industry_classification_system__naics_ HAVING COUNT(*) > 1 ORDER BY total_value DESC;","Which geographic areas and industries in Canada have the highest total value of operating revenues and profits between 2010 and 2022, considering only those with more than one data point available for each combination of geography and industry?",success,8.196,0,,2276,301,35.43,3,,10086,808,43.626
CAN,single-table,moderate,true,95fb426e-be53-4af8-b182-ae16e8afeba9,,fea7a666-5070-4124-8d30-8e74dd2fcff7,,Dataset,,,,"SELECT ""north_american_industry_classification_system__naics_"", AVG(""value"") AS average_value FROM R WHERE ""status"" IS NULL AND ""uom"" = 'dollars' GROUP BY ""north_american_industry_classification_system__naics_""","What is the average value in millions of dollars for each industry classification under the North American Industry Classification System (NAICS), excluding any terminated or null status entries, as reported by Statistics Canada?",success,7.06,0,,2134,296,7.144,0,,2226,173,14.204
CAN,single-table,challenging,true,95fb426e-be53-4af8-b182-ae16e8afeba9,,fea7a666-5070-4124-8d30-8e74dd2fcff7,,Dataset,,,,SELECT * FROM R WHERE terminated IS NULL,"Could you show me the financial performance details for incorporated enterprises in Canada, categorized by industry according to NAICS, that have not been terminated, as reported by Statistics Canada?",success,19.347,2,,5638,816,6.134,0,,2212,150,25.481
CAN,multi-table-join,simple,true,f1ca33ec-0882-41cc-973c-46a70ec3c8ca,95fb426e-be53-4af8-b182-ae16e8afeba9,312ab8c0-9018-4d1d-9625-db40574181e4,fea7a666-5070-4124-8d30-8e74dd2fcff7,Dataset,Dataset,north_american_industry_classification_system__naics_,north_american_industry_classification_system__naics_,"SELECT R.north_american_industry_classification_system__naics_, R.value AS financial_value, S.value AS balance_sheet_value FROM R JOIN S ON R.north_american_industry_classification_system__naics_ = S.north_american_industry_classification_system__naics_","How do the financial values such as operating revenues or profits for different industries in Canada compare with their balance sheet values, specifically looking at items like bank customers' liabilities or interest expense on borrowing? Please focus on data from Statistics Canada.",success,8.482,0,,3775,264,7.726,0,,3662,169,16.208
CAN,single-table,simple,true,dc81c1b4-d46d-4f86-b7da-0f49a0bd2ab3,,23861003-d01f-462f-b962-25246812b1ea,,British Columbia,,,,"SELECT ""legal_name"", ""city_name"" FROM R WHERE ""payment_amount"" > 1000","Which incorporated municipalities in British Columbia received a GST/HST incremental federal rebate of over $1000, and what are their respective city names?",success,25.32,3,,4488,1230,13.796,1,,3231,342,39.116
CAN,single-table,moderate,true,dc81c1b4-d46d-4f86-b7da-0f49a0bd2ab3,,23861003-d01f-462f-b962-25246812b1ea,,British Columbia,,,,"SELECT ""city_name"", SUM(""payment_amount"") AS total_payment FROM R GROUP BY ""city_name"" ORDER BY total_payment DESC","Which cities in British Columbia received the highest total amount of GST/HST incremental federal rebates from the Canada Revenue Agency, and how much did they receive in total?",success,4.889,0,,1043,257,6.969,0,,1547,177,11.858
CAN,single-table,challenging,true,dc81c1b4-d46d-4f86-b7da-0f49a0bd2ab3,,23861003-d01f-462f-b962-25246812b1ea,,British Columbia,,,,"WITH RankedPayments AS ( SELECT ""legal_name"", ""city_name"", ""fsa"", ""payment_amount"", ROW_NUMBER() OVER (PARTITION BY ""city_name"" ORDER BY ""payment_amount"" DESC) as rn FROM R ) SELECT ""city_name"", MAX(""payment_amount"") as max_payment, MIN(""payment_amount"") as min_payment, AVG(""payment_amount"") as avg_payment, COUNT(*) as num_entities FROM RankedPayments WHERE rn <= 3 GROUP BY ""city_name""","For each city in British Columbia, what are the highest three GST/HST incremental federal rebates received by different entities, along with the maximum, minimum, average rebate amounts, and total number of entities receiving rebates?",success,6.874,0,,1189,335,7.492,0,,1770,188,14.366
CAN,multi-table-union,moderate,true,dc81c1b4-d46d-4f86-b7da-0f49a0bd2ab3,d301bbca-2e69-475f-9f3b-41ddb19f3b46,23861003-d01f-462f-b962-25246812b1ea,08883829-751d-4ebe-a9df-6d4039ede7d9,British Columbia,British Columbia,legal_name,legal_name,"SELECT ""legal_name"", ""fsa"", ""city_name"", ""payment_amount"" FROM R WHERE ""city_name"" = 'dawson creek' UNION SELECT ""legal_name"", ""fsa"", ""city_name"", ""payment_amount"" FROM S WHERE ""city_name"" = 'dawson creek'","Which entities in Dawson Creek have received a GST/HST incremental federal rebate, and what are the specific amounts paid to each? Please include their legal names, postal codes, and city names as part of the Canada Revenue Agency's report on municipalities.",success,25.708,2,,3163,1224,6.974,0,,2413,169,32.682
CAN,multi-table-union,challenging,true,dc81c1b4-d46d-4f86-b7da-0f49a0bd2ab3,d301bbca-2e69-475f-9f3b-41ddb19f3b46,23861003-d01f-462f-b962-25246812b1ea,08883829-751d-4ebe-a9df-6d4039ede7d9,British Columbia,British Columbia,legal_name,legal_name,"SELECT ""legal_name"", ""fsa"", ""city_name"", SUM(""payment_amount"") as total_payment FROM R WHERE ""city_name"" = 'vancouver' GROUP BY ""legal_name"", ""fsa"", ""city_name"" UNION SELECT ""legal_name"", ""fsa"", ""city_name"", AVG(""payment_amount"") as avg_payment FROM S WHERE ""city_name"" = 'burnaby' GROUP BY ""legal_name"", ""fsa"", ""city_name""","What is the total GST/HST incremental federal rebate paid to each municipality in Vancouver, and what is the average rebate for each entity in Burnaby? Please include the legal name, city name, and FSA code in your answer. This information relates to the Canada Revenue Agency's report on rebates given to municipalities as defined by the Excise Tax Act.",success,35.396,3,,4419,1703,9.316,0,,2500,223,44.712
CAN,single-table,simple,true,d15501ac-3705-47bd-bc65-a79350395ba4,,c37f2874-e9f2-4d3b-8679-c27ed8d1d979,,BCFinJune2013SupplementEstimates,,,,SELECT * FROM R WHERE period_year = 2015.0,"Can you show me the budget details for operating expenses in the year 2015, including information on ministries like finance, environment, and natural gas, as well as specific areas such as insurance risk management, executive support services, and corporate services?",success,5.329,0,,2022,219,6.383,0,,2327,152,11.712
CAN,single-table,moderate,true,d15501ac-3705-47bd-bc65-a79350395ba4,,c37f2874-e9f2-4d3b-8679-c27ed8d1d979,,BCFinJune2013SupplementEstimates,,,,"SELECT ""coa_segment_03_l1_and_desc"", SUM(CAST(REPLACE(REPLACE(trim(""bud_annual_net_balance_sum"", ')'), ',', ''), '(', '-') AS BIGINT)) AS total_budget FROM R WHERE period_year = 2015.0 GROUP BY ""coa_segment_03_l1_and_desc""","Could you provide the total budget sums for each ministry in the fiscal year 2015, including details on areas like insurance risk management, executive support services, and corporate services within ministries such as finance, environment, and natural gas?",success,45.813,3,,8505,1729,24.95,2,,8067,567,70.763
CAN,single-table,challenging,true,692961ac-e03a-4579-9a5d-d9c74851e795,,6cc9174a-259d-45d6-a7f5-9af0589f052e,,BC_Fin_2016_Supplement_Estimates,,,,"WITH RankedExpenses AS ( SELECT period_year, coa_segment_03_l1_and_desc, bud_annual_net_balance_sum, ROW_NUMBER() OVER (PARTITION BY period_year ORDER BY bud_annual_net_balance_sum DESC) as rn FROM R WHERE coa_segment_04_l2_and_desc = 'cb00 operating expenses' ) SELECT period_year, coa_segment_03_l1_and_desc, bud_annual_net_balance_sum FROM RankedExpenses WHERE rn <= 3","For each fiscal year, which three ministries had the highest total annual net balances related to operating expenses according to the supplementary budget estimates provided by the Government of British Columbia?",success,8.73,0,,2211,331,15.008,1,,5491,347,23.738
CAN,multi-table-join,moderate,true,d15501ac-3705-47bd-bc65-a79350395ba4,692961ac-e03a-4579-9a5d-d9c74851e795,c37f2874-e9f2-4d3b-8679-c27ed8d1d979,6cc9174a-259d-45d6-a7f5-9af0589f052e,BCFinJune2013SupplementEstimates,BC_Fin_2016_Supplement_Estimates,coa_segment_04_l3_and_desc,coa_segment_04_l3_and_desc,"SELECT R.period_year, R.coa_segment_03_l1_and_desc, SUM(S.bud_annual_net_balance_sum) AS total_bud_annual_net_balance FROM R JOIN S ON R.""coa_segment_04_l3_and_desc"" = S.""coa_segment_04_l3_and_desc"" GROUP BY R.period_year, R.coa_segment_03_l1_and_desc",What is the total budget for each ministry in different fiscal years when expenses are combined based on similar operating costs categories between the Budget 2013 June update and Budget 2016 supplementary information from the Government of British Columbia?,success,12.607,0,,3736,376,17.928,1,,8709,365,30.535
CAN,single-table,simple,true,e21f748e-d769-4233-b95f-3ce72dca7cbf,,2293d7ff-9305-4a1d-aab7-7c075794f045,,Dataset,,,,"SELECT geo, SUM(value) AS total_value FROM R WHERE i_ref_date_ = '2023-07' GROUP BY geo","According to Statistics Canada’s Canadian Business Counts data for July 2023, what is the total count of businesses with employees across various employment size ranges in each province or region?",success,8.518,0,,2292,312,34.789,3,,8807,820,43.307
CAN,single-table,challenging,true,e21f748e-d769-4233-b95f-3ce72dca7cbf,,2293d7ff-9305-4a1d-aab7-7c075794f045,,Dataset,,,,"SELECT AVG(""value"") AS avg_value FROM R WHERE ""i_ref_date_"" = '2023-07';","According to Statistics Canada’s Canadian Business Counts for July 2023, what is the average count of businesses across different employment size ranges and industries in Canada?",success,23.729,2,,5489,955,22.738,2,,6970,535,46.467
CAN,single-table,simple,true,e560cf41-afe6-47bd-ab7e-5e6f9006573a,,6ed50cd9-0d8c-471b-a5f6-26088298870e,,Radionuclide Releases - Nuclear Processing Facilities,,,,"SELECT * FROM R WHERE ""province_|_province"" = 'on';",Which nuclear facilities in Ontario have released radionuclides directly to the environment according to the Canadian Nuclear Safety Commission's data?,success,18.12,2,,6022,765,5.745,0,,2501,140,23.865000000000002
CAN,single-table,moderate,true,e560cf41-afe6-47bd-ab7e-5e6f9006573a,,6ed50cd9-0d8c-471b-a5f6-26088298870e,,Radionuclide Releases - Nuclear Processing Facilities,,,,"SELECT ""company_name_|_raison_sociale"", SUM(CASE WHEN REGEXP_MATCHES(""stack_emissions_|_emissions_de_cheminees"", '^\d+(\.\d+)?$') THEN TRY_CAST(REPLACE(""stack_emissions_|_emissions_de_cheminees"", ',', '') AS FLOAT) ELSE 0 END) AS total_emissions FROM R GROUP BY ""company_name_|_raison_sociale""",What are the total emissions of radionuclides from the stacks for each company listed in the Canadian Nuclear Safety Commission's report on nuclear processing facilities?,success,32.099,2,,6793,1258,5.955,0,,2593,144,38.053999999999995
CAN,single-table,challenging,true,e560cf41-afe6-47bd-ab7e-5e6f9006573a,,6ed50cd9-0d8c-471b-a5f6-26088298870e,,Radionuclide Releases - Nuclear Processing Facilities,,,,"SELECT ""city_|_ville"", AVG(CAST(REPLACE(""stack_emissions_|_emissions_de_cheminees"", ',', '') AS FLOAT)) OVER (PARTITION BY ""province_|_province"") AS avg_emissions_per_province FROM R WHERE REGEXP_MATCHES(""stack_emissions_|_emissions_de_cheminees"", '^\d+(\.\d+)?$')","What is the average of stack emissions (only considering valid numeric values, with commas removed) of radionuclides per province for the nuclear facilities listed in the Canadian Nuclear Safety Commission’s report on nuclear processing facilities?",success,7.727,0,,2652,296,33.755,3,,11261,776,41.482
CAN,single-table,challenging,true,80f8ea18-a933-4efd-abaa-009a2c1242da,,3ac296d1-4a97-45ab-82c5-2a4f963cf4e6,,Data Dictionary,,,,"WITH CleanedData AS ( SELECT TRIM(""facility_information"") AS ""clean_info"", TRIM(""unnamed:_1"") AS ""clean_unnamed"" FROM R WHERE ""unnamed:_1"" IS NOT NULL ), RankedData AS ( SELECT ""clean_info"", ""clean_unnamed"", ROW_NUMBER() OVER (PARTITION BY ""clean_info"" ORDER BY LENGTH(""clean_unnamed"") DESC) AS rn FROM CleanedData ) SELECT ""clean_info"", ""clean_unnamed"" FROM RankedData WHERE rn = 1;","Can you provide the most detailed explanations available for each type of facility information related to radionuclides emissions from uranium mines and mills in Canada, as reported by the Canadian Nuclear Safety Commission?",success,8.46,0,,994,402,7.35,0,,1543,185,15.81
CAN,single-table,simple,true,ed4ec5da-df00-4849-8415-a77adda1a064,,106f9933-e3df-45e2-b7b5-e3bc648dd5b8,,Dataset,,,,"SELECT ""geo"", ""dwelling_tenure"" FROM R WHERE i_ref_date_ = 2018.0 AND value > 50.0","According to Statistics Canada's data on household characteristics for the year 2018, which geographic areas in Canada had more than 50% of households with a particular type of ownership or rental status, such as being an owner who is not a first-time homebuyer?",success,23.883,2,,5856,935,40.235,3,,10302,914,64.118
CAN,single-table,challenging,true,ed4ec5da-df00-4849-8415-a77adda1a064,,106f9933-e3df-45e2-b7b5-e3bc648dd5b8,,Dataset,,,,"SELECT ""geo"", ""dwelling_tenure"", SUM(CASE WHEN ""statistics"" LIKE '%confidence interval%' THEN ""value"" ELSE 0 END) AS sum_confidence_values FROM R WHERE i_ref_date_ = 2018.0 GROUP BY ""geo"", ""dwelling_tenure"" ORDER BY sum_confidence_values DESC","Based on Statistics Canada's data for 2018, which geographic areas and types of dwelling tenures in Canada had the highest sum of confidence interval values related to specific household characteristics such as age group or visible minority status? Please list them from highest to lowest sum.",success,8.147,0,,2383,314,27.005,2,,8438,610,35.152
CAN,single-table,simple,true,d849bf08-ab0c-45a4-b4d7-cb4d6757a030,,98941c93-c750-4a9c-8939-5b57f000df3f,,Dataset,,,,"SELECT ""geo"", ""sector_accounts"" FROM R WHERE ""sector_accounts"" = 'inventories'",What geographic areas are associated with data on inventories as part of the economic accounts according to Statistics Canada?,success,25.509,3,,6201,1095,13.128,1,,4128,320,38.637
CAN,single-table,moderate,true,d849bf08-ab0c-45a4-b4d7-cb4d6757a030,,98941c93-c750-4a9c-8939-5b57f000df3f,,Dataset,,,,"SELECT ""geo"", SUM(""value"") AS total_value FROM R GROUP BY ""geo""",What is the total sum of the economic account values for gross domestic product by income and expenditure for each geographic area in the data provided by Statistics Canada?,success,5.168,0,,1746,230,30.721,3,,8600,745,35.889
CAN,single-table,moderate,true,c1fe0b1e-b403-4beb-97f1-08489e59a471,,4ce1fce8-e397-4ee2-a2ab-075f14a0b4c6,,Dataset,,,,"SELECT geo, AVG(value) AS average_value FROM R WHERE uom = 'dollars' AND scalar_factor = 'millions' GROUP BY geo;","According to the economic accounts data provided by Statistics Canada, what is the average value in millions of dollars for each geographic region, considering only the entries where the unit of measure is 'dollars' and the scalar factor is 'millions'?",success,5.975,0,,1912,254,32.786,3,,9536,790,38.761
CAN,single-table,simple,true,aa640d81-8cc7-4a02-9015-fe23404722fe,,18cb309b-0547-41d8-b083-7f4deda4feb9,,Dataset,,,,"SELECT ""geo"", ""field_of_study"" FROM R WHERE ""value"" > 6000 LIMIT 1",Which province and field of study have a weighted average tuition fee over $6000 in constant dollars?,success,20.607,2,,5006,836,6.488,0,,1926,155,27.095
CAN,single-table,moderate,true,aa640d81-8cc7-4a02-9015-fe23404722fe,,18cb309b-0547-41d8-b083-7f4deda4feb9,,Dataset,,,,"SELECT ""geo"", AVG(""value"") AS average_value FROM R GROUP BY ""geo"" HAVING AVG(""value"") > 6000",What are the provinces where the average weighted tuition fees for full-time Canadian undergraduate students exceed $6000 in constant dollars across different fields of study?,success,6.294,0,,1903,270,5.755,0,,1989,137,12.049
CAN,single-table,simple,true,c347bc27-a402-4f50-96e9-19f0582839db,,0af1ea38-a7af-4992-b1ce-17bdbaa3ca61,,Dataset,,,,"SELECT geo, field_of_study FROM R WHERE value > 15000;","Which provinces offer fields of study with tuition fees over $15,000 for full-time international graduate students?",success,6.263,0,,1952,256,5.791,0,,1903,137,12.054
CAN,single-table,moderate,true,c347bc27-a402-4f50-96e9-19f0582839db,,0af1ea38-a7af-4992-b1ce-17bdbaa3ca61,,Dataset,,,,"SELECT geo, AVG(value) AS average_value FROM R GROUP BY geo HAVING AVG(value) IS NOT NULL;",What are the average tuition fees for full-time international graduate students in each province across different fields of study in Canadian degree-granting institutions?,success,5.871,0,,1873,243,5.732,0,,1970,143,11.603000000000002
CAN,single-table,challenging,true,c347bc27-a402-4f50-96e9-19f0582839db,,0af1ea38-a7af-4992-b1ce-17bdbaa3ca61,,Dataset,,,,"SELECT ""geo"", ""field_of_study"", SUM(""value"") OVER (PARTITION BY ""geo"" ORDER BY CAST(SUBSTR(""i_ref_date_"", 1, 4) AS INTEGER)) AS cumulative_value FROM R WHERE ""value"" IS NOT NULL;","How does the cumulative sum of tuition fees for full-time international graduate students change over time in each province for different fields of study, considering only those with non-zero values?",success,18.743,1,,3708,762,6.319,0,,2096,154,25.061999999999998
CAN,multi-table-union,moderate,true,aa640d81-8cc7-4a02-9015-fe23404722fe,c347bc27-a402-4f50-96e9-19f0582839db,18cb309b-0547-41d8-b083-7f4deda4feb9,0af1ea38-a7af-4992-b1ce-17bdbaa3ca61,Dataset,Dataset,field_of_study,field_of_study,"SELECT ""geo"", ""uom_id"", ""i_ref_date_"", ""uom"", ""dguid"", ""value"", ""decimals"", ""scalar_factor"", ""coordinate"", ""field_of_study"", ""vector"", ""scalar_id"", ""status"" FROM R WHERE ""value"" > 0 UNION SELECT ""geo"", ""uom_id"", ""i_ref_date_"", ""uom"", ""dguid"", ""value"", ""decimals"", ""scalar_factor"", ""coordinate"", ""field_of_study"", ""vector"", ""scalar_id"", ""status"" FROM S WHERE ""value"" < 0","Retrieve comprehensive details including units of measurement, reference dates, unique identifiers, scalar factors, coordinates, status notes, and fields of study for both Canadian undergraduate and international graduate students across various provinces and years from Statistics Canada's publications. Include only those entries where the tuition fees values are either greater than zero or less than zero.",success,26.603,1,,2747,1228,45.502,3,,14789,1005,72.105
CAN,single-table,moderate,true,1064a996-c94a-4425-9a4f-ced705b67367,,51701f04-91bb-4621-a3b8-9410fb77706c,,Dataset,,,,"SELECT cause_of_death__icd_10_, AVG(value) AS average_value FROM R WHERE status IS NULL AND sex = 'both sexes' GROUP BY cause_of_death__icd_10_;","According to Statistics Canada, what is the average number of deaths and mortality rates for each cause of death when considering both sexes, excluding any incomplete entries?",success,6.564,0,,2299,256,23.079,2,,7482,548,29.643
CAN,single-table,simple,true,a93149cf-6fb1-4972-8c4d-14553bfca889,,033c5937-7b7a-4b3c-8eb7-54f06ffb06e3,,Final Table 4: All returns by age and sex - Prince Edward Island,,,,"SELECT ""item_e"", ""prove"" FROM R WHERE ""taxyr"" = '2010';",What are the specific tax items and their descriptions for Prince Edward Island in the 2010 tax year according to the Canada Revenue Agency's statistics?,success,91.412,0,,2068,250,6.4,0,,2253,152,97.81200000000001
CAN,single-table,moderate,true,a93149cf-6fb1-4972-8c4d-14553bfca889,,033c5937-7b7a-4b3c-8eb7-54f06ffb06e3,,Final Table 4: All returns by age and sex - Prince Edward Island,,,,"SELECT ""grand_total_males/total_global_hommes_$"", ""item_e"" FROM R WHERE ""code1"" = 'f'",Can you provide the total number of male taxpayers and their corresponding tax credit descriptions for Prince Edward Island in 2010 as reported by the Canada Revenue Agency?,success,28.892,3,,7334,1275,7.187,0,,2331,168,36.079
CAN,single-table,moderate,true,e69606f3-feca-4ce6-b098-aa0c389dcb20,,e9f79912-8fb5-4e71-8503-b41c8ce1b4fe,,All returns by age and sex,,,,"SELECT AVG(CAST(REPLACE(""grand_total_males_#/total_global_hommes_#"", ',', '') AS INTEGER)) AS avg_males FROM R WHERE REPLACE(""grand_total_males_#/total_global_hommes_#"", ',', '') SIMILAR TO '(^[0-9]+)$';","What is the average number of male taxpayers reported in the 'grand_total_males_#/total_global_hommes_' column, excluding categories with non-numeric entries, from the Individual Tax Final Statistics by the Canada Revenue Agency for the 2009 tax year?",success,15.374,1,,3507,657,37.938,3,,9077,898,53.312000000000005
CAN,single-table,challenging,true,e69606f3-feca-4ce6-b098-aa0c389dcb20,,e9f79912-8fb5-4e71-8503-b41c8ce1b4fe,,All returns by age and sex,,,,"SELECT code1, iteme, itemf, SUM(CAST(REPLACE(""grand_total_males_#/total_global_hommes_#"", ',', '') AS INTEGER)) AS total_males FROM R WHERE REPLACE(""grand_total_males_#/total_global_hommes_#"", ',', '') SIMILAR TO '(^[0-9]+)$' GROUP BY code1, iteme, itemf HAVING SUM(CAST(REPLACE(""grand_total_males_#/total_global_hommes_#"", ',', '') AS INTEGER)) > 10000 ORDER BY total_males DESC;","Which categories of deductions or income had more than 10,000 male taxpayers reported in the Individual Tax Final Statistics by the Canada Revenue Agency for the 2009 tax year, and what are the total numbers of male taxpayers in each category sorted from highest to lowest?",success,24.77,1,,4058,950,8.333,0,,2293,189,33.103
CAN,multi-table-join,simple,true,a27e7c5c-7569-47fb-b732-e712e6c641c3,ebfa8f73-ee6f-42fe-81d1-fcf24cfc6e8d,8e5eef9c-a501-4599-ac34-a0aeadaddfcd,09b154e0-7f28-4717-8c27-d3fbe5baa8f2,Dataset,Dataset,commodity,commodity,"SELECT R.commodity, R.value AS value_R, S.value AS value_S FROM R JOIN S ON R.commodity = S.commodity","For each commodity, what are the corresponding values in Canadian dollars for gross domestic product by industry accounts and supply and use tables as reported by Statistics Canada?",success,8.192,0,,3804,266,15.862,1,,7728,338,24.054000000000002
CAN,single-table,moderate,true,fbbb59d0-d7ff-4541-893d-bfcc953d01ca,,188def3e-74e5-b085-32eb-516cdcfbd3f5,,2017 Q4 Immigration Survey Results (CSV Excel (EU)),,,,"SELECT ""group"", AVG(""weighted_sample_size__#_"") AS avg_weighted_sample_size, SUM(""unweighted_sample_size__#_"") AS total_unweighted_sample_size FROM R WHERE ""response"" LIKE '%agree%' GROUP BY ""group"";","In the Government of Nova Scotia's provincial immigration opinion survey, what is the average weighted sample size and total unweighted sample size for groups that agreed with any statements?",success,7.291,0,,1524,326,14.399,1,,3967,349,21.689999999999998
CAN,single-table,challenging,true,fbbb59d0-d7ff-4541-893d-bfcc953d01ca,,188def3e-74e5-b085-32eb-516cdcfbd3f5,,2017 Q4 Immigration Survey Results (CSV Excel (EU)),,,,"SELECT ""itable"", ""response"", ""group"", SUM(""group_weighted_%"") OVER (PARTITION BY ""itable"") AS total_group_weighted_percent, COUNT(*) OVER (PARTITION BY ""response"") AS response_count FROM R WHERE ""group"" LIKE 'education:%' ORDER BY total_group_weighted_percent DESC;","In the Government of Nova Scotia's immigration perception survey, how do responses vary among different education levels, and what is the total percentage for each question related to education, ordered by the highest total percentage? Additionally, how many times does each response occur across all educational groups?",success,7.147,0,,1689,313,10.925,0,,1980,264,18.072000000000003
CAN,single-table,moderate,true,097e402e-823f-45ef-8373-194439955153,,93d0cf0e-55d8-0fe3-1c2c-d6b0c46fdcd5,,2018 Q2 Immigration Survey Results (CSV Excel),,,,"SELECT ""itable"", AVG(""weighted_sample_size__#_"") AS avg_weighted_sample_size, SUM(""unweighted_sample_size__#_"") AS total_unweighted_sample_size FROM R GROUP BY ""itable""","According to the 2018 Q2 Immigration Survey conducted by Government of Nova Scotia | Gouvernment de la Nouvelle-Écosse, what is the average weighted sample size and total unweighted sample size for each set of responses regarding public perceptions on immigration?",success,6.169,0,,1564,278,28.63,2,,6330,681,34.799
CAN,multi-table-union,simple,true,fbbb59d0-d7ff-4541-893d-bfcc953d01ca,097e402e-823f-45ef-8373-194439955153,188def3e-74e5-b085-32eb-516cdcfbd3f5,93d0cf0e-55d8-0fe3-1c2c-d6b0c46fdcd5,2017 Q4 Immigration Survey Results (CSV Excel (EU)),2018 Q2 Immigration Survey Results (CSV Excel),response,response,"SELECT ""group"", ""itable"", ""group_weighted_#"", ""weighted_sample_size__#_"", ""group_weighted_%"", ""response"", ""unweighted_sample_size__#_"" FROM R UNION SELECT ""group"", ""itable"", ""group_weighted_#"", ""weighted_sample_size__#_"", ""group_weighted_%"", ""response"", ""unweighted_sample_size__#_"" FROM S;","Can you provide the detailed responses from both the 2017 Q4 and 2018 Q2 immigration surveys conducted by the Government of Nova Scotia? I'm interested in seeing how different demographic groups like age, region, education level, and household income responded to various questions about perceptions of immigration. Specifically, I'd like to know the weighted percentages, weighted sample sizes, unweighted sample sizes, and the specific responses given for each group.",success,28.177,2,,3294,1385,9.582,0,,3018,213,37.759
CAN,single-table,challenging,true,6a8187fa-180f-40e3-8bfa-d69872d282bf,,254db80e-966d-a12a-bfe5-b359abbe55f1,,Notifiable Diseases Counts and Rates (CSV Excel),,,,"SELECT disease, iyear, SUM(CAST(REPLACE(number_of_cases, ',', '') AS INTEGER)) AS total_cases, LAG(SUM(CAST(REPLACE(number_of_cases, ',', '') AS INTEGER)), 1) OVER (PARTITION BY disease ORDER BY iyear) AS previous_year_total FROM R WHERE number_of_cases IS NOT NULL GROUP BY disease, iyear ORDER BY disease, iyear;","According to the Government of Nova Scotia’s notifiable disease reports in Nova Scotia, for each disease with at least one reported case (considering only valid integer counts), what is the total number of cases per year since 2007, and how does it compare with the previous year's total?",success,19.732,1,,2534,832,29.62,2,,4875,718,49.352000000000004
CAN,single-table,simple,true,d4b33cce-ad9d-454d-873c-6eb8607a0f3a,,c65d2014-ef25-4781-b9b2-e13a7293b72d,,Table 9. Number of temporary foreign worker (TFW) positions on positive Labour Market Impact Assessments (LMIAs) under the Primary Agriculture stream by province/territory between 2010 and 2017,,,,"SELECT ""number_of_temporary_foreign_worker__tfw__positions_on_positive_labour_market_impact_assessments__lmi_as__under_the_primary_agriculture_stream_by_province/territory"" FROM R WHERE ""unnamed:_1"" = '0';",How many temporary foreign worker positions under the agricultural stream had zero positive Labour Market Impact Assessments each year from 2010 to 2017 according to Employment and Social Development Canada's data?,success,6.947,0,,1674,304,15.799,1,,4514,357,22.746
CAN,single-table,moderate,true,d4b33cce-ad9d-454d-873c-6eb8607a0f3a,,c65d2014-ef25-4781-b9b2-e13a7293b72d,,Table 9. Number of temporary foreign worker (TFW) positions on positive Labour Market Impact Assessments (LMIAs) under the Primary Agriculture stream by province/territory between 2010 and 2017,,,,"SELECT SUM(CAST(REPLACE(""unnamed:_2"", ',', '') AS INTEGER)) AS total_positions FROM R WHERE ""number_of_temporary_foreign_worker__tfw__positions_on_positive_labour_market_impact_assessments__lmi_as__under_the_primary_agriculture_stream_by_province/territory"" = 'agricultural stream';","What is the total number of temporary foreign worker positions in the agricultural stream that received positive Labour Market Impact Assessments between 2010 and 2017, as reported by Employment and Social Development Canada?",success,6.916,0,,1678,295,7.314,0,,2234,174,14.23
CAN,single-table,challenging,true,d4b33cce-ad9d-454d-873c-6eb8607a0f3a,,c65d2014-ef25-4781-b9b2-e13a7293b72d,,Table 9. Number of temporary foreign worker (TFW) positions on positive Labour Market Impact Assessments (LMIAs) under the Primary Agriculture stream by province/territory between 2010 and 2017,,,,"SELECT ""number_of_temporary_foreign_worker__tfw__positions_on_positive_labour_market_impact_assessments__lmi_as__under_the_primary_agriculture_stream_by_province/territory"", SUM(CAST(REPLACE(""unnamed:_2"", ',', '') AS INTEGER)) AS total_positions_2015, SUM(CAST(REPLACE(""unnamed:_3"", ',', '') AS INTEGER)) AS total_positions_2016 FROM R WHERE ""number_of_temporary_foreign_worker__tfw__positions_on_positive_labour_market_impact_assessments__lmi_as__under_the_primary_agriculture_stream_by_province/territory"" != 'agricultural occupations' GROUP BY ""number_of_temporary_foreign_worker__tfw__positions_on_positive_labour_market_impact_assessments__lmi_as__under_the_primary_agriculture_stream_by_province/territory"" ORDER BY total_positions_2016 DESC;","According to Employment and Social Development Canada, how do the total numbers of temporary foreign worker positions under positive Labour Market Impact Assessments in 2015 and 2016 compare for different streams such as the agricultural stream or low-wage positions, excluding the category 'agricultural occupations'?",success,10.825,0,,1963,429,47.576,3,,11223,1051,58.400999999999996
CAN,single-table,simple,true,b5bc6a75-b893-4760-a170-e402e2f12c3d,,76defa14-473e-41e2-abfa-60021c4d934b,,Table 09: Number of temporary foreign worker (TFW) positions on positive Labour Market Impact Assessments (LMIAs) under the Primary Agriculture stream by province/territory between 2017 and 2024,,,,"SELECT ""number_of_temporary_foreign_worker__tfw__positions_on_positive_labour_market_impact_assessments__lmi_as__under_the_primary_agriculture_stream_by_province/territory"" FROM R WHERE ""unnamed:_1"" = '261';",What was the number of temporary foreign worker positions approved under positive Labour Market Impact Assessments for the agricultural stream in a specific province/territory where the count for 2017 was exactly 261?,success,7.19,0,,1506,309,18.94,1,,4551,433,26.130000000000003
CAN,single-table,moderate,true,b5bc6a75-b893-4760-a170-e402e2f12c3d,,76defa14-473e-41e2-abfa-60021c4d934b,,Table 09: Number of temporary foreign worker (TFW) positions on positive Labour Market Impact Assessments (LMIAs) under the Primary Agriculture stream by province/territory between 2017 and 2024,,,,"SELECT SUM(CAST(REPLACE(""unnamed:_1"", ',', '') AS INTEGER)) AS total_positions FROM R WHERE ""number_of_temporary_foreign_worker__tfw__positions_on_positive_labour_market_impact_assessments__lmi_as__under_the_primary_agriculture_stream_by_province/territory"" = 'agricultural stream';",What is the total number of temporary foreign worker positions approved under positive Labour Market Impact Assessments in the agricultural stream across all years listed from 2017 to 2024?,success,6.637,0,,1632,295,6.747,0,,2237,157,13.384
CAN,single-table,challenging,true,b5bc6a75-b893-4760-a170-e402e2f12c3d,,76defa14-473e-41e2-abfa-60021c4d934b,,Table 09: Number of temporary foreign worker (TFW) positions on positive Labour Market Impact Assessments (LMIAs) under the Primary Agriculture stream by province/territory between 2017 and 2024,,,,"SELECT ""unnamed:_1"", AVG(CAST(REPLACE(""unnamed:_2"", ',', '') AS INTEGER)) AS avg_positions_2018, AVG(CAST(REPLACE(""unnamed:_3"", ',', '') AS INTEGER)) AS avg_positions_2019 FROM R WHERE ""number_of_temporary_foreign_worker__tfw__positions_on_positive_labour_market_impact_assessments__lmi_as__under_the_primary_agriculture_stream_by_province/territory"" = 'agricultural stream' GROUP BY ""unnamed:_1"";",What is the average number of temporary foreign worker positions approved under positive Labour Market Impact Assessments for the agricultural stream in 2018 and 2019 across different provinces/territories?,success,7.994,0,,1834,342,7.083,0,,2391,168,15.077
CAN,single-table,simple,true,cd1bf234-31be-43f0-8e66-17a557510760,,38ceac57-9d80-4962-8bd7-b86b7ce1c0be,,BC_Public_Post_Secondary_Full_Time_Equivalent_Targets_FY_2015_16_to_2024_25,,,,SELECT institution FROM R WHERE ifiscal_year = 'fy 2017/18' AND institution = 'northern lights college';,"Which post-secondary institutions in British Columbia had a full-time equivalent target set for the fiscal year 2017/18, specifically focusing on Northern Lights College?",success,17.976,2,,3153,864,5.872,0,,1331,150,23.848
CAN,single-table,moderate,true,cd1bf234-31be-43f0-8e66-17a557510760,,38ceac57-9d80-4962-8bd7-b86b7ce1c0be,,BC_Public_Post_Secondary_Full_Time_Equivalent_Targets_FY_2015_16_to_2024_25,,,,"SELECT SUM(CAST(REPLACE(fte_target, ',', '') AS INTEGER)) AS total_fte FROM R WHERE ifiscal_year LIKE 'fy 2015/%'",What is the total number of full-time equivalent (FTE) student spaces targeted for all public post-secondary institutions in British Columbia during fiscal year 2015/16?,success,6.445,0,,995,335,6.572,0,,1412,164,13.017
CAN,single-table,challenging,true,cd1bf234-31be-43f0-8e66-17a557510760,,38ceac57-9d80-4962-8bd7-b86b7ce1c0be,,BC_Public_Post_Secondary_Full_Time_Equivalent_Targets_FY_2015_16_to_2024_25,,,,"WITH CleanedData AS ( SELECT ifiscal_year, institution, CAST(REPLACE(fte_target, ',', '') AS INTEGER) AS fte_target_int FROM R ) SELECT ifiscal_year, AVG(fte_target_int) AS avg_fte_target FROM CleanedData GROUP BY ifiscal_year HAVING COUNT(DISTINCT institution) > 1 ORDER BY avg_fte_target DESC;","What is the average full-time equivalent (FTE) target for each fiscal year across different institutions in British Columbia's public post-secondary system, focusing only on years where more than one institution is included?",success,6.367,0,,1118,300,6.158,0,,1576,157,12.525
CAN,single-table,challenging,true,3490940e-a275-44e5-8f57-66f604aa9462,,f6144bae-803d-4afe-9b20-6ba145549f05,,2023_24_Student_Full_Time_Equivalent_Enrolments_at BC_Public_Post_Secondary_Institutions,,,,"SELECT SUM(CAST(REPLACE(""fte_actual"", ',', '') AS INTEGER)) AS ""total_fte"" FROM R WHERE ""ifiscal_year"" LIKE 'fy 201%';","What was the total number of full-time equivalent (FTE) enrolments across all public post-secondary institutions in British Columbia during fiscal years starting with 201, according to the data from the Government of British Columbia?",success,14.688,1,,2356,671,33.168,3,,6558,811,47.856
CAN,multi-table-join,moderate,true,cd1bf234-31be-43f0-8e66-17a557510760,3490940e-a275-44e5-8f57-66f604aa9462,38ceac57-9d80-4962-8bd7-b86b7ce1c0be,f6144bae-803d-4afe-9b20-6ba145549f05,BC_Public_Post_Secondary_Full_Time_Equivalent_Targets_FY_2015_16_to_2024_25,2023_24_Student_Full_Time_Equivalent_Enrolments_at BC_Public_Post_Secondary_Institutions,ifiscal_year,ifiscal_year,"SELECT R.ifiscal_year, R.institution AS target_institution, SUM(CAST(REPLACE(R.fte_target, ',', '') AS INTEGER)) AS total_fte_target, SUM(CAST(REPLACE(S.fte_actual, ',', '') AS INTEGER)) AS total_fte_actual FROM R JOIN S ON R.ifiscal_year = S.ifiscal_year AND R.institution = S.institution GROUP BY R.ifiscal_year, R.institution;","For each fiscal year and institution in British Columbia's public post-secondary education system, what are the total Full-Time Equivalent (FTE) targets and actual enrollments after summing up the FTE values for both target and actual enrolments grouped by fiscal year and institution?",success,31.929,2,,4942,1325,24.119,2,,6879,581,56.048
CAN,single-table,simple,true,f72b49eb-9605-4bba-bf90-f4a539c188ad,,fe1761bf-5e9f-c098-098e-a205519a43b3,,2022 - Supplier and Grant Payments by Department (CSV Excel),,,,"SELECT * FROM R WHERE CAST(REPLACE(""payment_/_paiement"", ',', '') AS INTEGER) > 100000;","Which suppliers received payments over $100,000 in the fiscal year ended March 31, 2022, according to the Government of New Brunswick's public accounts?",success,13.18,1,,2628,627,6.263,0,,1477,153,19.442999999999998
CAN,single-table,moderate,true,f72b49eb-9605-4bba-bf90-f4a539c188ad,,fe1761bf-5e9f-c098-098e-a205519a43b3,,2022 - Supplier and Grant Payments by Department (CSV Excel),,,,"SELECT ""idepartment_/_minista_re"", SUM(CAST(REPLACE(""payment_/_paiement"", ',', '') AS INTEGER)) AS total_payment FROM R GROUP BY ""idepartment_/_minista_re"" ORDER BY total_payment DESC;","According to the public accounts (comptes publics) for the fiscal year ended March 31, 2022, which departments received the highest total payments as reported by the Government of New Brunswick | Gouvernement du Nouveau-Brunswick?",success,7.721,0,,1261,390,32.921,3,,7030,791,40.641999999999996
CAN,single-table,moderate,true,894f8bee-a888-4bc5-bc2d-caf3214316fc,,c409a88e-1692-98ce-7a49-b86ec695d8dc,,2022 - Combined Supplier and Grant Payments (CSV),,,,"SELECT SUM(""payment_/_paiement""), COUNT(*) FROM R WHERE TRIM(LOWER(""payment_type_/_type_de_paiement"")) LIKE '%credit card%'","How many payments involving credit cards were made by the Government of New Brunswick in the fiscal year ended March 31, 2022, and what is the total amount of these payments?",success,27.814,2,,3600,1362,36.169,3,,6818,861,63.983
CAN,single-table,challenging,true,894f8bee-a888-4bc5-bc2d-caf3214316fc,,c409a88e-1692-98ce-7a49-b86ec695d8dc,,2022 - Combined Supplier and Grant Payments (CSV),,,,"WITH RankedPayments AS ( SELECT ""supplier_name_/_nom_du_fournisseur"", ""payment_/_paiement"", RANK() OVER (ORDER BY ""payment_/_paiement"" DESC) as payment_rank FROM R ) SELECT * FROM RankedPayments WHERE payment_rank <= 3","Which three suppliers or grant recipients received the highest payments from the Government of New Brunswick in the fiscal year ended March 31, 2022, and what were the amounts?",success,5.914,0,,1219,283,5.914,0,,1633,148,11.828
CAN,multi-table-join,simple,true,f72b49eb-9605-4bba-bf90-f4a539c188ad,894f8bee-a888-4bc5-bc2d-caf3214316fc,fe1761bf-5e9f-c098-098e-a205519a43b3,c409a88e-1692-98ce-7a49-b86ec695d8dc,2022 - Supplier and Grant Payments by Department (CSV Excel),2022 - Combined Supplier and Grant Payments (CSV),supplier_name_/_nom_du_fournisseur,supplier_name_/_nom_du_fournisseur,"SELECT R.""supplier_name_/_nom_du_fournisseur"", R.""payment_/_paiement"" AS payment_R, S.""payment_/_paiement"" AS payment_S FROM R JOIN S ON R.""supplier_name_/_nom_du_fournisseur"" = S.""supplier_name_/_nom_du_fournisseur""","Which suppliers received payments from both individual government departments and combined government organizations in New Brunswick's fiscal year 2022, and how much did they receive in each category? Please focus on those who appear in both lists provided by the Government of New Brunswick.",success,8.18,0,,1820,351,6.769,0,,2404,163,14.949
CAN,multi-table-join,moderate,true,f72b49eb-9605-4bba-bf90-f4a539c188ad,894f8bee-a888-4bc5-bc2d-caf3214316fc,fe1761bf-5e9f-c098-098e-a205519a43b3,c409a88e-1692-98ce-7a49-b86ec695d8dc,2022 - Supplier and Grant Payments by Department (CSV Excel),2022 - Combined Supplier and Grant Payments (CSV),supplier_name_/_nom_du_fournisseur,supplier_name_/_nom_du_fournisseur,"SELECT R.""idepartment_/_minista_re"", SUM(REPLACE(R.""payment_/_paiement"", ',', '')::FLOAT) AS total_payment_R, SUM(S.""payment_/_paiement"") AS total_payment_S FROM R JOIN S ON R.""supplier_name_/_nom_du_fournisseur"" = S.""supplier_name_/_nom_du_fournisseur"" GROUP BY R.""idepartment_/_minista_re""","Which New Brunswick government department spent the most money on suppliers that also received payments & grants over $25,000 in fiscal year 2022, as per the public accounts? Could you provide the total payment amount for each department along with the combined supplier payments from all departments?",success,19.524,1,,3828,832,7.73,0,,2449,182,27.254
CAN,multi-table-join,challenging,true,f72b49eb-9605-4bba-bf90-f4a539c188ad,894f8bee-a888-4bc5-bc2d-caf3214316fc,fe1761bf-5e9f-c098-098e-a205519a43b3,c409a88e-1692-98ce-7a49-b86ec695d8dc,2022 - Supplier and Grant Payments by Department (CSV Excel),2022 - Combined Supplier and Grant Payments (CSV),supplier_name_/_nom_du_fournisseur,supplier_name_/_nom_du_fournisseur,"SELECT R.""supplier_name_/_nom_du_fournisseur"", AVG(REPLACE(R.""payment_/_paiement"", ',', '')::FLOAT) AS avg_payment_R, MAX(S.""payment_/_paiement"") AS max_payment_S FROM R JOIN S ON R.""supplier_name_/_nom_du_fournisseur"" = S.""supplier_name_/_nom_du_fournisseur"" GROUP BY R.""supplier_name_/_nom_du_fournisseur"" HAVING AVG(REPLACE(R.""payment_/_paiement"", ',', '')::FLOAT) > 10000","Which suppliers received an average payment over $10,000 across different departments in New Brunswick's fiscal year 2022, and what were their maximum payments? Please include both the combined supplier list and department-specific payments in your search.",success,8.932,0,,2200,369,6.955,0,,2496,160,15.887
CAN,single-table,simple,true,fc0222a9-04b7-4637-8b60-16937e366c21,,dd457033-11ff-45e2-9db9-a48e6908ca05,,Dataset,,,,"SELECT geo, SUM(value) AS total_value FROM R WHERE i_ref_date_ > 1995 GROUP BY geo","According to Statistics Canada’s government finance statistics, what is the total value of all financial assets and liabilities summed up for each geographic region in Canada after the year 1995?",success,5.939,0,,1740,251,33.143,3,,9042,780,39.082
CAN,single-table,moderate,true,fc0222a9-04b7-4637-8b60-16937e366c21,,dd457033-11ff-45e2-9db9-a48e6908ca05,,Dataset,,,,"SELECT financial_assets_and_liabilities, AVG(value) AS average_value FROM R WHERE geo = 'canada' AND i_ref_date_ >= 1990 GROUP BY financial_assets_and_liabilities",What is the average value of financial assets and liabilities in Canada since 1990 according to Statistics Canada's government finance statistics?,success,6.539,0,,1805,273,5.508,0,,2181,134,12.047
CAN,single-table,challenging,true,fc0222a9-04b7-4637-8b60-16937e366c21,,dd457033-11ff-45e2-9db9-a48e6908ca05,,Dataset,,,,"WITH RankedValues AS (SELECT *, ROW_NUMBER() OVER (PARTITION BY geo ORDER BY value DESC) as rn FROM R WHERE i_ref_date_ > 1990) SELECT geo, financial_assets_and_liabilities, value FROM RankedValues WHERE rn = 1","According to Statistics Canada’s economic accounts, which geographic region in Canada had the highest value of financial assets or liabilities for each category after 1990?",success,6.349,0,,1901,265,6.61,0,,2268,156,12.959
CAN,single-table,simple,true,17dd4263-5b0a-4956-ba07-69017f461bd5,,2d579bb1-4214-4c43-9eac-626191d6660d,,Dataset,,,,"SELECT ""geo"", SUM(""value"") AS total_value FROM R WHERE ""i_ref_date_"" = 2007 AND ""geo"" = 'alberta' GROUP BY ""geo"";","What is the total value of financial assets for Alberta in 2007 according to the government finance statistics, specifically under the dimension of Financial Assets?",success,16.55,1,,3350,729,26.427,3,,9138,625,42.977000000000004
CAN,single-table,challenging,true,17dd4263-5b0a-4956-ba07-69017f461bd5,,2d579bb1-4214-4c43-9eac-626191d6660d,,Dataset,,,,"SELECT ""geo"", AVG(""value"") AS average_value, COUNT(*) AS entry_count FROM R WHERE ""i_ref_date_"" BETWEEN 2000 AND 2010 GROUP BY ""geo"" HAVING SUM(""value"") > 5e6 ORDER BY average_value DESC;","Which Canadian provinces had a total value of net financial wealth exceeding $5 million between 2000 and 2010 according to Statistics Canada's government finance statistics, and what were their average values? Please list them in descending order based on the average value.",success,27.221,2,,5684,1105,39.868,3,,9945,916,67.089
CAN,single-table,moderate,true,ae465f1c-feda-4ee1-a360-f14d02e128d3,,d02f1c50-5e0b-4aa8-8874-6960b2d1c63e,,2011-Court awards,,,,"SELECT ""dept_en_desc"", SUM(""amount"") AS total_amount FROM R GROUP BY ""dept_en_desc"" ORDER BY total_amount DESC;",Which department received the highest total amount in court awards according to the Public Accounts of Canada's Volume 3 for the fiscal year 2010/2011? Could you list all departments along with their total awarded amounts in descending order?,success,5.643,0,,1779,256,7.553,0,,2255,179,13.196
CAN,single-table,challenging,true,ae465f1c-feda-4ee1-a360-f14d02e128d3,,d02f1c50-5e0b-4aa8-8874-6960b2d1c63e,,2011-Court awards,,,,"WITH RankedAwards AS ( SELECT *, ROW_NUMBER() OVER (PARTITION BY ""mine"" ORDER BY ""amount"" DESC) as rn FROM R ) SELECT * FROM RankedAwards WHERE rn = 1;","Could you show me the largest court award amount for each ministry as reported in Volume 3 of the Public Accounts of Canada for the fiscal year 2010/2011? Please include details such as the department name, the type of court, judgment number, payee's name, and the awarded amount.",success,5.723,0,,1910,247,8.033,0,,2396,189,13.756
CAN,single-table,moderate,true,9b34d3a2-dadd-4653-ac38-8efa2edfc792,,ac597ff8-ee13-48c3-b315-42e528090af2,,2011 - Professional and Special Services,,,,"SELECT ""dept_en_desc"", SUM(""tot_cy_xpnd_amt"") AS total_expenditure, AVG(""agrg_pymt_amt"") AS average_payment FROM R WHERE ""ifscl_yr"" = '2010/2011' GROUP BY ""dept_en_desc"" ORDER BY total_expenditure DESC;","Which departments within the Government of Canada had the highest total expenditures for professional and special services in the fiscal year 2010/2011, and what were their average aggregate payments? Please list them in descending order of total expenditure.",success,8.95,0,,2031,365,8.826,0,,2312,204,17.776
CAN,single-table,challenging,true,9b34d3a2-dadd-4653-ac38-8efa2edfc792,,ac597ff8-ee13-48c3-b315-42e528090af2,,2011 - Professional and Special Services,,,,"SELECT ""department_number_numaro_de_minista_re"", ""dept_en_desc"", ""ifscl_yr"", SUM(""tot_cy_xpnd_amt"") AS total_expenditure, RANK() OVER (PARTITION BY ""ifscl_yr"" ORDER BY SUM(""tot_cy_xpnd_amt"") DESC) as expenditure_rank FROM R WHERE ""ifscl_yr"" = '2010/2011' GROUP BY ""department_number_numaro_de_minista_re"", ""dept_en_desc"", ""ifscl_yr""","For the fiscal year 2010/2011, which departments within Public Services and Procurement Canada had the highest total expenditures on professional and special services? Please provide their department numbers, names, and total expenditures in descending order of expenditure amount. Additionally, include a rank for each department based on their total spending.",success,20.313,1,,3973,835,7.472,0,,2509,175,27.785
CAN,multi-table-join,simple,true,ae465f1c-feda-4ee1-a360-f14d02e128d3,9b34d3a2-dadd-4653-ac38-8efa2edfc792,d02f1c50-5e0b-4aa8-8874-6960b2d1c63e,ac597ff8-ee13-48c3-b315-42e528090af2,2011-Court awards,2011 - Professional and Special Services,dept_en_desc,dept_en_desc,"SELECT R.dept_en_desc, SUM(R.amount) AS total_amount, SUM(S.agrg_pymt_amt) AS total_payment FROM R JOIN S ON R.dept_en_desc = S.dept_en_desc GROUP BY R.dept_en_desc","How much in total have been the court awards and professional/special services payments for each department as listed in the Public Accounts of Canada by the Government of Canada? Please include the department name, total amount of court awards, and total payment for professional or special services aggregating to $100,000 or over.",success,8.068,0,,3015,285,7.821,0,,3792,165,15.889
CAN,multi-table-join,challenging,true,ae465f1c-feda-4ee1-a360-f14d02e128d3,9b34d3a2-dadd-4653-ac38-8efa2edfc792,d02f1c50-5e0b-4aa8-8874-6960b2d1c63e,ac597ff8-ee13-48c3-b315-42e528090af2,2011-Court awards,2011 - Professional and Special Services,dept_en_desc,dept_en_desc,"SELECT R.dept_en_desc, COUNT(DISTINCT R.judg_no) AS unique_judges, SUM(S.tot_cy_xpnd_amt) AS total_expenditure FROM R JOIN S ON R.dept_en_desc = S.dept_en_desc GROUP BY R.dept_en_desc HAVING COUNT(DISTINCT R.judg_no) > 1","According to Volume 3 of the Public Accounts of Canada for fiscal year 2010/2011, which departments received more than one unique court judgment and what are their total expenditures on professional and special services? Please provide the department name, count of distinct judgments, and total expenditures.",success,8.98,0,,3252,304,29.301,2,,12044,613,38.281
CAN,single-table,simple,true,f8452826-0df4-409d-acfb-8fbe572af332,,38a2cce2-3639-43f9-ab59-8097b202e57e,,Activities outside Canada - Financial resources used,,,,SELECT * FROM R WHERE country = 'ug';,Which Canadian charities reported spending financial resources on activities in Uganda (UG) according to their registered charity information return?,success,4.726,0,,1338,226,13.127,1,,3579,325,17.853
CAN,single-table,moderate,true,f8452826-0df4-409d-acfb-8fbe572af332,,38a2cce2-3639-43f9-ab59-8097b202e57e,,Activities outside Canada - Financial resources used,,,,"SELECT SUM(amount) AS total_amount, country FROM R WHERE country IS NOT NULL GROUP BY country ORDER BY total_amount DESC;","Which countries received the most financial support from Canadian registered charities for their activities outside of Canada, and how much did each country receive in total according to the charity information returns?",success,13.512,1,,2533,617,7.299,0,,1752,181,20.811
CAN,single-table,challenging,true,f8452826-0df4-409d-acfb-8fbe572af332,,38a2cce2-3639-43f9-ab59-8097b202e57e,,Activities outside Canada - Financial resources used,,,,"WITH RankedAmounts AS (SELECT *, ROW_NUMBER() OVER(PARTITION BY country ORDER BY amount DESC) as rank FROM R) SELECT * FROM RankedAmounts WHERE rank = 1;","For each country outside Canada, which organization received the highest amount of financial resources from Canadian registered charities, and what was that specific amount according to the data provided by the Canada Revenue Agency?",success,5.812,0,,1447,262,31.28,3,,8051,756,37.092
CAN,single-table,simple,true,e4a680fe-5ae5-408d-b199-28c422ac4df0,,0bb1fb56-74d0-47f4-b4b3-2b574229416d,,Activities outside Canada – Countries where program was carried,,,,SELECT * FROM R WHERE country = 'ht';,Which charities registered with the Canada Revenue Agency conducted activities in Haiti (HT) outside of Canada?,success,4.516,0,,1106,232,5.911,0,,1493,152,10.427
CAN,single-table,moderate,true,e4a680fe-5ae5-408d-b199-28c422ac4df0,,0bb1fb56-74d0-47f4-b4b3-2b574229416d,,Activities outside Canada – Countries where program was carried,,,,"SELECT country, COUNT(*) as count FROM R GROUP BY country ORDER BY count DESC;","Which countries outside of Canada had the most activities carried out by Canadian registered charities, based on the data from the Canada Revenue Agency?",success,4.837,0,,1112,240,5.656,0,,1554,145,10.492999999999999
CAN,single-table,challenging,true,e4a680fe-5ae5-408d-b199-28c422ac4df0,,0bb1fb56-74d0-47f4-b4b3-2b574229416d,,Activities outside Canada – Countries where program was carried,,,,"WITH AvgCounts AS (     SELECT country, AVG(""#"") AS average_count     FROM R     WHERE CAST(fpe AS DATE) >= '2014-11-01'     GROUP BY country ) SELECT country, average_count, ROW_NUMBER() OVER (ORDER BY average_count DESC) AS row_num FROM AvgCounts;","What are the average numbers of activities conducted by Canadian registered charities in different countries outside of Canada since November 1, 2014, according to the data from the Canada Revenue Agency?",success,18.408,1,,2569,789,6.334,0,,1713,156,24.742
CAN,multi-table-join,challenging,true,f8452826-0df4-409d-acfb-8fbe572af332,e4a680fe-5ae5-408d-b199-28c422ac4df0,38a2cce2-3639-43f9-ab59-8097b202e57e,0bb1fb56-74d0-47f4-b4b3-2b574229416d,Activities outside Canada - Financial resources used,Activities outside Canada – Countries where program was carried,country,country,"SELECT R.""country"", AVG(R.""amount"") AS avg_amount, COUNT(DISTINCT R.""bn"") AS unique_r_records, COUNT(DISTINCT S.""bn"") AS unique_s_records FROM R JOIN S ON R.""country"" = S.""country"" GROUP BY R.""country"" HAVING COUNT(DISTINCT R.""bn"") > 1","Which countries received financial resources from more than one Canadian charity registered under the Income Tax Act, and what is the average amount of these resources along with the number of unique charities involved in both financial resource distribution and program activities outside Canada? Please consider only those countries where charitable programs were carried out as well.",success,8.603,0,,2176,355,8.011,0,,2696,184,16.613999999999997
CAN,single-table,simple,true,0f987aa2-92d7-458f-a58a-376109ca24a6,,a81099a5-f73e-4c92-ba14-0603a00d40df,,Statutory Forecasts,,,,"SELECT ""202223_estimates"", SUM(CASE WHEN REPLACE(""unnamed:_1"", ',', '') ~ '^[0-9]+$' THEN CAST(REPLACE(""unnamed:_1"", ',', '') AS BIGINT) ELSE 0 END) AS total FROM R GROUP BY ""202223_estimates"" HAVING SUM(CASE WHEN REPLACE(""unnamed:_1"", ',', '') ~ '^[0-9]+$' THEN CAST(REPLACE(""unnamed:_1"", ',', '') AS BIGINT) ELSE 0 END) > 0;","Which items in the Treasury Board of Canada Secretariat's statutory forecasts have a positive total value for the 2022-23 estimates, and what are those totals?",success,18.771,1,,2426,825,7.128,0,,1723,171,25.899
CAN,single-table,moderate,true,0f987aa2-92d7-458f-a58a-376109ca24a6,,a81099a5-f73e-4c92-ba14-0603a00d40df,,Statutory Forecasts,,,,"SELECT AVG(CAST(REPLACE(""unnamed:_2"", ',', '') AS BIGINT)) AS avg_unnamed_2, COUNT(*) AS count_rows FROM R WHERE ""unnamed:_1"" IS NOT NULL AND REPLACE(""unnamed:_1"", ',', '') ~ '^[0-9]+$';","What is the average value of the second column for items with numerical values in the first column related to the Treasury Board of Canada Secretariat's statutory forecasts for the 2022-23 estimates, and how many such items are there?",success,6.252,0,,1336,287,5.947,0,,1707,148,12.199
CAN,single-table,challenging,true,0f987aa2-92d7-458f-a58a-376109ca24a6,,a81099a5-f73e-4c92-ba14-0603a00d40df,,Statutory Forecasts,,,,"SELECT ""202223_estimates"", SUM(CASE WHEN REPLACE(""unnamed:_2"", ',', '') ~ '^[0-9]+$' THEN CAST(REPLACE(""unnamed:_2"", ',', '') AS BIGINT) ELSE 0 END) OVER (PARTITION BY ""202223_estimates"") AS running_total FROM R WHERE ""202223_estimates"" NOT LIKE '%department of health%' AND ""202223_estimates"" NOT LIKE '%national museum of science and%';","What are the running totals of numeric values in the second column for each item in the Treasury Board of Canada Secretariat's statutory forecasts for 2022-23 estimates, excluding any items related to 'department of health' or 'national museum of science'?",success,8.465,0,,1512,352,42.28,3,,8455,991,50.745000000000005
CAN,multi-table-join,simple,true,dc50270c-0096-4300-8ebe-e5218f6bcffd,0f987aa2-92d7-458f-a58a-376109ca24a6,d0f295b3-09d9-420b-9f32-b6fb3c245bdc,a81099a5-f73e-4c92-ba14-0603a00d40df,Statutory Forecasts,Statutory Forecasts,202122_estimates,202223_estimates,"SELECT R.""202122_estimates"", S.""202223_estimates"" FROM R AS R LEFT JOIN S AS S ON R.""202122_estimates"" = S.""202223_estimates""","For each program or expenditure listed in the 2021-2022 budget estimates, what are their corresponding entries in the 2022-2023 estimates as documented by the Treasury Board of Canada Secretariat? If there is no corresponding entry for a particular expenditure from 2021-2022, indicate that it does not have a match.",success,25.944,2,,4830,1039,35.042,2,,8189,727,60.986000000000004
CAN,multi-table-join,challenging,true,dc50270c-0096-4300-8ebe-e5218f6bcffd,0f987aa2-92d7-458f-a58a-376109ca24a6,d0f295b3-09d9-420b-9f32-b6fb3c245bdc,a81099a5-f73e-4c92-ba14-0603a00d40df,Statutory Forecasts,Statutory Forecasts,202122_estimates,202223_estimates,"SELECT R.""unnamed:_1"" AS ""2021 unnamed_1"", S.""unnamed:_1"" AS ""2022 unnamed_1"", R.""202122_estimates"", S.""202223_estimates"" FROM R FULL OUTER JOIN S ON R.""202122_estimates"" = S.""202223_estimates""","How do the budget estimates for each program listed under the 2021-2022 and 2022-2023 fiscal years, as provided by the Treasury Board of Canada Secretariat, align between these two periods? Specifically, compare the unnamed columns from both fiscal years using a full outer join to identify any discrepancies or alignments.",success,35.535,2,,5925,1329,42.233,3,,11108,915,77.768
CAN,single-table,moderate,true,eb560941-9781-4656-9a84-6e30897d0d18,,920bc8e2-de26-4bf6-ac41-ed47962d0ff6,,Daily Wholesale Prices Report (1994-1997),,,,"SELECT ""cmdty_en_prdt_an"", AVG(""low_price_prix_min"") AS avg_low_price, AVG(""high_price_prix_max"") AS avg_high_price FROM R WHERE ""cntry_pays"" = 'ca' GROUP BY ""cmdty_en_prdt_an"";",What are the average lowest and highest wholesale prices for each type of Canadian horticultural commodity like fruits and vegetables as listed in Agriculture and Agri-Food Canada’s Daily Wholesale Prices Report?,success,7.275,0,,2928,275,25.593,2,,9132,579,32.868
CAN,single-table,challenging,true,eb560941-9781-4656-9a84-6e30897d0d18,,920bc8e2-de26-4bf6-ac41-ed47962d0ff6,,Daily Wholesale Prices Report (1994-1997),,,,"SELECT ""cmdty_en_prdt_an"", ""vrty_en_vrte_an"", AVG(""low_price_prix_min"") AS avg_low_price, AVG(""high_price_prix_max"") AS avg_high_price FROM R WHERE CAST(""idate"" AS DATE) BETWEEN '1995-01-01' AND '1996-12-31' GROUP BY ""cmdty_en_prdt_an"", ""vrty_en_vrte_an"" HAVING COUNT(*) > 1 ORDER BY avg_low_price DESC;","What were the average lowest and highest wholesale prices for each variety of horticultural commodities listed in Agriculture and Agri-Food Canada’s Daily Wholesale Prices Report between January 1, 1995, and December 31, 1996, with more than one price listing?",success,9.231,0,,3097,337,8.192,0,,3076,180,17.423000000000002
CAN,single-table,moderate,true,7dedfaa6-a65c-4966-a7a7-67109ac39302,,b52424ca-ebb8-4847-808e-d525120b55df,,Weekly Wholesale Prices,,,,"SELECT cmdty_en_prdt_an, AVG(low_price_prix_min) AS avg_low_price, AVG(high_price_prix_max) AS avg_high_price FROM R GROUP BY cmdty_en_prdt_an ORDER BY avg_low_price DESC LIMIT 10;",What are the top 10 commodities with their average lowest and highest wholesale prices? Please list them in descending order of the average lowest price. This information is based on the weekly ranges provided by Agriculture and Agri-Food Canada for various horticultural commodities.,success,7.668,0,,2949,269,7.428,0,,2970,166,15.096
CAN,single-table,challenging,true,7dedfaa6-a65c-4966-a7a7-67109ac39302,,b52424ca-ebb8-4847-808e-d525120b55df,,Weekly Wholesale Prices,,,,"SELECT idate, centre_en_centre_an, cmdty_en_prdt_an, vrty_en_vrte_an, AVG(low_price_prix_min) AS avg_low_price, AVG(high_price_prix_max) AS avg_high_price FROM R WHERE cntry_pays = 'us' GROUP BY idate, centre_en_centre_an, cmdty_en_prdt_an, vrty_en_vrte_an HAVING COUNT(*) > 1 ORDER BY avg_low_price DESC LIMIT 5;","What are the top 5 average lowest and highest wholesale prices for United States commodities in different markets, grouped by date, market location, commodity type, and variety? Please list them in descending order of the average lowest price, considering only those groups that appear more than once in the data provided by Agriculture and Agri-Food Canada.",success,9.641,0,,3124,335,8.776,0,,3191,197,18.417
CAN,multi-table-union,simple,true,eb560941-9781-4656-9a84-6e30897d0d18,7dedfaa6-a65c-4966-a7a7-67109ac39302,920bc8e2-de26-4bf6-ac41-ed47962d0ff6,b52424ca-ebb8-4847-808e-d525120b55df,Daily Wholesale Prices Report (1994-1997),Weekly Wholesale Prices,vrty_en_vrte_an,vrty_en_vrte_an,"SELECT ""cntr_type_fr_type_cntr_fr"", ""cntr_type_en_type_cntr_an"", ""vrty_en_vrte_an"", ""pkg_type_en_empqtg_an"", ""prov_state_prov_etat"", ""vrty_fr_vrte_fr"", ""high_price_prix_max"", ""pkg_qty_qte_pqt"", ""unit_msr_en_qte_unit_an"", ""pkg_wt_pds_pqt"", ""pkg_type_fr_empqtg_fr"", ""grade_en_ctgry_an"", ""idate"", ""cmdty_en_prdt_an"", ""cntry_pays"", ""low_price_prix_min"", ""cmdty_en_prdt_fr"", ""centre_en_centre_an"", ""grade_fr_ctgry_fr"", ""centre_fr_centre_fr"" FROM R UNION SELECT ""cntr_type_fr_type_cntr_fr"", ""cntr_type_en_type_cntr_an"", ""vrty_en_vrte_an"", ""pkg_type_en_empqtg_an"", ""prov_state_prov_etat"", ""vrty_fr_vrte_fr"", ""high_price_prix_max"", ""pkg_qty_qte_pqt"", ""unit_msr_en_qte_unit_an"", ""pkg_wt_pds_pqt"", ""pkg_type_fr_empqtg_fr"", ""grade_en_ctgry_an"", ""idate"", ""cmdty_en_prdt_an"", ""cntry_pays"", ""low_price_prix_min"", ""cmdty_en_prdt_fr"", ""centre_en_centre_an"", ""grade_fr_ctgry_fr"", ""centre_fr_centre_fr"" FROM S","Could you provide me with details on packaging types, varieties, high prices, low prices, commodity names in both English and French, grades in both languages, origin countries, provinces or states, package quantities, weights, units of measurement, market dates, and center names in both English and French from both the daily and weekly wholesale price reports?",success,12.756,0,,1307,604,37.007,2,,17068,743,49.763
CAN,multi-table-union,moderate,true,eb560941-9781-4656-9a84-6e30897d0d18,7dedfaa6-a65c-4966-a7a7-67109ac39302,920bc8e2-de26-4bf6-ac41-ed47962d0ff6,b52424ca-ebb8-4847-808e-d525120b55df,Daily Wholesale Prices Report (1994-1997),Weekly Wholesale Prices,vrty_en_vrte_an,vrty_en_vrte_an,"SELECT ""cntr_type_fr_type_cntr_fr"", ""cntr_type_en_type_cntr_an"", ""vrty_en_vrte_an"", ""pkg_type_en_empqtg_an"", ""prov_state_prov_etat"", ""vrty_fr_vrte_fr"", ""high_price_prix_max"", ""pkg_qty_qte_pqt"", ""unit_msr_en_qte_unit_an"", ""pkg_wt_pds_pqt"", ""pkg_type_fr_empqtg_fr"", ""grade_en_ctgry_an"", ""idate"", ""cmdty_en_prdt_an"", ""cntry_pays"", ""low_price_prix_min"", ""cmdty_en_prdt_fr"", ""centre_en_centre_an"", ""grade_fr_ctgry_fr"", ""centre_fr_centre_fr"" FROM R WHERE ""high_price_prix_max"" > 100 UNION SELECT ""cntr_type_fr_type_cntr_fr"", ""cntr_type_en_type_cntr_an"", ""vrty_en_vrte_an"", ""pkg_type_en_empqtg_an"", ""prov_state_prov_etat"", ""vrty_fr_vrte_fr"", ""high_price_prix_max"", ""pkg_qty_qte_pqt"", ""unit_msr_en_qte_unit_an"", ""pkg_wt_pds_pqt"", ""pkg_type_fr_empqtg_fr"", ""grade_en_ctgry_an"", ""idate"", ""cmdty_en_prdt_an"", ""cntry_pays"", ""low_price_prix_min"", ""cmdty_en_prdt_fr"", ""centre_en_centre_an"", ""grade_fr_ctgry_fr"", ""centre_fr_centre_fr"" FROM S WHERE ""low_price_prix_min"" < 50","Which commodities have a maximum price over $100 or a minimum price under $50, including details like variety, packaging type, province/state, grade, date, country, low and high prices, unit of measurement, package quantity and weight? Please provide this information from both the daily and weekly wholesale prices reports.",success,15.222,0,,1958,661,9.553,0,,5546,182,24.775
CAN,multi-table-union,challenging,true,eb560941-9781-4656-9a84-6e30897d0d18,7dedfaa6-a65c-4966-a7a7-67109ac39302,920bc8e2-de26-4bf6-ac41-ed47962d0ff6,b52424ca-ebb8-4847-808e-d525120b55df,Daily Wholesale Prices Report (1994-1997),Weekly Wholesale Prices,vrty_en_vrte_an,vrty_en_vrte_an,"SELECT ""cntr_type_fr_type_cntr_fr"", ""cntr_type_en_type_cntr_an"", ""vrty_en_vrte_an"", ""pkg_type_en_empqtg_an"", ""prov_state_prov_etat"", ""vrty_fr_vrte_fr"", ""high_price_prix_max"", ""pkg_qty_qte_pqt"", ""unit_msr_en_qte_unit_an"", ""pkg_wt_pds_pqt"", ""pkg_type_fr_empqtg_fr"", ""grade_en_ctgry_an"", ""idate"", ""cmdty_en_prdt_an"", ""cntry_pays"", ""low_price_prix_min"", ""cmdty_en_prdt_fr"", ""centre_en_centre_an"", ""grade_fr_ctgry_fr"", ""centre_fr_centre_fr"" FROM R WHERE ""pkg_qty_qte_pqt"" > 10 UNION SELECT ""cntr_type_fr_type_cntr_fr"", ""cntr_type_en_type_cntr_an"", ""vrty_en_vrte_an"", ""pkg_type_en_empqtg_an"", ""prov_state_prov_etat"", ""vrty_fr_vrte_fr"", ""high_price_prix_max"", ""pkg_qty_qte_pqt"", ""unit_msr_en_qte_unit_an"", ""pkg_wt_pds_pqt"", ""pkg_type_fr_empqtg_fr"", ""grade_en_ctgry_an"", ""idate"", ""cmdty_en_prdt_an"", ""cntry_pays"", ""low_price_prix_min"", ""cmdty_en_prdt_fr"", ""centre_en_centre_an"", ""grade_fr_ctgry_fr"", ""centre_fr_centre_fr"" FROM S WHERE ""pkg_wt_pds_pqt"" < 50","Which commodities with package quantities over 10 or package weights under 50 are listed in the daily and weekly wholesale price reports? Please include details such as variety, packaging type, province/state, high and low prices, unit of measurement, grade, date, commodity name, country, center names (in English and French), and container type (in English and French).",success,15.37,0,,2677,641,10.523,0,,5563,205,25.893
CAN,single-table,moderate,true,e2c31816-188a-4884-8538-ca44da61385f,,77113f11-b457-4b79-9bd0-561c9c3cfe1f,,Dataset,,,,"SELECT selected_trades, COUNT(*) AS trade_count FROM R WHERE i_ref_date_ >= 2010.0 AND geo IN ('canada', 'ontario') GROUP BY selected_trades ORDER BY trade_count DESC;","How many times does each trade appear in the longitudinal income data for Canada and Ontario since 2010, based on the information provided by Statistics Canada?",success,7.112,0,,2360,264,22.337,2,,7997,505,29.448999999999998
CAN,single-table,challenging,true,e2c31816-188a-4884-8538-ca44da61385f,,77113f11-b457-4b79-9bd0-561c9c3cfe1f,,Dataset,,,,"WITH AvgValues AS ( SELECT ""geo"", ""sex"", AVG(""value"") AS average_value FROM R WHERE i_ref_date_ >= 2010.0 GROUP BY ""geo"", ""sex"" ) SELECT ""geo"", ""sex"", average_value, RANK() OVER (PARTITION BY ""geo"" ORDER BY average_value DESC) as rank FROM AvgValues;","What are the average values of income indicators for males and females in each geographic region since 2010, as reported in the longitudinal income data by Statistics Canada, and how do these averages rank within their respective regions?",success,17.483,1,,4413,683,7.193,0,,2641,161,24.676000000000002
CAN,single-table,moderate,true,8fec04bf-dae5-404e-8dfe-614f69fa5e19,,8f692b29-2c38-435e-93ea-ca2e56c8aa7f,,Dataset,,,,"SELECT modes_of_certification, AVG(value) AS average_value FROM R WHERE year_s__after_certification LIKE '%year after certification%' GROUP BY modes_of_certification;","What are the average values of mobility indicators, such as cohort size or median age, for different modes of certification one year after certification, grouped by these modes according to Statistics Canada's data on apprenticeship and trades?",success,6.371,0,,2474,240,24.188,2,,8312,552,30.558999999999997
CAN,single-table,challenging,true,8fec04bf-dae5-404e-8dfe-614f69fa5e19,,8f692b29-2c38-435e-93ea-ca2e56c8aa7f,,Dataset,,,,"WITH RankedMobility AS ( SELECT *, ROW_NUMBER() OVER (PARTITION BY geo ORDER BY value DESC) as rn FROM R WHERE i_ref_date_ = 2019.0 ) SELECT geo, types_of_mobility, mobility_indicators, value FROM RankedMobility WHERE rn = 1;","According to Statistics Canada's data, which province or territory had the highest value for each type of mobility indicator one year after certification in 2019?",success,7.588,0,,2579,278,6.265,0,,2756,139,13.853
CAN,multi-table-join,challenging,true,e2c31816-188a-4884-8538-ca44da61385f,8fec04bf-dae5-404e-8dfe-614f69fa5e19,77113f11-b457-4b79-9bd0-561c9c3cfe1f,8f692b29-2c38-435e-93ea-ca2e56c8aa7f,Dataset,Dataset,selected_trades,selected_trades,"SELECT R.selected_trades, COUNT(DISTINCT R.dguid) AS distinct_dguids_r, COUNT(DISTINCT S.dguid) AS distinct_dguids_s FROM R JOIN S ON R.selected_trades = S.selected_trades GROUP BY R.selected_trades ORDER BY (distinct_dguids_r + distinct_dguids_s) DESC;",Which trades have the most distinct geographic areas reported for both longitudinal income data and mobility indicators from Statistics Canada? Please provide the count of unique geographic areas for each type of data separately.,success,808.937,3,,14481,1825,30.858,2,,13823,639,839.795
CAN,single-table,simple,true,f6a4e429-3c3c-42bf-9b9f-67492c96d715,,1d11dbb2-c8cb-41d9-af80-7d11dd48b453,,"Standard Geographical Classification (SGC) 2011 - Volume I, The Classification - Elements",,,,"SELECT * FROM R WHERE ""class_title"" = 'moravian 47'",Can you show me the details for the location named Moravian 47 as classified in Statistics Canada's Standard Geographical Classification?,success,27.197,3,,4804,1236,5.522,0,,1523,142,32.719
CAN,single-table,moderate,true,f6a4e429-3c3c-42bf-9b9f-67492c96d715,,1d11dbb2-c8cb-41d9-af80-7d11dd48b453,,"Standard Geographical Classification (SGC) 2011 - Volume I, The Classification - Elements",,,,"SELECT AVG(""code""), ""level"", COUNT(*) AS num_elements FROM R GROUP BY ""level""",What is the average code number and how many elements are there for each level in the Standard Geographical Classification by Statistics Canada?,success,4.742,0,,1159,247,5.116,0,,1583,134,9.858
CAN,single-table,challenging,true,f6a4e429-3c3c-42bf-9b9f-67492c96d715,,1d11dbb2-c8cb-41d9-af80-7d11dd48b453,,"Standard Geographical Classification (SGC) 2011 - Volume I, The Classification - Elements",,,,"WITH RankedElements AS ( SELECT *, ROW_NUMBER() OVER (PARTITION BY ""element_type_label_english"" ORDER BY ""code"") as rn FROM R ) SELECT * FROM RankedElements WHERE rn = 1",Can you provide the first entry for each type of element listed in Statistics Canada's Standard Geographical Classification?,success,5.709,0,,1244,273,5.794,0,,1675,149,11.503
CAN,multi-table-join,simple,true,f6a4e429-3c3c-42bf-9b9f-67492c96d715,fbdf58d3-5dea-4b45-baa3-9ce7a0624336,1d11dbb2-c8cb-41d9-af80-7d11dd48b453,116fef53-e6ec-4b0c-a45a-3387b1126048,"Standard Geographical Classification (SGC) 2011 - Volume I, The Classification - Elements","Standard Geographical Classification (SGC) 2016 - Volume I, The Classification - Classification structure ",class_title,class_title,"SELECT r.code, r.class_title, s.class_title AS s_class_title FROM R r JOIN S s ON r.class_title = s.class_title","Which class titles from the Standard Geographical Classification 2016 match with those in the 2011 classification, and what are their corresponding codes and titles from both classifications?",success,23.366,2,,4862,1045,6.435,0,,2386,151,29.801
CAN,single-table,challenging,true,9b09549a-4f6b-4d17-ae6d-ccf05dd515ac,,3903d7e9-1321-4f0f-aafe-3c7da6b30f30,,Dataset,,,,"SELECT geo, gender__3_, AVG(""occupation___stem_and_non_stem___national_occupational_classification__noc__2021__25_a_:a___stem_occupations_4_"") AS avg_stem_occupations FROM R WHERE iref_date = 2021.0 GROUP BY geo, gender__3_ HAVING AVG(""occupation___stem_and_non_stem___national_occupational_classification__noc__2021__25_a_:a___stem_occupations_4_"") > (SELECT AVG(""occupation___stem_and_non_stem___national_occupational_classification__noc__2021__25_a_:a___stem_occupations_4_"") FROM R WHERE iref_date = 2021.0);","According to Statistics Canada’s 2021 data, what are the average numbers of STEM occupations for each gender in each province or territory where these averages exceed the national average?",success,13.887,0,,3545,430,27.962,2,,10696,605,41.849000000000004
CAN,single-table,moderate,true,478e2826-bf6a-4b5f-872f-4bf34610c720,,76defa14-473e-41e2-abfa-60021c4d934b,,Table 18: Number of positive Labour Market Impact Assessments (LMIA) by North American Industry Classification System - 2002 (NAICS) and province/territory between 2017 and 2024,,,,"SELECT SUM(CAST(REPLACE(""unnamed:_2"", ',', '') AS INTEGER)) FROM R","Could you tell me the total sum of the values in the second column, after removing commas, for positive Labour Market Impact Assessments (LMIA) by NAICS and province/territory between 2017 and 2024?",success,20.393,2,,4461,954,36.818,3,,9418,849,57.211
CAN,single-table,challenging,true,478e2826-bf6a-4b5f-872f-4bf34610c720,,76defa14-473e-41e2-abfa-60021c4d934b,,Table 18: Number of positive Labour Market Impact Assessments (LMIA) by North American Industry Classification System - 2002 (NAICS) and province/territory between 2017 and 2024,,,,"WITH CleanedData AS ( SELECT ""number_of_positive_labour_market_impact_assessments__lmia__by_north_american_industry_classification_system___2002__naics__and_province/territory"" AS industry, CAST(REPLACE(""unnamed:_1"", ',', '') AS INTEGER) AS unnamed_1_int, CAST(REPLACE(""unnamed:_2"", ',', '') AS INTEGER) AS unnamed_2_int FROM R WHERE ""number_of_positive_labour_market_impact_assessments__lmia__by_north_american_industry_classification_system___2002__naics__and_province/territory"" NOT LIKE '%british columbia%' ), RankedData AS ( SELECT industry, unnamed_1_int, unnamed_2_int, RANK() OVER (ORDER BY unnamed_1_int DESC) as rank_unnamed_1, RANK() OVER (ORDER BY unnamed_2_int DESC) as rank_unnamed_2 FROM CleanedData ) SELECT * FROM RankedData WHERE rank_unnamed_1 <= 3 OR rank_unnamed_2 <= 3","Could you show me the top three industries based on the number of positive Labour Market Impact Assessments (LMIA) for both the first and second quarters between 2017 and 2024, excluding entries related to British Columbia?",success,18.188,0,,1824,755,6.767,0,,2682,156,24.955
